rok,miasto,pole,tekst,plik
1990,PL,Wydarzenia_alt,"Pod Empikiem festyn organizowany przez Trybunę Ludu. Miller twierdzi, że to może być zalążek nowej tradycji, tam dyskusje, goście ze świata sportu (Władysław Komar) i polityki (Aleksander Kwaśniewski). Rozpoczyna się o 12, pierwsze pytanie w dyskusji brzmi *Jak być rodziną epoki Balcerowicza*, w której spierali się przedstawiciele Komitetu Obrony Praw Ojca z działaczkami Pro Feminy i Demokratycznej Unii Kobiet. *Bardzo szybko tematem numer jeden stała się przygotowywana za zamkniętymi drzwiami senatu ustawa o ochronie życia poczętego*. Następnie dyskusja z rolnikami, która się przedłużyła. Dyskusje na różne inne tematy, oprócz tego, równolegle zaczyna się w kawiarni Kaprys spotkanie z członkami partii socjaldemokratycznej
o 12 złożenie kwiatów na Cytdaeli pod Bramą Straceń przez uczestników pochodu
****",PL_1990-2019.md
1990,PL,Organizacje,"Ruch Ludzi Pracy, SdRP",PL_1990-2019.md
1990,PL,TVP,"1. nagranie przedstawia składanie kwiatów przez delegację wojskową, której częścią jest Wojciech Jaruzelski. Nie towarzyszą mu żadne sztandary, jedynie trzech mężczyzn w garniturach, najpewniej jego współpracowników. Następnie nagranie z Kongresu Nowej Prawicy w sali kongresowej, również odbywającego się 1 maja. Organizatorem jest Korwin-Mikke, ze swoim klasycznym przekazem. Pod Pałacem Kultury w śródmieskim pasażu Międzymiastówki anarchistycznej i Lewicy Rewolucyjnej, mało licznej. Ścierają się ze skinami chroniącymi kongresu, na transparentach hasła takie jak ""Ani Nomeklatura, Ani Prywata!
Sierpień 80"". Demonstranci negują ""wszystko i wszystkich"". Wywiązuje ię bójka. Potem bójka z kibicami ŁKS-u na Dworcu Centralnym. Solidarnosć zbiera się w kościele św. Stanisława Kostki, na placu Wilsona, całkiem duży tłum. Z kolei PPS (bardzo mała manifestacja w sumie) idzie z pl. Konstytrucji pod hstiryczną redakcję Robotnika. Wiec OPZZ i SdRP przechodzi, w rytm muzyki przygrywanej przez orkiestrę. Widać transparent ""Magdalenka urodziła nędzę"". Następnie kontrmanifestanci, młodzi starzy i w średnim wieku na schodach kościoła. Przemarsz kończy się pod pomnikiem Nike, gdzie dochodzi do uroczystego składania kwiatów przez delegację. Później spotkanie z Trybuną i pokaz karate przed Empikiem przy dzisiejszym rondzie de Gaulle'a.W kawiarni Kaprys spotkanie z przywódcami SdRP",PL_1990-2019.md
1990,PL,Apel,"W tym roku po raz setny robotnicy całego świata, a z nimi wszyscy ludzie żyjący z własnej pracy, obchodzić będą 1 Maja. Po raz pierwszy w powojennej Polsce ludzie pracy w tym dniu wystąpią we własnym imieniu, w walce o swoje prawa.

Polska podjęła wielkie reformy. Rozszerza się suwerenność naszego kraju a społeczeństwo odzyskuje podmiotowość. Jednak ciężary związane z polskimi przemianami są rozłożone nierówno. W głównej mierze obciążają ludzi pracy. Na to nie możemy się godzić. JESTEŚMY PRZECIWNI:
- bezrobociu,
- polityce gospodarczej prowadzącej do wzrostu cen i drastycznego spadku produkcji, szczególnie w działach konsumpcyjnych i rolnictwie,
- mieszkaniom tylko dla bogaczy,
- braku pracy dla młodzieży kończącej szkoły i uczelnie,- wyprzedaży za bezcen majątku narodowego.

Wzywamy wszystkie związki zawodowe, partie polityczne, stowarzyszenia i organizacje społeczne skupiające ludzi pracy do wspólnych wystąpień, we wspólnym interesie. Nikt bowiem, poza nami, nie będzie walczył o nasze sprawy.

Stare i nowe elity władzy nie zapewnią nam demokracji, w której możemy zyskać:
- pracę godziwie opłacaną,
- należny nam udział we własności państwowej,- rzeczywistą samorządność terytorialną i pracowniczą.

Zbyt wiele padło słów bez pokrycia. Zbyt wielu obietnic nie dotrzymano.Twórzmy zespoły, z udziałem zainteresowanych organizacji, przygotowujące – w różnych formach – obchody pierwszomajowe. Apelujemy o powszechne uczestnictwo w naszym święcie – Święcie Pracy.",PL_1990-2019.md
1990,PL,Frame_MayDay,"*Byłoby dziwne, gdyby związki zawodowe w obecnej sytuacji, gdy 67 proc. rodzin żyje poniżej minimum socjalnego, nie wystąpiły w ich obronie w sposób manifestacyjny. Właśnie 1 Maja. Moja propozycja dla L. Wałęsy, aby oba związki uczyniły to razem spotkała się z negatywną odpowiedzią* Alfred Miodowicz
O nowym charakterze obchodów pisano w Rzeczpospolitej (2-3 maja 1990) w ten sposób:
>Znak nowych czasów: obchody święta 1 maja zgromadziły w tym roku w Warszawie w pochodach i manifestacjach zaledwie kilkanaście tysięcy obywateli. Na ulicach było mniej czerwieni, a wcale trybun - więcej natomiast okazji do gorących rozmów o Polsce. Msza i spotkanie podczas mszy w kościele św. Stanisława Kostki na Żoliborzu przywiodły ok. 3 tys. osób, a także delegacje największych warszawskich zakładów pracy. (...) Na rogu Nowego Światu i Świętokrzyskiej grupa podpitych studentów Politechniki Warszawskiej kontestowała pochód OPZZ. Obwinięci czerwonymi szarfami i wymachujący czerwoną flagą młodzi ludzie nawoływali: >>Idźcie z Miodowiczem! Polska krajem Miodowiczem i mlekiem płynąca!<<""
OPZZ jest więc w okresie poszukiwania nowej tożsamości. Oznacza to dla organizacji potrzebę przemyślenia swojej tożsamości, i relacji, w jakich pozostaje z pozostałymi aktorami sceny politycznej. Dwóch kluczowych aktorów, wobec których określić musi się OPZZ to Solidarność i nowopowstała SdRP – partia powstała w styczniu 1990 roku, będąca kontynuatorem PZPR
Na przyszłość i rozpoczynające się reformy rada OPZZ zdaje się patrzeć z optymizmem – *rozszerza się suwerenność naszego kraju a społeczeństwo odzyskuje podmiotowość.* Jednocześnie OPZZ krytyczny wobec reform, ponieważ *ciężary związane z polskimi przemianami rozłożone są nierówno. W głównej mierze obciążają ludzi pracy. Na to nie możemy się zgodzić*. Demokratyzacja i suwerenizacja państwa traktowane są jako zjawiska pozytywne, przeciwstawiane polityce gospodarczej rządu, wobec której OPZZ zamierza tego dnia protestować. I tu powraca rama narodowa: przeciw *mieszkaniom dla bogaczy, wyprzedaży za bezcen majątku narodowego*.
Jednocześnie jeszcze w marcu 1990 nie jest jasne, w jaki sposób święto będzie rzeczywiście obchodzone, i jakie ma ono przyjąć znaczenie – ma być dniem święta i celebracji, czy raczej walki i protestu? Zapytany o szczegóły obchodów święta Alfred Miodowicz nie jest w stanie podać planu obchodów. ""Być może – powiedział Alfred Miodowicz – zorganizujemy na Woli rodzaj festynu. Pochodzimy sobie, wypijemy po piwie i to będzie nasze święto"" [[Literatura/@1MajaNa1990]].
Z kolei rada OPZZ TPZ 11(278) apeluje wyłącznie o to, by *wszystkie związki zawodowe, partie polityczne, stowarzyszenia i organizacje społeczne, skupiające ludzi pracy do wspólnych wystąpień, we wspólnym interesie. Nikt bowiem, poza nami, nie będzie walczył o nasze sprawy*. Do współorganizacji obchodów OPZZ zaprasza przedstawicieli innych środowisk: *Tworzymy zespoły z udziałem zainteresowanych organizacji, przygotowujące – w różnych formach – obchody pierwszomajowe.*
Wśród zaproszonych na obchody 1 maja znalazł się również Lech Wałęsa. Zaproszenie odrzucił, uzasadniając swoją decyzję przeszłością OPZZ, utożsamionego z całym okresem realnego socjalizmu. 3 główne problemy stojące na przeszkodzie to 1) pociągnięcie do odpowiedzialności odpowiedzialnych za sytuację gospodarczą (w domyśle środowisko, którego częscią jest OPZZ) 2) przejęcie majątku Solidarności przez OPZZ 3) rozliczenie zbrodni okresu stalinowskiego. Co ciekawe, mimo negatywnej odpowiedzi Wałęsy, w organizacji warszawskich obchodów, na których OPZZ się skupił, udział brali również przedstawiciele mazowieckiej Solidarności.",PL_1990-2019.md
1990,PL,Uczestnicy,"Według Wyborczej w Warszawie uroczystości zorganizowane przez OPZZ liczone przez wyborczą na kilka tysięcy osób. OPZZ liczy 10 tysięcy. Biorą udział członkowie nowopowstałego SdRP, pojawia się też Jaruzelski, który składa kwiaty pod Bramą Straceń i odwiedza robotników na Żeraniu. Tego samego dnia Kongres założycielski Kongresu Prawicy Polskiej, gdzie wznoszone są hasła. Na trasie marszu stoją jego przeciwnicy – wspomniane tutaj schody kościoła św. Anny. Pochód, choć inną trasą, organizuje również PPS-RD Ikonowicza.",PL_1990-2019.md
1990,PL,Odwołania_historyczne,"Szczególny pierwszy maja, bo *Po raz pierwszy w powojennej Polsce ludzie pracy w tym dniu wystąpią we własnym imieniu, w walce o swoje prawa*. Jest to jednocześnie setna rocznica samego święta.
>",PL_1990-2019.md
1990,PL,Transformacja,"Rozpoczęcie reform przedstawiane jest jako coś pozytywnego, ujmowane w języku nacjocentrycznym – *rozszerza się suwerenność naszego kraju a społeczeństwo odzyskuje podmiotowość.* Jednocześnie OPZZ krytyczny wobec reform, ponieważ *ciężary związane z polskimi przemianami rozłożone są nierówno. W głównej mierze obciążają ludzi pracy. Na to nie możemy się zgodzić*.
>Na pierwszym miejscu sprzeciw wobec bezrobocia, dalej ogólnie, polityce gospodarczej. Przeciw *mieszkaniom dla bogaczy, wyprzedaży za bezcen majątku narodowego*.
>
>Widać też, że dzieje się coś nowego – święto będzie organizowane inaczej niż dotychczas. *Tworzymy zespoły z udziałem zainteresowanych organizacji, przygotowujące – w różnych formach – obchody pierwszomajowe.*
>![[1990_zwiazkowiec_apel.jpg]]",PL_1990-2019.md
1990,PL,Wspolnie_OPZZ_PPS,Nie,PL_1990-2019.md
1990,PL,Miejsca_pamięci,"PPS: Warecka
SLD i OPZZ: pomnik Nike
Jaruzelski: Brama Straceń
SLD i OPZZ: Brama Straceń",PL_1990-2019.md
1990,PL,Brama Straceń,"O 12, delegacje uczestników pochodu składają kwiaty (DT)
Jaruzelski składa kwiaty w asyście wojskowej. Sam? (DT)",PL_1990-2019.md
1990,PL,Siedziba Robotnika,"PPS kończy pochód pod Robotnikiem, gdzie składa kwiaty: ""O godzinie 12 przybywa grupa członków PPS z Janem Józefem Lipskim. Złożyli kwiaty na kamieniu pamiątkowym, przemówił Władysław Jagiełło, lecz jak przystało na podeszły wiek większości manifestantów – w przemówieniu najwięcej miejsca poświęcono historii tej partii, jej różnym kolejom losu ( ŻW 1990)
Jak wspomina JJG, ""swego czasu"" delegacja OPZZ chodziła również na Warecką, pod siedzibę Robotnika (JJG_1_2, 21:00)",PL_1990-2019.md
1990,PL,Plac Grzybowski,nie odbywa się,PL_1990-2019.md
1990,PL,Plac Piłsudskiego,"ceremonia składania kwiatów pod pomnikiem Bohaterów Warszawy (DT, ŻW, GW, AAN)
Wydaje mi się, że kwiaty składać mógł Paweł Szymański, wiceprzewodniczący OPZZ (na podst. KO, do potwierdzenia)",PL_1990-2019.md
1990,PL,kontra,"Solidarność Walcząca: Ze schodów kościoła Św. Krzyża kilkuosobowa grupa młodzieży pod transparentem ""Solidarność Walcząca"" skandowała ""Bolszewicy do kostnicy"", ""Precz z komuną"". Rzucono 3 petardy. Pochód odpowiadał skandując: ""Demokracja"", ""Faszyści"", ""Do roboty gówniarze"" (PierwszyMaja, GW 1990)
Pochód próbowali zakłócić stojący przed wejściem do kościoła Św. Krzyża młodzi ludzie z Solidarności Walczącej obrzucając maszerujących petardami i świecami dymnymi. Wznoszono hasła: ""Precz z komuną"". Uczestnicy pochodu odpowiadali: ""Precz z faszyzmem!"", Niech żyje rząd Mazowieckiego!"" (ŻW 1990)
Na rogu Nowego Światu i Świętokrzyskiej grupa podpitych studentów Politechniki Warszawskiej kontestowała pochód OPZZ. Obwinięci czerwonymi szarfami i wymachujący czerwoną flagą młodzi ludzie nawoływali: >>Idźcie z Miodowiczem! Polska krajem Miodowiczem i mlekiem płynąca!<< (RP 1990, za Wyborczą)",PL_1990-2019.md
1990,PL,Pikniki,"Pod Empikiem festyn organizowany przez Trybunę Ludu. Miller twierdzi, że to może być zalążek nowej tradycji, tam dyskusje, goście ze świata sportu (Władysław Komar) i polityki (Aleksander Kwaśniewski). Rozpoczyna się o 12, pierwsze pytanie w dyskusji brzmi *Jak być rodziną epoki Balcerowicza*, w której spierali się przedstawiciele Komitetu Obrony Praw Ojca z działaczkami Pro Feminy i Demokratycznej Unii Kobiet. *Bardzo szybko tematem numer jeden stała się przygotowywana za zamkniętymi drzwiami senatu ustawa o ochronie życia poczętego*. Następnie dyskusja z rolnikami, która się przedłużyła. Dyskusje na różne inne tematy, oprócz tego, równolegle zaczyna się w kawiarni Kaprys spotkanie z członkami partii socjaldemokratycznej",PL_1990-2019.md
1990,PL,Komitet organizacyjny,"Twórzmy zespoły, z udziałem zainteresowanych organizacji, przygotowujące – w różnych formach – obchody pierwszomajowe. (Apel OPZZ 1990)",PL_1990-2019.md
1990,PL,wiec,"Alfred Miodowicz wita, przemawia. Pojawiają się przywódcy SdRP, Osóbka-Morawski witany owacjami (TPZ 1990)
Krótkie przemówienie, chyba tylko Leszka Millera (?) na placu Teatralnym (DT 1990)",PL_1990-2019.md
1991,PL,Wydarzenia_alt,"- Tym razem Trybuna zaprasza na spotkanie w klubie dyskusyjnym przy Szarej 10, gdzie gościem będzie Miodowicz i Cimoszewicz, a także członkowie redakcji Trybuny. Oprócz tego kiermasz i występu artystów estrady.- ""Kwiaty składane na Cytadeli pod Bramą Straceń, w tym samym czasie co kiermasz.""",PL_1990-2019.md
1991,PL,Apel,"(Fragment):""Od ponad 100 lat ludzie pracy na całym świecie obchodzą uroczyście dzień 1 Maja. Jest to dzień, w którym zjednoczeni we wspólnych pochodach, na wiecach, czy uroczystych akademiach, ludzie pracy wyrażają sprzeciw przeciwko wyzyskowi, pogarszającym się warunkom życia, a głównie podejmują walkę o własną godność, szacunek i sprawiedliwość społeczną. Rada OPZZ podjęła decyzję o organizowaniu manifestacji. Zwracamy się z apelem do wszystkich o masowy w niej udział",PL_1990-2019.md
1991,PL,Apel_PPS,"1 maja demonstrować będziemy z żądaniami: – likwidacji bezrobocia
– zniesienia popiwku rodzącego recesję!
– przekształceń własnościowych zgodnych z wolą załóg!
– stworzenia warunków do autentycznej spółdzielczości!
– ustawowej ochrony lokatorów!
– program rozwoju budownictwa mieszkaniowego!
– zaprzestania likwidacji świadczeń społecznych!
– powstrzymania klerykalizacji życia publicznego!
– referendum w sprawie aborcji!
– już dość rządów liberałów!.",PL_1990-2019.md
1991,PL,TVP,"Przemarsz z flagami anarchistycznymi i czerwonymi, PPS, a także polskim. To protest anarchistów, trockistów i członków IV Międzynarodówki przeciwko polityce gospodarczej rządu, ustawie aborcyjnej i militaryzmowi z USA, który z PPS-em spotyka się pod byłym Domem Partii. Było też Stowarzyszenie Feministyczne, Stowarzyszenie Lokatorów i Unia Wolnych Spółdzielców. *Chcemy aborcji parlamentu*
*Masło zamiast armat*
*Pomóżmy rumuńskim kobietom*
kobieta ma na plecach napis *jesteśmy kobietami, a nie ikubatorami*. Pojawia się flaga LGBT. Ikonowicz chce, by następcy obecnego rządu nie kontynuowali polityki narzuconej przez Międzynarodowy Fundusz Walutowy Pojawia się flaga Solidarnościowa. PPS wywiesza na trasie transparenty 1 i 3 maja, już na trasie pochodu OPZZ-owskiego. PPS-owcy kończą pod ministerstwem finansów, gdzie urzęduje przecież Leszek Balcerowicz Po raz kolejny kontra i okrzyki ""Precz z komuną"", jest przebitka na Jaruzelskiego. Słychać przemówienie Ewy Spychalskiej – dziękuje za udział w pierwszym maja, nasza wspólna sprawa, weźmy ją w swoje ręce. Mówi o autokarach, z których można skorzystać (?) – gdzieś jest jakiś przejazd. Nagranie z Krakowskiego Przedmieścia, gdzie uczestnicy kłócą się o Balcerowicza. *Balcerowicz hamuje całą gospodarkę narodową*. Ktoś go obraża, nazywa baranem. PPS krzyczy *Balcerowicz na zasiłek*. Na pochodzie OPZZ pojawia się transparent STOP: – bezrobociu
– głodowym pensjom
– europejskim cenom
– wysokim czynszom
– pogarszaniu warunków pracy
– zamykaniu sanatoriów, ośrodków zdrowia, przedszkól i aptek. Uczestnicy podpisywali petycję, w których opowiadali się za *wolnością, prawdziwą demokracją parlamentarną i gospodarką rynkową*. Fragment przemówienia Alfreda Miodowicza: *To nie majówka, ale w naszych warunkach, to jest wielka, protestacyjna manifestacja! I tak wszyscy powinni ją rozumieć*. Niektórzy uczestnicy idą jeszcze z czerwonymi goździkami. Są flagi OPZZ, są również kontrmanifestanci na schodach kościoła świętego krzyża. Na pochodzie anarchistycznym pojawiają się flagi i okrzyki *Balcerowicz musi odejść!*.  Wiec pod pomnikem Nike, gdzie partyjniacy z SdRP i byłego PZPR (Cimoszewicz, Oleksy rozdają autografy). Jest też Wojciech Jaruzelski, pytany o udział w obchodach 1 maja. Solidarność '80 (Seweryn Jankowski) i przewodniczący Solidarności Mazowsze na mszy w kościele Kostki, gdzie modlą się o miejsca pracy dla wszystkich
Na łamach TPZ najważniejsza jest kwestia bieżącego ustawodawstwa, i kierowania go w takim kierunku, który będzie najkorzystniejszy z perspektywy ruchu robotniczego. Jest o pakiecie ustaw uchwalonych 5 kwietnia 1991 (Pośpiech złym doradcą) – o związkach zawodowych, organizacjach pracodawców i rozwiązywaniu umów zbiorowych. Krytyka bałaganu i słabego przygotowania samej ustawy, ma ona służyć odebraniu OPZZ-owskiego mienia.",PL_1990-2019.md
1991,PL,Organizacje,"OPZZ, ""kilka PPSów"", SDRP, anarchiści",PL_1990-2019.md
1991,PL,Uczestnicy,"Jak podaje Wyborcza, w pochodzie warszawskim uczestniczyło 10 tysięcy osób – trasa tak, jak wspominano w Związkowcu. Pochody również w innych miastach w kraju, ale głównymi organizatorami SdRP wraz z OPZZ, które w tym czasie są już wspólnie częścią Sojuszu Lewicy Demokratycznej. Były przykłady działań subwersyjnych, odwołujących się do tradycji kontrpochodów Solidarności – *nie chcemy po piwku, chcemy dwa!*, mieli krzyczeć studenci w Łodzi. TVP mówi o 15 tysiącach",PL_1990-2019.md
1991,PL,Dziedzictwo_PRL,"opisany jako święto rutynowe, do którego obywateli byli przynajmniej przyzwyczajeni, jeśli nie odnosili się z sympatią. Wyjątek miały stanowić lata przełomów – 56, 70, 81. Wspomina tradycję kontrpochodów, i odwrócenie sytuacji w 1989, gdy skromne obchody partyjne przeciwstawia wielkiemu pochodowi organizowanemu przez Solidarność
Mimo odejścia na polityczną emeryturę, Wyborcza donosi o uczestnictwie w pochodzie również Wojciecha Jaruzelskiego, powitanego przez ówczesną wiceprzewodniczącą OPZZ Ewę Spychalską:
>Witamy generała Jaruzelskiego, nagle zaczęła krzyczeć. - Niech nam żyje towarzysz generał i Niech się święci 1 maja! Zróbmy szpaler dla towarzysza- generała ! Idzie! idzie! Wojciech Jaruzelski, ubrany po cywilnemu, złożył kwiaty. Było ""Sto lat"", brawa i łzy. Chętni mogli wsiąść do autokarów i przejechać na ulicę Rozbrat, gdzie w swojej siedzibie SdRP zorganizowała festyn. Uczestniczyli w nim gen. Jaruzelski, Mieczysław Rakowski, Włodzimierz Cimoszewicz, Alfred Miodowicz.
> Pochód z 1990 opisany jest jako *najliczniejszy w Europie Środkowej*. Organizowało go OPZZ we współpracy z SdRP, kilkoma PPS-ami, anarchistami i mieszkańcami Warszawy.
Jak co roku, na trasie przemarszu pojawiła się kontrmanifestacja:
>Ze schodów kościoła św. Krzyża socjaldemokraci usłyszeli, że są mordercami. Krzyczano na nich ""Precz z komuną"" i ""Żydzi do Moskwy !"". Początek pochodu domagał się poprawy warunków pracy i życia. Środek i koniec swoje myśli artykułował wyraźnie: ""Precz z Wałęsą"", ""Wałęsa do kaplicy"" i - co ciekawe - ""Precz z UB!"". Obserwatorzy marszu usłyszeli od socjaldemokratów, że są ""SS-manami i s...synami"" [[@PRZESWIECONY1MAJA1991]]",PL_1990-2019.md
1991,PL,Odwołania_historyczne,"** Ponad stuletnia historia pierwszego maja, święta międzynarodowego. Podkreślony walczący wymiar tej tradycji – jest to dzień, *gdy ludzie pracy wyrażają sprzeciw przeciwko wyzyskowi, pogarszającym się warunkom życia, a głównie podejmują walkę o własną godność, szacunek i sprawiedliwość społeczną*
>
> *Jak będzie w tym roku? Jedno jest pewne – wracamy do najdawniejszych tradycji. Walka o przetrwanie, o godność, o pracę – wypisywana wówczas na robotniczych transparentach znów musi się stać treścią Święta Majowego. Ale to wcale nie jest optymistyczne*",PL_1990-2019.md
1991,PL,Wspolnie_OPZZ_PPS,Nie,PL_1990-2019.md
1991,PL,Miejsca_pamięci,"PPS: Warecka
delegacja SLD OPZZ: Brama Straceń
SdRP/OPZZ:...., gdzie, poza uczestnikami pochodu, kwiaty składali gen. Jaruzelski, Mieczysław Rakowski i Edward Osóbka-Morawski",PL_1990-2019.md
1991,PL,Siedziba Robotnika,"PPS Ikonowicza składa kwiaty pod Robotnikiem. ""Po złożeniu wiązanki czerwonych róż zgromadzeni przeszli pod Ministerstwo Finansów skandując Balcerowicz na zasiłek, zwolnić rząd nie załogi, chcemy pracy, nie jałmużny"" (ŻW)",PL_1990-2019.md
1991,PL,Plac Grzybowski,nie odbywa się,PL_1990-2019.md
1991,PL,Plac Piłsudskiego,"Pomnik Nike: ""poza uczestnikami pochodu, kwiaty składali gen. Jaruzelski, Mieczysław Rakowski i Edward Osóbka-Morawski"" (DT)",PL_1990-2019.md
1991,PL,Brama Straceń,delegacja SLD i OPZZ składa kwiaty pod Bramą Straceń (DT),PL_1990-2019.md
1991,PL,kontra,"Z budynku na Krakowskim Przedmieściu 6 przedstawiciele PPS rozrzucają ulotki i wywieszają swoje czerwone flagi (TVP, RP 2000)
Ze schodów kościoła św. Krzyża socjaldemokraci usłyszeli, że są mordercami. Krzyczano na nich ""Precz z komuną"" i ""Żydzi do Moskwy !"". Początek pochodu domagał się poprawy warunków pracy i życia. Środek i koniec swoje myśli artykułował wyraźnie: ""Precz z Wałęsą"", ""Wałęsa do kaplicy"" i - co ciekawe - ""Precz z UB!"". Obserwatorzy marszu usłyszeli od socjaldemokratów, że są ""SS-manami i s...synami"" (GW 1991)
Pod pomnikiem Nike młody człowiek próbował zakłócić porządek, nawołując do skandowania razem z nim ""Precz z Wałęsą"". Na żądanie manifestujących policja usunęła go ze spotkania (ŻW)
Jeden z najbardziej zagorzałych antykomunistów towarzyszy manifestacji jeszcze przez spory kawałek ulicy.",PL_1990-2019.md
1991,PL,kontra_lewica,"Z budynku na Krakowskim Przedmieściu 6 przedstawiciele PPS rozrzucają ulotki i wywieszają swoje czerwone flagi (TVP, RP 2000)",PL_1990-2019.md
1991,PL,Pikniki,"- Tym razem Trybuna zaprasza na spotkanie w klubie dyskusyjnym przy Szarej 10, gdzie gościem będzie Miodowicz i Cimoszewicz, a także członkowie redakcji Trybuny (DT)
12 – spotkanie z kolegium Trybuny; 13 – gościem będzie Alfred Miodowicz; 14 – szef PKLD Włodzimierz Cimoszewicz; 15 – spotkanie z kierownictwem SdRP. Dyskusjom towarzyszyć ma kiermasz książek, czasopism i sprzętu elektronicznego. Na dzieci od 12 w sali kinowej czekać będą kreskówki. Finałem części festynowej będzie o 17 występ Władysława Komara i Andrzeja Gackiego (DT)",PL_1990-2019.md
1991,PL,Komitet organizacyjny,"Do udziału w manifestacji i pochodzie pierwszomajowym zaprosił jego organizator – OPZZ – *wielu znanych polityków i działaczy społecznych różnych orientacji. Jeśli przyjmą zaproszenie, spotkają się o godz. 10 pod siedzibą OPZZ przy ul. Kopernika w Warszawie, aby potem przejść z kwiatami pod pomnik Nike. Swój UDZIAŁ zapowiedziała SdRP* (DT)",PL_1990-2019.md
1991,PL,wiec,"Ludzie zaczęli się zbierać przy ul. Kopernika przed godz. 9. Pojawiły się transparenty podpisane przez OPZZ i SdRP. Do organizatorów pochodu przyłączyły się min. (...). Obecni byli min Kwaśniewski, Miller, Cimoszewicz, Janusz Korwin-Mikke. Brak relacji z wiecu, tylko przemówienia i wystąpienia już z siedziby SLD, gdzie jest spotkanie (ŻW 1991(
W TVP wywiadu udziela na placu Teatralnym Wojciech Jaruzelski. W tym samym czasie przemawia Ewa Spychalska – właściwie to informuje o tym, że stoją autokary w okolicy, które mogą zawieźć uczestników na Rozbrat (02:01 1991_TVP_OPZZ_PPS).
Relacja TVP spod siedziby OPZZ – pokazują, jak ludzie podpisują petycję za wolnością, demokracją itd. Widać delegację SdRP z bukietem kwiatów, jest też Janusz Korwin-Mikke, z którym dziennikarz prowadzi wywiad. Nie ma struktury, jednego centralnego wydarzenia na tym etapie nagrania. Dopiero potem przemawia Alfred Miodowicz (tym razem trzyma kartkę), i od razu przebitka na pochód. Pod pomnikiem Nike widać już nagłośnienie, i słychać zapowiedź przemówienia przewodniczącej OPZZ Ewy Spychalskiej. Jak relacjonuje dziennikarka TVP, *przed pomnikiem warszawskiej Nike była okazja do przemówień i spotkań*. Widać byłych polityków PZPR, którzy są witani, rozdają autografy itd. (1991_TVP_pochod_OPZZ do 00:30)",PL_1990-2019.md
1992,PL,Wydarzenia_alt,"- Spotkania w siedzibie naczelnej SdRP po pochodzie. Kiermasz, rozmowy z ciekawymi ludźmi– Składanie kwiatów na Cytadeli pod Bramą Straceń oraz pod Grobem Nieznanego Żołnierza",PL_1990-2019.md
1992,PL,Aktorzy,"Niechęć do Solidarności ogranicza się jednak do jej elit – podkreślany jest fakt, że przedstawiciele ""Solidarności Socjalistycznej"" uczestniczyli we wspólnym proteście, i to mimo tego, że na schodach kościoła św. Krzyża znów znaleźli się tacy, którzy protestowali przeciwko obchodom święta. Na okładce z tego dnia znajduje się również zdjęcie z pochodu, na którym widnieje hasło znane jeszcze z przedwojennych rytuałów ""Żądamy pracy i chleba"". Oddzielny pochód organizuje PPS Piotra Ikonowicza, a także Solidarność, znów na pl. Wilsona. Do organizowanego przez OPZZ protestu dołączają przedstawiciele SdRP:
>SdRP nie organizuje własnego pochodu, będzie uczestniczyć w tym, co robi OPZZ – powiedział ""Gazecie"" rzecznik prasowy partii Krzysztof Janik. Dodał, że SdRP nie chciałaby ""zawłaszczyć tego święta ludzi pracy dla celów ""politycznych"", dlatego świadomie pozostawia organizację manifestacji OPZZ-owi, jako ""organizacji ludzi świata pracy""
""Alternatywność"" pierwszomajowych rytuałów w stosunku do rzeczywistości społecznej w transformacyjnej Polski pokazują również komiksy z Benkiem (tak mi się przynajmniej zdaje, że to on). Pierwszy maja jest czymś źle widzianym, nie mieszczącym się w granicach nowej, demokratycznej Polski. Wskazuje na to rysunek okraszony podpisem *Byłem na pochodzie*, na którym widzimy Benka z oczami zasłoniętymi czarną ramką – taką samą, z jaką pokazuje się w mediach przestępców. Przeciwnikiem, który zniekształca znaczenia święta zdaje się być również kler. Widać to po rysunku, na którym zdanie wymawiane przez Benka (Proletariusze wszystkich krajów łączcie się) dokańczane jest przez księdza, który wykorzystuje to jako okazję do szerzenia katolicyzmu.",PL_1990-2019.md
1992,PL,TVP,"Świętowanie lewicowe skontrastowane z tłumami z Solidarności. Polska lewica jest z kolei *zbyt podzielona, by razem świętować 1 maja* – historia i ambicje polityczne dzielą. Ewa Spychalska mówi: *Dzień 1 maja to tradycyjne, stare świeto związkowe ze stuletnią tradycją, swego czasu zawłaszczone przez organizacje partyjne jako dytyramb na cześć... natomiast przychodzi czas, by wróciło ono do swoich normalnych tradycji.* Dlaczego nie ma wspólnego pochodu? Ikonowicz mówi, że taka propozycja została wysunięta, ale spotkała się z dezaprobatą władz OPZZ, które obawiają się radykalizmu PPS i jego wpływu na ruch związkowy. Pochód OPZZ duży, przyjechali ludzie z całego kraju. Fragment przemówienia Ewy Spychalskiej: *Czy koszty przebudowy powinni generalnie ponosić tylko ludzie pracy? Czy kolejny raz klasa robotnicza, pracownicy, emeryci mają pozostać oszukanymi? Czy kolejny raz wiara, nadzieja ma być zawiedziona? Dsyć już tego!* Pod kościołem znów stoją tłumy, ale widać, że są to w dużej mierze emeryci, osoby starsze, ponownie zachęcane przez uczestników pochodu do dołączenia do pochodu. Pod Nike słychać tłum skandujący *Kwaśniewski, Kwaśniewski!*. Jesteśmy wszyscy razem! Mówi Kwaśniewski. Dołącza do niego Ewa Spychalska: *Wszyscy razem! Wszyscy razem*. Nie poszliśmy pod Belweder ani pod URM, bo w grucnie rzeczy z lokatorami tych budynków nie ma o czym mówić. Struktura demonstracji PPS przedstawiona jako emeryci i działacze z organizacji lewackich i anarchistycznych. Ikonowicz wzywa do zjednoczenia ruchu robotniczego, oskarża polityków o uczynienie Polski kolonią zachodu. Grozi polskim robotnikom bezrobocie, niskie płace, czynsze. *Zwolnoj rząd, a nie załogi!
Chcemy pracować, a nie głodować
Stelmachowski musi odejść*. Ponownie pochód kończy się pod gmachem ministerstwa finansów",PL_1990-2019.md
1992,PL,Muzyka,Oprawę muzyczną zapewnia kolejarska orkestra,PL_1990-2019.md
1992,PL,Organizacje,"Polska Partia Odnowy Społecznej
Ruch Ludzi Pracy
Demokratyczna Unia Kobiet
Niezależna Inicajtywa Europejska ""NIE
członkowie SdRP
młodzież z ZSMP
*są także delegacje zakładów pracy ze Starachowic, Kraśnika, Krosna, Puław. Przyjechali ludzie Świdnika, Szczecina, Lublina, Wrocławia, Wałbrzycha*",PL_1990-2019.md
1992,PL,Apel,"- Dzień protestu przeciwko nieudolnej polityce gospodarczej i społecznej
- jesteśmy za:
- powszechnym dostępem do pracy, szkoły, mieszkania, ochrony zdrowia
- godnymi warunkami życia
- suwerennością ekonomiczną naszego kraju *Protestujemy przeciwko przerzucaniu ciężaru reform na barki społeczeństwa. Protestujemy przeciwko upadkowi przemysłu, bezrobociu, dalszemu ubożeniu społeczeństwa.* – wołała do tysięcy zgromadzonych ludzi Spychalska. – *Żądamy pracy i chleba! Ten rok jest rokiem szczególny. Wszyscy mieliśmy trzy lata temu ogromne nadzieje, że z ruchem odnowy, nowatorskich reform, pluralizmu, wolności i demokracji zbudujemy nową jakość. Dziś zastanawiamy się czy koszty przebudowy ponosić mają tylko ludzie pracy?*",PL_1990-2019.md
1992,PL,Wspolnie_OPZZ_PPS,Nie,PL_1990-2019.md
1992,PL,Miejsca_pamięci,"PPS: Warecka
SLD i OPZZ: pomnik Nike
SLD i OPZZ: Brama Straceń
SLD i OPZZ: Grób Nieznanego Żołnierza",PL_1990-2019.md
1992,PL,Siedziba Robotnika,"PPS kończy swój pochód na przeciwko MF, pod historyczną siedzibą Robotnika (DT)",PL_1990-2019.md
1992,PL,Plac Grzybowski,nie odbywa się,PL_1990-2019.md
1992,PL,Plac Piłsudskiego,"składanie kwiatów i wieńców pod pomnikiem Nike przez Ewę Spychalską i Aleksandra Kwaśniewskiego (a także przez uczestników pochodu). Potem rezolucja przeciwko polityce społecznej państwa (DT)
Delegacje uczestników składają kwiaty pod Grobem Nieznanego Żołnierza (DT)",PL_1990-2019.md
1992,PL,Brama Straceń,*Delegacje uczestników manifestacji złożyły kwiaty przy Bramie Straceń na Warszawskiej Cytadeli (DT),PL_1990-2019.md
1992,PL,kontra,"Jeden z najbardziej zagorzałych antykomunistów towarzyszy manifestacji jeszcze przez spory kawałek ulicy. Rzucanymi przez niego inwektywami jedna z uczestniczek manifestacji poczuła się tak urażona, że skoczyła z pięściami (DT)
Precz z komuną! Idźcie, to dojdziecie na Kołymę! - krzyczeli de maszerujących w pierwszomajowym pochodzie OPZZ ludzie stojący na stopniach kościoła iw. Krzyża. - Zdrajcy, parobki amerykańskie! Chodźcie z nami, bo z głodu umrzecie! - odkrzykiwali manifestanci. (GW)
Na stopniach kościoła Św. Krzyża ulokowała się niewielka grupa zwolenników ""Solidarności"", która pokrzykiwała w stronę maszerujących ""Precz z Komuną"". W zamian mogła usłyszeć zachętę ""Chodźcie z nami, bo umrzecie z głodu"" (Związkowiec 10.05, 19/1992)",PL_1990-2019.md
1992,PL,Pikniki,"- Spotkania w siedzibie naczelnej SdRP po pochodzie. Tam""tradycyjny"" kiermasz, rozmowy z ciekawymi ludźmi (DT). ""Długo jeszcze pod pomnikiem Nike trwały dyskusje"" (DT)
""Po pochodzie zapraszamy do siedziby Rady Naczelnej SdRP na spotkania: – z Dariuszem Szymczychą i kolegium Trybuny; z Ewą Spychalską i kierownictwem OPZZ; z Aleksandrem Kwaśniewskim i Leszkiem Millerem oraz innymi członkami kierownictwa SdRP. O godz. 12:00 w siedzibie Rady NAczelnej SdRP będzie zorganizowany kiermasz, na którym będzie można kupić dobrą książkę, upominki, odzież i inne drobiazgi (DT 1992)",PL_1990-2019.md
1992,PL,Komitet organizacyjny,"1 Maja jest naszym świętem – ludzi żyjących z pracy własnych rąk. Spotkajmy się więc w warszawskim pochodzie, organizowanym przez OPZZ i SdRP (DT 1992)",PL_1990-2019.md
1992,PL,wiec,"Godzina 10. Zebranych wita przewodnicząca OPZZ Ewa Spychalska. 1 Maja jest w tym roku dniem związkowego protestu. Dlatego na transparentach i w powitaniu kilkukrotnie pada słowo: protest (...) Na placu Teatralnym pod pomnikiem Bohaterów Warszawy tłum jeszcze zgęstniał. Ewa Spychalska i Aleksander Kwaśniewski złożyli wiązanki kwiatów. Potem przemówienie Kwaśniewskiego zrelacjonowane (TP 1992)
Podczas wiecu pod pomnikiem Nike przemówił do zebranych Aleksander Kwaśniewski (...) Danuta Waniek, przewodnicząca DUK, ostro skrytykowała elity polityczne (ŻW 1992)
_ Protestujemy przeciwko przerzucaniu ciężaru reform na barki społeczeństwa, upadkowi przemysłu, bezrobociu, dalszemu ubożeniu społeczeństwa i sprowadzaniu polityki społecznej do jałmużnianych zasiłków _ przywitała zebranych przewodnicząca OPZZ Ewa Spychalska, która w czerwonym płaszczu szła na czele pochodu. (GW 1992(
– Żądamy pracy i chleba – wołała do zgromadzonego przed siedzibą OPZZ tłumu Ewa Slychalska – ten rok jest rokiem szczególnym. Wszyscy mieliśmy trzy lata temu ogromne nadzieje, ze z ruchem odnowy, nowatorskich reform, pluralizmu, wolności i demokracji zbudujemy nową jakość. Dziś, po ponad dwóch latach zastanawiamy się, czy koszty przebudowy ponosić mają tylko ludzie pracy? (Pochód rusza około 10:30, czyli tylko 30 minut wiec) (DT 1992)
W relacji DT informacja również o przemówieniu przewodniczącego ZSMP Piotra Mochnaczewskiego (DT 1992)
W TVP spod OPZZ wyłącznie relacja z przemówienia Ewy Spychalskiej. *Następnie zebrani przeszli pod pomnik warszawskiej Nike, by 1) złożyć kwiaty i 2) zamanifestować przeciwko bezrobociu, obniżaniu się warunków życia społeczeństwa i stagnacji*. Pod pomnikiem Kwaśniewski stoi razem z Ewą Spychalską (TVP 1992)",PL_1990-2019.md
1993,PL,Organizacje,"Sprawczość stronnictw lewicowych zapewnić miało im stworzenie wspólnego frontu. 1 maja był okazją do zamanifestowania tej jedności – pojawia się OPZZ, SdRP, ZSMP, PPS, Demokratyczny Ruch Kobiet, Ruch Ludzi Pracy, spośród których wszystkie są częścią Sojuszu Lewicy Demokratycznej, założonego jeszcze w 1991 roku.",PL_1990-2019.md
1993,PL,Odwołania_historyczne,Nowakowski i jego wezwanie do podtrzymania tradycji – *Pierwszy Maja był przez lata świętem pozorowanej radości. Teraz znów jest dniem walki o podstawowe prawa społeczne pracowników*. Benek przedstawia historię pierwszego maja.,PL_1990-2019.md
1993,PL,Wydarzenia_alt,"– Unia Pracy samodzielnie złożyła kwiaty pod Bramą Straceń Cytadeli Warszawskiej
- ""festyn w ogrodzie Saskim, wraz ze skromnym kiermaszem książkowym""
- ""spotkania z *ciekawymi ludźmi* w siedzibie SdRP na ul. Szarej""
- |
  po raz pierwszy UP pod Bramą Straceń – tam też zaprasza na własne obchody święta (Ciszewski, 2023). W Trybunie piszą, że pod Bramą Straceń *złożone zostaną kwiaty*, ale bez szczegółów kto",PL_1990-2019.md
1993,PL,Apel,"1-majowa tradycja robotniczych manifestacji przetrwała ponad 100 lat. W tym dniu pracujących na całym świecie łączy hasło obrony praw pracowniczych. Nawiązując do tej treści OPZZ apeluje do organizacji członkowskich oraz załóg pracowniczych o masowy udział w obchodach 1 Maja. Tego dnia pragniemy wspólnie zamanifestować: – wolę budowania szerokiego frontu związkowej jedności w obronie podstawowych praw pracowniczych
– nasz zdecydowany sprzeciw wobec polityki prowadzącej do ubożenia szerokich warstw społeczeństwa, ciągłego wzrosru cen towarów i usług, bezrobocia, ograniczenia prawa do ochrony zdrowia, zabezpieczenia społecznego i braku perspektyw mieszkaniowych
– poparcie dla tych sił reformatorskich, które w polityce gospodarczej opowiadają się za przełamaniem recesji, nową polityką przemysłową i tworzeniem miejsc pracy
W manifestacjach pierwszomajowych opowiemy się za ""Kartą Gwarancji Społeczno-Socjalnych"" jako ważnym elementem przygotowania i podpisania nowej umowy społecznej, regulującej podstawowe stosunki społeczno-ekonomiczne w demokratycznym państwie prawa. Wzywamy do udziału w manifestacjach 1-majowych na terenie całego kraju, a w Warszawie do uczestnictwa w pochodzie na tradycyjnej trasie: OPZZ- pomnik Nike",PL_1990-2019.md
1993,PL,TVP,"Tym razem wspólny marsz PPS Ikonowicza i SLD. Do kontrujących manifestantów ze schodów kościoła zwraca się policjant – *proszę nie rzucać, będziemy zatrzymywać!*. Ktoś krzyczy w stronę pochodu: *Rosyjskie pachołki! OPZZ, gdzie byliście w 80. latach? Nie dla was demokracja!* i dalej, *Śmierć komunie*. Fragmenty przemówienia, które jest bardzo trudno rozszyfrować – przemówienie Ikonowicza, które zostało opisane w innych źródłach. Generalnie przeciwko prywatyzacji i ustawie prywatyzacyjnej
o tym, że lewica na władzę musi sobie zasłużyć, bo jeśli sobie nie zasłuży, to przyjdą czasy ciemne. Reporter mówi o dosadnych hasłach, które padały
mówi, że przyszło mało osób, raczej z nawyku.",PL_1990-2019.md
1993,PL,Wspolnie_OPZZ_PPS,Tak,PL_1990-2019.md
1993,PL,Miejsca_pamięci,"PPS: Warecka
UP samodzielnie: Brama Straceń
SLD i OPZZ, wszystkie delegacje: pomnik Nike. Dopiero potem wiec
Jaruzelski: pomnik Nike",PL_1990-2019.md
1993,PL,Siedziba Robotnika,"Brak źródeł na kwiaty pod Robotnikiem, zakładam że się odbyło składanie (GW, DT, TVP, NTP, ŻW)",PL_1990-2019.md
1993,PL,Plac Grzybowski,nie odbywa się,PL_1990-2019.md
1993,PL,Plac Piłsudskiego,"przedstawiciele wszystkich organizacji składają kwiaty pod pomnikiem Nike (DT)
Kwiaty składa również Wojciech Jaruzelski (DT)",PL_1990-2019.md
1993,PL,Brama Straceń,"delegacje SLD i OPZZ składają po wiecu kwiaty (DT)
UP samodzielnie składa kwiaty o 11 (GW)",PL_1990-2019.md
1993,PL,kontra,"Zgromadzeni na schodach kościoła Św. Krzyża obrzucili manifestantów obelgami i jajami (ŻW)
Lider SLD zaprezentował rozrzucaną w czasie pochodu ulotkę pt. ""Fałszywi obrońcy ludzi pracy"". W sejmowych kuluarah pokazał mi ją z nieskrywaną satysfakcją Krzysztof Król z KPN: Zdążyliśmy! Zasypiemy was w czasie pochodu. (DT 1993)
Do kontrujących manifestantów ze schodów kościoła zwraca się policjant – *proszę nie rzucać, będziemy zatrzymywać!*. Ktoś krzyczy w stronę pochodu: *Rosyjskie pachołki! OPZZ, gdzie byliście w 80. latach? Nie dla was demokracja!* i dalej, *Śmierć komunie* (TVP 1993)
Przed [kościół Św. Krzyża] grupa młodych ludzi z transparentem ,Solidarność' obrzuciła pochód jajkami. Policjanci zatrzymali kilka osób. (GW 1993)",PL_1990-2019.md
1993,PL,Pikniki,"Od 12:30 w siedzibie SdRP przy ul. Rozbrat 44a rozpocznie się cykl spotkań – z członkami Socjaldemokratycznej Frakcji Młodych, dziennikarzami Trybuny, kierownictwami OPZZ i SdRP oraz posłami SLD (DT)
Po pochodzie odbędzie się wiele imprez związanych z obchodami, m.in. w siedzibie SdRP przy ul. Rozbrat 44. (GW)
W ogrodzie Saskim przewidziane są skromne kiermasze książkowe, spotkania z ciekawymi ludźmi w pomieszczeniach SdRP przzy ul. Szarej (Związkowiec)",PL_1990-2019.md
1993,PL,Komitet organizacyjny,"OPZZ i SdRP zapraszają na centralne uroczystości Święta Pracy, które rozpoczną się 1 maja o godz. 10... (DT 1993)",PL_1990-2019.md
1993,PL,wiec,"Po raz pierwszy pojawia się nazwa wiec w kontekście zakończenia, w źródłach związanych z organizatorami. W Warszawie uczestników manifestacji, którzy zebrali się pod gmachem OPZZ powitała przewodnicząca Ewa Spychalska (....) Następnie [na placu Teatralnym] odbył się wiec. W relacji 4 przemówienia – Spychalska, Ikonowicz, Waniek (DUK), Kwaśniewski (TP 9 maja 1993)
Wyimki z przemówień Kwaśniewskiegi i Ikonowicza w GW Szepty i Krzyki 1993
Wszyscy razem spotkali się na WIECU na placu Teatralnym. W DT relacja z przemówienia Ewy Spychalskiej, Ikonowicza i Kwaśniewskiego spod Nike (DT 1993)
Pojawia się przebitka na przemawiającą pod OPZZ Spychalską, nikt inny nie został pokazany. Krótka przebitka na sam pochód, głównie na utarczki z osobami stojącymi na schodach kościoła. Druga połowa nagrania poświęcona przemówieniom – Ikonowicza, Kwaśniewskiego (TVP 1993)",PL_1990-2019.md
1994,PL,Wydarzenia_alt,"UP na pewno składa kwiaty pod Bramą Straceń, nie mam informacji o delegacji SdRP/OPZZ/Jaruzelskim. Nie wiem też, co ze spotkaniem na Szarej – należy zakładać, że się odbyło",PL_1990-2019.md
1994,PL,Apel,"Koleżanki i Koledzy!
Zbliża się 1 Maja – tradycyjne święto obchodzone od ponad stu lat na całym świecie pod hasłami obrony interesów pracujących. Ogrom zaniedbań w dziedzinie społecznej i socjalnej będący spuścizną lat poprzednich, każe zabiegać o stały postęp socjalny, osłonę najsłabszych, poprawę warunków pracy i życia pracujących. Temu między innymi celowi służą nasze szerokie negocjacje nad *Kartą gwarancji społeczno-socjalnych* jako elementu przyszłej umowy spolecznej
Zbliżający się 1 Maja uczyńmy wspólnym świętem związkowym. Dniem walki o stały rozwój gospodarczy.
Wzywamy wszystkie organizacje i struktury OPZZ do organizowania w tym dniu – w zależności od uznania – pochodów, wieców, manifestacji, majówek, festynów, łącząc się z ludźmi pracy na całym świecie w związkowej walce o godność pracy i polepszenie warunków życia.
Rada OPZZ
Warszawa, 13 kwietnia 1994",PL_1990-2019.md
1994,PL,Organizacje,"PPS (wcześniejszy początek, wspólny wiec), SdRP, OPZZ, ZKP ""Proletariat",PL_1990-2019.md
1994,PL,Goście,"po części oficjalnej pojawił się Jaruzelski, a Aleksander Kwaśniewski rozdawał autografy",PL_1990-2019.md
1994,PL,Przemówienia,"*pod pomnikiem Nike przemawiali wyłącznie związkowcy, Ikonowicz i Kwaśniewki milczeli*
Spychalska rozpoczyna przemówienie od podkreślenia trudnej sytuacji gospodarczej, którą nowa ekipa rządząca zastała po 4 latach rządów, którym *patronowała* Solidarność. OPZZ przedstawiany jest jako przeciwieństwo Solidarności, której członkowie strajkują. Z kolei OPZZ jest tym konstruktuwnym partnerem, który dąży do rozwiązania problemów gospodarczych w kraju na drodze współpracy z nowymi władzami.
Duży nagłówek *PZPR wróciło na transparenty.* To za sprawą Ligi Republikańskiej, której działaniom poświęcono sporo miejsca. Uczestnicy *dzierżyli autentyczne transparenty z hasłami: ""Pozdrawiamy kierownictwo partii!"", ""Pozdrawiamy narody ZSRR!"" oraz portrety Stalina, Bieruta i Breżniewa. (...) –Dobre hasła. Z nimi chodźmy – zapalił się starszy pan. – Co pan. To prowokacja – przestrzegł go kolega.*
Pochód otwierał PPS, dopiero za nim znalazł się pochód właściwy, organizowany przez OPZZ.
Sporo miejsca poświęconego happeningowi Ligi Republikańskiej.
Na wiecu na placu Teatralnym *przemawiali tylko związkowcy. Kwaśniewski i Ikonowicz milczeli*.
*– Właściwie jedynym słowem, jakie powinien powiedzieć zgromadzonym przewodniczący SLD, jest słowo ""przepraszam"" – powiedział Alfred Miodowicz*
Ogólnie podkreślana jest różnica pokoleniowa między uczestnikami pochodów OPZZ-owskich i kontrmanifestacji",PL_1990-2019.md
1994,PL,TVP,"najpierw wiec PPS na de Gaulle'a. Ikonowicz krytyczny wobec obecnego rządu, ale niestety nie ma wobec niego alternatywy. *Dopóki nie pojawi się realna lewicowa alternatywa, jesteśmy na nich skazani*. Działacze PPS, z flagami np. *Bezrobocie Stop* idą w stronę siedziby OPZZ, gdzie rozpoczynają wspólną manifestację. Ewa Spychalska mówi, że *dziś jesteśmy w całej Polsce razem, w robotniczy dzień. W dzień robotnika św. Józefa*. Potem przebitka na orkiestrę, rozdawanie flag polskich. Dalej Spychalska – przetrwaliśmy najtrudniejszy okres, a dziś rządzi centrolewica. Ma nadzieję, że żadne prowokacje nie zepsują nam naszego święta. *Chciałam państwa poinformować, że właśnie dziś, pod uniwersytetem, studenciaki bawią się świetnie. Zorganizowali tzw. czerwoną alternatywę, mają przygotowanych przebierańców w mundurach radzieckich. A cóż nam to szkodzi? Niech się dzieciaki bawią*. Dalej widać już właściwy pochód, który spotyka się z blokadą. Na czele transparent OPZZ, za nim orkiestra i dopiero potem reszta pochodu ze swoimi hasłami. Pochód zostaje zablokowany – protestujący członkowie Ligi Republikańskiej stają naprzeciw zdezorientowanych uczestników, skandując w ich stronę *Albin Siwak*. Policja miała ich odizolować, zatrzymano 7 osób. *Trwają negocjacje z rządem* – mówi na placu Teatralnym Ewa Spychalska – *i tak jest, jak państwo widzicie. Jedne związki, w dużej grupie, 18 central związkowych, negocjują, a inne protestują. I nie mam pretensji do związkowców w zakładach. Natomiast mam pretensje do niektórych liderów związkowych, którzy walczą o bardziej partykularne niż robotnicze interesy*. Widać stojącego z boku Wojciecha Jaruzelskiego. Solidarnościowec pod kościołem Kostki mówi, że nie pozwolą na przerobienie Polski na kraj, w którym jedynym fetyszem jest pieniądz. Jest również nagranie spod Bramy Straceń, gdzie spotykają się przedstawiciele Unii Pracy i składają kwiaty.",PL_1990-2019.md
1994,PL,Muzyka,Orkiestra z Pruszkowa,PL_1990-2019.md
1994,PL,Wspolnie_OPZZ_PPS,Tak,PL_1990-2019.md
1994,PL,Miejsca_pamięci,"PPS: Warecka
UP: Brama Straceń (delegacja SdRP/OPZZ?)
SLD i OPZZ: pomnik Nike",PL_1990-2019.md
1994,PL,Siedziba Robotnika,"Brak informacji – ale nie ma powodów by sądzić, że się nie odbywa",PL_1990-2019.md
1994,PL,Plac Grzybowski,nie odbywa się,PL_1990-2019.md
1994,PL,Brama Straceń,"PPS udaje się w delegację do Bramy Straceń, gdzie składane są kwiaty (DT)
Samodzielny wiec i składanie kwiatów przez UP (TVP)",PL_1990-2019.md
1994,PL,Plac Piłsudskiego,"Liderzy pochodu, w tym marszałek Sejmu Józef Oleksy złożyli pod pomnikiem kwiaty (ŻW)",PL_1990-2019.md
1994,PL,kontra,"Liga Republikańska: Wznoszone przez nich hasła były parodią pochodów z okresu komunistycznego – ""Rokossowski, Bierut, Stalin""; ""Studenci do nauki""; ""Precz z Coca-Colą""; ""Kobiety na traktory""; ""Nie damy się wydymać! Parlamentarna Grupa Kobiet"". Ubrani byli w *historyczne szturmówki* i *autentyczne transparenty*: ""Pozdrawiamy narody ZSRR""; ""Młodzież z partią"". Rozdzielone pochody PPS i OPZZ połączyły się dopiero na placu Teatralnym, przy wsparciu policji. (ŻW 1994)
Pomiędzy uczestnikami pochodu a przedstawicielami ""czerwonej alternatywy"" doszło do przepychanek, w stronę młodzieży ruszył zdenerwowany wiceprzewodniczący OPZZ Stanisław Wiśniewski. Wkroczyła jednak policja. Szpalerem przegrodziła obie grupy i skierowała młodzieżową grupę na trasę pochodu
Na placu Teatralnym dochodzi do *kłótni i przepychanek młodych-alternatywnych ze starszymi wiekiem uczestnikami pochodu. W końcu policja otoczyła młodzieżową grupę i zepchnęła ją pod gmach teatru. Siódemkę najbardziej agresywnych młodych ludzi policja zatrzymała. Po wylegitymowaniu zostali zwolnieni do domów (DT 1994)*
Sporo miejsca poświęconego happeningowi Ligi Republikańskiej. Uczestnicy *dzierżyli autentyczne transparenty z hasłami: ""Pozdrawiamy kierownictwo partii!"", ""Pozdrawiamy narody ZSRR!"" oraz portrety Stalina, Bieruta i Breżniewa. (...) –Dobre hasła. Z nimi chodźmy – zapalił się starszy pan. – Co pan. To prowokacja – przestrzegł go kolega.* (ŻW 1994)
Przed Bramą Uniwersytetu do pochodu dołączyła Liga Republikańska (ŻW)
*Jaruzelski musi wrócić! Wtorówała jej [Spychalskiej] rozbawiona młodzież, otoczona przez policję kilkadziesiąt metrów dalej (ŻW 1994)*",PL_1990-2019.md
1994,PL,Pikniki,"Organizatorzy przewidują następnie [po pochodzie] spotkania mieszkańców Warszawy z posłami na Sejm RP (Związkowiec)
Po stołecznym pochodzie, w siedzibie SdRP na Szarej, odbyło się spotkanie z kolegium redakcyjnym Trybuny, Socjaldemokratyczną Frakcją Młodzieży, kierwonictwem OPZZ, SdRP i SLD (DT)
W ogrodzie Saskim przewidziane są skromne kiermasze książkowe, spotkania z ciekawymi ludźmi w pomieszczeniach SdRP przzy ul. Szarej (Związkowiec)",PL_1990-2019.md
1994,PL,Komitet organizacyjny,"W dniu 14 kwietnia br. ukonstytował się Społeczny Komitet Obchodów Święta 1 Maja w Warszawie. Jego przewodniczącą została pos. Ewa Spychalska – przewodnicząca OPZZ, a w skład weszli przedstawiciele związków zawodowych z terenu Warszawy oraz organizacji społeczno-politycznych w tym SdRP, PPS i ZK ""Proletariat"" (Związkowiec 4.1994)",PL_1990-2019.md
1994,PL,wiec,"Panie premierze, panowie ministrowie, wasze obietnice były słuszne, wasze obawy są nikczemne. Realizujcie to co obiecaliście, a będziemy was wtedy bronić przed tymi, którzy chcą was zniszczyć – krzyczał Piotr Ikonowicz z cokołu pomnika Kopernika (ŻW)
Pod pomnikiem Nike przemawiali jedynie związkowcy. Kwaśniewski i Ikonowicz milczeli (ŻW 1994)
Tymczasem na placu formowała się kolejka do Jaruzelskiego, który na pochodzie pojawił się z dwuosobową ochroną.
Pod pomnikiem Nike przemawiała Ewa Spychalska. - Niech się święci 1 Maja, robotnicze święto - zakończyła. (GW 1994)
OD ponad 100 lat spotykamy się w dniu robotnika – św. Józefa – mówiła przewodnicząca OPZZ Ewa Spychalska, zapraszając zebranych na pochód. Spod pomnika Nike wyłącznie relacja z przemówienia Ewy Spychalskiej (DT 1994)
Dwa wiece Ikonowicza – jeden na rondzie de Gaulle'a, ale drugi pod pomnikiem Kopernika, przy siedzibie OPZZ. Przebitka na przemówienie Ewy Spychalskiej, potem od razu pochód, znów pzremówienie spod OPZZ, a potem już przemówienie tylko Spychalskiej spod pomnika Nike (1994_TVP)",PL_1990-2019.md
1995,PL,Wydarzenia_alt,"Na pl. Bankowym anarchiści rzucali tego dnia butelkami w policję. Ogólnie były starcia, próbowali ruszyć z manifestacją, to udało się dopiero po jakimś czasie
spotkanie w siedzibie SLD na ulicy Rozbrat.
msza mazowieckiej Solidarności w kościele Stanisława Kostki
UP organizuje festyn w lasku młocińskim
delegacja wszystkich ugrupowań lewicowych złożyła wiązanki kwiatów pod bramą Straceń Cytadeli Warszawskiej, z inicjatywy UP",PL_1990-2019.md
1995,PL,Organizacje,"RLP, PPS, ZSMP, ZK ""Proletariat"".",PL_1990-2019.md
1995,PL,TVP,"Najpierw przebitka pochodu zmierzającego ze sztandarami w stronę placu Teatralnego:
![[Pasted image 20250506121937.png]] Następnie przemówienie Kwaśniewskiego, jeszcze nie prezydenta, zagłuszane przez okrzyki kontrmanifestantów z Ligi Republikańskiej. Widać flagi PPS, transparenty OPZZ. Następnie widzimy drewnianego konia trojańskiego, którego tułów tworzy transparent z napisem Końkordat. Następnie, widzimy wejście kolumny na Krakowskie PRzedmieście, w rytm patriotycznej piosenki (Pierwsza Brygada, też Warszawianka). Na czele w stroju galowym i ze sztandarami związkowcy, politycy z kolei nieco dalej. Był Józef Oleksy, był też Wojciech Jaruzelski. Kwaśniewski mówi, że koalicja rządząca nie zeszła z drogi reform. *Będę budował Polskę demokratyczną, wolną od jakichkolwiek ideologicznych i religijnych wpływów*. Wzrost gospodarczy ma być szansą dla wszystich, a nie tylko bogatych. W pochodzie również członkowie PPS-u, z nieco bardziej radykalnymi hasłami. Lewica nie da się zastraszyć, mowa o świętej wojnie. Nie wszyscy popierają przemiany w Polsce – wywiad z człowiekiem, który wyraża sprzeciw wobec kapitalizmu z komunistycznej partii: – *kapitalizm nas męczył przed wojną, i męczy dzisiaj. Ci co tworzą kapitalizm, żyją kosztem naszym, robotnika*. Ponownie Liga Republikańska/NZS robi rekonstrukcję pochodową sprzed lat.",PL_1990-2019.md
1995,PL,Apel,"Do związkowców! Do wszystkich ludzi pracy! Zbliża się międzynarodowe, historyczne Święto Pracy. 1-majowa tradycja robotniczych manifestacji przetrwała ponad 100lat. W tym dniu pracujących na całym świecie łączy hasło obrony praw pracowniczych. Nawiązując do tych treści Ogólnopolskie Porozumienie Związków Zawodowych apeluje do załóg, do wszystkich żyjących z pray rąk i umysłów, do weteranów pracy o masowy udział w obchodach 1 Maja. Tego dnia pragniemy wspólnie zamanifestować: – Wolę budowania szerokiego frontu związkowej jedności w obronie podstawowych praw pracowniczych
– nasz zdecydowany sprzeciw wobec ubożenia szerokich warstw społeczeństwa, ciągłego wzrostu towarów i usług, bezrobocia, ograniczenia praw do ochrony zdrowia, zabezpieczenia społecznego i braku perspektyw mieszkaniowych, sprzeciw wobec pogarszania się warunków życia większości Polaków
– poparcie dla tych sił reformatorskich, które opowiadają się za przełamaniem recesji, potrafią tego dokonać, zmniejszyć ciężary ponoszone przez społeczeństwo
W manifestacjach 1-majowych opowiemy się za ""Kartą Gwarancji Społeczno-Socjalnych"", za nową umową społeczną regulującą podstawowe stosunki społeczno-ekonomiczne w demokratycznym państwie prawa. Wzywamy wszystkie organizacje i struktury OPZZ do organizowania w tym dniu pochodów, wieców, manifestacji bądź festynów, łącząc się z ludźmi pracy na całym świecie we wspólnej walce o godność pracy i polepszenie warunków życia",PL_1990-2019.md
1995,PL,Transformacja,"*Czteroletnie dziedzictwo rządów etosu kombatantów ze styropianu przyniosło Polsce 3-milionowe bezrobocie oraz niedostatek szerokich grup społecznych - przemawiał przewodniczący Regionu Mazowsze OPZZ poseł Lech Żywańczyk* (Gazeta Wyborcza, 1995)",PL_1990-2019.md
1995,PL,Wspolnie_OPZZ_PPS,Tak,PL_1990-2019.md
1995,PL,Miejsca_pamięci,"UP i delegacja wszystkich ugrupowań lewicowych: Brama Straceń (po pochodzie)
SLD i OPZZ: pomnik Nike
PPS: Warecka",PL_1990-2019.md
1995,PL,Siedziba Robotnika,"PPS – najprawdopodbniej składa kwiaty, brak informacji",PL_1990-2019.md
1995,PL,Plac Grzybowski,nie odbywa się,PL_1990-2019.md
1995,PL,Brama Straceń,"po pochodzie, o 12 delegacje SLD i OPZZ składają kwiaty pod Cytadelą (DT)
UP – odrębny wiec i składanie kwiatów (ŻW)",PL_1990-2019.md
1995,PL,Plac Piłsudskiego,organizatorzy składają kwiaty pod pomnikiem Bohaterów Warszawy (DT),PL_1990-2019.md
1995,PL,kontra,"Wystąpienia przemawiających polityków zakłócała kilkunastoosobowa grupa młodzieży z Niezależnego Zrzeszenia Studentów i Konfederacji Młodych, którzy pod pomnikiem zorganizowali happening na rzecz kandydatury Izabelli Sierakowskiej w wyborach prezydenckich. (RP 1995)
Pod pomnikiem Nike na lewicowców czekało już przeszło 20 studentów Niezależnego Związku Studentów, którzy urządzili happening pod hasłem ""Iza Sierakowska na prezydenta"". Policja chciała ich usunąć, ale pokazali zezwolenie na manifestację. (GW 1995)
Na nagraniu TVP widać osoby stojące na schodach kościoła, jedna z nich trzyma krzyż (TVP 1:20)
Przy kościele Świętego Krzyża manifestantów wygwizdano. - Czerwoni złodzieje, pustaki, betony - krzyczeli ludzie ze schodów kościoła. (GW)
tradycyjnie obrzucony wyzwiskami przez małą grupkę ""wiernych"" na schodach kościoła Św. Krzyża (TP)",PL_1990-2019.md
1995,PL,Pikniki,"Po wiecu warszawiacy mieli możliwość porozmawiania z działaczami przy specjalnie przygotowanych do tego stolikach (TP)
O godzinie 13:30 odbędą się w siedzibie SdRP spotkania z Aleksandrem Kwaśniewskim i Ewą Spychalską (DT)
Po wiecu pod biało-czerwonymi parasolami piwa ""Schutlheiss"" odbyły się spotkania z liderami SdRP, a Wojciech Jaruzelski i Mieczysław Rakowski podpisywali książki. Po południu w warszawskiej siedzibie SdRP kierownictwo SLD spotkało się ze swoimi zwolennikami (RP)
Festyn UP w Lasku Młocińskim (ŻW)",PL_1990-2019.md
1995,PL,wiec,"Zaczął się on wiecem pod OPZZ-em, gdzie przybyłych powitali organizatorzy. Przemawiali min. (!) posłowie Szymańczyk, przewodniczący Rady Regionu Mazowieckiego OPZZ i Żelazowski z SdRP (...) Pod Nike przemawiali przedstawiciele OPZZ, SdRP, RLP, PPS, ZSMP oraz ZK Proletariat. Po wiecu warszawiacy mieli możliwość porozmawiania z działaczami przy specjalnie zainstalowanych stolikach. (NTP 14 maja 1995)
Na wiec przyjechali Józef Oleksy i gen. Wojciech Jaruzelski, który podpisywał swoją książkę. Po przemówieniach Aleksandra Kwaśniewskiego otoczył tłum wielbicieli, głównie kobiet i dzieci. Zwracali się do niego ""panie prezydencie"". Lider z czerwonym goździkiem w klapie rozdawał autografy i buziaki. (GW 1995(
-DT
Wiadomości zaczynają się od krótkiej przebitki pochodu, a potem od razu zakłócane przez LR przemówienie Kwaśniewskiego pod pomnikiem Nike. Jest też przemówienie Ikonowicza. Nie ma przemówienia Spychalskiej, ani wiecu pod OPZZ (TVP 1995)",PL_1990-2019.md
1996,PL,TVP,"rozpoczyna się od transmisji niemałej delegacji UP składającej kwiaty pod Bramą Straceń. Potem piknik prezydencki, organizowany po raz pierwszy. Ton jest konsoliacyjny – zaprosił w końcu nie tylko związkowców, lecz również pracodawców. W samym pochodzie uczestniczyło podobno 10 tysięcy osób (wg organizatorów), a według policji około 2 tysięcy. Pochód po raz pierwszy idzie na placGrzybowski, w pochodzie uczestniczą politycy koalicji rządzącej. W pochodzie pojawia się również Wojceiech Jaruzelski.Ikonowicz na wiecu krytykuje za bezrobocie i prywatyzację. Ewa Spychalska zapowiada z kolei, że jej związek będzie nadal bronił praw pracowniczych. Manifestacja kończy się złożeniem kwiatów na placu Grzybowskim. I tym razem na pochodzie pojawia się końkordat, Znowu rekonstrukcja LR pod bramą UW – *Józef Oleksy naszym przyjacielem jest, za pieniądze KGB*. Dochodzi do starć młodych PPS-owców z Ligowcami, którzy z kolei odpowiedzieli petardami. Orkiestra się rozpierzcha. Starcia z policją również przed pałacem Prezydenckim i na placu Grzybowskim",PL_1990-2019.md
1996,PL,Wydarzenia_alt,"Solidarność znów organizuje mszę w kościele św. Stanisława Kostki
Po raz kolejny przemarsz pochodu pierwszomajowego został zakłócony przez Ligę Republikańską
UP wraz z przedstawicielami ogranizacji uczestniczących w pochodzie składa kwiaty pod Cytadelą Warszawską
anarchiści spotykają się na placu Bankowym pod hasłem ""Młodzież Przeciwko Rasizmowi"" ulicami Marszałkowska--Al. Jerozolimskie--Nowy Świat",PL_1990-2019.md
1996,PL,Apel,nd.,PL_1990-2019.md
1996,PL,Wspolnie_OPZZ_PPS,Tak,PL_1990-2019.md
1996,PL,Miejsca_pamięci,"delegacja SLD OPZZ i UP: Brama Straceń
delegacje i uczestnicy: Plac Grzybowski
PPS: Warecka przed pochodem",PL_1990-2019.md
1996,PL,Siedziba Robotnika,"PPS przed dołączeniem do pochodu składa wieniec pod siedzibą robotnika (Maszerowanie w Święto Pracy, GW)",PL_1990-2019.md
1996,PL,Plac Piłsudskiego,-,PL_1990-2019.md
1996,PL,Plac Grzybowski,"PRzywódcy lewicy składają kwiaty pod kamieniem na placu Grzybowskim, na koniec manifestacji. Ale DT pisze, że po pochodzie, ale przed wiecem (DT, RP, TVP)",PL_1990-2019.md
1996,PL,Brama Straceń,"UP składa kwiaty o 11 (GW)
Po manifestacji delegacje uczestników składają kwiaty (DT)",PL_1990-2019.md
1996,PL,kontra,"*LR, ROP, NZS: ....Happeningowy nastrój bardzo szybko prysł, przeradzając się w najzwyklejsze uliczne burdy. W ruxh poszły petardy, dymne świece... Rzucano nimi gdzie popadło w i kogo popadło, nie zważając na ludzi sędziwych, dzieci... Manifestantów obrzucano obraźliwymi okrzykami min. ""SLD-KGB"", ""Czerwoni Złodzieje"", ""Komuniści do gazu""... Byli i tacy, którzy jak torpeda rzucali się w tłum by przerwać pochód, przestraszyć, zaszokować...* (TP 19 maja 1996)
Pod Uniwersytetem Warszawskim uczestnicy manifestacji dostali się pod ""ostrzał"" młodzieży z Ligi Republikańskiej. W stronę manifestujących w 1-majowym pochodzie padały okrzyki ""SLD-KGB"" i ""Hańba"", odpowiadano im: ""Faszyści"". Policja zepchnęła agresywnie zachowujących się młodych ludzi (któryś biegiem wbił się w czoło pochodu, inny położył na jezdni, jeszcze inny wyrwał starszej pani kwiatek i cisnął na ziemię) tuż pod zamknięta bramę Uniwersytetu. W tłum poleciały petardy rozpryskujące się z hukiem pod nogami maszerujących. Policja użyła pałek, kilka osób zatrzymano (DT 1996)
Tuż po zakończeniu wiecu dotarły na plac Grzybowski grupki kontrmaniestantów spod Uniwersytetu. Ponownie doszło do obrzucania wyzwiskami i przepychanek, w tłum poleciały petardy. Policja rozdzieliła obie strony (DT 1996)
Pod bramą Uniwersytetu zebrała się manifestacja zorganizowana przez Ligę Republikańską. Jej uczestnicy organizują happeningową rekonstrukcję pod bramą Uniwersytetu Warszawskiego– *Józef Oleksy naszym przyjacielem jest, za pieniądze KGB*. Dochodzi do starć młodych PPS-owców z Ligowcami, którzy z kolei odpowiedzieli petardami. Orkiestra się rozpierzcha. (TVP 1996)
Tymczasem pod Uniwersytetem z poczwórnym kordonem policji walczyła antykomunistyczna młodzież z NZS i Ligi Republikańskiej. 400 młodych chciało dołączyć do pochodu SdRP z transparentem: ""Pozdrawiamy tow. Breżniewa"" i zdjęciami Marksa, Bieruta, Nowotki, Róży Luksemburg. Gdy ruszyli ku pochodowi lewicy, policja użyła pałek i gazu łzawiącego. W pochód poleciały petardy. Jeden ze studentów położył się na jezdni, tarasując drogę lewicy. Zwlokła go policja. (GW 1996)",PL_1990-2019.md
1996,PL,Pikniki,Majówka u prezydenta – brak informacji o oddzielnym festynie/spotkaniu w siedzibie SdRP w relacji oraz harmonogramie wydarzeń pierwszomajowych zamieszczonych w (DT),PL_1990-2019.md
1996,PL,wiec,"Na powitanie szefa SdRP Józefa Oleksego uczestnicy warszawskiego pochodu 1-majowego OPZZ, SdRP i PPS odśpiewali ""Sto lat"". Oleksego otaczało sześciu ochroniarzy z BOR. Łatwiej było dopchać się do gen. Jaruzelskiego. (GW 1996)
Na wiecu na placu Grzybowskim przemawiali na pewno Oleksy, Spychalska i Ikonowicz (DT 1996)
Przemówienia Oleksego i Spychalskiej, Ikonowicza też, ale tylko z placu Grzybowskiego. Nie pokazano przebiegu wiecu pod OPZZ (TVP",PL_1990-2019.md
1997,PL,Apel,"1 Maja 1997 - dniem solidarności wszystkich ludzi pracy
- dniem nowej Konstytucji
Koleżanki i Koledzy! Związkowcy, Pracownicy wszystkich zakładów! Jak co roku obchodzić będziemy 1 Maja. W tym dniu w pochodach i na wiecach zademonstrujemy jedność ludzi pracy. Taką jest ponad stuletnia tradycja tego święta - święta robotniczego protestu przeciw wyzyskowi, przeciw odmawianiu godności tym, którzy żyją wyłącznie z pracy rąk i umysłów. Solidaryzujmy się z naszymi kolegami ze Stoczni Gdańskiej i wielu innych przedsiębiorstw, którzy w wyniku liberalnej polityki gospodarczej stracili miejsca pracy - podstawę swojej egzystencji i swoich rodzin. W Polsce trwa trudny i bolesny dla znacznej liczby pracowników proces transformacji. OPZZ, podobnie jak większość Polaków, popiera społeczną gospodarkę rynkową i dążenie do integracji europejskiej. Widzimy w tym szansę dla Polski i jej obywateli. Domagamy się jednak, by koszty tych przemian były rozłożone równomiernie i by ludzie pracy swą biedą nie płacili za bogacenie się nielicznych. Tego roku 1 Maja możemy z dumą stwierdzić, że godność pracownicza i podstawowe gwarancje socjalne zostały zapisane w nowej Konstytucji. **To również nasz, związkowy sukces.** Musimy obronić go przed politykami, których jedynym interesem jest zdobycie władzy dla siebie, kosztem rzesz pracowniczych. Apelujemy do Was, Koleżanki i Koledzy związkowcy, do Was, pracownicy i weterani pracy, o udział w obchodach pierwszomajowych. Zamanifestujmy swą siłę i jedność. W naszym wspólnym interesie.",PL_1990-2019.md
1997,PL,TVP,"Na transparentach pochodowych pojawia się hasło *Good Luck Tony Blair*, czoło pochodu wygląda na mniej zorganizowane, niż w poprzednich latach  ale może to tylko takie ujęcie, bo na następnym nagraniu tuż przed transparentem idzie już orkiestra. Przeważają flagi biało-czerwone, kilka czerwonych też się znajdzie. Nie widzę natomiast symboli czy sztandarów OPZZ/SLD, tylko PPS. TVP twierdzi, że było około 2000 osób. Przemawia Józef Wiaderny, i namawia do głosowania za zmianą konstytucji. Blok PPS-owski wdaje się w bójki i starcia słowne z LR. Zostają złożone kwiaty na grobie Nieznanego Żołnierza, po czym przemarsz był kontynuowany w stronę Placu Grzybowskiego. Jest transparent Bezrobotnych z Kujawsko-Pomorskiego. W pochodzie politycy SLD, jest i Oleksy. Na końcu młody człowiek z Ligi Republikańskiej wykłóca się o to, że komunizm był zły, że niszczył społeczeństwo, pracę, młodzież. Oleksy przemawia, i ostrzega przed rosnącym w siłę faszyzmem, wskazując na zagrożenie prawicowym autorytaryzmem z ich stony.",PL_1990-2019.md
1997,PL,Wydarzenia_alt,"Miejsca pamięci: pomnik Piłsudskiego
grób Nieznanego Żołnierza
Unia Pracy wraz z przedstawicielami środowisk uczestniczących w pochodzie pod Bramą Straceń
PPS dołącza do pochodu OPZZ
potem majówka na Rozbracie w siedzibie SLD, gdzie odbywają się spotkania z działaczami NIE, SdRP, OPZZ, Przeglądu Tygodniowego
Mimo obecności również w tym roku przedstawicieli Ligi Republikańskiej na trasie pochodu, Życie Warszawy w nagłówku pisze, że ""W tym roku obyło się bez dramatycznych zatargów"".",PL_1990-2019.md
1997,PL,Dziedzictwo_PRL,"“Dziś aż 23 proc. Polaków twierdzi, że 1 Maja to święto komunistyczne. - To dlatego, że wszystkie tradycje lewicowe zostały zawłaszczone przez komunistów. **Po 1989 r. tak naprawdę nikomu nie udało się rewindykować tradycji lewicowych. Trochę próbowała Unia Pracy, trochę PPS, ale ich wpływy były niewielkie.** Dziś właściwie nikt nie identyfikuje się z symbolami ruchu socjalistycznego - z czerwonym sztandarem i świętem 1 Maja. A przecież kiedyś pochody pierwszomajowe organizował Józef Piłsudski, przywódca PPS w zaborze rosyjskim.” [@friszke1111Majow1997]",PL_1990-2019.md
1997,PL,Odwołania_historyczne,"1 maja jako tradycyjny dzień, w którym świat pracy pokazuje swoją jedność – *taka jest ponad stuletnia tradycja tego święta – święta robotniczego protestu przeciw wyzyskowi, przeciw odmawianiu godności tym, którzy żyją wyłącznie z pracy rąk i umysłów*.",PL_1990-2019.md
1997,PL,Transformacja,"Pojawiają się również odwołania do samej transformacji – *solidaryzujemy się z naszym kolegami ze Stoczni Gdańskiej i wielu innych przedsiębiorstw, którzy w wyniku liberalnej polityki gospodarczej stracili miejsca pracy – podstawę swojej egzystencji i swoich rodzin. **W Polsce trwa trudny i bolesny dla znacznej rzeszy pracowników proces transformacji. OPZZ, podobnie jak większość Polaków, popiera społeczną gospodarkę rynkową i dążenie do integracji europejskiej. Widzimy w tym szansę dla Polski i jej obywateli. domagamy się jednak, by koszty tych przemian były rozłożone równomiernie, i by ludzie pracy swą biedą nie płacili za bogacenie się nielicznych***",PL_1990-2019.md
1997,PL,Bieżące_sprawy,"Pośród wskazywanych przez OPZZ sukcesów jest wpisanie do projektu nowej konstytucji *godności pracowniczej i podstawowych gwarancji socjalnych. To również nasz, związkowy sukces. Musimy obronić go przed politykami, których jedynym interesem jest zdobycie władzy dla siebie, kosztem rzesz pracowniczych*.
>![[1997_zwiazkowiec_okladka.jpg]]",PL_1990-2019.md
1997,PL,Wspolnie_OPZZ_PPS,Tak,PL_1990-2019.md
1997,PL,Miejsca_pamięci,"PPS: Warecka
delegacje SLD/OPZZ: pomnik Piłsudskiego i Grób nieznanego Żołnierza
delegacje SLD i OPZZ/uczestnicy?: plac Grzybowski
delegacja SLD OPZZ i UP: Brama Straceń
delegacja SLD OPZZ: Brama Straceń",PL_1990-2019.md
1997,PL,Siedziba Robotnika,Pochód PPS składa wieniec pod siedzibą PPS Robotnik (ŻW),PL_1990-2019.md
1997,PL,Plac Piłsudskiego,delegacje OPZZ i SLD składają wieńce pod pomnikiem Piłsudskiego i Grobem Nieznanego Żołnierza (GW),PL_1990-2019.md
1997,PL,Brama Straceń,"wiązanka złożona przez UP przed Bramą Straceń, oddzielnie od postkomunistów, którzy pojawią się tam o 12. UP z kolei o 11(GW)
czy jest też delegacja lewicy oddzielnie?",PL_1990-2019.md
1997,PL,Plac Grzybowski,Po manifestacji następuje złożenie kwiatów pod pomnikiem na placu Grzybowskim (NTP),PL_1990-2019.md
1997,PL,kontra,"Blok PPS-owski wdaje się w bójki i starcia słowne z LR. (...) Na końcu młody człowiek z Ligi Republikańskiej wykłóca się o to, że komunizm był zły, że niszczył społeczeństwo, pracę, młodzież (TVP 1997)
Pod Bramą Uniwersytetu Warszawskiego pochód zetknął się z czekającymi tam już na nich młodymi ludźmi z Ligi Republikańskiej, NZS i NOP. Stojący na chodnikach przeciwnicy lewicy, za ustawionymi przez policję barierkami trzymali kilka brzozowych krzyży, na których wisiały kartki: ""Wujek–1981"", ""AK-NZW-WIN ""1944-1956"" i ""Poznań 56"" (ŻW 1997(
Jego przemówieniu [Oleksego] towarzyszyły okrzyki zgromadzonych za barierkami przeciwników lewicy, którzy nie podzielali jego zdania. Jak zwykle przodowała Liga Republikańska (ŻW 1997)
Już tradycyjnie z ""trybuny honorowej""  na stopniach kościoła Św. Krzyża przywitano pochód gwizdami i obelgami; jeden z mężczyzn pokazywał ""gest Kozakiewicza"". W szacownym sąsiedztwie Uniwersytetu Warszawskiego przyczaiło się kilkudziesięciu Ligowców, sympatyków NZS i UPR. Były krzyże z napisem ""Katyń"" i płonące pochodnie (DT 1997)
Na placu Grzybowskim policja zapobiegała ekscesom ""Ligi' (...)  Po manifestacji na lewicowców czyhały lotne ""komanda"" Ligi. Pod Uniwersytetem Warszawskim napadli na członków Socjaldemokratycznej Frakcji Młodych (DT 1997)
Watahy przeciwników lewicy podążały za pochodem na plac Grzybowski, w nadziei, że uda się sprowokować jakąś zadymę (DT 1997)
Przed hotelem ""Victoria"" policjanci zatrzymali kilku skinheadów, którzy według relacji funkcjonariuszy mieli rzucać kamieniami w pochód. Policja przez cały czas miała problemy z oddzieleniem maszerujących działaczy Ligi Republikańskiej od zwolenników lewicy. Ręka w rękę maszerowały obok siebie wrogie grupy. Z pochodu słychać było hasła ""Łysy agent"", ""Targowica"" oraz te skandowane przez przedstawicieli lewicy w kierunku Ligi Republikańskiej ""Czarna hołota"" ""Trzecia liga"". (RP 1997)",PL_1990-2019.md
1997,PL,Pikniki,"Od 12:45 spotkania w siedzibie SdRP na Rozbrat – przedstawiciele redakcji Nie, Przeglądu Tygodniowego, potem spotkanie z liderami OPZZ i SdRP (DT)
Festyn UP na Kępie Potockiej (ŻW)",PL_1990-2019.md
1997,PL,wiec,"W końcu wszyscy dotarli na plac Grzybowski, gdzie zaplanowano WIEC kończący pochód. Na trybunę honorową zaadaptowano ciągnikową przyczepę. Weszli na nią min. Józef Oleksy, Piotr Ikonowicz, Józef Wiaderny oraz ministrowie Jacek Żochowski i Jerzy Wiatr (ŻW 1997(
Pod OPZZ przywitał wszystkich przemówieniem Józef Wiaderny. Relacja ze wszystkich kolejnych przemówień dopiero z placu Grzybowskiego – DT przytacza relacje Oleksego i Ikonowicza (DT 1997)
W TVP znowu brak relacji spod OPZZ. Od razu pochód, i dość szybko przebitki od razu skupione na wiecu i przemówieniach). Dopiero potem pzremówienie Józefa Wiadernego spod OPZZ zostaje pokazane (TVP 1997(",PL_1990-2019.md
1998,PL,Wydarzenia_alt,"Msza święta solidarności Mazowsze w kościele św. Stanisława Kostki na Żoliborzu
_“W południe na ul. Rozbrat rozpocznie się ""Pierwsza Majówka, czyli Europa dla Ludzi Pracy"", organizowana przez Warszawskie Stowarzyszenie Promocji Pracy. Atrakcją ma być m. in. obecność redakcji ""Trybuny"", ""Nie"" i ""Przeglądu Tygodniowego"" oraz możliwość sfotografowania się z Danutą Waniek, Piotrem Gadzinowskim lub innym parlamentarzystą czy radnym lewicy. Ponadto odbędą się pokazy straży pożarnej oraz koncerty Country Road, Romy, Voxu itp. Oczywiście grochówka, kiełbaski, piwo. **Podczas festynu udzielane będą informacje o Unii Europejskiej, której flaga zawiśnie obok polskiej**._ (“Lewica, święty i uroczystości - Archiwum Rzeczpospolitej”, 1998)
Kwiaty składane przed pochodem przez przedstawicieli lewicy pod grobem Nieznanego Żołnierza i pod Bramą Straceń Cytadeli Warszawskiej",PL_1990-2019.md
1998,PL,Apel,"1 Maja 1998  dniem solidarności wszystkich ludzi pracy dniem walki o PAKT DLA POLSKIEJ RODZINY; **Koleżanki i Koledzy!; Związkowcy, Pracownicy wszystkich zakładów pracy!**; Jak co roku obchodzić będziemy 1 Maja. W tym dniu w pochodach i wiecach zademonstrujemy jedność ludzi pracy. Taka jest ponad stuletnia tradycja tego święta - święta robotniczego protestu przeciw wyzyskowi, przeciw odmawianiu godności tym, którzy żyją wyłącznie z pracy rąk i umysłów. Solidaryzujemy się z naszymi kolegami z wielu przedsiębiorstw, którzy w wyniku liberalnej polityki gospodarczej stracili miejsca pracy - podstawę swojej egzystencji.; W Polsce trwa trudny i bolesny dla znacznej rzeszy pracowników proces transformacji. Ogólnopolskie Porozumienie Związków Zawodowych, podobnie jak większość Polaków, popiera społeczną gospodarkę rynkową i dążenie do integracji z Europą. Widzimy w tym szansę dla Polski i jej obywateli. Domagamy się jednak, by koszty tych przemian były rozłożone równomiernie i by ludzie pracy swą biedą nie płacili za bogacenie się nielicznych.; Niech ten dzień naszego, pracowniczego święta będzie dniem walki o utrzymanie naszych zagrożonych miejsc pracy. Niech 1 Maja rząd Buzka - Balcerowicza jeszcze raz zobaczy naszą pracowniczą siłę.; Apelujemy do Was, Koleżanki i Koledzy związkowcy, do Was pracownicy i weterani pracy, o udział w obchodach pierwszomajowych. Zamanifestujmy swą siłę i jedność.; W naszym wspólnym interesie.",PL_1990-2019.md
1998,PL,TVP,"Pod hasłem *1 Maja naszym świętem* przechodzi warszawski pochód. Czerwone flagi, w tym flagi kubańskie na samym czele pochodu. Tradycyjne próby blokady pochodu pod bramą Uniwersytetu, lecą w stronę manifestantów jajka – tak samo, jak na placu Grzybowskim, gdzie trafiony zostaje Leszek Miller. Twierdzi on, że choć prawica wygrała, to sytuacja ta jest tylko przystankiem, i lewica znów będzie u władzy. Gdy to mówi, tuż pod sceną wybucha petarda. Wydaje mi się, że w przepychance udział brał również Janusz Gołąb. Pod Bramą Straceń Unia Pracy, której lider stwierdza, że minęły już czasy wielkich pochodów, których celem było wsparcie władzy – dzisiaj świętujemy pamięć tych, którzy zginęli za ojczyznę i honor ludzi pracy.",PL_1990-2019.md
1998,PL,Transformacja,"Pierwszy plan Balcerowicza zniszczył tysiące polskich zakładów. W 1993 roku odrabialiśmy straty poczynione przez poprzednie rządy, obroniliśmy Polaków przed szaleństwem doktrynerskich liberałów, a teraz znów mamy Balcerowicza. Nie zapominajmy o tragicznym losie pracowników - mówił szef OPZZ Józef Wiaderny, zanim warszawski pochód ruszył w drogę. [[@1majowePrzepychanki1998]]",PL_1990-2019.md
1998,PL,Wspolnie_OPZZ_PPS,Tak,PL_1990-2019.md
1998,PL,Miejsca_pamięci,"delegacje SLD/OPZZ: Grób nieznanego Żołnierza
delegacja SLD OPZZ i UP: Brama Straceń (przed pochodem)
PPS: Warecka
delegacje i uczestnicy: Plac Grzybowski",PL_1990-2019.md
1998,PL,Siedziba Robotnika,Pochód PPS składa wieniec pod siedzibą Robotnika (RP),PL_1990-2019.md
1998,PL,Plac Piłsudskiego,"brak informacji, być może tak jak w poprzednim roku było składanie kwiatów",PL_1990-2019.md
1998,PL,Muzyka,W trakcie pochodu śpiewano (najpewniej PPS) Międzynarodówkę (DT),PL_1990-2019.md
1998,PL,Brama Straceń,"Pod Cytadelą samodzielny wiec UP, połączony z ceremonią składania kwiatów (TVP)
Delegacje ""lewicy"" składają kwiaty pod Cytadelą przed pochodem (RP)",PL_1990-2019.md
1998,PL,Plac Grzybowski,"W poprzednich latach delegacja składa wieniec, uczestnicy kwiaty. Brak potwierdzenia dla 1998 (TVP, DT, ŻW, GW, NTP)",PL_1990-2019.md
1998,PL,kontra,"Tradycyjne próby blokady pochodu pod bramą Uniwersytetu, lecą w stronę manifestantów jajka – tak samo, jak na placu Grzybowskim, gdzie trafiony zostaje Leszek Miller. Twierdzi on, że choć prawica wygrała, to sytuacja ta jest tylko przystankiem, i lewica znów będzie u władzy. Gdy to mówi, tuż pod sceną wybucha petarda. (TVP 1998)
Do pierwszego starcia z młodzieżówką ROP doszło przy bramie Uniwersytetu. Tam prawicowcy zaatkowali manifestantów okrzykami i jajami. Przeciwnicy pochodu zebrali się też na placu Grzybowskim, gdzie rozgorzała prawdziwa wojna na okrzyki, gwizdy i oklaski. Przemawiający z trybuny Leszek Miller został trafiony jajkiem. Niezarażony, ściągnął marynarkę i kontynuował przemówienie (ŻW 2-3.5.1998) (ŻW 1998)
Połączony pochód starł się przed Uniwersytetem z około 30 sympatykami Ligi Republikańskiej i ROP. Nie szczędzono sobie epitetów, posypały się jajka i petardy. Tylko szybka akcja policji, która nawet konno ochraniała demonstrację, zapobiegła bójce między najbardziej agresywnymi demonstrantami. (RP 1998)
Przy placu Grzybowskim -- na końcu trasy -- czekała na lewicę kolejna, tym razem blisko trzykrotnie liczniejsza grupa sympatyków Ligi Republikańskiej oraz skinheadzi z Narodowego Odrodzenia Polski. Rozpoczęły się wzajemne przekrzykiwania i przepychanki (""SLD -- KGB"", ""AWS łże jak pies"", ""Kukliński, ile ci dali? "", ""Do kołchozu"") , które wzmogły się podczas wystąpień liderów lewicy. (RP)
Na wysokości Uniwersytetu Warszawskiego czekali - odgrodzeni przez policję - członkowie młodzieżówki ROP i Ligi Republikańskiej. Kilku młodych prawicowców w robotniczych kaskach dźwigało nosze z kukłą imitującą ciało robotnika, owiniętą biało-czerwoną flagą. Na zwolenników SLD poleciały jajka. Mało brakowało, a doszłoby do bójki. (GW 1998)
Spokojnie było na tzw. trybunie honorowej, czyli schodach kościoła Św. Krzyża. Corocznie gromadzą się tam antykomuniści, by wykrzyczeć swoją nienawiść (DT 1998)",PL_1990-2019.md
1998,PL,Pikniki,"W południe na ul. Rozbrat rozpocznie się ""Pierwsza Majówka, czyli Europa dla Ludzi Pracy"", organizowana przez Warszawskie Stowarzyszenie Promocji Pracy. Atrakcją ma być m. in. obecność redakcji ""Trybuny"", ""Nie"" i ""Przeglądu Tygodniowego"" oraz możliwość sfotografowania się z Danutą Waniek, Piotrem Gadzinowskim lub innym parlamentarzystą czy radnym lewicy. Ponadto odbędą się pokazy straży pożarnej oraz koncerty Country Road, Romy, Voxu itp. Oczywiście grochówka, kiełbaski, piwo. Podczas festynu udzielane będą informacje o Unii Europejskiej, której flaga zawiśnie obok polskiej. (RP 1998)
Po pochodzie jego uczestnicy zostaną zaproszeni na majówkę organizowaną przez Warszawskie Stowarzyszenie Promocji Pracy na ul. Rozbrat. (GW)",PL_1990-2019.md
1998,PL,Komitet organizacyjny,"In 1998 in DT information that parade co-organized by PPS, SdRP and OPZZ",PL_1990-2019.md
1998,PL,wiec,"[Na wiecu] przemawiali liderzy. (NTP 1998)
Przemówieniom liderów SLD na placu Grzybowskim towarzyszyły gwizdy prawicowców. Przeważał temat ""nędzy panującej w społeczeństwie, zagrożenia utratą pracy"". Tylko Leszek Miller koncentrował się na wątku międzynarodowym: - Podziękujmy amerykańskiej lewicy i prezydentowi Clintonowi za to, że dzięki ich zabiegom amerykański Senat zatwierdził nasze wejście do NATO. (GW 1998)
Wiec odbywa się na placu Grzybowskim, gdzie przemawiają liderzy lewicy – Ikonowicz, Miller. Żadnych informacji o przemówieniach spod OPZZ (DT 1998)
TVP nie pokazuje żadnych przemówień spod OPZZ, tylko z placu Grzybowskiego, gdzie przemawiają politycy (oraz związkowcy) (TVP 1998)",PL_1990-2019.md
1999,PL,Ważne,"Najbardziej kontrowersyjnym wydarzeniem z tegorocznych obchodów 1 maja były bez wątpienia starcia kontrmanifestantów z Ligi Republikańskiej z uczestnikami obchodów pierwszomajowych. W każdym mieście, w którym odbywające się uroczystości zostały opisane przez Gazetę Wyborczą – Warszawa, Gdańsk, Kraków, Łódź, Koszalin, Bydgoszcz, Toruń, Poznań, Włocławek, Radom – pojawiła się Liga lub inne formy/osoby protestujące. Ich obecność najdrastyczniej zaznaczyła się w Warszawie, gdzie jeden z uczestników pochodu oraz dwóch dziennikarzy zostało ranionych petardą rzuconą z tłumu. Po tej kulminacji, w następnych latach skala i intensywność podobnych zdarzeń zdecydowanie zmalała, a pochody odbywała się w spokojniejszej atmosferze. Jak zgryźliwie odnotowano w Nowym Tygodniku Popularnym: *Tradycyjnie w pochodzie pojawiła się Liga Republikańska. W tym roku mniej liczna, bo większość jej członków pracuje w agendach rządowych, w tym w UOP-ie.* Wyborcza podaje z kolei, że w związku z wydarzeniami z Warszawy Ikonowicz złożył o delegalizację Ligi Republikańskiej, w czym poparł go Leszek Miller. Mariusz Kamiński, lider LR, uznał te stwierdzenia za pomówienia, i zapowiedział złożenie pozwu przeciwko Ikonowiczowi. Stanisław Nowakowski, redaktor naczelny NTP ostrzega przed zagrożeniem dla demokracji płynącym ze strony prawicy, w szeregach której są politycy prowokujący agresję, zamiast ją zwalczać. Kolejnym przykładem tego problemu jest ustawa lustracyjna, której pierwsze ofiary to przewodniczący RS AWS. To dowód na *bezmyślność* polskiej prawicy",PL_1990-2019.md
1999,PL,Opis fasady,"Tegoroczne obchody mają bardzo wyraźny rys polityczny, wymierzony w obecnie rządzącą koalicję, reprezentowaną przez postać Leszka Balcerowicza i Mariana Krzaklewskiego. Co ciekawe, w obchodach po raz pierwszy uczestniczyli przedstawiciele środowisk dotychczas nie biorących udziału w obchodach – Samoobrony, związku zawodowego ""Sierpień 80'"" i ""Solidarność '80"". Andrzej Lepper widziany był z czerwonymi goździkami – symbolem święta z okresu PRL, których produkcja po roku 1990 w Polsce miała się załamać (jak pisze w tym samym roku na łamach Polityki Anna Sal). Na proteście pojawia się marionetka Jerzego Buzka",PL_1990-2019.md
1999,PL,Znaczenie,"*Tegoroczny Pierwszy Maja – mówił Józef Wiaderny, przewodniczący OPZZ – nie jest radosnym świętem. Jest dniem protestu przeciw rządom prawicy, które prowadzą do biedy ludzi pracy i są nieszczęściem dla Polski.* W podobnym tonie pisze o tym Nowakowski w zaproszeniu na warszawskie obchody, zapraszając na nie *wszystkich, którzy chcą się przeciwstawić nadchodzącej klęsce*.",PL_1990-2019.md
1999,PL,Uczestnicy,"Wyborcza – ""kilka tysięcy osób"". Życie Warszawy – ""kilkudziesięciotysięczny pochód"".",PL_1990-2019.md
1999,PL,Odwołania_historyczne,"** Jacek Kasprzyk z PPS-u ubolewa nad upolitycznieniem święta w 3RP pisząc w ten sposób: *Czy dzisiaj Święto Pracy musi się kojarzyć z popieraniem tej czy innej partii, czy też raczej powinno symbolizować interes różnych warstw społeczeństwa, pokazywać, że istnieje wspólny mianownik konieczny do spokojnej koegzystencji? Nie było to przecież z założenia święto opcji politycznej. Powstało jako wyraz niezgody i buntu na rodzaj akumulacji kapitału w USA. Wyraz determinacji nie w obronie przywilejów, ale większego udziału robotników w podziale dochodu*",PL_1990-2019.md
1999,PL,Wydarzenia_alt,"kwiaty pod Cytadelą Warszawską składane przez UP. Potencjalnie również przedstawiciele innych środowisk
Festyn ""1-sza Majówka"" pod siedzibą SLD po pochodzie na Rozbrat
Relacja w Trybunie nie wspomina o składaniu kwiatów",PL_1990-2019.md
1999,PL,Apel,"Apel Rady Ogólnopolskiego Porozumienia Związków Zawodowych
1 Maja 1999 dniem naszego protestu
1 Maja 1999 roku będzie dniem naszego protestu. Protestu przeciwko władzy, która wprowadza w arogancki, bezrozumny sposób, cztery wielkie reformy społeczne. Protestu przeciwko władzy, która ""schładzając"" polską gospodarkę prowadzi do spadku produkcji, zwiększenia bezrobocia, a w konsekwencji pogarszania się warunków życia polskiego społeczeństwa.
Protestujemy przeciwko
- wzrostowi kosztów utrzymania i brakowi działań osłonowych,
- ""schładzaniu gospodarki"", które prowadzi do spadku produkcji w większości polskich przedsiębiorstw, a w konsekwencji do wzrostu bezrobocia,
- likwidacji setek tysięcy miejsc pracy, a nawet całych branż, co pozbawiło środków do życia ogromne rzesze rodzin pracowniczych,- nieprzemyślanej reformie służby zdrowia, która doprowadziła do wzrostu kosztów leczenia i uniemożliwiła korzystanie z bezpłatnej opieki zdrowotnej setkom tysięcy obywateli,
- ograniczaniu dostępu do nauki, a szczególnie szkolnictwa wyższego, dzieciom i młodzieży z rodzin o niskich dochodach,
- dalszemu spadkowi poziomu życia emerytów, rencistów i całej sfery budżetowej w związku z brakiem konkretnych uregulowań prawnych.
Związki zawodowe wielokrotnie ostrzegały przed narastającym kryzysem finansów państwa i samorządów. Dlatego domagamy się nowelizacji budżetu państwa.
Wielokrotnie dochodziło do rozmów z ministrem pracy i polityki socjalnej. Trwały rozmowy w Komisji Trójstronnej, gdzie upadały kolejne projekty rozwiązań zgłaszane przez OPZZ. Nie zamierzamy nadal uwiarygodniać obecnego rządu. Zawiesiliśmy udział w Komisji Trójstronnej.
1 Maja 1999 roku jest więc protestem przeciwko polityce rządu, któremu w istocie dialog społeczny jest obcy.
Apelujemy do Was, Koleżanki i Koledzy związkowcy, do Was pracownicy i weterani pracy, o udział w obchodach pierwszomajowych. Zamanifestujmy swą siłę i jedność.
W naszym wspólnym interesie.",PL_1990-2019.md
1999,PL,TVP,"Reporter spod OPZZ zaczyna od ciekawostki – wielu myśli, że Święto Pracy zaczęło się w państwach socjalistycznych, ale tak naprawdę jego historia jest znacznie dłuższa. Starcia pod bramą UW, pojawia się Adrian Zandberg z czerwoną flagą. *SLD-KGB* krzyczą Ligowcy. *To jest wasza demokracja* odpowiadają uczestnicy pochodu, raczej ci z PPSu. Jest zdjęcie zranionego petardą Dunina-Wąsowicza, i wypowiedź Ikona o potrzebie delegalizacji Ligi Republikańskiej. U prezydenta 700 gości. Pod OPZZ *wszystkie partie lewicowe*. Pochód w stronę placu Grzybowskiego",PL_1990-2019.md
1999,PL,Organizacje,"Solidarność 80
Sierpień 80
Samoobrona
SLD
PPS",PL_1990-2019.md
1999,PL,Wspolnie_OPZZ_PPS,Tak,PL_1990-2019.md
1999,PL,Miejsca_pamięci,"UP: Brama Straceń (delegacja SdRP/OPZZ?)
?: Plac Grzybowski – jest wiec, brak info o składaniu kwiatów
PPS: Warecka?",PL_1990-2019.md
1999,PL,Siedziba Robotnika,PPS zwykle składa kwiaty pod siedzibą Robotnika – brak informacji co dzieje się w tym roku,PL_1990-2019.md
1999,PL,Plac Piłsudskiego,-,PL_1990-2019.md
1999,PL,Brama Straceń,"UP samodzielnie składa kwiaty. Podejrzewam, że możliwe, że później również SLD i OPZZ (DT)",PL_1990-2019.md
1999,PL,Plac Grzybowski,"Plac Grzybowski koniec pochodu i wiec. Brak info o składaniu kwiatów (TVP, GW, RP, NTP, ŻW, PWZ, KZ)",PL_1990-2019.md
1999,PL,kontra,"Tradycyjnie też uczestniczyła w pochodzie Liga Republikańska. Mniej liczna, bo większość jej członków pracuje w agendach rządowych, w tym w UOP-ie. Jednak w tym roku omal nie doszło do tragedii. Rzucona w tłum na wiecu petarda ciężko zraniła prof. Krzysztofa Dunin-Wąsowicza, legendę PPS-u oraz dwóch dziennikarzy (NTP 1999)
Incydent z petardą nie był jedynym podczas warszawskiego pochodu. Wcześniej, przed Uniwersytetem Warszawskim, członkowie organizacji prawicowych i lewicowych obrzucali się nawzajem jakami, kwiatami, pomidorami i kubeczkami ze śmietaną. Gdy pochód się rozchodził, młodzieżówka PPS zaatakowała kijami członków Ligi Republikańskiej. Policja zatrzymała kilku młodych ludzi z PPS. Piotr Ikonowicz twierdzi, że działali oni w obronie własnej (ŻW 1999)
Starcia pod bramą UW.  *SLD-KGB* krzyczą Ligowcy. *To jest wasza demokracja* odpowiadają uczestnicy pochodu, raczej ci z PPSu.  (TVP 1999)
Jednak z materiału filmowego ""Wiadomości"" TVP wynika, że petardę najprawdopodobniej rzucił w uczestników manifestacji młody mężczyzna ubrany w koszulkę prawicowej Ligi Republikańskiej. Upadła u nóg jednej z uczestniczek pochodu. Ta odrzuciła ją tak pechowo, że odbiła się ona od drzewa i wybuchając, zraniła dziennikarza i kamerzystę telewizji RTL 7, oraz członka PPS prof. historii Krzysztofa Dunina-Wąsowicza (GW 1999(
Liga Republikańska organizuje ogólnopolską akcję popierającą wprowadzenie ustawy dekomunizacyjnej. Wydrukowano kilkanaście tysięcy plakatów, ulotek i broszur tłumaczących ideę ustawy, która w czerwcu ma być tematem debaty w parlamencie. W największych miastach Polski Liga zorganizuje happeningi. W Warszawie pod bramą Uniwersytetu działacze Ligi przywitają pochód pierwszomajowy. (RP 1999(
Połączony pochód - około 5 tysięcy osób, starł się przed Uniwersytetem Warszawskim z sympatykami Ligi Republikańskiej, Ruchu Młodego Pokolenia i Niezależnego Zrzeszenia Studentów. Posypały się jajka, pomidory i petardy. (RP 1999(
Na schodach kościoła zebrała się grupa osób uwieczniona na relacji z TVP. Ich interakcje z uczestnikami pochodu nie doczekały się jednak komentarza ze strony mediów – najprawdopodobniej nie były intensywne. Pod Uniwersytetem Warszawskim, po obu stronach ulicy, stoją kontrmanifestanci. Pojawia się flaga Ruchu Młodego Pokolenia (TVP 1999)",PL_1990-2019.md
1999,PL,Pikniki,"Festyn ""1-sza Majówka"" po pochodzie pod siedzibą SLD na ulicy Rozbrat (DT)
Po pochodzie na ulicy Rozbrat zorganizowano piknik (...) Na pikniku można było posłuchać występów i porozmawiać z politykami (TP)",PL_1990-2019.md
1999,PL,wiec,"Tegoroczny Pierwszy Maja – mówił WITAJĄC przybyłych, Józef Wiaderny – nie jest radosnym świętem (NTP 1999(
W trybunie spod OPZZ pojawia się tylko relacja z przemówienia Wiadernego. Potem Miller, Ikonowicz, Lepper, Szymańczyk, Cybulska z Solidarności 80 ale to już na placu Grzybowskim, gdzie odbywa się główny WIEC (DT 1999)
Relacja TVP zaczyna się spod OPZZ, słychać w tle jakieś przemówienie – ale nie bardzo wiadomo kto, co i po co mówi. Potem pojawia się krótki fragment przemówienia Józefa Wiadernego pod OPZZ. Na placu Grzybowski fragment przemówienia Leszka Millera (TVP 1999(",PL_1990-2019.md
2000,PL,TVP,"pochód zaczyna się od OPZZ, przemówienie Wiadernego – *nie ma naszej zgody na polską biedę*. Pojawia się kukła premiera Buzka, przepasana napisem *Marianetka*. Nie dochodzi do regularnych starć, policja i barierki odgradzają działaczy PPS i Ligi Republikańskiej od siebie. Protest przeciwko włądzy– każdy kto ma jej dość i chce występować w imieniu ludzi pracy, niech idzie z nami. Pod OPZZ rozłożone są plastikowe flagi, niebieskie z logiem OPZZ i napisem ""1 maja OPZZ"". *Nawet zadowolony z siebie rząd Buzka i Balcerowicza musiał przyznać, że bezrobocie jest największą plagą dla polski*, mówi Wiaderny. Dalej widzimy transparent z Główczyc, z napisem 37% bezrobotnych i liczbą <1447> (pewnie liczba mieszkańców). Pojawia się jeszcze kilka własnoręcznie robionych transparentów, w tym *Nie pozwolimy aby nasze dzieci żyły w nędzy*. Jest też tczewska organizacja bezdomnych i bezrobotnych, domagająca się na swoim transparencie *Pracy i Chleba*. Są również bezrobotni z gminy Kępice. W Warszawie spokojnie, choć w Gdańsku działacze SLD zostali obrzuceni farbą. W Warszawie duża grupa ZSMP, z flagami, raczej młodsza. *Święto ludzi pracy zamienia się powoli w święto ludzi bez pracy* komentuje reporter. Prezydent na pikniku mówi, że nie należy się bać globalizacji, która może być szansą. Prowadzi do wzrostu wydajności, efektywności, i w dłuższej perspektywie oznacza rozwój. Nie zgadza się również na rosnące nierówności ekonomiczne.",PL_1990-2019.md
2000,PL,Wydarzenia_alt,"Miejsca pamięci: kwiaty składane przez UP pod warszawską Cytadelą. Potencjalnie również inne organizacje lewicowe
Po pochodzie odbył się piknik pod siedzibą SLD na ulicy Rozbrat""
prezydent Kwaśniewski zorganizował tego dnia piknik pierwszomajowy w ogrodzie Pałacu Prezydenckiego
na Starym Mieście happening Ligi Republikańskiej, sobowtór prezydenta próbuje wejść do Pałacu Prezydenckiego. Ale do większych starć z uczestnikami pochodu nie dochodzi",PL_1990-2019.md
2000,PL,Aktorzy,"OPZZ, SLD, PPS, Ruch Ludzi Pracy, ZSMP, Kółka Rolnicze",PL_1990-2019.md
2000,PL,Apel,"**APEL OGÓLNOPOLSKIEGO POROZUMIENIA ZWIĄZKÓW ZAWODOWYCH
1 Maja 2000 dniem naszego protestu**
1 Maja 2000 roku będzie dniem naszego protestu. Protestu przeciwko władzy, która doprowadziła do gwałtownego wzrostu bezrobocia, a w konsekwencji pogorszenia się warunków życia polskiego społeczeństwa i utraty stabilizacji życiowej przez Polaków.
Protestujemy przeciwko:
- likwidacji setek tysięcy miejsc pracy, a nawet całych branż, co już pozbawiło środków do życia dwa i pół miliona pracowników, a do końca tego roku pozbawionych pracy zostanie jeszcze pół miliona osób,
- próbom nowelizacji Kodeksu pracy, ograniczającym uprawnienia pracownicze,
- ""schładzaniu gospodarki"", które doprowadziło do spadku produkcji w większości polskich przedsiębiorstw, a w konsekwencji do wzrostu bezrobocia,
- nieprzemyślanej reformie służby zdrowia, która spowodowała wzrost kosztów leczenia i praktycznie uniemożliwiła korzystanie z bezpłatnej opieki zdrowotnej,
- ograniczaniu dostępu do nauki, a szczególnie szkolnictwa wyższego, dzieciom i młodzieży z rodzin o niskich dochodach
- spadkowi poziomu życia większości polskiego społeczeństwa.
Związki zawodowe wielokrotnie ostrzegały przed kryzysem państwa - spadkiem zatrudnienia, spadkiem poziomu życia polskiego społeczeństwa.
11 kwietnia w całej Polsce pikietowaliśmy urzędy wojewódzkie, żeby przypomnieć władzy, że bezrobocie stało się dominującym problemem społecznym. Przedstawiliśmy Sejmowi nasz projekt PAKTU DLA PRACY.
1 Maja 2000 roku jest więc protestem przeciwko polityce rządu, któremu obcy jest dialog społeczny, przeciwko rządowi, który zapomina o potrzebach ogromnej części społeczeństwa.
1 Maja 2000 roku wzywamy Sejm i rząd do rozpoczęcia rzeczowej debaty o PAKCIE DLA PRACY, o potrzebie walki z bezrobociem.
Apelujemy do Was, Koleżanki i Koledzy związkowcy, do Was pracownicy i weterani pracy, o udział w protestach pierwszomajowych. Zamanifestujmy swą siłę i jedność.
W naszym wspólnym interesie.
Prezydium OPZZ
Warszawa, 27 kwietnia 2000 r.",PL_1990-2019.md
2000,PL,Wspolnie_OPZZ_PPS,Tak,PL_1990-2019.md
2000,PL,Miejsca_pamięci,"UP: Brama Straceń bez delegacji
PPS: Warecka
?: Plac Grzybowski – jest wiec, brak info o składaniu kwiatów",PL_1990-2019.md
2000,PL,Siedziba Robotnika,Uczestnicy pochodu PPS składają kwiaty (ŻW),PL_1990-2019.md
2000,PL,Plac Piłsudskiego,-,PL_1990-2019.md
2000,PL,Brama Straceń,"Przedstawiciele UP składają wieniec przed tablicą, i kwiaty na grobach samodzielnie, o 11. O 12 przedstawiciele SLD i OPZZ w tym samym miejscu (DT 2000)",PL_1990-2019.md
2000,PL,Plac Grzybowski,Po pochodzie złożono kwiaty pod kamieniem (DT),PL_1990-2019.md
2000,PL,kontra,"“Po raz pierwszy od wielu lat praktycznie (z wyjątkiem Gdańska) nie doszło w tym roku do incydentów prowokowanych przez ugrupowania prawicowe.” (“Kronika Związkowa OPZZ nr 224”, 2000)
*Jajkami demonstranci z PPS obrzucają kilkanaście osób zebranych przed bramą główną Uniwersytetu Warszawskiego. Przygląda się temu Piotr Ikonowicz, lider PPS, poseł SLD, wypalając papierosa. - To głupie. No, ale co ja mogę zrobić. To jest tłum - mówi, gdy pytamy, jak mu się to podoba.* RP 2000
""Gdy przechodzili przed kościołem św. Krzyża, stojący na schodach świątyni ludzie skandowali: *Komuniści; Precz z komuną;* Manifestanci odpowiadali: *Słuchaj Boga a nie księdza; Poczytajcie encykliki* (ŻW 2-3 maja 2000)
Działacze Ligi i NZS położyli przed policjantami kilka cebul i jajek. – Nie chcemy żadnych zadym – mówił jeden z nich. – Dlatego oddajemy to, co ze sobą przynieśliśmy (ŻW 2-3.5.2000)
Drugim nowym zjawiskiem był brak Ligi Republikańskiej, która zawsze przy placu Grzybowskim miała własny sektor i skromna, znacznie cichsza grupka antykomunistów pod Uniwersytetem Warszawskim (NTP)
Pierwszomajowy ""pochód protestu"" OPZZ rusza, a tymczasem PPS, w oczekiwaniu na OPZZ, stanął naprzeciw schodowej ""galerii"" i skanduje coraz bardziej prowokujące hasła. ""Galeria"", która czeka raczej na pochód właściwy, czyli OPZZ, w końcu zaczyna odpowiadać. Harcownicy PPS się rozkręcają. Dochodzi do indywidualnych pyskówek. Wymiana zdań między jedną starszą panią sympatyzującą z ""galerią"" a drugą starszą panią z pochodu po wyjaśnieniu sobie, komu za komuny było lepiej i za czyje pieniądze kto się wykształcił w PRL, kończy się argumentami ostatecznymi: - Głupia stara baba! - A ty młoda! Młoda się znalazła. - Bój to jest nasz ostatni... - intonują manifestanci. - Ostatni, ostatni - powtarza schodowa ""galeria"". Jeden z manifestantów PPS, zirytowany jakimś okrzykiem, woła do adwersarza na schodach kościoła: - Pierwszy zginiesz. Kulka tu - i pokazuje czoło. (RP 2000)
Gdy zwolennicy lewicy na festynie jedli kiełbaski, pili piwo, kupowali książki, watę cukrową, zapisywali się do Sojuszu Młodej Lewicy, na placu Zamkowym happening zorganizowała Liga Republikańska. W ten sposób rozpoczęła kampanię prezydencką mężczyzny upozorowanego na prezydenta Aleksandra Kwaśniewskiego.Wymachując bonami na mieszkania i butelką, ""prezydent"" w towarzystwie ""małżonki"" przeszedł pod Pałac Prezydencki. Policja nie wpuściła jednak ""prezydenta"" na piknik do Pałacu. (RP 2000)",PL_1990-2019.md
2000,PL,Pikniki,"Podczas późniejszego, tradycyjnego festynu na ul. Rozbrat, Danuta Waniek przez godzinę będzie pełnić ""dyżur"" dla wyborców. I ona, i Miller, pracują 2 maja. Dzień później Waniek oraz posłanka SLD Izabella Sierakowska udają się do Brukseli, gdzie czeka je ""seria spotkań na temat rynku pracy kobiet w Polsce"" (RP)
O godzinie 12 w parku Powiśle przy ul. Rozbrat rozpocznie się ""Majówka 2000"". Wystąpią zespoły muzyczne. min. Żuki, No Bo Co i Parkwat. Atrakcją będą ogródki polityczne SLD oraz prasowe Trybuny, NIE i Przeglądu. Z wyborcami spotkają się posłowie (...). W kawiarence Trybuny dyżurować będą min. (...) (DT 2000)
(relacja z ""Majówki 2000"" w DT)",PL_1990-2019.md
2000,PL,wiec,"Zebranych powitał Józef Wiaderny, który w krotkim wystąpieniu powiedział min. (...) Na placu Grzybowskim przemawiali liderzy partii lewicowych. Leszek Miller, Piotr Ikonowicz, Władysław Serafin lider Związku Rolników, Kółek i Organizacji Rolniczych (NTP 2000)
Według relacji ŻW przemawiali – Leszek Miller, Piotr Ikonowicz, i inni....
Relacja w SLD skupia się wyłącznie na wypowiedziach, nie relacjonuje samego pochodu. Zdaje się, że również przedstawia tylko wiec na placu Grzybowskim – Miller, Serafin, Sierakowska, Ikonowicz, Lech Szymańczyk, Marek Pol (DT 2000)
W TVP widzimy przemówienie Wiadernego spod OPZZ, i znowu jakoś więcej uwagi na wiec pod OPZZ ze strony TVP. Co ciekawe, obok Wiadernego stoi już Leszek Miller i ktoś jeszcze – czy oni też przemawiali tego dnia? Z kolei z placu Grzybowskiego już tylko pokazane przemówienie Leszka Millera(2000_TVP_pochod_OPZZ)",PL_1990-2019.md
2001,PL,Aktorzy,"ZZ Kontra
PPS
KRPEiR
PLD
SLD
ZSMP",PL_1990-2019.md
2001,PL,Wydarzenia_alt,"Piknik na Rozbracie popochodowy
piknik u prezydenta
pierwsza Parada Równości przechodzi przez ulice Warszawy
anarchistyczna manifestacja rozpoczynająca się na pl. Bankowym zmierzająca do siedziby premiera pod hasłem ""Nie zaciskaj pasa! Zaciśnij pięść!",PL_1990-2019.md
2001,PL,TVP,"jest pochód z orkiestrą, nie było starć fizycznych z przeciwnikami. Na schodach kościoła transparent KPN. Na placu Grzybowskim wiec. Leszek Miller przedsawia się jako *lewicową alternatywę*. Manifestanci spalili kukłę premiera Buzka. Transparenty SLD, ale też robionych własnoręcznie, przez uczestników. Często odnoszą się one do bezrobocia – jesteśmy z takiej gminy, tyle ludzi, tyle procent bezrobotnych. *Nasze dzieci są głodne Smołdzino*. Manifestacja pierszomajowa miała być największą manifestacją od lat. Pochód wyrusza spod OPZZ, tam widać orkiestrę i Janusza Gołębia niosącego sztandar OPZZ. Na schodach kościoła już nieco mniej ludzi, jest transparent *Zbrodnie PRL pamiętamy, KPN*. Politycy skupiają się na bezrobociu i nadchodzących wyboach. Słychać skandowanie LEszek Balcerowicz. *Wróciło, niestety, po wielu latach hasło Chleba i Pracy*, mówi w swoim przemówieniu Maciej Manicki
Głównym tematem pierwszomajowego pochodu było w tym roku bezrobocie. Mimo tego, że przewodniczący podkreślali świąteczny charakter święta, cieniem kładła sie na nim trudna sytuacja gospodarcza w kraju; w maju bezrobocie według danych GUS wyniosło 17,3%. Najwięcej w Warmińsko-Mazurskim: 29%.
**Jak pisano na okładce NTP**: *Pierwszomajowe święto – jak zgodnie potwierdzali komentatorzy z całego kraju –było najspokojniejszym w historii III RP. Nie dochodziło do większych incydentów między uczestnikami pochodów i demonstracji a bojówkami prawicowymi*
Mimo tego, pojawiły się *utarczki słowne* między Ligą Republikańską a OPZZ. Ci skandowali w stronę pochodu pierwszomajowego ""SLD-BSE"". W odpowiedzi na to, członkowie PPS i młodzieżówki SLD krzyczeli np: ""faszyści, burżuje, was koniec się szykuje""; ""znajdzie się kij na faszystowski ryj""
**Spalenie kukły premiera Buzka przez związkowców z Kontry**
To Miller pokazał, jak należy walczyć z bezrobociem. Leszku, będziesz musiał to uczynić jeszcze raz, tym razem jako szef rządu - przypochlebiał się przewodniczącemu szef OPZZ Andrzej Manicki. **Związkowcy z Kontry spalili kukłę premiera z napisem ""Premier bezrobocia""**. [[@LewaPrawaMarsz2001]].
![[2001_1maja_tlum_plac_grzybowski_JJG.JPG]]
Co ciekawe, alternatywny pochód zorganizowali również anarchiści, pod hasłem ""nie zaciskaj pasa, zaciśnij pięść"".",PL_1990-2019.md
2001,PL,Apel,"Koleżanki i Koledzy,
zbliża się 1 Maja – Święto Ludzi Pracy. Pokażmy w tym dniu jedność i naszą determinację w walce o godne życie i bezpieczeństwo socjalne naszych rodzin, o perspektywy na przyszłość Polski i Polaków.
Rząd solidarnościowej ekipy doprowadził nasz kraj do krawędzi katastrofy. Lawinowo rośnie bezrobocie. Upadają całe gałęzie przemysłu. Pseudoreformy zdezorganizowały życie społeczne.: Spotkajmy się 1 Maja na wiecach, manifestacjach i pochodach by wyrazić swój zdecydowany protest przeciw obłędnej polityce rządu Jerzego Buzka i zamierzeniom polskiej prawicy.
Musimy stanowczo powiedzieć NIE rządom prawicy! Dość upodlania ludzi pracy, dość pozbawiania polskiego społeczeństwa nadziei na lepszą przyszłość! Koleżanki i Koledzy. Skuteczność naszych działań zależy od wiedzy, orientacji w zachodzących procesach społecznych. Opanowane przez prawicę środki masowego przekazu dezinformują ludzi. Szerzą mity służące elitom w bogaceniu się kosztem zwykłych obywateli. Przedstawiają związki zawodowe w krzywym zwierciadle, próbują na nas zrzucić odpowiedzialność za wyniszczającą kraj fatalną politykę gospodarczą i społeczną. Po prostu kłamią!
OPZZ-u nie stać na własną stację telewizyjną, na wydawanie wysokonakładowych dzienników by przedstawiać prawdziwy obraz działań związkowych i faktycznych problemów Polski. Mamy jednak swoją prasę związkową. Zachęcam, gorąco namawiam do korzystania i wspierania jej.
Szczególną rolę ma tu do spełnienia „Nowy Tydzień Popularny"". Jest naszym orężem. To pismo, o długoletniej tradycji i zasługach dla ruchu związkowego. To nasza gazeta jest lubiana i potrzebna tym, którzy ją znają. Możecie i Wy z niej korzystać. Każda organizacja związkową powinna być prenumeratorem i współredaktorem tego pisma. Informacją w tej sprawie służą biura rad wojewódzkich OPZZ.: Koleżanki i Koledzy, Z okazji Majowego Święta przyjmijcie najlepsze życzenia wszelkiej pomyślności i sukcesów w Waszej trudnej i odpowiedzialnej, codziennej pracy.
Warszawa, 11 kwietnia 2001 r.",PL_1990-2019.md
2001,PL,Wspolnie_OPZZ_PPS,Tak,PL_1990-2019.md
2001,PL,Miejsca_pamięci,"?: Plac Grzybowski – jest wiec, brak info o składaniu kwiatów
PPS: Warecka
SLD, UP i PPS przed pochodem: Brama Straceń",PL_1990-2019.md
2001,PL,Siedziba Robotnika,Delegacja PPS składa kwiaty na Wareckiej (DT),PL_1990-2019.md
2001,PL,Plac Piłsudskiego,-,PL_1990-2019.md
2001,PL,Brama Straceń,Po raz pierwszy w wiecu przy Cytadeli do UP dołączają przedstawiciele SLD i PPS (DT).,PL_1990-2019.md
2001,PL,kontra,"Na schodach kościoła stoją ludzie z transparentem ""Zbrodnie PRL Pamiętamy – KPN"" (TVP)
Na trasie, na wysokości bramy UW po drugiej stronie ulicy stoi kilka osób krzyczących w stronę demonstracji, ale jest ich mało, otoczeni barierkami i nie zakłócają przebiegu demonstracji (TVP)
Już podczas wymarszu pochodu zorganizowanego przez OPZZ, sprzed pomnika Kopernika, w stolicy doszło do utarczek słownych między działaczami lewicy a grupą członków Ligi Republikańskiej. Ci ostatni, ubrani w maski przeciwgazowe i chirurgiczne skandowali ""SLD-BSE"". Członkowie PPS i młodzieżowej frakcji SLD nie pozostawali im dłużni krzycząc ""faszyści, burżuje, wasz koniec się szykuje"" i ""znajdzie się kij na faszystowski ryj"". W drodze na plac Grzybowski, gdzie odbył się wiec z udziałem lideró Sojuszu, doszło do kolejnych incydentów (Ż„ 2001)
Kiedy pochód OPZZ idący Krakowskim Przedmieściem zbliżał się w  stronę Uniwersytetu Warszawskiego prawicowa młodzież zaczęła krzyczeć ""SLD - KGB"", ""Raz sierpem, raz młotem czerwoną hołotę"", ""Józef Stalin was pochwali"", ""Cały naród krzyczy: Polska bez lewicy"".W stronę pikiety ze strony młodzieżówki PPS rzuconych zostało kilka jajek i kefirów. Prawicowa młodzież szczelnie otoczona przez policję nic nie odrzuciła. Do młodych antykomunistów krzyczano ""Faszyści, burżuje, wasz koniec się szykuje"". (Wprost)
Przeciw pochodowi demonstrowała tylko garstka młodzieży: Liga Republikańska, NZS, Młodzież Wszechpolska oraz UPR. Wśród UPR pojawił się młodzieniec, który oferował demonstrantom - odpłatnie - długą listę antykomunistycznych haseł do skandowania. (RP 2001)
Funkcjonariusze, zajęci Ligą, nie upilnowali PPS. Z pochodu posypały się jaja, polał się kefir, słychać było okrzyki: ""Faszyści, burżuje, wasz koniec się szykuje"". ""Józef Stalin was pochwali"" odpowiadali młodzi prawicowcy, a tłum gapiów skandował ""SLD-KGB"".Dochodziło do licznych utarczek słownych.- Sowieckie pachołki - krzyczał siwy jegomość.- Niedługo znów będziesz niedźwiedzie na Syberii pasał - odpowiadała energiczna starsza pani. (RP 2001)",PL_1990-2019.md
2001,PL,Plac Grzybowski,Odbywa się wiec kończący demonstrację – brak potwierdzenia składania kwiatów (TVP),PL_1990-2019.md
2001,PL,Anarchiści,"Kontrmanifestacje zorganizowała w Warszawie pięciusetosobowa grupa Komitetu M1 i Federacji Anarchistycznej. W rytmie samby wystukanym na werblach i muzyce punk płynącej z głośników pochód przemierzył trasę od stacji metra ""Świętokrzyska"" pod kancelarię premiera w Alejach Ujazdowskich. Przebiegał on pod hasłem ""Nie zaciskaj pasa, zaciśnij pięść"" (ŻW)
W roku 2001 w Warszawie odbył się pierwszy anarchistyczny pochód pierwszomajowy (M1), który zgromadził około tysiąca osób. W jego trakcie doszło do konfrontacji z policją i zatrzymania kilku osób (lewica.pl 2010)",PL_1990-2019.md
2001,PL,Pikniki,"Festyn Rodzinny ""Pierwsza Majówka"" – Estrada Główna, 12-20 koncerty, w tym Majka Jeżowska i 2+1; Ogródek Polityczny 13-17; stoiska redakcji Trybuny, NIE, Przeglądu (relacja obszerna w DT)
Na zdjęciu z pikniku zamieszczonym w NTP widać fragment flagi Nurt Lewicy Rewolucyjnej (NTP)",PL_1990-2019.md
2001,PL,wiec,"Pierwszy Maja 2001 nie był – jak stwierdzali w swoich wystąpieniach liderzy lewicy – Leszek Miller z SLD, Marek Pol z UP i Maciej Manicki, przewodniczący OPZZ... (NTP 2001)
W Warszawie pochód ugrupowań lewicowych (m.in. SLD, OPZZ, UP, ZSMP, związek Kontra) przemienił się w wiec, na którym politycy SLD i OPZZ namawiali do głosowania na nich w zbliżających się wyborach. - To pierwszy maj, ale i ostatni pod rządami Jerzego Buzka, AWS, Unii Wolności i Platformy Obywatelskiej - wołał lider SLD Leszek Miller, obiecując, że jego rząd usunie szkody spowodowane latami rządów Buzka. (GW 2001)
Relacja z Dziennika Trybuna najpierw mówi o przemówieniu Leszka Millera, dopiero potem Marek Pol z UP, Jan Klimek ze Stronnictwa Demokratycznego, Roman Jagieliński z Partii Ludowo-Demokratycznej, i na koniec wspomniany jest Maciej Manicki z OPZZ. Zdaje mi się, że jest to relacja z placu Grzybowskiego – w relacji DT nie ma informacji o wiecu pod OPZZ-em (DT 2001)
W TVP nie pokazano wiecu pod OPZZ, tylko ten na placu Grzybowskim. Stamtąd przemówienie LEszka Millera, stoi obok niego Piotr Ikonowicz i Maciej Manicki. Przemówienie Manickiego spod OPZZ zostaje jednak pokazane (2001_TVP)",PL_1990-2019.md
2002,PL,Wydarzenia_alt,"Wieńce pod Bramą Straceń składają politycy SLD, Leszek Miller i UP, Marek Belka, co jest pokłosiem ich współpracy. Pojawia się pod OPZZ flaga Solidarnościowa. Ponieważ trwają prace nad zmianą kodeksu pracy Manicki zapowiada wsparcie dla rządu, choć nie bezkrytyczne. Pochody związkowe i partyjne rozeszły się – związkowcy pod sejm, podczas gdy politycy na plac Grzybowski. Politycy składają wieńce pod kamieniem na Placu Grzybowskim, razem z delegacją OPZZ (TVP 2002)
W kościele śtanisława kostki msza święta Solidarności
Niezależna Lewica z własnym marszem
10. Ogólnopolska Pielgrzymka Robotników w Kaliszu",PL_1990-2019.md
2002,PL,Aktorzy,"“Ok. 2000 związkowców i działaczy partii politycznych brało udział w 1-majowym pochodzie na ulicach Warszawy. Obchody rozpoczęła 200-osobowa demonstracja niezależnej lewicy (m.in. PPS, Federacja Młodych Unii Pracy, Lewicowa Alternatywa, Pracownicza Demokracja), która pod hasłem ""Ręce precz od kodeksu pracy"" przeszła z Ronda de Gaulle’a pod siedzibę OPZZ. Tam socjaliści połączyli się z demonstracją związkowców i wyruszyli w stronę parlamentu.” [[@zandberg1MajaWarszawie2002]]",PL_1990-2019.md
2002,PL,Apel,"1 MAJA - NASZE ŚWIĘTO – ŚWIĘTO PRACY – DZIEŃ WALKI O NOWE MIEJSCA PRACY
Zwracam się do wszystkich członków związków zawodowych, do wszystkich pracowników o udział w Święcie 1 Maja.
Tradycyjnie zademonstrujemy tego dnia swoją jedność i solidarność w walce o prawa i interesy pracy
1 Maja 2002 roku odbędą się manifestacje, pikiety, majówkowe dyskusje i festyny
Tego dnia, w tym roku, spotykamy się po to, żeby pokazać, że: – nie chcemy takich zmian w przepisach prawa pracy, na które nie wyraziliśmy zgody
– żądamy od parlamentu i rządu podjęcia jak najszybszych prac nad usawodastwem, które stworzy warunki do tworzenia nowych miejsc pracy, a nie zwalniania pracujących
– chcemy stworzenia systemu rozwoju budownictwa mieszkaniowego, który da szanse rozwoju polskim rodzinom
– chcemy takiego systemu ochrony zdrowia, który da szansę przeżycia każdemu – a zwłaszcza emerytowi i renciście
– chcemy, aby nasze państwo realizowało swoje konstytucyjne obowiązki – chcemy państwa otwartego na potrzeby swoich obywateli
– **po prostu – chcemy poszanowania naszych praw!**
Do zobaczenia 1 Maja
Maciej Manicki, Przewodniczący OPZZ",PL_1990-2019.md
2002,PL,TVP,"Wieńce pod Bramą Straceń składają politycy SLD, Leszek Miller i UP, Marek Belka, co jest pokłosiem ich współpracy. Pojawia się pod OPZZ flaga Solidarnościowa. Ponieważ trwają prace nad zmianą kodeksu pracy Manicki zapowiada wsparcie dla rządu, choć nie bezkrytyczne. Pochody związkowe i partyjne rozeszły się – związkowcy pod sejm, podczas gdy politycy na plac Grzybowski. Politycy składają wieńce pod kamieniem na Placu Grzybowskim, razem z delegacją OPZZ. Miller tłumaczy się z pójścia na plac Grzybowski – trudno jest sobie wyobrazić, by szedł on składać petycję do rządu, którego jest on członkiem. Do manifestantów wyszedł marszałek sejmu Marek Borowski. W pochodzie dużo młodych ludzi. *Jestem człowiekiem lewicy* – mówi młody człowiek – *i celebruję to święto nie dlatego, że jest taka tradycja, ale dlatego, że jest to dzień walki, walki o prawa pracowniczej*.",PL_1990-2019.md
2002,PL,Wspolnie_OPZZ_PPS,Tak; ale SLD i związkowcy w drugą stronę,PL_1990-2019.md
2002,PL,Miejsca_pamięci,"delegacja SLD i UP: Brama Straceń
delegacja – Miller, OPZZ i politycy SLD: plac Grzybowski",PL_1990-2019.md
2002,PL,Siedziba Robotnika,?,PL_1990-2019.md
2002,PL,Plac Piłsudskiego,-,PL_1990-2019.md
2002,PL,Brama Straceń,"Wspólne składanie wieńców przez Millera, i Marka Belkę z UP. W delegacji również OPZZ (TVP)",PL_1990-2019.md
2002,PL,Plac Grzybowski,"Na plac Grzybowski udały się tylko delegacje OPZZ, SLD i UP, by złożyć kwiaty w miejscu upamiętnionym walkami o prawa pracownicze i ofiarami robotniczymi.",PL_1990-2019.md
2002,PL,kontra,"- Dobrze, że ich zamknęliście w tej klatce - mówiła jedna z warszawianek do policjantów, którzy pilnowali kilkunastoosobowej demonstracji stowarzyszenia KoLiber oraz Młodzieży Wszechpolskiej i Organizacji Młodej Polski. Manifestanci otoczeni żelaznymi barierkami zgromadzili się pod pomnikiem Kopernika w bliskim sąsiedztwie ruszającego pochodu OPZZ (GW 2002)
Przeciwnicy święta 1 Maja demonstrowali także przed siedzibą KPN na Nowym Świecie (GW 2002)
Tym razem nie było ani jajek, ani petard, a nieliczne pikiety nie zagrażały uczestnikom pierwszomajowych obchodów (DT 2002)
Na uczestników przemarszu nie spadło nawet jedno jajko. Prawicowe organizacje nie zmobilizowały swoich działaczy. Przeciw uczestnikom pochodu wystąpiło zaledwie kilku zwolenników KPN i Ligi Republikańskiej, których szczelnie odgradzała policja. Część przeciwników lewicy została zmylona nową trasą pochodu (DT 2002)
Tym razem nie doszło w Warszawie do przepychanek lewicowego pochodu z kontrmanifestacją ugrupowań prawicowych. Zabrakło kontrmanifestantów - nieopodal siedziby OPZZ pojawiła się tylko 30-osobowa grupa młodzieży konserwatywnej, skandująca ""SLD - KGB"", ""Józef Stalin was pochwali"", ""Znajdzie się cela dla Leszka Millera"".Gdy lewicowy pochód przechodził nieopodal siedziby KPN, kilku rozgorączkowanych jegomościów rozwinęło transparent z napisem ""KPN"", mówiąc: ""To teren KPN. My was tu nie wpuścimy!"". Pod Sejmem członkowie OPZZ wręczyli marszałkowi Sejmu Markowi Borowskiemu apel, w którym wzywają, by nowelizację kodeksu pracy ograniczyć tylko do takiej, jaką uzgodniły związki zawodowe z pracodawcami. (RP 2002)",PL_1990-2019.md
2002,PL,Pikniki,"Pierwszomajówka 2002 – od 11:30 do 20,. *Będą zabawy dla dzieci, występy artystyczne, dyskusje z politykami i samorządowcami. Działać będzie Eurobuda, udzielająca informacji na temat Unii Europejskiej, Hyde Park i stoiska prasowe. Można będzie pooglądać walki rycerskie, a także wystartować w Pierwszym Warszawskim Wyścigu Kolarskim dla Niestowarzyszonych, organizowanym przez Czesława Langa*. Na planie widać też plac zabaw dla dzieci, kafejkę internetową, miejsce małego handlu (DT 2002)",PL_1990-2019.md
2002,PL,wiec,"Na wiec pod siedzibą OPZZ-u przybyl min. Leszek Miller – przewodniczący SLD i premier Marek Pol – przewodniczący UP i wicepremier marszałek Senatu Longin Pastusiak. Maciej Manicki w powitalnym przemówieniu domagał się od rządu i parlamentu respektowania porozumień zawartych przez związkowców (NTP 2002)
Wiec rozpoczął się od przemówienia Macieja Manickiego, potem głos zabrali również Miller i Pastusiak oraz Pol. Ale politycy nie poszli pod sejm. Nie ma informacji o żadnych przemowieniach spod sejmu (DT 2002)
Na scenie pod OPZZ obok MAnickiego stoją Miller i Pol, potem pochód rusza pod Sejm.  Nie ma jednak żadnych przemowień spod sejmu pokazanych (2002_TVP)",PL_1990-2019.md
2002,PL,kontra_lewica,"“od Sejmem przekazaniu petycji marszałkowi Borowskiemu chciała przeszkodzić grupa młodych demonstrantów z koalicji Niezależna Lewica (ich pochód ruszył już o godz. 10, później łącząc się z głównym pochodem OPZZ). Skończyło się jednak tylko na gwizdach i skandowanych wyzwiskach.” (W marszu rozdwojeni 2002)",PL_1990-2019.md
2003,PL,Wydarzenia_alt,"Parada Równości
anarchiści z M1 organizują protest na placu Bankowym, idą pod Pałac Prezydencki
przewodnictwo OPZZ złożyło kwiaty na Placu Grzybowskim i Cytadeli Warszawskiej (Związkowiec 4/2015)",PL_1990-2019.md
2003,PL,TVP,"Pod siedzibą OPZZ spory tłum, ale tym razem marsz organizowany samodzielnie przez SLD. Widać czasopismo *Dalej*, które ktoś trzyma w ręce balon z napisem *Polska w Unii Europejskiej, TAK!*. Była to demonstracja poparcia dla Unii Europejskiej. Miller namawia do głosowania na UE. Wicepremier mówi, że następne obchody odbędą się już w *Zjednoczonej Europie*. Obok polskich flag pojawiają się po raz pierwszy flagi Unii Europejskiej. 1 maja dziś nie skłania do świętowania, jak mówi szef OPZZ-u. Dużo młodych ludzi z logo SMLD. Leszek Miller obiecuje, że już za parę miesięcy ludzie odczują poprawę. Marek Belka mówi o historycznej szansie, jaką tworzy dla Polski i Polaków wejście do UE. Jest też przebitka z marszu Nowej Lewicy, na której widzimy Piotra Ciszewskiego z Nowej Lewicy krzyczącego *Leszek Miller na zasiłek*. Co ciekawe, pod OPZZ widać też flagi PPS. Miller następnie pojawia się na pikniku prezydenckim",PL_1990-2019.md
2003,PL,Apel,"Sytuacja społeczno-gospodarcza Polski, katastrofalny stan rynku pracy, skala biedy i zubożenie dużej części społeczeństwa nie tworzą atmosfery pozwalającej na organizację przez OPZZ obchodów Święta Pracy w dniu 1 Maja 2003 roku.
Nie chcemy pogłębiać tej atmosfery organizując w tym dniu protesty – tym bardziej, że wielu winnych tego stanu rzeczy, jeszcze niedawno rządzących Polską, będzie usiłowało zbić na tych protestach kapitał polityczny.
Pamiętamy o tradycji 1 Maja. Jesteśmy pełni szacunku wobec tej tradycji i damy temu wyraz składając w tym dniu wiązanki kwiatów w miejscach symbolicznych, także uświęconych krwią przelaną w walce o prawa i interesy świata pracy.
Niech nasze postanowienie będzie przyczyną refleksji wszystkich, którzy decydują o przyszłości Polek i Polaków – tak pracujących, jak i tych co pracy bezskutecznie poszukują.
Niech nasze postanowienie skłoni do zastanowienia tych, którym łatwo przychodzi odbieranie pracownikom ich praw i będzie przestrogą dla tych, którzy te prawa łamią. Będziemy z nimi walczyć – na co dzień, nie od święta. Ta walka to nasze związkowe zadanie.
Pracownikom, weteranom pracy i bezrobotnym życzymy, aby tegoroczny 1 Maja był dniem spokoju i wytchnienia od trudów i trosk codziennego życia.",PL_1990-2019.md
2003,PL,Wspolnie_OPZZ_PPS,"Nie; bez OPZZ, kontra przeciwko SLD",PL_1990-2019.md
2003,PL,Miejsca_pamięci,"delegacja SLD OPZZ i UP: Brama Straceń
delegacje SLD OPZZ i UP?: Plac Grzybowski",PL_1990-2019.md
2003,PL,Siedziba Robotnika,?,PL_1990-2019.md
2003,PL,Plac Piłsudskiego,-,PL_1990-2019.md
2003,PL,Plac Grzybowski,"delegacje SLD i OPZZ składają kwiaty (JJG foto, KZ)",PL_1990-2019.md
2003,PL,Brama Straceń,"delegacje OPZZ (i pewnie innych, tak jak UP) składają kwiaty (KZ)",PL_1990-2019.md
2003,PL,kontra,"Do pyskówek doszło też pod pomnikiem Witosa na pl. Trzech Krzyży. Grupka młodych ludzi z biało-czerwoną flagą skandowała: - Znajdzie się cela dla Leszka Millera. Pochód odpowiedział: - PiS to są zera, teraz jest era Leszka Millera. (GW 2003)
""Do skansenu!"" skanduje ośmioosobowa grupka pod pomnikiem Witosa (TVP 2003)",PL_1990-2019.md
2003,PL,kontra_lewica,"Gdy pochód przeszedł Nowym Światem, natknął się na pikietę Nowej Lewicy (partii b. lidera PPS Piotra Ikonowicza) oraz towarzyszących im członków Komunistycznej Partii Polski. - 1 Maja to dzień propagandy sukcesu Millera. Wszystkie związki zawodowe powinny tu dzisiaj stanąć, by zaprotestować przeciwko rządowi - przemawiał jeden z działaczy Nowej Lewicy. - Precz z burżuazją SLD - krzyczano w stronę pochodu. - Pozdrawiamy lewicę działającą w trochę inny sposób niż my, ale równie potrzebną - odpowiedział megafon z poloneza. (GW 2003)
Gdy pochód przeszedł Nowym Światem, natknął się na pikietę Nowej Lewicy (partii b. lidera PPS Piotra Ikonowicza) oraz towarzyszących im członków Komunistycznej Partii Polski. - 1 Maja to dzień propagandy sukcesu Millera. Wszystkie związki zawodowe powinny tu dzisiaj stanąć, by zaprotestować przeciwko rządowi - przemawiał jeden z działaczy Nowej Lewicy. - Precz z burżuazją SLD - krzyczano w stronę pochodu. - Pozdrawiamy lewicę działającą w trochę inny sposób niż my, ale równie potrzebną - odpowiedział megafon z poloneza. (Popieramy Kierownictwo GW 2003)",PL_1990-2019.md
2003,PL,Pikniki,"Nietypowe atrakcje zapowiadają organizatorzy pierwszomajowego pikniku w Parku im. Rydza-Śmigłego przy ul. Rozbrat. Stowarzyszenie Promocji Inicjatyw Społecznych ora Stowarzyszenie Pro Europa zapraszają po pochodzie od godz. 11 do 20. Na najmłodszych czekać będą wielki dmuchany zzamek, ogromne zjeżdżalnie, kolorwy suchy basen z piłeczkami, małpi gaj, liczne konkursy z ciekawymi nagrodami oraz Kulfon i Monika (13.15-14.15). A wszystko za darmo. Dorosłych zabawiać będą min. Strange Brew, Zdobywcy Pewnych Oskarów, Virgin, Dogbite, Oddział Zamknięty i inni. Nie zabraknie dobrej kuchni i nie tylko, interaktywnej zabawy proeuropejskiej (parareferendum z nagrodami), stoisk kiermaszowych, ogródka politycznego, eurobudowy oraz słonecznej pogody (DT 30.4-1.5.2003)
Na pikniku europejskim, po pierwszomajowym pochodzie, w ciepłych promieniach majowego słońca wypoczywało kilka tysięcy warszawiaków (DT 2-4.5.2003)
Zabawy związane z UE: – interaktywna zabawa: parareferendum z nagrodami; w ogródku politycznym pytania do polityków o to co zmieni się po integracji Polski z Europą; – konkurs plastyczny dla dzieci ""Z czym ci się kojarzy UE""; –rysowanie kolorowych godeł i flag państw członkowskich UE. *Jurorem konkursu był przewodniczący sejmowej komisji europejskiej Józef Oleksy*; – starsze dzieci wzięły udział w konkuseie na hasło i wiersz, którym zachęciłyby do integracji z UE swoich rówieśników",PL_1990-2019.md
2003,PL,Frame_MayDay,"- Za rok o tej porze Polska wchodzić będzie do wielkiej europejskiej rodziny. Aby tak się stało, musimy rozstrzygnąć referendum na korzyść zwolenników integracji. Zwracam się dzisiaj z gorącym apelem do wszystkich, którzy mogą przyczynić się do tego sukcesu, by wykorzystać najbliższe dni i najbliższe tygodnie do przekonania wszystkich nieprzekonanych - zachęcał kilka tysięcy sympatyków i członków SLD premier Leszek Miller na wiecu pod siedzibą OPZZ (Miller za RP 2003)",PL_1990-2019.md
2003,PL,Anarchiści,"O godzinie 15 rozpoczął się trzeci pochód (M1), organizowany przez anarchistów. Przybyło na niego około 300 osób. Na uwagę zasługiwała ciekawa oprawa, zwłaszcza grupa przygrywających podczas marszu bębniarzy i pomysł z robieniem jak największego hałasu, aby zostać zauważonym. Tutaj również pojawiły się akcenty antywojenne i ekonomiczne. Demonstracja nawiązywała do polskich problemów, w związku z czym zmierzała pod Pałac Prezydencki, gdzie odbywało się spotkanie Aleksandra Kwaśniewskiego ze środowiskami biznesu i biurokracją związkową (lewica.pl 2003)",PL_1990-2019.md
2003,PL,wiec,"Pochód zorganizowało więc SLD z pomocą UP i PPS. Przybył też szef OPZZ Maciej Manicki. Zaznaczył, że jest gościem. - Stojąc obok premiera, muszę wołać o politykę społeczno-gospodarczą służącą ludziom pracy - wyjaśnił. (GW 2003)
Pod OPZZ pokazane przemówienie Macieja Manickiego, Millera i Pola. Nie ma pokazanych żadnych przemówień spod Sejmu (TVP 2003)",PL_1990-2019.md
2004,PL,Wydarzenia_alt,"Trzy przemarsze przez ulice Warszawy. Oficjalny, OPZZ-owski
pochód Nowej Lewicy Piotra Ikonowicza, który był przede wszystkim antyrządowy. Z wyborczej wynika, że była to bardziej blokada pochodu OPZZ-owskiego, niż właściwy pochód
najliczniejszy był Marsz Niepodległości organizowany przez LPR (Romana Giertycha), przeciwko wejściu Polski do UE i przeciwko rządowi
później odbył się piknik na ul. Rozbrat w parku im. Rydza Śmigłego.",PL_1990-2019.md
2004,PL,TVP,"Wiadomości zaczynają się od fragmentów nagrań z Marszu Niepodległości, i wielkiej biało-czerwonej flagi. Był Marsz Żałobny, i przemówienie Romana Giertycha. Pochód OPZZ-owski bardzo niebieski – flagi, transparenty z logiem, ludzie ubrani na niebiesko. Hasłem pochodu jest *Chcemy Europy Socjalnej!*",PL_1990-2019.md
2004,PL,Apel,"1 maja – Bądźmy razem!: Apel o godne miejsce polskich pracowników w Europie socjalnej 1 Maja to tradycyjne święto ludzi pracy.: Tego dnia od ponad stu lat pracownicy na całym świecie przypominają o swoich niezbywalnych prawach pracowniczych i związkowych.: Od wielu już lat 1 Maja polscy związkowcy manifestują w obronie ustawodawstwa pracy, w obronie miejsc pracy, w obronie poziomu życia polskich rodzin.
Tego dnia protestujemy i protestowaliśmy przeciwko takim reformom sektorowym polskiego przemysłu, które prowadzą do likwidacji całych branż i zniszczenia tysięcy nowych miejsc pracy.
Domagamy się skutecznej realizacji polityki tworzącej nowe miejsca pracy.
Protestujemy przeciwko nieprzemyślanej reformie służby zdrowia, która radykalnie ogranicza dostęp do ochrony zdrowia.
Protestujemy przeciwko ograniczaniu dostępu do nauki, szczególnie szkolnictwa wyższego młodzieży i młodzieży z rodzin polskich dochodach. Protestujemy przeciwko takim metodom waloryzacji, które doprowadziły do dalszego spadku poziomu życia emerytów i rencistów.
Żądamy, aby rząd, który powstanie za kilka dni, realizował te postulaty
1 Maja 2004 roku będzie dla polskich pracowników dniem szczególnym. Tegoroczny i Maja to Święto Pracy, ale również dzień wejścia Polski do Unii Europejskiej. Dla polskich pracowników stanowi to szansę na znalezienie się w Europie socjalnej, na zwiększenie praw pracowniczych, na polepszenie swojego bytu poprzez stopniowe zrównanie warunków pracy i standardów życia. 1 Maja 2004 roku manifestujemy o solidarny wymiar Europy, o jej społeczny, pracowniczy charakter.
1 Maja 2004 roku manifestujemy w obronie polskiego miejsca w Europie socjalnej.
Protestujemy przeciwko ograniczeniu prawa do swobodnego przepływu pracy w Europie dla polskich pracowników – skoro swobodny przepływ kapitału już został zagwarantowany. Domagamy się od rządu RP stworzenia dla polskiego przemysłu i rolnictwa, takich samych warunków, jakie są w krajach Unii Europejskiej. Domagamy się od Sejmu RP przyjęcia nieratyfikowanych artykułów Europejskiej Karty Społecznej.
Domagamy się od pracodawców europejskiego podejścia do zasad dialogu społecznego, przestrzegania praw pracowniczych i związkowych, tworzenia europejskich rad zakładowych. Apelujemy do wszystkich ludzi pracy o masowy udział w tegorocznych obchodach Święta Pracy, o pokazanie siły i determinacji polskich pracowników w obronie swoich praw w dniu wejścia do Unii Europejskiej.
Apelujemy do ludzi lewicy o wspólną walkę o prawa pracownicze. Rada OPZZ",PL_1990-2019.md
2004,PL,Miejsca_pamięci,"NL Ikonowicza: plac Grzybowski
?: Brama Straceń",PL_1990-2019.md
2004,PL,Wspolnie_OPZZ_PPS,"Nie; Ikonowicz na plac Grzybowski, SLD z OPZZ pod sejm",PL_1990-2019.md
2004,PL,Siedziba Robotnika,Brak wzmianek w lewica.pl,PL_1990-2019.md
2004,PL,Plac Piłsudskiego,-,PL_1990-2019.md
2004,PL,Plac Grzybowski,Pochód zakończył się pod kamieniem upamiętniającym bojowców PPS poległych na placu Grzybowskim podczas rewolucji 1905 roku. (lewica.pl),PL_1990-2019.md
2004,PL,Brama Straceń,"Pochód zaczyna się o 9:30 – kiedy składanie wieńców? NA pewno była delegacja OPZZ, w jej składzie Wiesława Taranowska (NTP, KZ)
Jeszcze przed pochodem Oleksy i Jaruga-Nowacka złożyli kwiaty pod Bramą Straceń Warszawskiej Cytadeli (DT, 4.05)",PL_1990-2019.md
2004,PL,kontra,"Wśród młodych ludzi w podkoszulkach z Che Guevarą wyróżniał się Piotr Ikonowicz w garniturze najgłośniej krzyczący: ""Mniej niż zero"" (to o rządzie). Groźnie było, gdy spotkali się na pl. Piłsudskiego z bojowo nastawionymi sympatykami LPR idącymi w Marszu Niepodległości. Przeciw rządowi i wejściu do UE protestowało ponad tysiąc osób. Policjanci odgrodzili obie strony. (GW 2004)
“Doszło do utarczek słownych z kilkunastoma działaczami prawicy, zgromadzonymi przed bramą Uniwersytetu Warszawskiego.” (Ciszewski, 2004)",PL_1990-2019.md
2004,PL,Pikniki,"Mazowiecka Rada SLD zorganizowała pierwszomajowy piknik europejski ""Europa Socjalna"". W parku im. Rydza-Śmigłego przy ul. Rozbrat, warszawiacy mogli spotkać się z posłami, senatorami i radnymi warszawskimi. Głównym tematem rozmów było członkostwo Polski w Unii Europejskiej. Spore zainteresowanie wzbudział kandydat do Parlamentu Europejskiego z listy SLD-UP Piotr Gadzinowski. Nie zabrakło atrakcji dla dzieci, które bawiły się na zjeżdżalniach i dmuchanym pałacu. Przy kiełbasce i występach zespołów muzycznych zabawa trwała do wieczora (DT 4.5.2004, s. 14 stołeczna)
Gry i zabawy, szczudlarze, kolorowe obrazki na twarzach dzieci wykonywane przez zawodowe charakteryzatorki; na scenie zespoły dziecięce oraz interaktywny teatrzyk dziecięcy. Po południu koncerty muzyki rozrywkowej, mieszkańcy będą informowani o członkostwie Polski w Unii Europejskiej
Piknik rozpoczyna się już o godzinie 10 – pochód zaczyna się o 9:30 pod siedzibą OPZZ. Trwa 40 minut, spod Sejmu na Rozbrat jest dość blisko: także festyn zaczyna się nieco wcześniej, i stanowi znacznie istotniejszą część uroczystości (DT)",PL_1990-2019.md
2004,PL,wiec,"Relacje z przemówień. Najpierw otwiera JAn Guz, przewodniczący OPZZ. Potem Izabela Jaruga-Nowacka przewodnicząca UP, Krzysztof Janik przewodniczący SLD. Przemawiający w imieniu PPS Andrzej Ziemski, to wszystko pod OPZZ-em. (...) Pod sejmem przemawia z kolei Ryszard Łepik (NTP 2004)
Wiec otwiera przemówienia Jana Guza. Potem (pod OPZZ, a nie sejmem?) przemawia również Marek Dyduch, Jaruga-Nowacka, Krzysztof Janik, Oleksy, Pastusiak, Ziemski, Katarzyna Piekarska (SLD) (DT 4 maja 2004)
Żadnych relacji spod OPZZ w TVP, podobnie jak spod Sejmu, dokąd udał się pochód (2004_TVP)",PL_1990-2019.md
2005,PL,Wydarzenia_alt,"- U prezydenta piknik – ale jego motywem przewodnim jest rocznica wejścia Polski do UE, a nie Święto Pracy. W Wyborczej najpierw wzmianka o pikniku, pochody pierwszomajowe natomiast wspomniane zostają dopiero na drugim miejscu. 
– Trasa pochodu organizowanego prez Nową Lewicę oraz SLD miała jeden punkt wspólny; wiec, który odbył się pod siedzibą OPZZ. Trasy obu pochodów biegły jednak w inne strony; o ile pochód OPZZ-owski zmierzał w stronę sejmu, pochód Ikonowiczowski poszedł na plac Grzybowski. *Wspólne miejsce wiecu nie pogodziło lewicy. - Robicie sobie jaja? W setną rocznicę rewolucji 1905 r. organizujecie piknik - przemawiał Ikonowicz. Sytuacja stała się napięta.[[@DwieDrogiLewicy2005]]*",PL_1990-2019.md
2005,PL,TVP,"Pod OPZZ spotykają się przedstawiciele Nowej Lewicy z SLD, OPZZ, PPS (?). Na wiecu Oleksy zostaje wygwizdany przez członków Nowej Lewicy – *rozmawiać, a nie krzyczeć*. *To jest wasza demokracja*, krzyczeli z kolei ci z Nowej Lewicy. Pojawiają się transparenty OPZZ, ludzie w kamizelkach z napisami 3x8. Są też balony z logo 1 maja OPZZ. Na jednym z transparentów *Święto Pracy xxxxx liberałów!* Ikonowicz tonuje nastroje – umówiliśmy się na wspólny wiec, zachowujemy kulturę i walczymy na argumenty. Na proteście pojawili się też związkowcy z Solidarności Poczty Polskiej i Telekomunikacji (nie w Warszawie). Na czele pochodu flagi SLD, UE, głównie czerwone flagi FMS. Pochód rzeczywiście nie należał do najliczniejszych – *w niczym nie przypominał tych sprzed lat*. I tutaj pojawia się nagranie z okresu gierkoskiego. *Wyższa była również średnia wieku uczestników* – dwoje starszych ludzi chwali się, że od 1975 nie opuścili ani jednego pochodu. *Ja zawsze chodzę, bo ja jestem robotnicza córka i ja sama robotnicze święto zawsze a zawsze świętowałam i czciłam*. Potem pod parlamentem inscenizacja – Frankenstein Giertych, bracia Kaczyńscy na wozie zorganizowanym przez młodzieżówkę SLD. Policja niemalże uniemożliwiła złączenie się pochodów nowej lewicy i OPZZ. Reporter tłumaczy niską frekwencję na pochodach i piknikach SLD nie tylko spadkiem poparcia dla partii, ale również ogólnospołecznych trendów – tylko 1/3 chce, by tego dnia świętowano Święto Pracy, a nie wejście Polski do UE
![[Pasted image 20250506150746.png]]",PL_1990-2019.md
2005,PL,Apel,"NIECH SIĘ ŚWIĘCI 1 MAJA 2005!; 1 Maja 200 roku – w dniu Święta Pracy spotkajmy się na tradycyjnych manifestacjach, pochodach, spotkaniach.; W ostatnich latach nie zostały rozwiązane podstawowe problemy świata pracy.; Nadal bez pracy pozostaje ponad trzymilionowa grupa Polaków, a dla wielu pracowników istnieje realne zagrożenie jej utraty, o swoje miejsca pracy walczą m.in. pracownicy Telekomunikacji, Poczty Polskiej i PKP.; W ostatnich latach narasta rozwarstwienie społeczne – biedni stają się coraz biedniejsi, a bogaci coraz bogatsi. Do blisko ośmiu milionów wzrosła ilość Polaków w rodzinach żyjących na skraju ubóstwa.; Dla wielu osób coraz większym problemem staje się regularne opłacanie czynszu za mieszkanie. Pojawia się realna groźba eksmisji. Natomiast obok powstają ogrodzone osiedla apartamentowców dla ekonomicznych elit.; Nierozwiązany pozostaje problem minimalnej płacy.; Od lat państwo nie jest w stanie przygotować rozwiązań prawnych dotyczących emerytur pomostowych.; Pracodawcy blokują wzrost wartości wskaźników wynagrodzeń.; O tych wszystkich sprawach będziemy mówić w dniu Święta Pracy – 1 maja. Tegoroczne Święto Pracy będzie szczególnie uroczyste, bowiem odbywać się będą w setną rocznicę krwawych wypadków na Placu Grzybowskim w Warszawie. Wypadków, które zapoczątkowały Rewolucję 1905 roku na ziemiach polskich – były początkiem zbrojnej irredenty polskich pracowników w obronie swoich praw i w walce o niepodległość Polski.; Niech się święci 1 MAJA!; Prezydium Ogólnopolskiego Porozumienia Związków Zawodowych""
**Protest anty SLD-OPZZ: ale na prośbę organizatorów zostali dopuszczeni do głównych uroczystości**
“Członkowie Nowej Lewicy, Unii Lewicy i Komunistycznej Partii Polski, którzy przyszli pod siedzibę OPZZ z ronda de Gaulle'a na kilkanaście minut zdominowali wiec. Młodzi ludzie skandowali hasła: ""Na Powązki takie związki"", ""Precz z czerwoną burżuazją"", ""Święto pracownika, nie aparatczyka"". Początkowo od zgromadzonych oddzielał ich kordon policji, ale na prośbę organizatorów policja ich przepuściła.” [[@PochodyWieceOkazji2005]]",PL_1990-2019.md
2005,PL,Conflict_MayDay,"Burzliwy przebieg święta: wiec pod OPZZ – najpierw policja odgradza lewicę alternatywną od post-komunistycznej, jednak na prośbę Piotra Ikonowicza organizatorzy zezwalają im na dołączenie do zgromadzenia. Ze strony młodej lewicy gwizdy, krzyki, przerywanie przemówień polityków lewicy. Ich 1 maja jest radykalny: *jaja sobie robicie, Piknik Europejski w rocznicę rewolucji 1905 roku?* pyta Piotr Ikonowicz. Co ciekawe, w marszu wzięli udział Ewa Spychalska i Piotr Ikonowicz, jednak ich drogi się rozeszły. O ile Spychalska poszła pod Sejm razem z politykami i OPZZ, Alfred Miodowicz udał się na plac Grzybowski
Ikonowicz mówi jeszcze o znalezionym na ziemi czerwonym sztandarze: *Widziałem go. Leżał sponiewierany. Leżał opluty. Leżał zdeptany i zakourzony. Wy go już nie chcecie! A to jest nasz, czerwony sztandar. I teraz go podnosimy, i na trupie starel lewicy zrodzi się nowa, która poprowadzi ludzi do walki o 8 godzin pracy, i godne życie!*
Dalej uczestnicy marszu krzyczą *rewolta, rewolta, rewolta robotnicza! To nasza odpowiedź, na plan Balcerowicza!*; *Precz z czerwoną burżuazją!*. Po złożeniu kwiatów na placu Grzybowskim i odśpiewaniu Czerwonego Sztandaru, Ikonowicz zachęca uczestników marszu do dołączenia do pobliskiego strajku pracowników Telekomunikacji Polskiej
Tam Ikonowicz mówi: *dzisiaj, pod siedzibą związków zawodowych OPZZ, rozstaliśmy się definitywnie i pożegnaliśmy z udawaną, farbowaną lewicą. Ludziom, którzy prywatyzują, żyją na ochranianych osiedlach, i pozwalają prezesowi Wróblowi^[ówczesny prezes TP] uciec z 6 milionami odprawy. Wygwizdaliśmy, powiedzieliśmy co o nich myślimy. Tu są ludzie pracy, ludzie pracy którzy jedynym celem, jaki sobie postawili, jest walka z systemem, w którym pieniądze są ważniejsze od człowieka. I na bazie tych wartości proponujemy wspólną walkę.",PL_1990-2019.md
2005,PL,Wspolnie_OPZZ_PPS,"Nie; wspólny wiec, ale radykałowie na plac Grzybowski, mainstream w stronę sejmu",PL_1990-2019.md
2005,PL,Miejsca_pamięci,"NL Ikonowicza i PPS: plac Grzxybowski
?: Brama Straceń",PL_1990-2019.md
2005,PL,Siedziba Robotnika,Członkowie PPS wg Trybuny rozpoczynają obchody 1 maja od wiecu pod siedzibą Robotnika (DT 2005),PL_1990-2019.md
2005,PL,Plac Grzybowski,"pochód NL Ikonowicza kończy się na placu Grzybowskim pod kamieniem, tam jest wieniec i flagi PPS (youtube)",PL_1990-2019.md
2005,PL,Brama Straceń,Najpewniej UP sklada kwiaty na Cytadeli (skoro w 2006 było napisane że zgodnie z tradycją delegacja OPZZ tam jest),PL_1990-2019.md
2005,PL,Plac Piłsudskiego,-,PL_1990-2019.md
2005,PL,kontra_lewica,"“Członkowie Nowej Lewicy, Unii Lewicy i Komunistycznej Partii Polski, którzy przyszli pod siedzibę OPZZ z ronda de Gaulle'a na kilkanaście minut zdominowali wiec. Młodzi ludzie skandowali hasła: ""Na Powązki takie związki"", ""Precz z czerwoną burżuazją"", ""Święto pracownika, nie aparatczyka"". Początkowo od zgromadzonych oddzielał ich kordon policji, ale na prośbę organizatorów policja ich przepuściła.” ([“Pochody i wiece z okazji 1 maja”, 2005)
“- Robicie sobie jaja? W setną rocznicę rewolucji 1905 r. organizujecie piknik - przemawiał Ikonowicz. Sytuacja stała się napięta.” ([“Dwie drogi lewicy”, 2005])",PL_1990-2019.md
2005,PL,kontra,Brak informacji o jakichkolwiek kontrach i starciach z prawicowymi demonstrantami,PL_1990-2019.md
2005,PL,Pikniki,"Rodzinny 1 maja RP 2005 – opis imprez i festynów w Warszawie 1 maja 2005
Bezpośrednio po pochodzie środowisko ""Impulsu"", tygodnika opinii ""Trybuny"", zaprasza na ""Majówkę u Norblina"" pod hasłem ""Praca, Europa, Socjalizm"". W secnerii starej fabryki Norblina (dziś Muzeum Przemysłu) będzie można podpisać się pod Deklaracją 1 Maja oraz wysłuchać pieśni i wierszy związanych z historią ruchu robotniczego i Polski Ludowej (DT 30.4-1.5.2005) Gościem imprezy był Mieczysław F. Rakowski (...) Uczestnicy majówki wysłuchali piosenek Macieja Roszaka z Poznania, członka Nowej Lewicy, wykonanych przy akompaniamencie gitary (DT 2-3.5.2005) (...) czerwone sztandary, rewolucyjne, robotnicze pieśni od stuletniej ""Warszawianki"" po nieco bardziej współczesnego ""Janka Wiśniewskiego"", kilkanaście partii, organizacji i grup lewicowych – min. komuniści, socjaliści, trockiści, syndykaliści, anarchiści, socjaldemokracji. Wszystko pod hasłem ""Praca-Europa-Socjalizm"" (Impuls DT 5.5.2005)
Z kolei SLD zaprasza na ""Piknik Europejski"" w Parku im. Rydza-Śmigłego na Rozbrat. Będzie ogródek polityczno-związkowy z udziałem Oleksego, Dyducha, Guza oraz Giuliana Amato, polityka Partii Europejskich Socjalistów (DT 30.4-1.5.2005)
Na wszystkich ogromne wrażenie zrobił wystrój ""Impulsowej"" majówki. Przekraczający bramę czuli, że wchodzą do innego świata. Ceglany dziedziniec zabytkowej, dziewętnastowiecznej fabryki udekorowanej czerwonymi sztandarami. Całość dopełniały pieśni rewolucyjne z ""Międzynarodówką"" na czele oraz występ Macieja Roszaka, barda z Nowej Lewicy (...) Wystrój imprezy jest geniealny. Dużo czzerwieni i to muzeum techniki. Takie połączenie współczesności z przeszłością. Jest taki klimat dawnych dni, z dawnych lewicowych spotkań. Cieszę się, że zostaliśmy tu zaproszeni – mówi Marzena Chincz, redaktorka naczelna portalu lesbijka.org (Impuls 5.5.05)",PL_1990-2019.md
2005,PL,wiec,"W trakcie wiecu poprzedzającego pochód przemawiali: przewodniczący OPZZ Jan Guz, Józef Oleksy (SLD), Marek Borowski (SDPL), Marek Pol (UP), Andrzej Ziemski (PPS), Piotr Ikonowicz (NL) oraz wicepremier Izabela Jaruga Nowacka (KZ 3.05.2005)
Pod sejmem przemawiał wiceprzewodniczący OPZZ Ryszard Łepik (KZ 3.05.2005)
W TVP pierwsze pokazane przemówienie to to zakłócane przez Nową Lewicę przemówienie Oleksego. Pokazane pod OPZZ przemówienia gości z zagranicy, ale kim oni byli, nie powiedziano. Podejrzewam, że więcej przemówień mogło odbyć się na scenie na pikniku na Rozbracie (2005_TVP)",PL_1990-2019.md
2005,PL,Komitet organizacyjny,"Na zaproszeniach w Dzienniku Trybuna na pochód zaprasza FMS, PPS, OPZZ, UP, SLD i inne organizacje (DT 2005)",PL_1990-2019.md
2006,PL,Wydarzenia_alt,"Debata. w OPZZ, o 17 1 maja *Co mamy do zaoferowania ludziom pracy*.
Nowa Lewica ponownie organizuje przemarsz spod ronda de Gaulle'a na pl. Grzybowski. *Przed wiecem, zgodnie z tradycją, delegacje OPZZ i SLD złożyły kwiaty w miejscach upamiętnionych męczeństwem robotniczych rewolucjonistów: pod Bramą Straceń na Cytadeli Warszawskiej i na placu Grzybowskim*. SLD zorganizowało Piknik Europejski na Rozbrat
Pierwszy raz od kilku lat na trasie pochodu nie było prawicowych kontrmanifestacji",PL_1990-2019.md
2006,PL,TVP,"W Warszawie pochód nie tylko jako Święto Pracy, ale również przeciwko wizji IV RP, jak mówią organizatorzy (min. Grzegorz Napieralski). Przeciwko PiSowi, który nie walczy o ludzi pracy. Pochód nowej lewicy. Później przebitka na orkiestrę, i informacja o 3 manifestacjach w Warszawie. Tym razem pochód Nowej Lewicy musiał zostać oddzielony kordonem policji od pochodu SLD/OPZZ. To tutaj odbyło się przemówienie Adriana Zandberga, krytykującego pochód postkomunistów z tym, co zostało po OPZZ. Nie wszyscy chcieli iść z OPZZ: *Dlaczego nie idziemy z OPZZ? Sprzedali nas proszę pana. Sprzedali dla karier, dla stanowisk, stołków*. Nowa Lewica szła z anarchistami pod sztandarami Che Guevary. Naszą ideologią jest ideologia marsistowsko-leninowska, mówi jeden ze starszych uczestników pochodu. TVP twierdzi, że 2 tysiące ludzi szło w pochodzie pod sejm. *To jeden z najspokojniejszych pochodów pierwszomajowych ostatnich lat*.",PL_1990-2019.md
2006,PL,Apel,"1 MAJA 2006 - BĄDŹMY RAZEM!
Apel o godne miejsce polskich pracowników w Europie socjalnej
**1 Maja to tradycyjne święto ludzi pracy. Tego dnia od ponad stu lat pracownicy na całym świecie przypominają o swoich niezbywalnych prawach pracowniczych i związkowych.**
Od wielu już lat 1 Maja polscy związkowcy manifestują w obronie ustawodawstwa pracy, w obronie miejsc pracy, w obronie poziomu życia polskich rodzin.
Tego dnia protestujemy i protestowaliśmy przeciwko antypracowniczym zamianom w Kodeksie pracy, które mają się rozpocząć na jesieni tego roku.
Domagamy się od rządu rozpoczęcia walki z bezrobociem i skutecznej realizacji polityki tworzącej nowe miejsca pracy.
Protestujemy przeciwko nieprzemyślanym pomysłom reformy służby zdrowia, która radykalnie ograniczy dostęp do ochrony zdrowia.
Protestujemy przeciwko ograniczaniu dostępu do nauki, szczególnie szkolnictwa wyższego dzieciom i młodzieży z rodzin o niskich dochodach.
Żądamy aby rząd realizował te postulaty.
Domagamy się przyjęcia propracowniczej Umowy Społecznej Gospodarka-Praca-Rodzina-Dialog, która będzie negocjowana w ramach Trójstronnej Komisji ds. Społeczno-Gospodarczych.
Domagamy się od Sejmu RP uchwalenia ustawy o zmianie ustawy o emeryturach i rentach z Funduszu Ubezpieczeń Społecznych oraz niektórych innych ustaw w brzmieniu przygotowanym przez Obywatelski Komitet Inicjatywy Ustawodawczej.
1 Maja 2006 roku manifestujemy również o socjalny wymiar Europy, o jej społeczny, propracowniczy charakter.
1 Maja 2006 roku manifestujemy w obronie polskiego miejsca w Europie socjalnej.
Protestujemy przeciwko ograniczeniu prawa do swobodnego przepływu pracy w Europie dla polskich pracowników – skoro swobodny przepływ kapitału już został zagwarantowany.
Domagamy się od rządu RP stworzenia dla polskiego przemysłu i rolnictwa, takich samych warunków, jakie są w krajach Unii Europejskiej.
Domagamy się od Sejmu RP ratyfikowania Zrewidowanej Europejskiej Karty Społecznej i Protokołu Dodatkowego w sprawie Skarg Zbiorowych do Karty.
Domagamy się od pracodawców europejskiego podejścia do zasad dialogu społecznego, przestrzegania praw pracowniczych i związkowych, tworzenia europejskich rad zakładowych.
**Apelujemy do wszystkich ludzi pracy o masowy udział w tegorocznych obchodach Święta Pracy, o pokazanie siły i determinacji polskich pracowników w obronie swoich praw.
Apelujemy do ludzi lewicy o wspólną walkę o prawa pracownicze.
Spotkajmy się 1 Maja!** Rada Ogólnopolskiego Porozumienia Związków Zawodowych Warszawa, 27 kwietnia 2006 r.""
**Kapitalizm jako główne źródło problemów w Polsce**
“Jak co roku demonstrację otworzył przewodniczący OPZZ. Jan Guz m.in. powiedział: „upominamy się o wszystkich tych, których wykluczył kapitalizm. Jak co roku tak i dziś na sztandarach wypisujemy pracy i chleba! Nie chcemy cudu, chcemy pracy i zabezpieczeń socjalnych”” (“Kronika Związkowa 68/2006”, 2006, p. 1)",PL_1990-2019.md
2006,PL,Muzyka,"Czerwony Sztandar
Bella Ciao
**Piotr Ikonowicz o kamieniu na placu Grzybowskim, po tym jak złożył tam kwiaty**:
*To jest takie miejsce, gdzie przychodzimy co roku, bo tutaj, na schodach tego kościoła, padli pierwsi polscy internacjonaliści, bojowcy PPS, którzy przeciwstawiali się udziałowi polskiego rekruta w imperialistycznej wojnie Rosji w Japonii. (...) W Polsce mówią nam: ""możecie protestować, my was nie pozamykamy. Po prostu was pozwalniamy."" Człowiek pracujący 16 godzin na dobę nie może być obywatelem, bo nie ma czasu tego robić. I z takim zniewoleniem my dzisiaj walczymy, kiedy domagamy się ośmiogodzinnego dnia pracy, to tak naprawdę domagamy się, by wszytstkie te wolności zapisane w konstytucji*",PL_1990-2019.md
2006,PL,Wspolnie_OPZZ_PPS,Nie,PL_1990-2019.md
2006,PL,Miejsca_pamięci,"UP (przed pochodem, z delegacjami OPZZ i SLD): Brama Straceń
przed pochodem OPZZ i SLD, gospodarz PPS: Plac Grzybowski",PL_1990-2019.md
2006,PL,Siedziba Robotnika,?,PL_1990-2019.md
2006,PL,Plac Grzybowski,"delegacje SLD i OPZZ składają kwiaty (NTP)
pochód NL zakończył się złożeniem kwiatów (lewica.pl)",PL_1990-2019.md
2006,PL,Brama Straceń,delegacje OPZZ i NTP składają kwiaty (pewnie UP też) (NTP),PL_1990-2019.md
2006,PL,Plac Piłsudskiego,-,PL_1990-2019.md
2006,PL,kontra_lewica,"Po przemówieniach pochód ruszył przy dźwiękach bębnów warszawskiej Samba Socialista oraz olsztyńskiej grupy samby. Skandowano ""Święto pracownika nie aparatczyka"" oraz ""nasze prawo - prawo pracy"". Gdy pochód radykalnej lewicy mijał miejsce, w którym gromadzili się zwolennicy SdPl, SLD, UL, UP i OPZZ, rozległy się okrzyki ""powiedz nie burżujom z SLD"" oraz ""Sprzedaliście kodeks pracy"". Od pochodu SLD/OPZZ radykalną lewicę oddzielił kordon policji. (lewica.pl)",PL_1990-2019.md
2006,PL,kontra,"Po raz pierwszy od wielu lat nie doszło do żadnych starć z prawicowymi kontrdemonstrantami (chodzi o kraj, w WWA nic nie było w 2005 też) (DT 2006)",PL_1990-2019.md
2006,PL,Pikniki,"Po pochodzie zapełnił się piknik przy ul. Rozbrat, przed siedzibą SLD. Było można porozmawiać min. z Janem Guzem, Wojciechem Olejniczakiem, Grzegorzem Napieralskim i warszawskimi posłami: Katarzyną Piekarską, Piotrem Gadzinowskim i Ryszardem Kaliszem. Swoje stoiska miała prasa lewicowa, Stowarzyszenie Pokolenia, Stowarzyszenie Marksistów Polskich i – oczywiście – OPZZ, na którym wystawiał się nasz tygodnik (...) Przy stoisku OPZZ spotkaliśmy panią Teresę Olszewską-Bancewicz, artystkę plastyczkę z Przejęsławia koło Bolesławca. Królową Autostopu, która objechała Europę, kawał Afryki i Azji Mniejszej, a obecnie wybiera się – przez Białoruś, Rosję i Chiny – do Korei Północnej. Pani Teresa obdarowała nas reprodukcjami stworzonych przez siebie plakatów i zezwoliła na ich publikację. *(...) Pani Teresa obdarowała nas reprodukcjami stworzonych przez siebie plakatów i zezwoliła na publikację. Próbkę jej twórczości zamieszczamy w tym numerze, gdyż korespondują one z pewnymi elementami wypowiedzi mówców pierwszomajowych (TP 2006)
Pochód zakończył się na Wiejskiej. Potem jego uczestnicy przenieśli się na Piknik Europejski przed siedzibę SLD na ul. Rozbrat. (WP 2006)",PL_1990-2019.md
2006,PL,wiec,"10:30-11:00 – wiec pod OPZZ połączony z przemówieniami liderów lewicy; 12:30 – wystąpienia liderów lewicy. Piknik jest od 13 (KZ 2006)
Rząd i parlament zajmują się rozgrywkami politycznymi i igrzyskami, a nie mają żadnego pomysłu na zwalczanie największej polskiej społecznej plagi: bezrobocia – zgodnie stwierdzali na wiecu pod OPZZ Guz, Olejniczak i Musiał (NTP 2006)
Pod OPZZ przemówienia Guza, Wojciecha Olejniczaka, potem przedstawiciele SdPL. Pod sejmem znowu przemówienia polityków i zzwiązkowców. Szef mazowieckiego OPZZ Jan Wawak, Grzegorz Napieralski i Wojciech Olejniczak (2006 GW))
W TVP pokazano wyłącznie przemówienie spod OPZZ Guza, ale też wywiad z NApieralskim przeprowadzony na placu Osterwy pod OPZZ. Wywiad z Olejniczakiem już na pikniku pod SLD (2006_TVP)",PL_1990-2019.md
2006,PL,Komitet organizacyjny,"We wtorek, 4 kwietnia, odbyło się drugie z kolei spotkanie organizacyjne w sprawie organizacji Święta Pracy w Warszawie. Inicjatorem spotkania był Krzysztof Pilawski i redakcja ""Impulsu"".Na spotkaniu potwierdzono uzgodnienia sprzed tygodnia, że w Warszawie odbędą się dwa pochody. Lewica radykalna ruszy tradycyjnie z Ronda de Gaulle’a na Plac Grzybowski, a OPZZ, SLD, SdPl i UP ruszą z Kopernika, sprzed siedziby OPZZ pod Sejm.Jan Kisieliński, który na spotkaniu reprezentował OPZZ, wykluczył możliwość, aby oba pochody spotkały się pod siedzibą NBP, aby wspólnie manifestować pod hasłem ""Balcerowicz musi odejść!"". Uzgodniono natomiast, że o godzinie 17, po pochodzie, odbędzie się w siedzibie OPZZ debata między przedstawicielami obu pochodów na temat: ""Co mamy do zaoferowania ludziom pracy?"".W najbliższym czasie te organizacje, które wyruszą 1 maja z Ronda de Gaulle’a, spotkają się, aby uzgodnić szczegóły pochodu i wyłonić ze swego grona panelistów. (lewica.pl 1 maja, 2 pochody 2006)",PL_1990-2019.md
2007,PL,Wydarzenia_alt,"- pochód Związku Syndykalistów Polskich spod Pałacu Kultury w stronę Ministerstwa Finansów
- pochód Nowej Lewicy spod ronda de Gaulle'a
- _W całej Polsce odbyły się pochody upamiętniające Święto Pracy. W Warszawie pochód pierwszomajowy zorganizowało kilka ugrupowań lewicowych: między innymi SLD, KPP, PPS i SDPl, OPZZ, UP i Unia Lewicy. Wzięli też udział przedstawiciele Pracowniczej Demokracji oraz Ogólnopolskiej Organizacji Bezrobotnych. Złożeniem kwiatów na Placu Grzybowskim uczcili 1 Maja przedstawiciele PPS oraz środowiska Weteranów Lewicy._ [[@PrzegladSocjalistyczny32007]]",PL_1990-2019.md
2007,PL,Apel,"**PIERWSZEGO MAJA BĄDŹMY RAZEM! APEL OGÓLNOPOLSKIEGO POROZUMIENIA ZWIĄZKÓW ZAWODOWYCH**
1 Maja to tradycyjne święto ludzi pracy. Tego dnia od już ponad stu lat na całym świecie pracownicy, związkowcy, ludzie lewicy przypominają o swoich niezbywalnych prawach.
Tego dnia ludzie pracy manifestują w obronie propracowniczego ustawodawstwa, w obronie miejsc pracy, w obronie poziomu życia polskich rodzin.
1 Maja 2007 roku będziemy obchodzić w wyjątkowej dla świata pracy sytuacji – Polska po latach wyszła z kryzysu gospodarczego, nasza gospodarka gwałtownie się rozwija, ale do tej pory nie korzystają z tego polscy pracownicy
**Apelujemy – 1 Maja 2007 walczymy o podwyżki płac dla pracujących!
1 Maja 2007 roku walczymy o godne życie dla polskich rodzin w Polsce, a nie w Irlandii!**
1 Maja pokażmy rządowi, że chcemy godnej płacy minimalnej, że chcemy podwyżek wskaźników płac dla ludz pracy!
Tegodnia pokażmy rządowi, że emeryci to też ludzie pracy, że należy im się godne życie, coroczna waloryzacjarent i emerytur, a nie uwłaczająca ludzkiej godności zapomoga!
Trzy lata temu – 1 Maja 2004 roku – Polska przystąpiła do Unii Europejskiej, którą my rozumiemy jako Europę Socjalną.
**1 Maja 2007 roku pokażmy, że chcemy Polski w Europie Socjalnej!
Pokażmy, że chcemy żyć we wspólnej Europie, bez ksenofobii, zakłamania i uprzedzeń!**
1 Maja 2007 roku pokażmy, że chcemy żyć w sprawiedliwym, neutralnym światopoglądowo państwie, we wspólnej Europie!
W tym roku 1 Maja będziemy manifestowac po raz pierwszy pod rządami, nowej sprokurowanej przez prawicę ustawy o majowym święcie – pokażmy prawicy, jakie są prawdziwe tradycje 1 Maja!
**Apelujemy do ludzi pracy, do ludzi, którym leżą na sercu sprawy, społeczne o masowy udział w tegorocznych obchodach Święta Pracy, o pokazanie naszej siły i determinacji w walce o prawa pracowników, emerytów, o przyszły kształt Polski!
1 Maja bądźmy razem!
Prezydium Ogólnopolskiego Porozumienia Związków Zawodowych
Warszawa 17 kwietnia 2007 roku**",PL_1990-2019.md
2007,PL,TVP,"Pierwszomajowe manifestacje. W tym roku na sztandarach nowe hasło – mniej lustracji. Był to czas, gdy sejm procedował równocześnie ustawy lustracyjne. Relacja podkreśla niską frekwencję – w 3 pochodach przeszło *w sumie 300 osób*. Ikonowicz twierdzi, że ludzie muszą nauczyć się, że nie jest to już obowiązek, i że trzeba się zrzeszać w związkach zawodowych. Pod Pałacem Kultury organizowany jest PIC-NIC. *Nie, nie tylko tradycja, ale tu trzeba walczyć, coraz bardziej* mówi uczestnik jednego z pochodów. Następnie przebitka na historyczne obchody, wyglądają jak 88 albo 89. *Dziś to już nie to samo, co wtedy, gdy obywatele maszerowali a władze pozdrawiały.* Następnie znowu PIC-NIC – jest Miś, jest pan, który mówił, że lubił bardzo pochody. W Niemczech pierwsza bijatyka z policją jeszcze 30 kwietnia. Wiec DGB odbywał się w tym roku pod Bramą Brandenburską. - | W obronie demokracji i miejsc pracy to główne hasła manifestacji OPZZ i SLD. Jest przemówienie Guza, obok niego stoi Bojan Stanisławski. Demonstracja to atak na koalicję rządzącą – przeciwko temu trzeba protestować, mówi Olejniczak. Spokojna manifestacja przerwana przez demonstrujących LPR i Forum Liberalnego, którzy kontynuują tradycję kontry wobec pochodu OPZZ-owskiego – udając komunistycznych przywódców, pozdrawiają przechodzący pochód. Pracownicza Demonstracja zorganizowała pochód pod Pałacem Kultury. Ikonowicz krzyczy w obronie praw pracowniczych, Nowa Lewica nie chciała demonstrować z SLD. MAnifestacja skończyła się na placu Grzybowskim. Na czele pochodu wygląda na to, żę FMS. Panorama też podkreśla niską frekwencję. Obrona praw pracowniczych, demokracji i bezrobocie jako główne hasła. Dawne hasła 3x8 nadal aktualne. Olejniczak wskazuje, że co chwilę pojawiają się ustawy, które odbierają ludziom pracy a to renty, a to emerytury pomostowe, dlatego trzeba protestować.",PL_1990-2019.md
2007,PL,Wspolnie_OPZZ_PPS,Nie,PL_1990-2019.md
2007,PL,Miejsca_pamięci,"PPS i Weterani Lewicy: plac Grzybowski
UP (przed czy po pochodzie?): Brama Straceń",PL_1990-2019.md
2007,PL,Siedziba Robotnika,?,PL_1990-2019.md
2007,PL,Plac Grzybowski,"PPS i weterani lewicy składają kwiaty. (PS)  Z nimi kwiaty składali reprezentanci kilku różnych partii, min SLD SdPL i UP (DT)
Drugie składanie kwiatów – Manifestanci (ok. 300 osób m. in. z Nowej Lewicy, Komunistycznej Partii Polski, Polskiej Partii Socjalistycznej, Pracowniczej Demokracji, Młodych Socjalistów) pod hasłami obrony świata pracy przed kapitalistycznym wyzyskiem przemaszerowali przez Śródmieście, skandowali hasła antywojenne i krytykowali politykę PiS (""Kodeks pracy, a nie kodeks karny"", ""Zdrowie prawem, nie towarem!"") by w końcu na Placu Grzybowskim złożyć hołd bojowcom PPS poległym w walce z caratem (lewica.pl)",PL_1990-2019.md
2007,PL,Brama Straceń,"brak informacji o UP, najpiewniej odbyło się skladanie kwiatów",PL_1990-2019.md
2007,PL,Plac Piłsudskiego,-,PL_1990-2019.md
2007,PL,kontra,"Do drobnych utarczek doszło, gdy działacze Ruchu Młodych LPR próbowali rozdawać zgromadzonym ulotki z cytatami z rozmowy Aleksandra Gudzowatego i Józefa Oleksego. (GW 2007)
Na skrzyżowaniu Nowego Światu i Al. Jerozolimskich na pochód czekała grupa działaczy Forum Liberalnego z portretami Bieruta, Gomułki oraz Grzegorza Napieralskiego, sekretarza SLD. - Maszerujemy do socjalizmu - kpili. - Gnoje Kaczorków - rzucił ktoś. (GW 2007)
W trakcie gromadzenia się uczestników pochodu OPZZ sympatycy Ruchu Młodych LPR rozdawali ""Taśmy prawdy lewicy"", czyli cytaty z nagrań rozmowy Gudzowaty - Oleksy. A w trakcie przemarszu OPZZ na manifestujących czekali działacze Forum Liberalnego. Z portretowymi zdjęciami Bronisława Bieruta, Władysława Gomułki oraz Grzegorza Napieralskiego, sekretarza generalnego SLD, pozdrawiali tłum (na zdjęciu). (GW 2007)
Nie obyło się bez incydentów. Na początku pochodu przebieg święta 1 Maja próbowali zakłócić działacze Ruchu Młodych Ligi Polskich Rodzin. Chcieli zorganizować jakiś happening. Skończyło się na rozdawaniu ulotek szkalujących lewicę. Młodzi LPR-owcy twierdzili, że przyszli ""pokazać prawdę o polskiej lewicy"" (DT 2007)
Bardziej udany występ mieli działacze Forum Liberalnego, czyli grupy odszczepieńców z Partii Demokratycznej-demokraci.pl, którzy nie zgodzili się na koalicję z Sojuszem w ramach porozumienia Lewicy i Demokratów. Ustawili się na trasie lewicowego przemarszu, parodiując dawne obchody 1 Maja. Mieli czarno-białe portrety Bolesława Bieruta, Władysława Gomułki i Grzegorza Napieralskiego. Nie byli agresywni, a ich inicjatywa została przez uczestników pochodu przyjęta raczej ciepło i z rozbawieniem (DT 2007)",PL_1990-2019.md
2007,PL,Pikniki,"Wielki pic pod Pałacem Kultury, czyli z sentymentem do chleba ze smalcem i trabantaCzerwony Pic-Nic przyciągnął wczoraj na plac Defilad stęsknionych za PRL-em i dzieci, które tamtych czasów na pewno nie pamiętają.Pod Pałacem Kultury przygrywały hity epoki PRL-u ""Cicha woda brzegi rwie"" i ""Nie płacz, kiedy odjadę"".Każdy chciał zrobić sobie zdjęcie ze słomianym Misiem, sześciometrową repliką kukły z kultowego filmu Stanisława Barei. Najlepiej z biało-czerwoną flagą z napisem ""Pokój"".Zbigniew Wójcicki z Targówka kupił taką ośmioletniemu synowi Patrykowi. - Chciałem mu pokazać, jak to było, kiedy ja chodziłem do podstawówki. No i samemu sobie przypomnieć, bo czasy PRL-u i pochodów pierwszomajowych trochę mi się zatarły - mówił. Patrykowi pokazał milicyjnego poloneza, fiata 125p, syrenkę i trabanta.Największym powodzeniem cieszyła się jednak budka, w której za osiem złotych sprzedawano ogromne pajdy chleba. Po swój kawałek, grubo posmarowany smalcem, ze smażoną cebulą, kiełbasą i ogórkiem kiszonym, warszawiacy czekali w długiej kolejce wijącej się aż do blaszaka MarcPolu.21-letni Łukasz Grzybowski (na zdjęciu zajada pajdę ze smalcem) opowiadał: - Nie mam szansy pamiętać pochodów, więc przyszedłem poczuć klimat - przyznał.A 65-letni emeryt z Pragi-Północ z rozrzewnieniem wspominał dawne pochody: - Było uroczyście i czerwono, ludzie pracy bali się władzy, ale to była moja młodość. Tutaj znowu czuję się dwudziestolatkiem.Goście Pic-Nicu obejrzeli fragmenty kronik filmowych komentowane przez Michała Ogórka i Jacka Fedorowicza, a potem wysłuchali koncertu zespołu Papa Dance, niezwykle popularnego w latach 80. (GW 2007)
Na początek przybyli wzięli udział w obowiązkowym pochodzie przodowników pracy.  Potem do zebranych przemawiali towarzysz Ogórek, towarzysz Fedorowicz i towarzysz Sierocki.Po części oficjalnej lud pracujący stolicy mógł oddać się stosownym w tym dniu rozrywkom, a więc obejrzeć pokaz mody z lat 50., 60., 70. i 80., cuda peerelowskiej motoryzacji: warszawę, syrenkę, junaka czy osę (czy kroś pamięta jeszcze ten gustowny skuter?), posłuchać odtworzonych z gramofonu Bambino przebojów i wystepu zespołu Papa Dance.Opowieści z tamtych lat snuli prezenter Telewizji Polskiej Jan Suzin i znakomity kolarz Ryszard Szurkowski.O rozrywce w czasach PRL mówili Filip Łobodziński i Henryk Gołębiewski, dwaj mali wówczas aktorzy filmu ""Podróż za jeden uśmiech"".Spragnieni mogli napić się wody (z sokiem malinowym) ze słynnego saturatora. (Wprost 2007)
Pałac Kultury 1 maja o godz. 14 przed Pałacem coś dla miłośników kultury PRL. W godz.14 -17 będzie tu trwał Czerwony Pic-Nic, wspomnieniowa impreza, podczas której będzie można napić się wody z saturatora, zbudować misia z filmu Barei, obejrzeć zabytkowe samochody marki ""Syrenka"" i motory ""Junak"" oraz posłuchać kultowego w latach 80. zespołu Papa Dance. (RP 2007)
Dopełnieniem 1-majowych obchodów była Fiesta Cubana zorganizowana przez Nową Lewicę w Muzeum Etnograficznym. Odbył się premierowy pokaz filmu dokumentalnego o współczesnej Kubie przygotowanego przez zespół telewizji Copyleft (Nowa Lewica). (lewica.pl)
Pochód zakończył się na Wiejskiej. Potem jego uczestnicy przenieśli się na Piknik Europejski przed siedzibę SLD na ul. Rozbrat. (GW 2007)",PL_1990-2019.md
2007,PL,wiec,"Nie damy sobie odebrać pierwszomajowej tradycji! stare hasło sprzed ponad wieku: 3*8 (...) w Polsce rządzonej przez PiS nadal aktualne – wołał Jan Guz na manifestacji, którą, jak co roku rozpoczął wiec pod OPZZ-etem. Do 2 tysięcy przybyłych na pochód warszawiaków przemiawali również liderzy partii lewicowychi demokratycznych (NTP 2007)
O samej Barbarze Blidzie mówiono przy dwóch okazjach – na początku pochody przed siedzibą OPZZ, kiedy zebrani oddali jej hołd minutą ciszy, oraz na końcu, pod gmachem sejmu, gdzie zapalono symboliczny znicz upamiętniający tragnicznie zmarłą byłą posłankę SLD (DT 2009)
Za Trybuną – przemówienia pod OPZZ, w kolejności: Jan Guz, Wojciech Olejniczak, Michał Syska (SdPL), Jan Barański z Racji Polskiej Lewicy (DT 2007)
W TVP spora część transmisji z obchodów skupiona na wiecu – najpierw pokazane przemówienie Guza, a potem przemówienie Olejniczaka. (2007_panorama_pochody)",PL_1990-2019.md
2008,PL,Wydarzenia_alt,"- *Pod patronatem PPS odbył się wiec przedstawicieli całej lewicy na Placu Grzybowskim. Ponad to działacze PPS spotkali siępod kamieniem upamiętniającym redakcję„Robotnika” przy ulicy Wareckiej.*[[doktorat/03_Dane/Polska/Prasa_opisy/@przegladsocjalistyczny32008]]
- Przez Warszawę przechodzą jednocześnie dwa inne marsze: *Lewicowa Alternatywa, Ogólnopolski Związek Zawodowy Inicjatywa Pracownicza, Warszawska Grupa Anarchistyczna, stowarzyszenie ""Wolność-Równość-Solidarność"" oraz Zielonych 2004 organizują pochód pod hasłem ""Przeciwko dyskryminacji i prześladowaniom w miejscu pracy!"". Uczestnicy tej akcji chcą przeciwstawić się się promocji ""elastycznych form zatrudnienia"". Pochód wyrusza z pod Ministerstwa Gospodarki (Pl. Trzech Krzyży) o godz. 12.00.
- Nowa Lewica, Kancelaria Sprawiedliwości Społecznej, Komunistyczna Partia Polski, Młodzi Socjaliści, Towarzystwo Przyjaźni Polsko-Wenezuelskiej oraz Lewica Bez Cenzury organizują pochód z Ronda De Gaulla o godz. 10.00. Po pochodzie o godz. 14.00 w Jadłodajni Filozoficznej (u. Dobra 33/35) odbędzie się impreza ""Wenezuela - Socjalizm XXI wieku"" podczas której będzie można m.in. obejrzeć premierowy film dokumentalny poświęcony temu krajowi i spróbować wenezuelskiej kuchni. [@Obchody1Maja2008]'",PL_1990-2019.md
2008,PL,Apel,"ŚWIĘTO PRACY - 1 MAJA 2008
O sprawiedliwy udział Polaków we wzroście gospodarczym
1 Maja to tradycyjne święto ludzi pracy. Już od ponad stu lat tego dnia polscy pracownicy i związkowcy przypominają o swoich niezbywalnych prawach.
W dzisiejszej Polsce chlubiącej się wzrostem gospodarczym, swojego miejsca nie znalazło blisko dwa miliony osób, które zmuszone zostały do szukania pracy i godnych warunków życia na emigracji zarobkowej.
Współczesna Polska jest wyrodną matką dla swoich dzieci – Polska ma największy wskaźnik biednych dzieci w Unii Europejskiej.
Dzisiejsza Polska to również setki tysięcy „biednych pracujących"", którzy pomimo ciężkiej uczciwej pracy żyją na granicy minimum biologicznego.
W naszym kraju żyją, a w zasadzie wegetują, setki tysięcy emerytów, gdy obok rosną dzielnice luksusowych apartamentowców przeznaczonych dla ludzi, którzy stali się prawdziwymi beneficjentami polskich przemian.
Nie chcemy takiej Polski – Polski, w której skrajna bieda i ubóstwo sąsiaduje z oszałamiającym bogactwem!
Chcemy Polski równych szans dla wszystkich, chcemy Polski bez głodnych dzieci, bez biednych emerytów, bez wyzyskiwanych pracowników, bez wykluczenia społecznego!
Dlatego spotkajmy się 1 Maja w Święto Pracy! Niech 1 Maja 2008 roku będzie dniem walki o sprawiedliwy udział wszystkich Polaków we wzroście gospodarczym!
1 Maja zademonstrujmy, że chcemy pracy dla wszystkich, że chcemy godnych płac pozwalających na normalne życie dla każdej polskiej rodziny!
1 Maja pokażmy, że nie pozwolimy na antypracownicze zmiany w prawie pracy, że nie pozwolimy, by z lat wyrzeczeń korzystała tylko wąska grupa ludzi!
Apelujemy do wszystkich pracowników, do ludzi którym leżą na sercu sprawy społeczne, dobro naszego kraju, o liczny udział w tegorocznych obchodach Święta Pracy, aby pokazać naszą siłę i determinację w walce o prawa pracowników, emerytów, ludzi wykluczonych!
Rada Ogólnopolskiego Porozumienia Związków Zawodowych Warszawa, 9 kwietnia 2008 r.",PL_1990-2019.md
2008,PL,TVP,"pierwszomajowe pochody nie zjednoczyły lewicy – były ich trzy, z czego ten OPZZ-owski krytykowany mocno przez Ikonowicza (*przebierańcy* o ludziach SLD). Mało ludzi, podkreślanie, że lewicowcy nie są w stanie nawet się zjedonczyć. Na prodzie duży baner ""1 maja – Święto Pracy"". Nowy Świat zablokowany
ogólnie niewielu polityków SLD. Są kukły Tuska, Kaczyńskiego i Rydzyka. Konferansjerem Piotr Gadzinowski
Głównym hasłem pochodu krytyka rządu Donalda Tuska. Po raz kolejny nagranie z Poznania i akcji Akcji ""Naszość"". Obowiązkowe odwołanie do PRL-u, skontrastowane ze współczesną słabością. Odwołanie do sondażu – **57% uważa, że Święto Pracy NIE jest przeżytkiem PRL-u, choć socjolog z UWr mówi o archaizmie tego święta.**
*Dla starszych szlagiery*: przebitka na Międzynarodówkę, która poleciała
SLD podkreślany jest jako organizator na pierwszym miejscu, mimo tego że to OPZZ właściwie organizuje
Jest też materiał o przodownikach pracy – *czy w obecnych czasach zaginął duch przodowników pracy?* Ponownie 1 maja okazją do wspominania PRL. Jest pani headhunterka, która mówi o tym, że przodownictwo jest w sumie potrzebne, ale są też głosy że obecnie wszystkich nas zmuszają do przodownictwa, bo jest kapitalizm.
Wzmianka również o prawicowych pochodach i manifestacjach, ale czyich?
*W parlamencie nie ma lewicy*, mówi Piotr Ikonowicz. Są też tacy, którzy krzyczą ""Powiedz nie burżujom z SLD",PL_1990-2019.md
2008,PL,Wspolnie_OPZZ_PPS,Nie,PL_1990-2019.md
2008,PL,Miejsca_pamięci,"PPS: Warecka
PPS, gospodarz wiecu całej lewicy przed pochodem: Plac Grzybowski
UP: Brama Straceń bez delegacji",PL_1990-2019.md
2008,PL,Siedziba Robotnika,działacze PPS składają kwiaty (PS),PL_1990-2019.md
2008,PL,Plac Grzybowski,"wiec całej lewicy pod patronatem PPS na placu Grzybowskim –wszyscy zaproszeni (PS)
po demonstracji: Licząca około 150-200 osób kolumna demonstrantów udała się na Plac Grzybowski, gdzie złożono kwiaty pod kamieniem upamiętniającym bojowców Polskiej Partii Socjalistycznej z 1905 roku. (lewica.pl_",PL_1990-2019.md
2008,PL,Brama Straceń,"“Przed rozpoczęciem pochodu członkowie Unii Pracy, OPZZ i przedstawiciele innych organizacji lewicowych złożyli wieńce pod Bramą Straceń warszawskiej Cytadeli. Co roku 1 maja UP upamiętnia w ten sposób bojowników o wolność Polski, więzionych w murach Cytadeli w latach 1834-1918.” ([“Aby Polacy mogli godniej żyć”, 2008]",PL_1990-2019.md
2008,PL,Plac Piłsudskiego,-,PL_1990-2019.md
2008,PL,kontra,"Kilkadziesiąt metrów dalej, przed kościołem pod wezwaniem Świętego Aleksandra, do pochodu przygotowuje się 50-osobowa grupa członków Obozu Narodowo-Radykalnego i Młodzieży Wszechpolskiej. – Walczymy o to, żeby Polacy nie musieli nigdzie wyjeżdżać, tylko mogli pracować w Polsce – mówi Bartosz Bekier z ONR.Gdy trasy narodowców i anarchistów przecięły się, demonstranci przywitali się nieprzychylnymi hasłami. Manifestujących oddzieliła od siebie policja. (RP 2008)
Młodzi liberałowie rozdawali *kwiatuszki-antykomuszki*: niebieskie, a nie czerwone (2008_TVP)",PL_1990-2019.md
2008,PL,Pikniki,"Po pochodzie o godz. 14.00 w Jadłodajni Filozoficznej (u. Dobra 33/35) odbędzie się impreza ""Wenezuela - Socjalizm XXI wieku"" podczas której będzie można m.in. obejrzeć premierowy film dokumentalny poświęcony temu krajowi i spróbować wenezuelskiej kuchni. (lewica.pl)
Projekcje fragmentów dawnych kronik filmowych i wiadomości telewizyjnych z okresu PRL-u, muzyka sprzed 1989 r., konkursy z nagrodami oraz koncerty Wandy i Bandy, a także Andrzeja Rosiewicza, całość zaś prowadzona przez Michała Ogórka - tak wygląda program Czerwonego Pic-Nicu, który odbędzie sięProjekcje fragmentów dawnych kronik filmowych, dobranocek i wiadomości telewizyjnych z okresu PRL-u, muzyka sprzed 1989 r., konkursy z nagrodami, koncerty, chorągiewki, a całość prowadzona przez Michała Ogórka - tak wygląda program Czerwonego Pic-Nicu, który odbędzie się 1. Maja przed Pałacem Kultury i Nauki w Warszawie.Podczas imprezy będzie można obejrzeć fragmenty kronik filmowych i wiadomości telewizyjnych z lat 1950-89. Marek Sierocki przedstawi przeboje z tamtych lat, a prof. Jerzy Bralczyk omówi język propagandy politycznej. Z koncertami wystąpią zespół Wanda i Banda oraz Andrzej Rosiewicz.Widzowie będą mogli wziąć udział w konkursie wiedzy o PRL, w którym nagrodami rzeczowymi będą np. butelka octu czy mydło Biały Jeleń. Zawody dla przodowników pracy poprowadzą Andrzej Kopiczyński, Jan Englert i Kazimierz Kaczor. Absurdy PRL-u przedstawi Bohdan Łazuka.Ważną rolę podczas imprezy będą odgrywały: saturator na wodę sodową, adapter bambino, autobus ogórek, słomiany miś oraz motocykl MZ. Nad całością imprezy czuwać będzie Milicja Obywatelska.Czerwony Pic-Nic będzie trwał przed PKiN niegdyś imienia Józefa Stalina od godz. 13.00 do 20.00.Urząd Miasta Warszawy/M.W. (empik.com)
Działacze SLD, SdPl, UP, PPS i mniejszych partii lewicowych oraz związkowcy z organizacji branżowych tradycyjnie spotkali się 1 maja przed siedzibą OPZZ przy ul. Kopernika. Po zakończeniu godzinnego wiecu chcieli jak co roku przemaszerować pod Sejm Nowym Światem i Wiejską.Okazało się to niemożliwe, bo od rana na Nowym Świecie w najlepsze trwał festyn. Demonstranci nie kryli oburzenia. - Widać, co jest teraz najważniejsze: kiełbasa i piwo! - mówił sympatyk SLD Bronisław Żółtowski, który - jak zapewniał - nie opuścił żadnego pochodu pierwszomajowego od 43 lat. Dariusz Klimaszewski, warszawski radny SLD, zachował zimną krew. - Od dwóch tygodni wiedziałem o tym festynie. Tam można kupić zdrową żywność, np. wędliny, chleby. Zresztą całkiem smaczne - zachwalał. (GW 2008)
JJG – po pochodzie piknik",PL_1990-2019.md
2008,PL,wiec,"Przemówienia rozpoczyna Jan Guz (NTP 2008)
Działacze SLD, SdPl, UP, PPS i mniejszych partii lewicowych oraz związkowcy z organizacji branżowych tradycyjnie spotkali się 1 maja przed siedzibą OPZZ przy ul. Kopernika. Po zakończeniu godzinnego wiecu chcieli jak co roku przemaszerować pod Sejm Nowym Światem i Wiejską. (Pochód musiał zmienić trasę 2008)
Relacja w DT tylko z wiecu pod OPZZ – przemawia Jan Guz, Wojciech Olejniczak, Sławomir Broniarz, Michał Syska (SdPL) i Marek Poniatowski (UP) (DT 2008)
Pokazany został najpierw wiec pod OPZZ, gdzie stoją Wojciech Olejniczak, który przemawia, obok niego Jan Guz, i potem Sławomir Broniarz. Na innym nagraniu najpierw pokazany jest Jan Guz (2008_TVP)",PL_1990-2019.md
2008,PL,kontra_lewica,Zebrani w okolicach placu Trzech Krzyży demonstranci nowolewicowi rzucają wyzwiska w stronę uczestników pochodu OPZZ/SLD (2008_TVP_pochod_panorama_polnoc),PL_1990-2019.md
2009,PL,Wydarzenia_alt,"- PPS składa wcześniej kwiaty na placu Grzybowskim, następnie przechodzi wspólnie z OPZZ, ale kończy wcześniej, na Wareckiej pod siedzibą redakcji Robotnika
- Kontrmanifestacja Falangi na trasie przemarszu
- 2 kwietnia 2009 roku w warszawskiej siedzibie OPZZ na zaproszenie przewodniczącego OPZZ Jana Guza odbyło się spotkanie w sprawie tegorocznych obchodów Święta Pracy. W spotkaniu wzięli udział przedstawiciele OPZZ, Sojuszu Lewicy Demokratycznej, Socjaldemokracji Polskiej, Unii Pracy, Polskiej Partii Socjalistycznej, RACJI Polskiej Lewicy, Unii Lewicy i Centralnego Klubu Weteranów Lewicy.  (...)  O godzinie 9.30 zostaną złożone wiązanki kwiatów pod Cytadelą i przy kamieniu upamiętniającym wydarzenia na Placu Grzybowskim w 1905 roku. Pod Cytadelą gospodarzem będzie Unia Pracy, a na Placu Grzybowskim – PPS. [Przegląd Socjalistyczny 2009](https://przeglad-socjalistyczny.pl/na-lewicy/187-1-maja--dwie-manifestacje)
- Kontrmanifestacja ONR: udzał bierze 6 osób (RP 2009)",PL_1990-2019.md
2009,PL,Apel,"1 MAJA – DZIEŃ SOLIDARNOŚCI W DOBIE KRYZYSU!
1 Maja to tradycyjne święto ludzi pracy. Od ponad stu lat, w rocznicę krwawych wydarzeń w 1886 r. w Chicago, kiedy to amerykańscy robotnicy wystąpili przeciwko zwolnieniom i wyzyskowi, w Polsce i na całym świecie pracownicy i związkowcy przypominają o swoich niezbywalnych prawach.
W roku 2009 przyjdzie nam obchodzić Święto Pracy w warunkach narastającego kryzysu gospodarczego, masowych zwolnień, wzrostu bezrobocia i spadku poziomu życia większości społeczeństwa.
Polska gospodarka stała się ofiarą światowego kryzysu gospodarczego wywołanego przez chciwość i manipulacje ponadnarodowych korporacji finansowych. Po raz kolejny okazało się, że słabo kontrolowana wolnorynkowa gospodarka nie ma recept i dobrych rozwiązań na zachłanność, maksymalizację zysku kosztem pracujących, równomierny i stabilny rozwój.
Kryzys, który rozpoczął się w Stanach Zjednoczonych Ameryki dosięgnął Polski, która ma też swój udział w jego powstaniu.
W całym kraju następują zwolnienia i obniżki płac. Różnice kursów walutowych uderzyły w ludzi inwestujących w swoje pierwsze mieszkanie.
W niektórych, słabo uprzemysłowionych regionach Polski, upadek przedsiębiorstw doprowadził do masowego bezrobocia i niemal klęski cywilizacyjnej.
Jednocześnie okazało się, że w naszym kraju jest wielu ludzi, którzy na biedzie i społecznej degradacji pracowników chcą się dorobić fortun i majątków.
Przy okazji"" kryzysu gospodarczego usiłuje się dokonać, niekorzystnych dla pracowników zmian w prawie pracy i ograniczyć uprawnienia związkowe.
Nie zapominajmy o elementarnej solidarności społecznej. Nie zapomnijmy o tym, że ciężar kryzysu gospodarczego powinni ponosić wszyscy – biedni i bogaci. To nie biedni wywołali obecny kryzys, zatem to nie biedni mają ponosić główne koszty błędnych decyzji bogatych.
**Święto Pracy – 1 Maja 2009 roku jest najlepszym dniem żeby o tym przypomnieć!**
Apelujemy do wszystkich pracowników, do ludzi którym na sercu leżą sprawy społeczne, dobro Polski, o liczny udział w tegorocznych obchodach Święta Pracy, w manifestacjach i spotkaniach.
Swoją obecnością pokażmy naszą troskę o zwalnianych i bezrobotnych, o zagrożonych utratą mieszkań, emerytów i rencistów, wykluczonych społecznie!
1 Maja pokażmy determinację w walce o równe rozłożenie ciężarów kryzysu, pokażmy naszą determinację w walce o solidarność społeczną!
Rada Ogólnopolskiego Porozumienia Związków Zawodowych
Warszawa, 31 marca 2009 r.",PL_1990-2019.md
2009,PL,TVP,"– W wiadomościach z 13 zdaje się że nic nie ma o obchodach Święta Pracy. Jest za to o piątek rocznicy wstąpienia do Unii przez Polskę, zaraz po informacji o zaginięciu polskiego kutra na Bałtyku. Ha! Jednak jest, i nawet pojawia się na nagraniu Krzysztof Ozdarski. *Święto kiedyś kojarzone z poparciem dla PZPR-u teraz przeciwnie – jest okazją do zamianifestowania sprzeciwu wobec rządzących*. Wyimek z przemówienia Guza, który utyskuje na działania rządu, choć większym radykalizmem wykazują się manifestanci nowolewicowi, Ikonowiczowscy. Znowu o akcji poznańskiej Naszości. W Niemczech znowu zamieszki w Berlinie i Hamburgu też. - | W Teleexpresie zaczyna się od rocznicy wejścia do Unii, jest też unijna propaganda sukcesu (choć są też koszty takie jak stocznia). Warszawski pochód określony jako największy, 1,5 tysiąca ludzi. Mniej demonstrujących niż w zeszłym roku, ale i tak najliczniejsi. Znowu byli na trasie narodowcy. 1 maja to też święto wędkarzy, i materiał o połowach szczupaka. Obchodzono też, na wyspie Wolin, pogańskie święto wiosny. Na granicy np. rozdawano róże w kolorach unijnych. - | W Panoramie też wstęp kontrastujący obecne pochody z tymi z okresu PRL. Podobno w Warszawie były 2 orkiestry. *Obrona praw pracowniczych i sprzeciw wobec polityki rządu* głównym motywem. Wywiad z Leszkiem Millerem, jest wyimek z przemówienia Jana Guza. W tle leci Pierwsza Brygada, a SLD wykorzystuje Święto by przypomnieć o sobie przed wyborami do Parlamentu Europejskiego. Są starcia pod pomnikami w Poznaniu, czy Krakowie. Romuald Rybiński mówi, że to nie jest święto komuchów, ale święto ludzi pracy. Grupy młodzieży ścierają się z policją, obrzucają ich petardami i butelkami - wybijanie szyb i takie tam sprawy. - | W Wiadomościach z 19:30 świąteczne wiadomości, ale zaczyna się od tragedii na Bałtyku ponownie. Na pl. Piłsudskiego dziennikarz, bo 5 lat temu wciągnięto tam flagę europejską – znów temat wcześniej niż transmisja z obchodów Święta Pracy. I znowu opowieści o tym, co się stało i co się zmieniło przez ostatnie 5 lat. Mowa o dopłatach i wielkich zmianach, do jakich dochodzi w tym czasie w kraju. Życie ludzi zmienia się po prostu na lepsze. Wałęsa na spotkaniu partii Libertas, której członkiem jest też Artur Zawisza? xdd. Polska Partia Pracy z takim samym hasłem, jak pochód pierwszomajowy (nie będziemy płacić za wasz kryzys). Ponadto europejska płaca minimalna. O pochodach – największy OPZZ-owski przechodzi przez ulice Warszawy. NA przedzie więcej ludzi z FMS, SLD, SdPL. Wywiad z panią, która chodziła od kiedy się urodziła. Telewizja raczej wywiady z politykami. Pokazują się Falangiści. Pochody kojarzą się głównie z PRL-em, mówi Michał Tracz z TVP. Dwa pochody w Warszawie, ten drugi, Ikonowicza, zdominowany przez młodych. Anarchiści też byli, spalili zdjęcie Henryki Bochniarz. Chwedoruk mówi o tym, że 1 maja cieszy się akceptacją wykraczającą poza polityczne deklaracje i manifestacje",PL_1990-2019.md
2009,PL,Wspolnie_OPZZ_PPS,Nie,PL_1990-2019.md
2009,PL,Miejsca_pamięci,"UP Przed pochodem, delegacje OPZZ i SLD: Brama Straceń bez delegacji
PPS przed pochodem, delegacje: Plac Grzybowski
PPS: Warecka",PL_1990-2019.md
2009,PL,Siedziba Robotnika,przedstawiciele PPS składają kwiaty (PS),PL_1990-2019.md
2009,PL,Plac Grzybowski,"Złożenie kwiatów, gospodarzem PPS. Wśród gości OPZZ (PS)
Wiązanki złożyly delegacje PPS, OPZZ, środowiska Krytyki Politycznej i Stowarzyszenia Młoda Demokracja (KZ 68/2009)",PL_1990-2019.md
2009,PL,Brama Straceń,"Gospodarzem UP, wśród gości ceremoni składania kwiatów OPZZ i SLD(TV SLD; PS)",PL_1990-2019.md
2009,PL,Plac Piłsudskiego,-,PL_1990-2019.md
2009,PL,kontra,"Kontrmanifestacja ONR – udział bierze 6 osób (RP 2009)
Podczas pikniku po pochodzie 1-majowym doszło do ataku skrajnie prawicowych bojówkarzy organizacji Falanga na siedzibę SLD przy ulicy Rozbrat.Bojówkarze wtargnęli na dziedziniec budynku przy Rozbrat. Zaczęli wyzywać osoby biorące udział w pikniku, po czym spalili czerwoną flagę SLD. Doszło także do szarpaniny z działaczami SLD, którzy chcieli usunąć oenerowców z siedziby Sojuszu.Dwóch członków SLD trafiło do szpitala, po tym jak działacze Falangi zaatakowali ich gazem pieprzowym. (lewica.pl)
Pochody próbowała zakłócić bezskutecznie kilkuosobowa, otoczona szczelnie przez policję grupa młodych ludzi w czarnych uniformach z flagami faszyzującej Falangi. ""Raz sierpem, raz młotem czerwoną hołotę!"", ""Nie Irlandia, nie Chicago. Praca w Polsce dla Polaków!"" - krzyczeli na pl. Trzech Krzyży falangiści w stronę OPZZ-owskiego pochodu.
Po komunikacie: ""Centra kapitalizmu zostaną obrócone w proch"", i odpaleniu kilku petard pochód zawrócił i ruszył w stronę Marszałkowskiej. Skandowano: ""Wolność, równość i socjalizm!"". Z okna kamienicy na Koszykowej poleciało jedno jajko (GW, 1 maja Ikonowicza)",PL_1990-2019.md
2009,PL,Pikniki,"Po pochodzie demonstranci udali się na dziedziniec siedziby SLD przy ul. Rozbrat, gdzie przy piwie, kiełbaskach i piosenkach z czasów PRL wspominali stare czasy. (RP 2009)
Podczas pikniku po pochodzie 1-majowym doszło do ataku skrajnie prawicowych bojówkarzy organizacji Falanga na siedzibę SLD przy ulicy Rozbrat (lewica.pl)
Przed gmachem Sejmu uczestnicy manifestacji zostali zaproszeni przez Grzegorza Napieralskiego do siedziby SLD na mały poczęstunek (DT 2009)",PL_1990-2019.md
2009,PL,Muzyka,"Gdy pochód dotarł pod Sejm, z głośników puszczono ""Międzynarodówkę"", orkiestra zagrała ""Marsz Pierwszej Brygady"" i manifestanci się rozeszli. (GW 2009)",PL_1990-2019.md
2009,PL,wiec,"Wszyscy uczestnicy wiecu [pod OPZZ] – min. przewodniczący ZZ Budowlani Zbigniew JAnowski, przewodniczący SLD Grzegorz Napieralski, przewodnicząca SdPL Sylwia Pusz, prewodniczący RN PPS Bogdan Gorski, wice Unii Pracy Marek Poniatowski, przewodniczący Ruchu Odnowy Gospodarczej im Gierka mówili o ... człowieka, nieufolności rządu w radzeniu sobie ze kutkami kryzysu gospodarczego, przypominano także o 5. rocznicy wstąpienia Polski do UE i zbliżających się wyborach (KZ 2.05.2009)
Za gazetą wyborczą – najpierw przemawia Jan Guz, potem Grzegorz Napieralski, potem Sylwia Pusz (SdPl) (1-majowe oblicza lewicy 2009)
Przemówienia spod OPZZ – skróty w DT 2009
W TVP po wstępie pokazane przemówienie Jana Guza spod OPZZ.
Zdjęcie ze sceny pod OPZZ, na której stoją panowie z flagami SLD, Unii Pracy, przewodniczący OPZZ Jan Guz (TVP 2009)",PL_1990-2019.md
2009,PL,Komitet organizacyjny,"2 kwietnia 2009 roku w warszawskiej siedzibie OPZZ na zaproszenie przewodniczącego OPZZ Jana Guza odbyło się spotkanie w sprawie tegorocznych obchodów Święta Pracy. W spotkaniu wzięli udział przedstawiciele OPZZ, Sojuszu Lewicy Demokratycznej, Socjaldemokracji Polskiej, Unii Pracy, Polskiej Partii Socjalistycznej, RACJI Polskiej Lewicy, Unii Lewicy i Centralnego Klubu Weteranów Lewicy.Wstępnie ustalono, że manifestacja w Warszawie przebiegać będzie trasą, taką jak w 2008 r., tj.: wiec przed siedzibą OPZZ przy ul. Kopernika i przemarsz ulicami: Świętokrzyską, Nowym Światem, przez Plac Trzech Krzyży, Wiejską pod Sejm. Początek manifestacji o godzinie 11.00.O godzinie 9.30 zostaną złożone wiązanki kwiatów pod Cytadelą i przy kamieniu upamiętniającym wydarzenia na Placu Grzybowskim w 1905 roku. Pod Cytadelą gospodarzem będzie Unia Pracy, a na Placu Grzybowskim – PPS.Ustalono, że kolejne spotkanie odbędzie się 16 kwietnia br. (przegladsocjalistyczny.pl 2009)
6 kwietnia 2009 r. w Warszawie odbyło się spotkanie w sprawie przygotowania tegorocznego pochodu pierwszomajowego. Wzięli w nim udział przedstawiciele Grupy anarcho - feministycznej, Komunistycznej Patii Polski, Lewicowej Alternatywy, Nowej Lewicy, Racji Polskiej Lewicy, Stowarzyszenia Wolność - Równość - Solidarność, Warszawskiej Grupy Anarchistycznej i Związku Syndykalistów Polski.Podjęto decyzję o organizacji wspólnego dla anarchistów i radykalnej lewicy pochodu 1 majowego. Tegoroczny pochód odbędzie się pod dwoma głównymi hasłami - sprzeciwu wobec kapitalizmu i przerzucania skutków kryzysu na ludzi pracy oraz protest przeciw reprywatyzacji budynków mieszkalnych.Wymienione organizacje wydadzą wspólny plakat zapraszający zwolenników walki o wyzwolenie społeczne i polityczne, pracowników, lokatorów i pozostałych warszawiaków do udziału w demonstracji.W tym roku warszawski pochód rozpocznie się o godz.11:00 na rondzie Ch. de Gaulle'a i przejdzie pod Giełdę Papierów Wartościowych oraz Urząd Rady Ministrów, a zakończy marsz pod PKPP Lewiatan. (przeglad socjalistyczny 2009)",PL_1990-2019.md
2009,PL,Frame_MayDay,"Ciekawe transparenty przygotowane przez OPZZ: O godne emerytury! Rządzie, gdzie są nasze pieniądze? Przez 35 lat uzbieraliśmy na swoją emeryturę i swoje życie (2009_TVP_Panorama_pochod)",PL_1990-2019.md
2010,PL,Wydarzenia_alt,"*Działacze Polskiej Partii Socjalistycz- ne wzięli udział w większości manifestacji w całym kraju. W Warszawie delegacje PPS złożyły kwiaty pod tablicą upamiętniającą bohaterów walk o wyzwolenie narodowe i społeczne przy Bramie Straceń Cytade- li Warszawskiej oraz pod kamieniem przy ulicy Wareckiej gdzie mieściła się siedziba PPS i redakcja „Robotnika”.* (Przegląd Socjalistyczny, 2/2010)
Około 150 osób wzięło udział w demonstracji pierwszomajowej w Warszawie organizowanej przez Nową Lewicę/Kancelarię Sprawiedliwości Społecznej, Pracowniczą Demokrację, Komunistyczną Partię Polski, młodzieżówkę Unii Pracy, Ogólnopolski Związek Bezrobotnych oraz redakcję pisma ""Dalej"". Wśród uczestników byli też członkowie Lewicowej Alternatywy oraz Inicjatywy Pracowniczej. (lewica.pl)",PL_1990-2019.md
2010,PL,Apel,"**1 MAJA 2010   -   Apel Ogólnopolskiego Porozumienia Związków Zawodowych**
•    1 Maja – Święto Pracy, nasze Święto!
•    1 Maja – dniem solidarności z ofiarami kryzysu!
•    1 Maja – dniem walki z ubóstwem i wykluczeniem społecznym!
1 Maja to tradycyjne święto ludzi pracy. Od ponad stu lat, w rocznicę krwawych wydarzeń w 1886 r. w Chicago, kiedy to amerykańscy robotnicy wystąpili przeciwko zwolnieniom i wyzyskowi, w Polsce i na całym świecie pracownicy i związkowcy przypominają o swoich niezbywalnych prawach.
1 Maja 2010 roku dla polskich pracowników nie jest powodem do radości. Pomimo oświadczeń rządu, że Polska jest jedynym krajem w Europie, który nie doznał skutków kryzysu, w Polsce jest coraz mniej pracy. Bezrobocie osiągnęło najwyższy od lat poziom. Spadają płace realne, pogarsza się byt wielu polskich rodzin, rośnie rozwarstwienie społeczne, rośnie deficyt budżetowy.
Spotykając się w dniu Święta Pracy na tradycyjnych manifestacjach, wiecach i majówkach pokażemy nasze niezadowolenie z warunków pracy i życia Polaków. Będziemy przypominali partii rządzącej, że Polska nie jest „zieloną wyspą” premiera Donalda Tuska, że fascynacja prezydenckimi prawyborami nie może zasłonić rzeczywistych problemów społecznych w Polsce.
W dniu Święta Pracy bądźmy solidarni z tymi, którzy stracili pracę, z tymi którzy są zagrożeni jej utratą, z ludźmi którzy mając pracę wegetują na skraju ubóstwa.
Rok 2010 został ogłoszony przez Radę Unii Europejskiej Europejskim Rokiem Walki z Ubóstwem i Wykluczeniem Społecznym. 1 Maja - w dniu Święta Pracy powinniśmy szczególnie pamiętać o ludziach biednych, ludziach ekonomicznie i społecznie wykluczonych.
W Europejskim Roku Walki z Ubóstwem i Wykluczeniem Społecznym w dniu 1 Maja, w dniu Święta Pracy będziemy się domagać:  •    Gwarantowanego i dostatecznego dochodu minimalnego dla wszystkich!
•    Natychmiastowej pełnej ratyfikacji Zrewidowanej Europejskiej Karty Społecznej!
•    Przestrzegania prawa pracy i godności pracy każdego obywatela!
•    Bezpłatnej pomocy prawnej dla ludzi ubogich i wykluczonych!
•    Wysokiej jakości usług socjalnych i społecznych!
•    Godnego wynagrodzenia za wykonywaną pracę!
•    Wprowadzenia w życie aktywnej polityki społecznej!
•    Bezpłatnej ochrony zdrowia!
Apelujemy do wszystkich pracowników, związkowców, do ludzi którym na sercu leżą sprawy społeczne, dobro Polski, o liczny udział w tegorocznych obchodach Święta Pracy, w manifestacjach, wiecach, spotkaniach i majówkach.
Prezydium  Ogólnopolskiego Porozumienia  Związków Zawodowych  Warszawa, 16 marca 2010 r.",PL_1990-2019.md
2010,PL,TVP,"Wiadomości o 13. Znowu to samo – pochody przechodzą, ale to już nie jest to samo, co za czasów PRL. Mimo złej pogody przeszli związkowcy. W Kaliszu Solidarność. Naprawdę bardzo mały pochodzik. Jest o historii Święta Pracy, Międzynarodówce, jest też nieprawdziwa informacja że obchodzimy w Polsce Święto Pracy od początku XX wieku
Po raz pierwszy (?) 1 i 3 maja nie można robić zakupów.
Teleexpress o 17. Tutaj najpierw o sytuacji w Berlinie, o zamieszkach i obawach mieszkańców miasta. W Polsce natomiast nieco mniej ludzi niż 25 lat temu, mówi Pani. PPS, KSS i OPZZ – 3 pochody w Warszawie. Bardzo krótko, następny materiał o *pochodzie polaków w stronę grilla*. Święto pochodów (małych, o których niewiele zostało powiedziane) przeciwwstawione grillowaniu Polaków
W Panoramie najpierw o majówkowaniu i grillowaniu. Jest o dotacjach unijnych, i o tym jak fajnie jest w Europie – że granice otwarte, drogi lepsze. Po materiale o majówkach, pojawia się relacja z pochodu – tuż za Pacanowem i wypowiedzią Koziołka Matołka. 1 maja w Polsce... *są jeszcze tacy, dla których pierwszomajowy pochód to tradycja*. Wyimek z Jana Guza – na poczatkach święta walczono o konkretne rozwiązania. Mowa o emeryturach Jana Guza. Ale jest to też dyskusja o roli związków zawodowych, wypowiedź związkowca. 13 raz w pochodzie w Katowicach idą bezdomni. Solidarność w Bazylice Kaliskiej obchodzi, razem z pracodawcami. Wypowiada się Janusz Śniadek, ówczesny przewodniczący święta.
1 maja *w cieniu katastrofy.* To nie było radosne święto, kilkaset osób w Warszawie, pada deszcz. Napieralski mówi o złej sytuacji pracowników na pochodzie, ale warszawskiemu pochodowi nie poświęcono przesadnie wiele miejsca. Po raz kolejny zestawione z archiwalnymi materiałami z czasów PRL. Jest o przymusie, o przyjaźni polsko-radzieckiej. O tym, jak rzucano wtedy do sklepów. **Są nagrania z pochodów po roku 1989**. I chociaż są mniejsze, to jednak są tacy, którzy wciąż je obchodzą. Po raz kolejny Solidarność idzie do Kalisza",PL_1990-2019.md
2010,PL,Wspolnie_OPZZ_PPS,Nie,PL_1990-2019.md
2010,PL,Miejsca_pamięci,"UP, delegacja PPS (OPZZ?): Brama Straceń bez delegacji
PPS: Warecka
przed pochodem OPZZ i SLD, gospodarz PPS: Plac Grzybowski",PL_1990-2019.md
2010,PL,Siedziba Robotnika,"działacze PPS składają kwiaty (PS). Przybywa też delegacja z OPZZ, wszystko odbywa się przed właściwym pochodem (Kronika Związkowa)",PL_1990-2019.md
2010,PL,Plac Grzybowski,nie ma informacji o składaniu kwiatów na placu Grzybowskim w PS,PL_1990-2019.md
2010,PL,Brama Straceń,"UP i delegacja PPS, SdPL oraz OPZZ składają kwiaty pod Bramą Straceń (dzieje.pl)",PL_1990-2019.md
2010,PL,Plac Piłsudskiego,-,PL_1990-2019.md
2010,PL,Pikniki,"Zginęli tam też wybitni przedstawiciele lewicy. To przykre, że nie mogą dziś iść z nami – mówił przewodniczący OPZZ Jan Guz. Po przemówieniach pochód ruszył pod Sejm, a stamtąd na piknik na dziedzińcu siedziby SLD przy ul. Rozbrat. (RP 2010, JJG)",PL_1990-2019.md
2010,PL,kontra,Brak informacji o jakichkolwiek kontrach i starciach z prawicowymi demonstrantami,PL_1990-2019.md
2010,PL,wiec,"Zaczyna się od minuty ciszy dla uczczenia ofiar katastrofy Smoleńskiej. Oczywiście pierwsze przemówienie przewodniczącego OPZZ, ale *po przemówieniACH pochód ruszył pod Sejm* (NTP 2010)
W 2010 pokazano fragment przemówienia Domańskiego z SdPL pod OPZZ-em. Tylko wywiad z Napieralskim, który mówi, że spotykami sie w solidarności z ludźmi pracy w wywiadzie (TVP 2010)",PL_1990-2019.md
2011,PL,Apel,"Apel Ogólnopolskiego Porozumienia Związków Zawodowych ,,O godne obchody Święta Pracy” 1 Maja 2011 roku.
Szanowne Koleżanki i Koledzy związkowcy! Ludzie pracy!
W tym roku na ziemiach polskich będziemy już po raz 121 obchodzić Święto Pracy. Święto, które historycznie łączy w sobie walkę o sprawiedliwość i niepodległość naszego kraju.
Od 1890 roku w dniu 1 Maja, **Międzynarodowym Dniu Solidarności Ludzi Pracy**, na ulice polskich miast wychodzili pracownicy, związkowcy, działacze partii lewicowych, aby pokazać swoje przywiązanie do idei równości i sprawiedliwości społecznej, aby pokazać swoje przywiązanie do przestrzegania prawa pracy, do walki z rozwarstwieniem społecznym, dyskryminowaniem pracowników i bezrobociem.
Dzisiaj te wartości, w imię których od lat manifestują pracownicy i związkowcy są nadal ważne, nadal musimy pokazywać, że świat pracy będzie bronił prawa do godnego życia. We współczesnej Polsce jest ogromne rozwarstwienie poziomu życia, które skutkuje wykluczeniem społecznym wielkich grup społecznych i całych regionów.
Jednocześnie istnieją bieguny bogactwa, wydzielone osiedla otoczone ochroniarzami, gdzie elita społeczna separuje się od normalnych obywateli.
Polska, choć formalnie od 1 Maja 2004 roku jest krajem Unii Europejskiej, radykalnie odbiega od standardów unijnych.
W Polsce mamy najwięcej w Unii pracowników zatrudnionych na różnego typu umowy cywilno-prawne i okresowe, w wyniku czego mamy drugą kategorię obywateli, których prawa ekonomiczne są ograniczone.
W Polsce mamy największy w Europie wskaźnik niedożywionych dzieci i ludzi żyjących na skraju nędzy.
O tym wszystkim musimy 1 Maja przypomnieć
. Dlatego też Ogólnopolskie Porozumienie Związków Zawodowych apeluje o godne uczczenie w 2011 roku Święta Pracy, o przypomnienie nierozwiązanych przez kolejne rządy problemów polskich pracowników! Niech się święci 1 Maja 2011! Rada Ogólnopolskiego Porozumienia Związków Zawodowych Warszawa, 9 marca 2011 r",PL_1990-2019.md
2011,PL,Wydarzenia_alt,"–_Podczas uroczystości w Warszawie delegacje Polskiej Partii Socjalistycznej z udziałem przedstawicieli OPZZ i SLD złożyły kwiaty pod kamieniem na Placu Grzybowskim upamiętniającym wydarzenia z listopada 1904 roku, które zapoczątkowały Rewolucję 1905 roku. Delegacja Unii Pracy z udziałem OPZZ i SLD złożyła również kwiaty przy Bramie Straceń na warszawskiej Cytadeli, gdzie zginęło wielu najznakomitszych przedstawicieli polskiej lewicy w okresie do 1918 roku._ [[Doktorat/03_Dane/Polska/Prasa_opisy/@PrzegladSocjalistyczny142011|@PrzegladSocjalistyczny142011]]- |“Współczesne treści 1 Maja Komisja Historyczna PPS i Ogólnopolskie Porozumienie Związków Zawodowych byli organizatorami debaty „Treści 1 Maja, geneza i tradycje a współczesne wyzwania”, która odbyła się w dniu 27 kwietnia 2011 roku w Warszawie. Podstawowy referat przypominający tradycję święta oraz jego historyczne uwarunkowania wygłosił Leonard Dubacki, członek kolegium redakcyjnego „Przeglądu Socjalistycznego”. Wypowiadało się kilkanaście osób z różnych środowisk lewicy społecznej i związków zawodowych.” (“Przegląd Socjalistyczny 1-4/2011”, 2011, p. 182)Pod koniec wiecu wypuszczone zostały gołębie, podobnie jak w 2010 roku. Dlaczego? Skąd ten pomysł?- |O godz. 13 przed Świątynię przyjechała z pl. Piłsudskiego replika pierwszego papamobile z 1979 r. Ale wszyscy czekali na kulminacyjny moment, czyli odsłonięcie wielkiego obrazu Jana Pawła II zrobionego ze zdjęć nadesłanych przez Internet do Centrum Opatrzności Bożej. (RP 2011)
10. Ogólnopolska Pielgrzymka Robotników w Kaliszu
Kancelaria Sprawiedliwości Społecznej, we współpracy z Komunistyczną Partią Polski, RACJĄ Polskiej Lewicy, Pracowniczą Demokracją oraz Nurtem Lewicy Rewolucyjnej zorganizował Marsz Pustych Garnków. Początek na rondzie de Gaulle'a. W wiecu i pochodzie wzięli też udział członkowie Polskiej Partii Pracy - ""Sierpień 80"", RACJI Polskiej Lewicy, Ogólnopolskiego Związku Bezrobotnych,  Pracowniczej Demokracji, Lewicowej Alternatywy i Inicjatywy Stop Wojnie wraz ze społecznością syryjską.",PL_1990-2019.md
2011,PL,TVP,"- **Wiadomości o 13.** Jan Paweł II błogosławiony – to pierwsza wiadomość w Wiadomościach z 2011 roku. Tłumy w Łagiewnikach, w całej Polsce wszyscy świętują beatyfikację Jana Pawła II, mówi spikerka TVP. *Wszyscy tego dnia chcieli być wyjątkowo blisko Jana Pawła II*. Donald Tusk przyjechał tego dnia do Wadowic. W Warszawie na Wilanowie w Świątyni wyjątkowy portret JP2.  Niemal całe wiadomości o beatyfikacji i papieżu. No i 7 lat Polski w Unii, to ostatnia wiadomość w tym wydaniu. Nic o Święcie Pracy 
- Teleexpress też o papieżu. Jest też relacja z placu Piłsudskiego, gdzie stanął telebim, przed którym tłumy ludzi oglądały transmisję z beatyfikacji. Ale, pojawia się info o manifestacji przed Stocznią Szczecińską, gdzie *zorganizowano centralne obchody*. Było 200 osób, ale były też inne miasta. Około 100 osób w Warszawie przed siedzibą OPZZ. Bardzo skrótowo, kilka zdjęć i nic więcej
- Panorama o 18 też nadawana z Watykanu, o papieżu. Ale dają powiedzieć 2 słowa Janu Hartmannowi. Po pół godzinie papieżowania pojawia się relacja z wiecu warszawskiego OPZZ. Guz mówi o prawie do godnej pracy, godnego wynagrodzenia, zabezpieczanie emerytalno-rentowego. SLD przenosi się do Szczecina, o czym też jest w programie. O 21:37 wezwanie, by Polacy znów byli razem xdd
- Wiadomości o 19 nadawane z Watykanu xd. Całe wiadomości, od początku do końca o papieżu – pokazane uroczystości, rola w obaleniu komuny i przywróceniu wolności, wspomnienia przyjaciół i głosy Polaków.",PL_1990-2019.md
2011,PL,Wspolnie_OPZZ_PPS,Nie,PL_1990-2019.md
2011,PL,Miejsca_pamięci,"UP i SLD: Brama Straceń
delegacje PPS, OPZZ i SLD: Plac Grzybowski",PL_1990-2019.md
2011,PL,Siedziba Robotnika,Uczestnicy Marszu Pustych Garnków udają się pod siedzibę Robotnika i kamień upamiętniający to miejsce (lewica.pl),PL_1990-2019.md
2011,PL,Plac Grzybowski,delegacje PPS z udziałem przedstawicieli OPZZ i SLD składają kwiaty (PS),PL_1990-2019.md
2011,PL,Brama Straceń,"delegacja UP z  PPS, OPZZ i SLD składa kwiaty (PS, Związkowiec)",PL_1990-2019.md
2011,PL,Plac Piłsudskiego,-,PL_1990-2019.md
2011,PL,Pikniki,Brak informacji o festynie/pochodach – centralne obchody SLD przeniesione do Szczecina (JJG),PL_1990-2019.md
2011,PL,kontra,Brak informacji o jakichkolwiek kontrach i starciach z prawicowymi demonstrantami,PL_1990-2019.md
2011,PL,wiec,"Wiec otwiera oczywiście przewodniczący OPZZ Jan Guz. Wypowiedział się również przewodnicząćy ZNP Sławomir Broniarz. Tym razem wyjątkowo SLD przenosi centralne obchody do Szczecina, gdzie Napieralski składa kwiaty pod zamykaną stocznią szczecińską  (NTP 2011; TVP 2011_panorama). Oprócz tego przemówienia Piotra Gadzinowskiego i Pauliny Piechny-Więckiewicz (OPZZ 1 maja 2011)",PL_1990-2019.md
2011,PL,Muzyka,"Wydaje mi się, że słychać fragment Międzynarodówki w trakcie wywiadu z Guzem (2011_TVP_panorama 00:27)",PL_1990-2019.md
2012,PL,Wydarzenia_alt,"- Kongres Ruchu Palikot w sali kongresowej- marsz autonomicznych nacjonalistów- _Działacze Polskiej Partii Socjalistycznej złożyli w dniu 1 maja 2012 roku wiązankę kwiatów pod kamieniem upamiętniającym krew robotniczą przelaną na Placu Grzybowskim w 1904 roku, następnie wzięli udział we wspólnym wiecu i pochodzie z OPZZ i SLD. Głównymi hasłami tegorocznego pochodu był sprzeciw wobec planów podniesienia wieku emerytalnego, umów śmieciowych oraz bezrobocia._ [[Doktorat/03_Dane/Polska/Prasa_opisy/@PrzegladSocjalistyczny142012|@PrzegladSocjalistyczny142012]]- *W związku z tegorocznymi obchodami 1 Maja Jan Guz, przewodniczący Ogólnopolskiego Porozumienia Związków Zawodowych, przekazał z tej okazji w dniu 26 kwietnia 2012 roku pozdrowienia i zaprosił do udziału w obchodach 1 Maja prezydenta RP Bronisława Komorowskiego, marszałek Sejmu Ewę Kopacz, marszałka Senatu Bogdana Borusewicza, prezesa Rady Ministrów Donalda Tuska oraz ministra pracy i polityki socjalnej Władysława Kosiniak-Kamysza.* (PS 2012)",PL_1990-2019.md
2012,PL,Apel_SLD,"1-Maja wspominamy brutalnie rozpędzone, krwawe demonstracje robotnicze w Chicago z końca XIX wieku. Wtedy świat dostrzegł prawdziwe oblicze kapitalizmu. Dziś kryzys gospodarczy i jego dotkliwe skutki dla pracowników, po raz kolejny, skłaniają do refleksji nad współczesnym kapitalizmem i najważniejszym obowiązkiem lewicy – troską o dobro człowieka i społeczną sprawiedliwość.
Wszyscy jesteśmy ludźmi pracy. Bez względu na to jaką pracę wykonujemy i w jakiej formie jesteśmy zatrudnieni. Wszystkich nas dotyczą warunki i prawo pracy. Dlatego RAZEM weźmy udział w- organizowanym wspólnie przez Sojusz Lewicy Demokratycznej i Ogólnopolskie Porozumienie Związków Zawodowych- pochodzie pierwszomajowym w Warszawie. Zaprotestujmy przeciwko forsowanemu przez rząd, a popieranemu przez koalicję Platformy Obywatelskiej – Polskiego Stronnictwa Ludowego – Ruchu Palikota, wydłużeniu wieku emerytalnego niemal aż do śmierci. Będziemy się także domagać radykalnego ograniczenia tzw. umów śmieciowych.
Od ośmiu lat 1 Maja jest również rocznicą naszego wstąpienia do Unii Europejskiej, które wiąże się z poprawą jakości życia Polaków, postępem cywilizacyjnym oraz wzrostem bezpieczeństwa społecznego. Stało się to możliwe dzięki konsekwentnej polityce lewicowego rządu Leszka Millera, który skutecznie wynegocjował wówczas  najkorzystniejsze warunki członkostwa Polski w Unii. To historyczna zasługa naszej formacji!  W tym dniu pamiętajmy także o tym.
**Apel** **V Kongresu Sojuszu Lewicy Demokratycznej** **przed Świętem 1-Maja**
1-Maja wspominamy brutalnie rozpędzone, krwawe demonstracje robotnicze w Chicago z końca XIX wieku. Wtedy świat dostrzegł prawdziwe oblicze kapitalizmu. Dziś kryzys gospodarczy i jego dotkliwe skutki dla pracowników, po raz kolejny, skłaniają do refleksji nad współczesnym kapitalizmem i najważniejszym obowiązkiem lewicy – troską o dobro człowieka i społeczną sprawiedliwość.
Wszyscy jesteśmy ludźmi pracy. Bez względu na to jaką pracę wykonujemy i w jakiej formie jesteśmy zatrudnieni. Wszystkich nas dotyczą  i prawo pracy. Dlatego RAZEM weźmy udział w – organizowanym wspólnie przez Sojusz Lewicy Demokratycznej i Ogólnopolskie Porozumienie Związków Zawodowych – pochodzie pierwszomajowym w Warszawie. Zaprotestujmy przeciwko forsowanemu przez rząd, a popieranemu przez koalicję Platformy Obywatelskiej – Polskiego Stronnictwa Ludowego – Ruchu Palikota, wydłużeniu wieku emerytalnego niemal aż do śmierci. Będziemy się także domagać radykalnego ograniczenia tzw. umów śmieciowych.
Od ośmiu lat 1 Maja jest również rocznicą naszego wstąpienia do Unii Europejskiej, które wiąże się z poprawą jakości życia Polaków, postępem cywilizacyjnym oraz wzrostem bezpieczeństwa społecznego. Stało się to możliwe dzięki konsekwentnej polityce lewicowego rządu Leszka Millera, który skutecznie wynegocjował wówczas  najkorzystniejsze warunki członkostwa Polski w Unii. To historyczna zasługa naszej formacji!  W tym dniu pamiętajmy także o tym.
**Niech się święci 1 Maja!**
_Warszawa, 28 kwietnia 2012 r._",PL_1990-2019.md
2012,PL,Apel,"**Szanowne Koleżanki i koledzy związkowcy!
Ludzie pracy!**
W tym roku będziemy 1 Maja po raz 122 obchodzić **Międzynarodowy Dzień Solidarności Ludzi Pracy.** Święto, które historycznie łączy w sobie walkę o sprawiedliwość i niepodległość naszego kraju.
Od 1890 roku w dniu **1 Maja – Międzynardowym Dniu Solidarności Ludzi Pracy**, na ulice polskich miast wychodza pracownicy, związkowcy, działacze partii lewicowych, aby pokazać swoje przywiązanie do idei równości i sprawiedliwości społecznej, aby pokazać swoje przywiązanie do przestrzegania prawa pracy, do walki z rozwarstwieniem spolecznym, dyskryminowaniem pracowników i bezrobociem.
Dzisiaj te wartości, w imię których od lat manifestują pracownicy i związkowcy są nadal ważne, nadal musimy pokazywać, że świat pracy będzie bronił prawa do godniego życia.
**Neoliberalny rząd Donalda Tuska, który od lat nie potrafi rozwiązać podstawowych problemów Polski, autokratycznie narzuca społeczeństwu swoje rozwiązania, niszczy dialog spoleczny w naszym kraju**.
– W całym kraju trwają protesty przeciwko podniesieniu wieku uprawniającego do otrzymania emerytury – rząd nie liczy się z opinią społeczną, odrzuca ideę referendum w tej sprawie
– W wielu zakładach toczą się akcje protestacyjne i negocjacje płacowe dla utrzymania podstawowego poziomu życia przez pracowników
– Nadal istnieje ogromne rozwarstwienie poziomu życia Polaków, które skutkuje wykluczeniem społecznym wielkich grup społecznych i całych regionów. Jednocześnie istnieją bieguny bogactwa, wydzielone osiedla otoczone ochroniarzami, gdzie elita społeczna separuje się od normalnych obywateli.
– Polska, choć formalnie od 1 Maja 2004 roku jest krajem Unii Europejskiej, we wszystkich dziedzinach radykalnie odbiega od standardów unijnych.
– W Polsce mamy najwięcej w Unii pracowników zatrudnionych na ""śmieciówki"" – różnego typu umowy cywilno-prawne i okresowe, w wyniku czego mamy drugą kategorię obywateli, których prawa ekonomiczne i społeczne są ograniczone.
W Polsce mamy największy w Europie wskaźnik niedożywionych dzieci i ludzi żyjących na skraju nędzy.
O tym wszystkim musimy 1 Maja przypomnieć.
**Dlatego też Ogólnopolskie Porozumienie Związków Zawodowych apeluje o liczny udział i godne uczczenie w 2012 roku dnia 1 Maja, o przypomnienie nierozwiązanych przez kolejne rządy problemów polskich pracowników!**
**Niech się święci 1 Maja 2012!
Ogólnopolskie Porozumienie Związków Zawodowych**
Warszawa, 24 kwietnia 2012 r.",PL_1990-2019.md
2012,PL,TVP,"- Teleexpress z 2012 – SLD wzywa do 50% podatku dla najbogatszych, obniżki ZUS-u oferowane przez przez Palikota. Widać, że tłum jest ogromny. Wyimki z Guza – chce walczyć ze spekulantami. Leszek Miller mówi, że tam na sali kongresowej są kapitaliści. Mimo widocznych gołym okiem tłumów, dość mało miejsca w wiadomościach poświęconego uroczystościom. A Janusz Palikot chce *korekty kapitalizmu*, którą nazywa również bezwzględną religią. Krytykuje kapitalizm i jego kapłanów (Tusk, Kaczyński, inni). Po raz pierwszy przywódcy rosyjscy biorą udział w pochodzie: Miedwiediew i Putin idą
- W panoramie z 18 zaczyna się od pochodów. Podobno 11 manifestacji w Warszawie tego dnia. Byli i socjaliści i nacjonaliści. Zaczyna się od Leszka Millera. Guz wzywa do likwidacji OFE, do ddania ""naszych składek"". SLD nie stroni od radykalnych haseł, zapowiedź powrotu do radykalnych haseł. Według SLD grubo ponad 20 tysięcy – na pewno ludzi jest bardzo dużo. Oddzielnie świętuje Ruch Palikota, na Sali Kongresowej. Miller się sprzeciwia, *lewica nie może popierać podniesienia wieku emerytalnego*. Palikot mówi, że kapitalizm jest religią. *Będziemy prowadzili politykę pełnego zatrudnienia.* Oprócz tego przez Warszawę przechodzą narodowcy, anarchiści, ale do żadnych starć nie doszło. Jest też relacja z Łagiewnik i obchodów rocznicy beatyfikacji Jana Pawła II. W centrum Warszawy pod pałacem Kultury można było zobaczyć Syrenę Sport – gwiazdę prlowskiej motoryzacji, która miała być polskim ferrari. Jest więc element nostalgii za dawnymi czasami. Wyjątkowy samochód, który nie przypomina niczego innego, co wychodzi z fabryki FSO.
- Wiadomości o 19:30. Znów podział lewicowy symbolizowany przez kontrast między kongresem Palikota a pochodem SLD-owskim, OPZZ gdzieśtam znika. Miał być pochód całej lewicy, ale ostatecznie widoczny podział – jak mówi Miller osią podziału stosunek do podwyższenia wieku emerytalnego. Śpiewano Międzynarodówkę. Miało być ponad 20 tysięcy ludzi. Wuwuzele, klaskacze, hasła o podatkach dla najbogatszych. Jest też o Marszu anarchistycznym i nacjonalistycznym. Dziennikarz TVP mówi, że jest to święto lewicy, ale na ile ta lewica będzie w stanie skorzystać, również z tego powodu że jest kryzys. W Moskwie 100 tysięcy ludzi. Pojawiają się materiał przypominający o pierwszomajowych tradycjach z okresu PRL. Żarty z przodownictwa pracy, nagrody dla najlepszych pracowników (baardzo podobne do tego, co było kilka lat wcześniej). Dane, że tylko 11% pracujących pracuje krócej niż 40h – reszta pracuje dłużej. 2 maja ogłoszenie kadry na Euro",PL_1990-2019.md
2012,PL,Wspolnie_OPZZ_PPS,Nie; spotkanie przed pochodem z PPS na placu Grzybowskim Ikonowicza,PL_1990-2019.md
2012,PL,Miejsca_pamięci,"delegacje PPS i OPZZ: Plac Grzybowski
delegacje UP i OPZZ: Brama Straceń",PL_1990-2019.md
2012,PL,Siedziba Robotnika,?,PL_1990-2019.md
2012,PL,Plac Grzybowski,"delegacje PPS i OPZZ składają kwiaty (PS, TVP)
Jeszcze przed rozpoczęciem uroczystości przed budynkiem OPZZ, delegacje OPZZ złożyły wieńce przed miejscami pamięci, niezwykle ważnymi dla tożsamości związków zawodowych i lewicy w Polsce (KZ 63/2012)",PL_1990-2019.md
2012,PL,Brama Straceń,"delegacje UP i OPZZ (przegladsocjalistyczny.org)
Jeszcze przed rozpoczęciem uroczystości przed budynkiem OPZZ, delegacje OPZZ złożyły wieńce przed miejscami pamięci, niezwykle ważnymi dla tożsamości związków zawodowych i lewicy w Polsce (KZ 63/2012)",PL_1990-2019.md
2012,PL,Plac Piłsudskiego,-,PL_1990-2019.md
2012,PL,Pikniki,"Demonstracja pójdzie Nowym Światem do parku Rydza-Śmigłego, gdzie odbędzie się pierwszomajowy ""rodzinny piknik europejski"". Zagrają Gipsy Kings oraz Majka Jeżowska. (GW 2012)
Miller przypomniał, że 1 maja Sojusz wraz z Ogólnopolskim Porozumieniem Związków Zawodowych organizuje w Warszawie pochód, który ruszy o godz. 11 sprzed siedziby OPZZ przy ul. Kopernika, a następnie przejdzie Krakowskim Przedmieściem, Nowym Światem, Książęcą i zakończy się w parku przy ul. Rozbrat. Tam odbędzie się ""europejski"" piknik rodzinny. (Wprost 2012)
Na scenie występuje również popularny wówczas zespół Weekend",PL_1990-2019.md
2012,PL,kontra,"W święto lewicy przez Warszawę przejdzie też po raz pierwszy manifestacja skrajnej prawicy. Organizują ją tzw. autonomiczni nacjonaliści (organizowali m.in. demonstrację ""Kosowo jest serbskie"", podczas której wybito szyby w Nowym Wspaniałym Świecie). Autonomiczni Nacjonaliści to jedna z najbardziej radykalnych grup nacjonalistycznych w Polsce. (GW 2012)",PL_1990-2019.md
2012,PL,wiec,"Obchody zaczęły się od odśpiewania Mazurka Dąbrowskiego i Międzynarodówki. Następnie przewodniczacy OPZZ Jan Guz zarządził minutę ciszy dla uczczenia pamięci ponad 400 pracowników, którzy w 2011 stracili życie w wypadkach w pracy. Następnie głos zabrali przewodniczący OPZZ Jan Guz, przewodniczący SLD Leszek Miller oraz przewodniczące organizacji młodzieżowych OPZZ i SLD – Dominika Buczek i Paulina Piechna-Więckiewicz (KZ 1.05.2012)
(...) Następnie zebrani przeszli ulicami (...), gdzie odbyła się druga część wiecu – poświęcona 8. rocznicy przystąpienia Polski do Unii Europejskiej i rozpoczął się ""piknik europejski (KZ 1.05.2012)
Pod OPZZ w TVP poza tym co zapisane wyżej, jest nagranie z przemowień ze sceny ustawionej już w Parku Rozbrat, na pikniku Europejskim SLD (2012_TVP_pochody)
Na Youtube widać wspólne (?) przemówienie Millera i Guza – to znaczy obaj mają mikrofony podstawione i przemawiają, ale pokazany jest głównie Leszek Miller (Youtube 2012)",PL_1990-2019.md
2013,PL,Wydarzenia_alt,"*Obchody Święta Pracy w Warszawie w dniu 1 maja 2013 roku rozpoczęła Polska Partia Socjalistyczna manifestacją kilkudziesięciu osób na Placu Grzybowskim, gdzie złożono kwiaty pod kamieniem upamiętniającym demonstracje robotnicze, które rozpoczęły Rewolucję 1905 roku. Przemówienia okolicznościowe wygłosili: przewodniczący Rady Naczelnej PPS – Bogusław Gorski oraz przewodniczący OKW PPS w Warszawie – Mirosław Nizielski. Obydwaj przemawiający podkreślili wielką historyczną rolę PPS w kształtowaniu się w Polsce myślenia lewicowego opartego o zasady sprawiedliwości społecznej. Mówili także o aktualności w dobie kryzysu idei socjalistycznych, które są akceptowane przez cały współczesny świat. W manifestacji uczestniczyła delegacja OPZZ. Złożono także wiązankę kwiatów pod pomnikiem poświęconym redakcji „Robotnika” przy ulicy Wareckiej. Następnie działacze PPS wzięli udział w wiecu zorganizowanym przez OPZZ i SLD pod siedzibą OPZZ.* [[Doktorat/03_Dane/Polska/Prasa_opisy/@PrzegladSocjalistyczny122013|@PrzegladSocjalistyczny122013]]",PL_1990-2019.md
2013,PL,Apel,"1 MAJA 2013
razem w obronie miejsc pracy i prawa pracy, razem pokonajmy kryzys!
Tegoroczny dzień 1 maja po raz kolejny obchodzimy w warunkach kryzysu gospodarczego, malejącej produkcji i spadku zatrudnienia.
Stopa bezrobocia rejestrowanego w Polsce przekroczyła już 14,5%, a w rzeczywistości jest jeszcze większa. Oznacza to, że ponad 2 miliony 400 tysięcy pracowników jest bez pracy. Bezrobocie dotyka szczególnie młodzież, kobiety i osoby w wieku 50+. 2,5 miliona naszych młodych obywateli zmuszonych zostało do emigracji zarobkowej.
Demontaż prawa pracy spowodował brak bezpieczeństwa w zatrudnieniu, życiu rodzinnym i społecznym.
Pracodawcy i rządząca koalicja zamiast podjąć rzeczywiste działania na rzecz walki z bezrobociem i tworzenia nowych miejsc pracy, forsują kolejne działania liberalizujące prawo pracy. W efekcie zamiast nowych miejsc pracy zwalnia się pracowników i zwiększa zyski firm. Pogarsza się sytuacja ekonomiczna pracowników i ich rodzin, narasta kryzys rodziny.
Związki zawodowe wielokrotnie proponowały rządowi podjęcie rozmów na rzecz realnych programów wzrostu zatrudnienia oraz obniżenia społecznych kosztów kryzysu. OPZZ przedkładał w tej sprawie wiele propozycji.Nasze apele pozostały bez echa.
W dniu 1 maja 2013 roku będziemy manifestować w obronie praw pracowniczych, w obronie miejsc pracy.
1 maja będziemy manifestować, by pokazać rządowi i pracodawcom, że nie zrzucą bezkarnie kosztów kryzysu gospodarczego na barki pracowników.
1 maja będziemy manifestować, żeby pokazać naszą wolę walki o likwidację umów śmieciowych, godny start zawodowy młodego pokolenia, likwidację rosnącej grupy biednych pracujących. Nie pozwolimy ograniczać praw pracowniczych pod hasłem kryzysu, nie dopuścimy do dalszego wzrostu rozwarstwienia społecznego!
Razem możemy pokonać kryzys – jego koszty muszą ponosić wszyscy, szczególnie ci którzy do niego doprowadzili. 1 maja jest dniem, w którym przypomnimy o tym rządowi i pracodawcom!
Ogólnopolskie Porozumienie Związków Zawodowych apeluje do członków związków zawodowych, pracowników, bezrobotnych, emerytów i rencistów oraz wszystkich, dla których ważna jest idea sprawiedliwości społecznej o liczny udział w obchodach Międzynarodowego Dnia Walki o Prawa Ludzi Pracy.
Zwracamy się do wszystkich środowisk „oburzonych” z zaproszeniem do udziału w warszawskiej manifestacji 1-majowej będącej kontynuacją rozpoczętych wspólnych działań.
1 maja pokażmy naszą siłę i determinację!
Ogólnopolskie Porozumienie Związków Zawodowych
Warszawa, 27 marca 2013 r.",PL_1990-2019.md
2013,PL,TVP,"- Panorama o 17. SLD i OPZZ domagały się przede wszystkim poprawy sytuacji na rynku pracy. Wielotysięczne obchody, ale z tego co rozumiem mniejsze niż w poprzednim roku. Pojawia się flaga Samoobrony. Jest też transmisja z koncertu Weekend, i krótka przebitka ze składania kwiatów na placu Grzybowskim przez delegację PPS. Potem o 9-leci wstąpienia Polski do Unii Europejskiej, tego że wpłacamy mało, a dostajemy dużo. W Łazienkach Piknik Europejski, ale to nie to samo, co robiło SLD przy Rozbracie
- Panorama o 18. *Święto maja – dla niektórych święto pracy, dla innych święto grilla*. Tradycyjne pochody pierwszomajowe, a najwięcej przeszło ulicami w Warszawie. *Wielu powtarzało, że świętować nie ma czego*. Dlatego też sytuacja na rynku pracy była głównym tematem pochodu. Członek OPZZ z poczuciem powinności – żeby inni mogli odpoczywać na grillu, ktoś powinien 1 maja wychodzić na ulice. *Dajcie Żyć, dajcie przeżyć!* mówi Jan Guz. Są też dwa zdania od Anny Marii Żukowskiej. Organizatorzy mówią, że ponad 20 tysięcy osób. PPS-owcy na Placu Grzybowskim składają kwiaty, narodowcy, wśród nich Artur Zawisza, upominają się ""o pracę dla Polaków w Polsce"". Marsz KSS Ikonowicza pod kancelarią premierą. Jest i relacja z pierwszomajowych obchodów na świecie, naturalnie – *bardziej liczne niż w Polsce*. Bo w Polsce dominują skojarzenia z obowiązkowymi obchodami Święta Pracy, *a ich przekaz nie miał wiele wspólnego z walką o prawa pracy*. Dopiero w latach 80. pojawiają się kontrmanifestacje, ale wzmianka o przedwojennych obchodach 1 maja w Warszawie. Jest i Piotr Osęka, ekspert od pierwszych majów w PRL.
- Wiadomości 19:30. Z wizualnych elementów pojawiają się czapeczki plastikowe OPZZ, ale zaczyna się od krzykliwego przemówienia Guza. To w krótszej zapowiedzi. *Nie ma zgody na głodowe emerytury i umowy śmieciowe*. Inna oprawa, i mniej liczne, ale wciąż świeto lewicy. Znowu, świętować nie ma czego. Miller mówi, że obchodzi się Święto Pracy bez pracy. 2 miliony bez pracy, 2,5 miliona wyjechało mówi Czarasty. Guz przeciwko podniesieniu wieku emerytalnego. Byli też tacy, którzy uczestniczyli o równość mężczyzn w sądach. Był też Ikonowiczowski marsz i relacja z niego, no i pochód narodowcow pod pomnikiem Romana Dmowskiego. W Katowicach znowu Marsz Bezdomnych. Ale w stolicy największy pochód. Na koniec rozrywka po marszu. Piknik, przekąski, ale przede wszystkim muzyka i zespół Weekend. Tuż po tym celebracja 9 lat Polski w Unii. Wszyscy się cieszą, podnoszone są szlabany gdy jest wejście do strefy Schengen. Unia Europejska miała wtedy przeciwników, ale ostatecznie się udaje. Przytoczona historia akcesji. Odnowione ulice, to wszystko dzięki innym – jesteśmy jednym z liderów wydatkowania europejskich funduszy.  $3/4$  polaków czuje się członkami Unii. Oczywiście, 2 lata beatyfikacji Jana Pawła również tego dnia jest podkreślane. No i klasycznie, przypomnienie jak to było 1 maja w PRL. Zestawienie pochodu obecnego, który jest zupełnie inny niż ten obchodzony w czasach PRL. Bralczyk komentuje język i transparenty pierwszomajowych pochodów. Są i wspomnienia z Kleszewa, deklaracje produkcyjne. Jest też wywiad z Romualdem Broniarkiem, który fotografował pochody pierwszomajowe. Pytano również gości pikniku Europejskiego organizowanego pod siedzibą SLD.",PL_1990-2019.md
2013,PL,Organizacje,Stowwarzyszenie Obrony Praw Ojców,PL_1990-2019.md
2013,PL,Miejsca_pamięci,"PPS: Warecka
PPS i delegacja OPZZ: plac Grzybowski
UP?:Brama Straceń",PL_1990-2019.md
2013,PL,Siedziba Robotnika,PPS,PL_1990-2019.md
2013,PL,Plac Grzybowski,"manifestacja PPS, kilkadziesiąt osób. Uczestniczy delegacja OPZZ (PS)",PL_1990-2019.md
2013,PL,Brama Straceń,?,PL_1990-2019.md
2013,PL,Plac Piłsudskiego,-,PL_1990-2019.md
2013,PL,Pikniki,"W Związkowcu 2013 zdjęcia z pikniku Europejskiego SLD. Na scenie stoją liderzy formacji razem ze związkowcami z OPZZ. Po lewej stronie sceny sztandary SLD, po prawie OPZZ. Przed sceną tłum ludzi, ktoś trzyma dziecko na barana. Na zdjęciu niżej widać parasole piknikowe, rozstawione w samym parku (Związkowiec 2013). Na pikniku kiermasze, jedzenie, wystąpienia polityków i związkowców na scenie. (eostroleka)
Na scenie występuje również popularny wówczas zespół Weekend (TVP)
Ok. godz. 13 w parku przy dawnej siedzibie partii na Rozbracie rozpocznie się ""piknik europejski"" otwarty dla publiczności. Po przemówieniu Leszka Millera zaplanowane są występy. Gwiazdą będzie zespół Weekend, znany ze szlagieru ""Ona tańczy dla mnie"". SLD-owska majówka ma potrwać do godz. 17. (GW)",PL_1990-2019.md
2013,PL,kontra,"Podobnie jak w zeszłym roku kilkuset narodowców przemaszerowało spod pomnika Dmowskiego na pl. KonstytucjiCel? ""Wyrażenie społecznego niezadowolenia wobec systemu wygenerowanego przez klasę rządzącą, kastę oligarchów i dyktat międzynarodowych instytucji ekonomicznych o profilu neoliberalnym"". (GW 2013)",PL_1990-2019.md
2013,PL,wiec,"Pierwsze przemówienie Jana Guza. Potem przemawia Leszek Miller (GW 2013; TVP 2013). Wiec zdaje się, podobnie jak całość obchodów z większym rozmachem: śpiewa przed gmachem chór wiejski z Kwidzyna, z transparentem Kwidzyn w obronie miejsc pracy (2013_TVP_wiadomosci_pochod_historia_wspomnienia)
Przemawia pod OPZZ również Leszek Miętek (TVP 2013)",PL_1990-2019.md
2014,PL,Wydarzenia_alt,"- _W Warszawie liczna grupa działaczy i sympatyków PPS złożyła wieńce pod kamieniem upamiętniającym robotniczy protest z 1904 roku na Placu Grzybowskim. W uroczystości wzięła udział delegacja OPZZ. Działacze PPS spotkali się także przy ulicy Wareckiej w Warszawie, gdzie złożono kwiaty w miejscu, gdzie znajdowała się, zniszczona w 1939 roku, siedziba władz naczelnych PPS oraz redakcja „Robotnika”_ [[Doktorat/03_Dane/Polska/Prasa_opisy/@PrzegladSocjalistyczny122014|@PrzegladSocjalistyczny122014]]
- **o godz. 10 happening przed siedzibą Komisji Europejskiej przy ul. Jasnej 14/16a** organizują Zieloni. Przedstawiciele tej partii zapowiadają symboliczne przybicie ""do drzwi Unii Europejskiej"" swoich postulatów dotyczących pracy i praw pracowniczych w Polsce i w Europie oraz wprowadzania w Polsce europejskich standardów zatrudnienia. [[Literatura/@1MajaNa2014|@1MajaNa2014]]",PL_1990-2019.md
2014,PL,Apel,"1 MAJA 2014
Razem o miejsca i prawa pracy!
1 maja to międzynarodowy dzień jedności ludzi pracy. Dzień, w którym pracownicy i związkowcy na całym świecie przypominają o prawie do godnego życia.
Kolejny rok zmagamy się z malejącą produkcją i spadkiem zatrudnienia. Ponosimy skutki kryzysu wywołanego przez nieudolnych architektów gospodarki rynkowej. Bezrobocie rejestrowane w Polsce utrzymuje się na poziomie 14%. W rzeczywistości jest jeszcze większe! Dotyka głównie młodzież, kobiety i osoby ""50+"". Zwalnia się pracowników, nie gwarantuje godnego życia pracującym. Ponad dwa miliony Polaków wyjechało za granicę w poszukiwaniu pracy. Pogarszająca się sytuacja ekonomiczna zmusiła pięć milionów Polaków do zaakceptowania śmieciowych umów o pracę. Brak poczucia stabilizacji, krok po kroku zbliża nas do zapaści demograficznej.
Ogólnopolskie Porozumienie Związków Zawodowych jest otwarte na twórczy dialog z rządem. Nieustannie przekładamy propozycje realnych rozwiązań. Oczekujemy zdecydowanych działań i decyzji!
Domagamy się: – ratyfikacji Zweryfikowanej Europejskiej Karty Społecznej
– szybszego tworzenia nowych miejsc pracy
– likwidacji umów śmieciowych
– szybszego wzrostu wynagrodzeń w tym płacy minimalnej
– wprowadzenia minimalnej stawki godzinowej za pracę bez względu na staż pracy
– przywrócenia wieku emerytalnego i przywrócenia prawa do emerytury ze względu na staż pracy
– wprowadzenia dodatkowych stawek podatkowych – 15% i 50%
– systemu zabezpieczeń społecznych chroniących Polaków przed skutkami kryzysu.
Ogólnopolskie Porozumienie Związków Zawodowych apeluje do pracowników, bezrobotnych, członków ich rodzin oraz związkowców o udział w obchodach 1 maja – Międzynarodowego Dnia Walki o Prawa Ludzi Pracy! Zwracamy się do wszystkich partnerów politycznych i społecznych: CHODŹCIE Z NAMI !
1 maja pokażmy naszą determinację!
RAZEM SILNIEJSI!",PL_1990-2019.md
2014,PL,Wydarzenia_inne,"2 maja 2014 roku zorganizowany zostaje kongres założycielski Ruchu Sprawiedliwości Społecznej Piotra Ikonowicza. Jaki ma to związek ze Świętem Pracy, jeżeli jakiś?",PL_1990-2019.md
2014,PL,TVP,"Teleexpress o 17. Zaczynamy od wejścia Polski do UE. Jest też stawianie słupa majowego w Solarni. *Polacy wspominają co się zmieniło po 10 latach od wejścia Polski do Unii Europejskiej*. Premier podkreślał ile się zmieniło, wszyscy nam tego zazdroszczą, a zwłaszcza sąsiedzi ze Wschodu. Od razu potem o Święcie Pracy – OPZZ i SLD idą przez centrum Warszawy, Miller będzie zbierał podpisy za ustawą przeciwko podwyższeniu wieku emerytalnego. O łamaniu praw pracowniczych mówił również Jarosław Kaczyński. O uroczystościach krótko. Następnie, ponownie przypominanie o tym, jak wyglądała polska droga do Unii Europejskiej. W Teleexpresie Extra przypomnienia o tym, jak władza zachęcała niegdyś do marszów. Teraz 1 maja ważny z innych powodów niż teraz – teraz głównie z powodu wstąpienia Polski do Unii. Pochody były obowiązkowe, ale po raz kolejny pojawiają się głosy starszych ludzi, którzy od zawsze chodzą na pochody, i nie zamierzają przestawać.
Panorama o 18. Zaczyna się od hymnu Unii Europejskiej, pokazania wyremontowanych dróg, fajerwerków, balonów, symbolu euro, stadionu narodowego. Jest i kolumna Zygmunta z polską flagą. Podsumowanie tego rodziału w Polskiej historii. Coraz więcej jest przekonanych, że wejście Polski do Unii jest wielkim sukcesem – *i to było chyba dzisiaj na ulicach Warszawy widać*. Nie tylko politycy, ale też *zwykli polacy* na ulicach Warszawy. Wielkie zakończenie tych imprez w Parku Fontann. Komorowski sadzi dąb z okazji wejścia do Unii. W Łazienkach spotkanie wszystkich żyjących prezydentów. Premier znów na pikniku rodzinnym, mówi że super że jestesmy w Unii. Antyeuropejski protest narodowców przed przedstawicielstwem UE w Warszawie. Były też życzenia europejskie, od Millera – żeby za 10 lat nie było już różnic między Polską a Zachodnią Europą. Dwie rocznice – 25 lat pierwszych częściowo wolnych wyborów, i 10 lat od wejścia do Unii. **W tej narracji wejście do Unii jest zwieńczeniem cywilizacyjnego procesu przechodzenia Polski od komunizmu, biedy i braku przyszłości do cywilizacji zachodniej.** Na kilka dni przed głosowaniem, papież wspiera wejście Polski do UE. Kolejny reportaż też o Unii, ale już bardziej z perspektywy zysków i strat. Ale raczej o zyskach niż o stratach – tyle kilometrów autostrad, taka ładna filharmonia. Po 10 minutach, jako drugi temat pojawia się pochód OPZZ w Warszawie. Czerwony, pierwszomajowy pochód, w którym był również Martin Schulz. A także pochód sprzeciwu Piotra Ikonowicza. Przede wszystkim Święto Ludzi Pracy, ludzie chodzą od zawsze – *przed wojną też chodziliśmy, tylko dostawaliśmy po łbie*. Największe pochody zorganizowane przez związki wraz z SLD, *kilka tysięcy osób w Warszawie.* Likwidacja umów śmieciowych, minimalna godzinowa, poprawa warunków życia i pracy. Górnik grozi, że teraz święto, ale następnym razem nie będzie już tak spokojnie. Są i przebitki z pikniku Europejskiego. Jarosław Kaczyński przedstawia w radomiu 21 postulatów swoich, domagając się godności pracy. Piotr Ikonowicz zapowiada powołanie RSS, który ma walczyć o sprawiedliwy idemokratyczny system gospodarczy. Dalej, nasz nowy święty i jego socjalna encyklika – *papież robotnik* xdd. Teolodzy i ekonomiści mówią o jego encyklice jako o *kopernikańskiej rewolucji* (?), że niby miał tak wyjątkowe i przełomowe poglądy. JP2 podkreślał rolę związków zawodowych, bo też mocno wspierał Solidarność w trakcie strajków Solidarności. Były trzy papieskie encykliki dotyczące pracy
Po Przecinku, tam dyskusja Gawkowskiego z SLD i Bosaka z RN. Dyskutują o bilansie wejścia Polski do Unii Europejskiej. Gawkowskiego pyta prowadzący o straty związane z wejściem do UE (miliony emigrantów), a Bosaka o sukcesy (fundusze spójności, brak kompleksów). Potem Bosak opowiada o długiej liście rzeczy, które są wielkimi problemami dla polskiej gospodarki. Gawkowski przedstawia lewicową krytykę UE – zaciskanie pasa, zyski zamiast człowieka. UE powinna prowadzić politykę wyrównywania szans. Gawkowski chciałby, żeby ludzi było stać na wyjazdy zagraniczne. Bosak mówi o języku kompleksów, że wartość Polaków wynika rzekomo zdaniem Gawkowskiego z uznania unijnego, możliwości jeżdżenia na zagraniczne wakacje (6:50). Gawkowski kontrastuje uśmiechniętych, świętujących polaków którzy przyszli cieszyć się z UE, proszę spojrzeć na dzisiejsze zgromadzenie. Bosak mówi o tęczy, mówi o tym że jest wielu eurosceptyków. UE jako sukces lewicy, możemy być zadowoleni, oczywiście nie zawsze wszystko się udało (10:15). Najważniejsza zdaniem Gawkowskiego jest praca, i dobra praca w Europie. Gawkowski z czerwonym szaliczkiem, no bo przecież jest to 1 maja.
Wiadomości o 19:30. Tu znowu bardzo dużo o Unii Europejskiej – wiadomości zaczynają się od europejskiego intro. Autostrady, pociągi, parki, remonty, oświetlony Pałac Prezydencki. *Rzadko się zdarza, żeby w jakiejś sparawie bylibyśmy aż tak zgodni*, mówi Piotr Kraśko. Wiadomości obiecują pokazanie, jak przez ten czas zmieniała się Polska. Na Podzamczu ma być specjalny koncert, a warszawiacy o święcie pamiętali. Polacy przyzwyczaili się do UE, mówi Dziubka – to jest już nasza codzienność, zdecydowana większość popiera członkostwo w Unii. Pojawia się krótka przebitka z pochodu OPZZ/SLD, gdzie pojawiają się głosy krytyczne wobec UE. Kiedyś Warszawa była szara, brzydka. *Naziści zgwałcili to miasto* mówi Muniek Staszczyk. Zaczęło się zmieniać, wszystko zaczęło iść do przodu po wejściu Polski do UE. Jest też transmisja z orędzia prezydenta Komorowskiego (3:30) , ale to by było na tyle. 10 lat Polski w UE to dobry czas dla Polski
rocznica powrotu Polski do integrującej się Europy. Przypomnienie o wyborach 4 czerwca. I zerwanie ze wschodem to nie jest wszystko, trzeba było dalszego wysiłku i zaangażowania. **Opowieść o Unii Europejskiej jest de facto opowieścią o sukcesie polskiej transformacji**. *W tym roku dokonujemy bilansu pierwszych 25 lat od odzyskania naszej wolności (05:10)*. Wszędzie możemy zobaczyć ślady *wielkiej, dobrej zmiany* – dzięki naszej pracy, ale też dzięki wielkim europejskim pieniądzom. Jednocześnie nadzieja, że Europa nadal będzie *dźwignią rozwoju*, że będzie dalszą *dźwignią nowoczesności* (6:00). Łatwo zmierzyć, że mamy tysiące nowych kilometrów autostrad. Trudniej zmierzyć inne parametry naszego życia, ale *na wszystkich robi wrażenie* że w CBOSie masa ludzi zaczyna się cieszyć życiem. Nadzieja na postęp związana z kolejną perspektywą finansową unijną. *To wszystko jest efektem wielkiej zmiany 89 roku, i naszego wysiłku przez całe ćwierćwiecze* (8:00). Podziękowanie Skubiszewskiemu i Wałęsie.Symboliczne 89% popiera w Polsce UE – tak jak rok 89 (9:40).",PL_1990-2019.md
2014,PL,Miejsca_pamięci,"PPS: Warecka
PPS i goście (przed pochodem): plac Grzybowski
?: Brama Straceń",PL_1990-2019.md
2014,PL,Siedziba Robotnika,spotkanie działaczy PPS (PS),PL_1990-2019.md
2014,PL,Plac Grzybowski,"""liczna grupa działaczy i sympatyków"" PPS składa kwiaty, dołącza delegacja OPZZ (PS)",PL_1990-2019.md
2014,PL,Brama Straceń,?,PL_1990-2019.md
2014,PL,Plac Piłsudskiego,-,PL_1990-2019.md
2014,PL,Pikniki,"Wielki plakat na ostatniej stronie Związkowca – *Po pochodzie zapraszamy na rodzinny piknik Europejski do Parku Rydza Śmigłego przy ulicy Rozbrat. Zagrają: Izabela Trojanowska, Marzena Ugorna, Grupa Passionis* (Związkowiec 5/2014)
Po zakończeniu pochodu w parku odbędzie się piknik europejski. Planowany jest występ Izabeli Trojanowskiej, Marzeny Ugornej i grupy Passionis. (dzieje.pl)
W godzinach popołudniowych w Parku Kultury przy ulicy Rozbrat odbył się z inicjatywy SLD piknik europejski z bogatym programem kulturalnym. Uczestniczyło w nim kilka tysięcy osób. (PS 2014)",PL_1990-2019.md
2014,PL,kontra,"Pikietę przed siedzibą KE organizuje także Ruch Narodowy. Jak poinformował PAP jeden z jego liderów Krzysztof Bosak, podczas manifestacji, która rozpocznie się w południe, członkowie Ruchu będą chcieli ""zwrócić"" Unii Europejskiej flagi, zdjęte wcześniej z budynków instytucji publicznych; według niego zawieszono je bezprawnie (dzieje.pl)
Stałym już wydarzeniem na warszawskich ulicach jest pierwszomajowa manifestacja organizowana przez stołecznych autonomicznych nacjonalistów. Pod hasłem „Chcemy godnej pracy w Polsce” odbyła się w tym roku jej III edycja. Tegoroczny marsz zbiegł się w czasie z 10–tą rocznicą wstąpienia Polski w struktury Unii Europejskiej. Nachalna propaganda obecna od kilku dni w mediach, pokazująca minione 10–lecie jako pasmo niekończących się dobrodziejstw płynących z Brukseli nie omamiła jednak Polaków – na manifestacji pojawiło się ok. 500 osób popierających hasło przewodnie i sprzeciwiających się obecności Polski w UE. (autonom.pl)",PL_1990-2019.md
2014,PL,wiec,"Wyjątkowo dość, Panorama TVP pokazuje nagranie przemówienia Millera z pikniku na Rozbracie, obok którego stoi Martin Schulz. Potem przebitka na przemówienie Jana Guza pod OPZZ (2014_TVP_panorama)
Na nagraniu Biura Prasowego OPZZ spod OPZZ najpierw przemówienie Andrzeja Radzikowskiego, potem też związkowca,
W filmie 1917.net.pl przemówienie Millera się pojawia, który mówi, że trzeba prawicowej Europie odebrać możliwość rządzenia, tak samo  jak polskiej prawicy",PL_1990-2019.md
2015,PL,Wydarzenia_alt,"*W Warszawie przedstawiciele PPS, OPZZ i SLD złożyli w dniu 1 maja przed południem kwiaty pod pomnikiem na pl. Grzybowskim upamiętniającym demonstrację PPS z 1904 roku. Miał miejsce krótki wiec, podczas którego wystąpili: Bogusław Gorski – przewodniczący RN PPS, Jan Guz – przewodniczący OPZZ oraz Krzysztof Gawkowski – sekretarz generalny SLD. Bogusław Gorski przypomniał piękną tradycję, jaka wywodzi się z historii Polskiej Partii Socjalistycznej, walki o godziwą pozycję ekonomiczną i socjalną świata pracy na tle pazerności elit kapitalistycznych.* [[Doktorat/03_Dane/Polska/Prasa_opisy/@PrzegladSocjalistyczny12015|@PrzegladSocjalistyczny12015]]",PL_1990-2019.md
2015,PL,Apel,"Apel Rady Ogólnopolskiego Porozumienia Związków Zawodowych z 25 marca 2015 r. w sprawie obchodów Święta 1 Maja; 1 maja to od ponad 100 lat Międzynarodowy Dzień Solidarności Ludzi Pracy.; Trudno w tym dniu w Polsce wiwatować. Przybywa umów śmieciowych, świadczenia rodzinne są niskie i selektywne, rośnie poziom ubóstwa, dzieli nas rozwarstwienie społeczne. Po 25 latach przemian wiele jest niesprawiedliwości. Ulegamy wyzyskowi, wracają podziały klasowe; Lekceważenie pracowników i pogarda dla ich praw to nie są powody do świętowania.; Rada Ogólnopolskiego Porozumienia Związków Zawodowych zwraca się do wszystkich struktur branżowych i terytorialnych o przeprowadzenie w tym dniu demonstracji, pikiet, happeningów, akcji ulotkowych, pisania petycji i listów do władz lokalnych i ogólnokrajowych; Przypominamy, że w OPZZ trwa pogotiwe strajkowe, które ogłosiliśmy na skutek nieudolnej, antypracowniczej polityki koalicji PO-PSL.; Żądamy godnej pracy. Domagamy się likwidacji ""śmieciówek"", racjonalnej stawki godzinowej, odmrożenia płac sfery budżetowej, niższych podatków dla najuboższych, wyższych i bardziej powszechnych świadczeń społecznych.; Z okazji zbliżającego się Święta Pracy apelujemy do rządu: Najwyższa pora, by ludziom pracy żyło się lepiej!; Rada Ogólnopolskiego Porozumienia Związków Zawodowych'",PL_1990-2019.md
2015,PL,TVP,"- Teleexpress o 17. Mniej liczne i spektakulatne. Wiecowanie na placu Grzybowskim, powrót do niższego wieku emerytalnego i walki z umowami śmieciowymi. Jest też marsz RSS Ikonowicza. Bardzo skrótowo. Jest też o pikniku Europejskim SLD, który również odbył się przy Rozbracie. W teleexpresie extra o pierwszomajowych pochodach na całym świecie i historycznie. W Moskwie ponad 100 tysięcy ludzi. Też pochody w Azji, w Atenach 13 tysięcy osób. Klasyczny pochód w Hawanie. *Ale dzisiaj od święta pracy ważniejsza jest chyba majówka*. *I wcale nie jest to odejście od socjalizmu, ale powrót do korzeni.* Reportaż dotyczy aktywnych majówek, jeszcze tych z XVIII wieku, czy XIX wieku. Także dłuższa historia pierwszomajowego święta.
- Panorama o 18. Zaczyna się od Chazana, nic o pochodach nie było. 1 maja Komorowski spędza w Łazienkach Królewskich, na Pikniku Europejskim. Dalej mamy relację z obchodów Święta Pracy. Najładniejszy zdaniem TVP pochód był w Kielcach. Atmosfera piknikowa. W Warszawie deszcz, tam pochód organizowany przez Ikonowicza, 500 osób (jeden z większych pochodów w Polsce). NAcjonaliści też manifestują, autor zwraca uwagę na podobieństwo postulatów. Wiec przy kamieniu w Warszawie SLD, OPZZ i PPS. Od razu potem przypomnienie o historii Święta Pracy, którego korzenie sięgają jeszcze XIX wieku. Najważniejsze święto państwowe, *zawłaszczone* przez PZPR. Więcej jest o przeszlości niż o teraźniejszości. Jest o przymusie, o deficytowych dobrach, o tym wszystkim co można było wtedy dostać. Historyk z Białegostku mówi, że już nie ma kto chodzić. Ale wielu starszych ludzi z rozrzewnieniem wspomina stare czasy.
- Wiadomości z 19:30. Do wyborów 10 dni, zaczynamy od sondażu poparcia (Komorowski wciąż ma 39%, Duda 25%). Z 1 maja mamy przede wszystkim Leszka Millera z Pikniku Europejskiego. Święto Pracy (2:50) bez wielkich demonstracji. Zabrakło manifestantów, a jego przemówieniu *przysłuchiwała się niewielka grupka osób.* Zestawione z pochodem w Moskwie, ze starciami w Turcji, czy z pokojowymi pochodami w całej Europie. W Polsce obchody, *najdelikatniej mówiąc, skromne*. Guz mówi o potrzebie dialogu i demokracji. O prawach pracowniczych mówił również Piotr Ikonowicz (tanie mieszkania, minimalna stawka godzinowa). Zmieniły się czasy, spadała frekwencja, a tradycja odeszła w zapomnienie. Miller mówi o podwójnym znaczeniu święta pracy, zwłaszcza o tym drugim UE. Senyszyn mówi, że polacy są zmęczeni i wolą spędzić czas ze znajomymi, rodziną a nie na pochodzie. Domański twierdzi, że dlatego nikt nie chodzi, bo 1) SLD i 2) zmiana pokoleniowa. *Zamiast maszerować, ludzie wolą miec wolny majowy dzień, a najlepiej majowy weekend*. Potem znowu Bronisław Komorowski mówi swoje, o rocznicy członkostwa w UE. Wspomina jednak też o tym, że *dla niektórych może to być radosne wspomnienie Święta Pracy*.",PL_1990-2019.md
2015,PL,Wspolnie_OPZZ_PPS,Nie,PL_1990-2019.md
2015,PL,Miejsca_pamięci,"PPS i goście (w tym OPZZ) na wiecu: Plac Grzybowski
OPZZ i UP?: Brama Straceń",PL_1990-2019.md
2015,PL,Muzyka,Międzynarodówka puszczona na koniec wiecu na placu Grzybowskim (GW 2015),PL_1990-2019.md
2015,PL,Siedziba Robotnika,-,PL_1990-2019.md
2015,PL,Plac Grzybowski,"krótki wiec przedstawicieli PPS, OPZZ i SLD (PS)",PL_1990-2019.md
2015,PL,Brama Straceń,"Unia Pracy gospodarzem, delegacja OPZZ dda hołd ponad  60 tysięcy więźniom - bojowników o wyzwolenie narodowe i przemiany społeczne (opzz.org.pl archiwalne)",PL_1990-2019.md
2015,PL,Plac Piłsudskiego,-,PL_1990-2019.md
2015,PL,Pikniki,"Po południu SLD i OPZZ zorganizowały 1 majowy piknik europejski w związku z obchodzoną 11 rocznicą wstąpienia Polski do Unii Europejskiej. (PS)
y razem z nami chcą (...) manifestować tego dnia: w Warszawie spotykamy się na Placu Grzybowskim o godz. 10. Później przechodzimy o godzinie 12. na piknik - mówił Joński na konferencji prasowej w Sejmie.Piknik odbędzie się w parku przy ul. Rozbrat; zaplanowano m.in. przemówienia liderów związkowych i szefa SLD Leszka Millera. Joński podkreślił, że będzie to ""piknik europejski"", bo SLD chce połączyć obchody Święta Pracy z rocznicą wejścia Polski do Unii Europejskiej.Joński powiedział też, że decyzją władz centralnych OPZZ w tym roku nie odbędzie się tradycyjny pochód pierwszomajowy w Warszawie. - Te uroczystości będą zdecentralizowane, we wszystkich województwach będą te obchody, pewnie nieco większe niż w latach ubiegłych - dodał. (Onet.pl)
Piknik ikonowiczowski – Po po chodzie spotkamy się przy muzyce, piwie i grillu na zabawie dyskusyjno tanecznej w Barze Alpejskim (Międzynarodowa 68) na Saskiej Kępie. (FB)",PL_1990-2019.md
2015,PL,kontra,"1 maja postanowili też uczcić... narodowcy. - To święto zagarnięte przez komunistów. My obchodzimy narodowe święto pracy, patronem robotników jest przecież św. Józef - mówi chłopak z flagą ONR.Narodowcy z czarnymi flagami przemaszerowali ul. Marszałkowską pod hasłami: ""Polski przemysł w polskich rękach"", ""Praca w Polsce dla Polaków"", ""Nacjonalizm to wolność"" czy ""Stop dyktaturze demokracji"". (GW 2015)",PL_1990-2019.md
2015,PL,wiec,"Jedyny rok, w ktorym nie odbywa się wiec pod OPZZ – przemówienia przewodniczących i główny element uroczystości to dołączenie do wiecu organizowanego przez PPS na placu Grzybowskim (Pierwszomajowy pluralizm 2015 GW). Na placu Osterwy zbiera się z kolei partia Zmiana (Youtube 2015)
Na festynie Europejskim na pewno przemawia Leszek Miller – czy przemawia też Guz? Pewnie tak (youtube leszek miller 1 maja 2015)",PL_1990-2019.md
2016,PL,Wydarzenia_alt,"*Przedstawiciele Polskiej Partii Socjalistycznej z udziałem delegacji SLD, OPZZ, Unii Pracy i Partii Zielonych zebrali się na Placu Grzybowskim w Warszawie w miejscu, gdzie w 1904 roku doszło do incydentów robotniczych z carską policją. Zginęło wówczas lub zostało rannych kilkadziesiąt osób. Wydarzenie to uznawane jest za początek Rewolucji 1905 roku, która objęła Królestwo Polskie i część Rosji. Obecni byli także przedstawiciele ugrupowań, które w marcu 2016 roku zawiązały Porozumienie Socjalistów. Obecni przedstawiciele wymienionych ugrupowań złożyli kwiaty przed obeliskiem upamiętniającym wydarzenia i ofiary walki oprawa robotnicze.* [[@PrzegladSocjalistyczny122016]]",PL_1990-2019.md
2016,PL,Apel,"Apel Rady Ogólnopolskiego Porozumienia Związków Zawodowych z dnia 9 marca 2016 r. w sprawie obchodów Święta 1 Maja
Szanowne Koleżanki i Koledzy związkowcy! Ludzie pracy!
W tym roku po raz 126 będziemy obchodzić Międzynarodowy Dzień Solidarności Ludzi Pracy. 1 Maja historycznie łączy w sobie walkę o sprawiedliwość i niepodległość naszego kraju. Święto, w czasie którego pracownicy i związkowcy na całym świecie wychodząc na ulice miast upominają się o prawo do godnego życia. Wzrost dochodu narodowego w ostatnich latach nie przełożył się na zmniejszenie dużej skali ubóstwa, dlatego dzisiaj działania na rzecz równości i sprawiedliwości społecznej, przestrzegania prawa pracy, walki z rozwarstwieniem społecznym, dyskryminowaniem pracowników i bezrobociem są nadal aktualne.
Obietnice wyborcze nowego rządu rozbudziły nadzieje na pilne podjęcie problemów społecznych i poprawę warunków pracy. Powyborcza zmiana priorytetów społeczno-gospodarczych na ustrojowopolityczne opóźnia realizację tych obietnic. Z pięciu kluczowych, zapowiadanych na pierwsze 100 dni rządu projektów zrealizowano jeden. Oczekujemy na realizację pozostałych.
– W Polsce wciąż jest duża liczba pracowników zatrudnianych na ”śmieciówki”. W efekcie mamy drugą kategorię obywateli, których prawa ekonomiczne i społeczne są ograniczone.
–Co dziesiąty Polak, czyli 1,6 mln obywateli zalicza się do grupy biednych pracujących. Zarabiają tyle, że nie wystarcza im na podstawowe potrzeby.
– Istnieje ogromne rozwarstwienie poziomu życia Polaków, które skutkuje wykluczeniem społecznym nawet całych regionów Polski. Mamy bardzo wysoki - 16% wskaźnik ludzi żyjących na skraju nędzy oraz niedożywione dzieci a z drugiej strony istnieją bieguny bogactwa, gdzie elita społeczna separuje się od normalnych obywateli.
– W wielu zakładach pracy trwają negocjacje płacowe oraz akcje protestacyjne dla utrzymania miejsc pracy i godnego poziomu życia pracowników.  O tym wszystkim musimy 1go Maja przypominać!
Ogólnopolskie Porozumienie Związków Zawodowych apeluje do członków związków zawodowych, pracowników, bezrobotnych, emerytów i rencistów oraz wszystkich, dla których ważna jest idea sprawiedliwości społecznej o aktywny udział w obchodach Święta Ludzi Pracy. Razem będziemy przypominać o nierozwiązanych przez kolejne rządy problemach polskich pracowników!
Zapraszamy do udziału w organizowanej przez OPZZ manifestacji w Warszawie w dniu 1 maja oraz w obchodach organizowanych przez nasze struktury terytorialne. Niech się święci 1 Maja 2016!
Rada Ogólnopolskiego Porozumienia Związków Zawodowych",PL_1990-2019.md
2016,PL,TVP,"- Teleexpres o 17. Pierwszy raz w pisowskiej telewizji. W wielu miastach były tradycyjne pochody, ale największy zorganizowało OPZZ z SLD w Warszawie. Związkowcy narzekali na niskie płace i umowy śmieciowe. Guz narzeka na obiecanki ze strony polityków. Czarzasty też się wypowiada. Wzywanie prawicy, by realizowali te hasła, z którymi doszli do władzy. Krótka migawka z pochodu Ikonowicza. Duda uczestniczy w obchodach 1 maja solidarnościowych w Kaliszu. W teleexpresie extra znowu pokaz tego, jak wyglądało to w czasie PRL-u. Jest trochę o obchodach przed 89, kontramnifestacjach
- Panorama 18. Najpierw od wieców SLD, OPZZ i Unii Pracy. Ruda Śląska i Kalisz – tam rząd i prezydent, kolejno. Krytyka rządzących i opozycji parlamentarnej. *Dość zysków kosztem wynagrodzeń*, podwyższenie płacy minimalnej, jeszcze jedno. Apel do PO i Nowoczesnej – nie atakujcie związków, nie atakujcie. *7 maja, zamiast stroić się w strój demokraty, powiedz o tym, że nie dopuszczaliście projektów obywatelskich.* – krzyczy Czarzasty. Chodzi o marsz KOD-u, który przechodzi tego dnia przez ulice Warszawy. Ponownie w Katowicach marsz bezdomnych. W Kaliszu prezydent dziękuje zwązkowcom. Beata Szydło w mszy w Rudzie Śląskiej. Dopiero potem rocznica wejścia do Polski w UE. Pozytywnie, od polskiej wsi, która *wykonała olbrzymi skok cywilizacyjny*. Choć dopłaty to jedno, ale problem w tym, że nie ma dopłat do produkcji. Oprócz tego udało się zbudować całą masę dróg. ALE, ta droga nie jest bezinteresowna! Bo drogi są naprawiane tam gdzie opłaca się wielkim inwestorom, a nie na prowincji. Ale wciąż, Unia jest na plus, i ogólnie opłaca się nam być częścią tej Unii. Czyli ten obraz jest nieco bardziej zniuansowany, nieco bardziej krytyczny – mamy ślimaka, który został uznany za hehe rybę. Unia to rozrzutność, brak demokracji, nie jest już tak różowo. Wciąż mamy te zdobycze historyczne Unii, ale współczesność Unii zaczyna wyglądać nieco inaczej. Na koniec jest też 1 maja, *nazywany ""propagandą w pigułce""*. Dzień poparcia dla przywódców komunistycznych. Znów, wspomnienia starszych przecinane nagraniami archiwalnymi. Był przymus, nazywany przez niektórych *komunistycznym bożym ciałem*. Pietrzak mówi, że nie o ludzi pracy, ale o poparcie dla systemu radzieckiego. Wszystko było przygotowane, nie było krzty spontaniczności. Spektakl propagandowy, obraz braterstwa i przyjaźni. Kontrast jest – dziś nigdzie w kraju takiego świętowania już nie ma.
- |
  Wiadomości 19:30. Zaczynamy od straszenia nieprzyjmowaniem uchodźców. Święto Pracy kojarzone z komunizmem. Największe obchody zorganizowało po raz kolejny OPZZ z SLD w Warszawie. Zarówno chodziło o pracę, jak i przeciwko władzy. Guz mówi o różnych wariantach Święta Pracy – **najpierw nasze hasła, a potem pójdziemy na grilla**  (chodzimy, bo musimy?). Jest to też nawiązanie do tradycji, jak mówił Iwiński. Chwalba mówi o tym, że już osiągnięto cele z XIX wieku, *więc wymyśla się nowe – aborcja eutanazja itd.*. Mówi też o tym, że śpiewano pieśni religijne przed wojną. Tym razem w tym samym materiale mamy o pochodach PRL i współczesnych
- |
  np. Ikonowicza nie widzę. Chwalba mówi, że może kiedyś będzie inaczej, ale na razie wciąż kojarzy się z komunizmem. Przemówienie Dudy z Kalisza. Od razu po tym, jest o przymusowych marszach KOD – zestawienie czasów PRL i działań PO. TVP pokazuje też takie okazje, kiedy dziesiątki tysięcy polaków wychodzą spontanicznie na ulice – Marsz Niepodległości, święta religijne i protesty przeciwko ACTA. Po wiadomościach rozmowa z Czarzastym i Wiplerem. Czarzasty zaczyna od prób rozliczenia Dudy – nie zapewnił podwyżki kwoty wolnej od podatku oraz obniżenia wieku emerytalnego. (0:40). dyskusja na początku jest o 1) kwocie wolnej od podatku. 2) Platforma podobno każe manifestować. Czarzasty mówi o tym, że kilkanaście tysięcy ludzie przyjechało dzisiaj. Jedzie Czarzasty po Platformie Obywatelskiej, a Schetyna wchodzi w rolę pierwszego demokraty w kraju, co jest sprzeczne z czasem 8 lat ich rządów. Pierwsze 8 minut rozmowy bez żadnych wzmianek o Święcie Pracy. 3) 1 maja to święto, mówi Czarzasty. To jest data do świętowania, 12 lat w UE, a nie 7 maja. KOD szanuje, żenuje go podpinanie się pod tę manifestację PO i Nowoczesnej. 4) O Trybunale Konstytucyjnym, o walce PO z PiS-em wokół tego. Wciąż czekam na jakąkolwiek wzmiankę o pochodzie pierwszomajowym. 5) kolejny wątek to kary za nieprzyjmowanie uchodźców. Mowa o tym Czarzastego, że UE to nie tylko przywileje, ale też obowiązki. Ostatecznie nie ma zbyt wiele o pracy, o święcie pracy. Ziemiec mówi, że miał być ktoś z Razem, ale boi się z przedstawicielem partii Korwin. Hehe.",PL_1990-2019.md
2016,PL,Wspolnie_OPZZ_PPS,Nie,PL_1990-2019.md
2016,PL,Miejsca_pamięci,"przed pochodem SLD i OPZZ, gospodarz PPS: plac Grzybowski
UP gospodarze, OPPZ się pojawia: Brama Straceń",PL_1990-2019.md
2016,PL,Muzyka,"Mazurek Dąbrowskiego, Oda do Radości i Międzynarodówka otwiera manifestację (ZZPKiM)",PL_1990-2019.md
2016,PL,Siedziba Robotnika,-,PL_1990-2019.md
2016,PL,Plac Grzybowski,"mała manifestacja PPS: zaproszone delegacje SLD, OPZZ, UP i Zielonych (PS)",PL_1990-2019.md
2016,PL,Brama Straceń,"""Okolicznościowe przemówienia"", składanie kwiatów. Pojawiają się delegacje SLD i OPZZ(uniapracy.org)",PL_1990-2019.md
2016,PL,Plac Piłsudskiego,-,PL_1990-2019.md
2016,PL,Pikniki,"Brak informacji o pikniku – bardzo prawdopoodbne, że się nie odbył",PL_1990-2019.md
2016,PL,kontra,"Do Ogrodu Saskiego na godz. 15 przyszło około dwustu osób. Oprócz Młodzieży Wszechpolskiej, pojawili się też członkowie Narodowego Odrodzenia Polski i Nacjonalistycznego Stowarzyszenia Zadruga. Zaprosiła ich inna organizacja: Autonomiczni Nacjonaliści w Warszawie. (GW 2016)",PL_1990-2019.md
2016,PL,wiec,"Witał ich Leszek Miller, b. premier i b. szef SLD. Obecny szef partii Włodzimierz Czarzasty krzyczał, że to właśnie SLD wprowadziło Polskę do Unii. (Jak się święcił GW 2016)
O, kolejna ciekawostka – TVP transmisję pokazuje spod Sejmu, i stamtąd przemówienia, i potem przemówienia spod OPZZ: Guz, Czarzasty, the ususal suspects",PL_1990-2019.md
2017,PL,Wydarzenia_alt,"_1 Maja, Święto Pracy Polska Partia Socjalistyczna obchodziła Święto 1 Maja złożeniem kwiatów pod obeliskiem na Placu Grzybowskim w Warszawie, który poświęcony jest protestowi robotniczemu w dniu 13 listopada 1904 roku. Protest i walki w tym dniu faktycznie zapoczątkowały wydarzenia nazwane później, jako Rewolucja 1905 roku. W spotkaniu tym uczestniczyli poza grupą członków PPS, przedstawiciele SLD, Unii Pracy, Partii Zielonych, OPZZ, Związku Zawodowego „Walka”, oraz stowarzyszeń Inicjatywa Polska, Ruch Społeczny „Praca-Pokój-Sprawiedliwość” i Imienia Ignacego Daszyńskiego. Zabierający głos przedstawiciele partii i organizacji podkreślali potrzebę jedności całej lewicy w walce o prawa człowieka, a szczególnie prawa ludzi pracy. Następnie przedstawiciele PPS spotkali się pod obeliskiem przy ul. Wareckiej poświęconemu pamięci CKR PPS, który miał swą siedzibę w tym miejscu w okresie przedwojennym, oraz redakcji Gazety „Robotnik”, która odegrała ogromną rolę w integracji środowisk socjalistycznych na przestrzeni historii._ [[@PrzegladSocjalistyczny22017]]
Związek zawodowy ""Samoobrona"" planuje demonstrację na 100 osób w godz. 15.30-17.30. Uczestnicy z Placu Zamkowego mają przejść przed Pałac Prezydencki. (PAP 2017)",PL_1990-2019.md
2017,PL,Apel,"**1 MAJA – ŚWIĘTO PRACY „Przywróćmy godność pracy”**
1 maja to międzynarodowy dzień solidarności ludzi pracy. Dzień, w którym pracownicy i związkowcy na całym świecie przypominają o prawie do godnego życia.
W dalszym ciągu praca w Polsce dla milionów Polek i Polaków nie spełnia swojej podstawowej roli – zapewnienia godnego i stabilnego życia. **Praca powinna być źródłem utrzymania, zapewniać bezpieczeństwo socjalne i spokojną emeryturę. Niezbędne jest dalsze ograniczanie „śmieciowego” zatrudnienia! Konieczny jest szybszy wzrost wynagrodzeń i stabilny system emerytalny. Niezbędne są aktywne systemy wsparcia państwa dla osób bezrobotnych i zagrożonych utratą pracy!**
Ogólnopolskie Porozumienie Związków Zawodowych oczekuje szybszego tworzenia nowych – „dobrych” miejsc pracy i wielokrotnie proponowało rządowi podjęcie działań w tej sprawie.
Nadal aktualne są w Polsce: potrzeba działania na rzecz równości i sprawiedliwości społecznej, przestrzegania prawa pracy, walki z rozwarstwieniem społecznym, dyskryminowaniem pracowników i bezrobociem.
Ogólnopolskie Porozumienie Związków Zawodowych aktywnie zabiega o wdrożenie zarówno w Polsce, jak i całej Unii Europejskiej zasady „równa płaca za tę samą pracę w tym samym miejscu”. **Postulujemy zmianę dyrektywy europejskiej w tym zakresie. Jesteśmy zwolennikami wprowadzenia „minimalnego dochodu gwarantowanego”. Domagamy się ratyfikacji przez Polskę Zweryfikowanej Europejskiej Karty Społecznej**.
1 maja to rocznica przystąpienia Polski do Unii Europejskiej. Z tym faktem wiele Polek i Polaków wiązało i wiąże wiele nadziei. Możliwość swobodnego przemieszczania się i podejmowania pracy za granicą, europejskie rozwiązania prawne poprawiające polskie standardy socjalne i społeczne to wartości, które większość obywateli naszego państwa postrzega pozytywnie.
**Ogólnopolskie Porozumienie Związków Zawodowych apeluje do Polek i Polaków o aktywny udział w obchodach 1 maja – Międzynarodowego Dnia Walki o Prawa Ludzi Pracy**.
**Zwracamy się do organizacji członkowskich OPZZ i struktur terytorialnych naszej konfederacji o inspirowanie obchodów w swoich środowiskach oraz o udział w centralnych uroczystościach w Warszawie. Tradycyjnie spotkamy się przed siedzibą OPZZ**.
**Zapraszamy wszystkich partnerów politycznych i społecznych oraz mieszkańców Polski, dla których ważne są ideały i tradycje 1-go maja do udziału w warszawskiej manifestacji**.
**Rada Ogólnopolskiego Porozumienia Związków Zawodowych**
Warszawa, 22 marca 2017 r.",PL_1990-2019.md
2017,PL,TVP,"– Teleexpress o 17. Najpierw o pochodzie OPZZ, Solidarność pod pomnikiem czerwca 1956. Hasło 1 maja *Przywróćmy godną pracę*. Wyższych wynagrodzeń, brak śmieciówek. Partie razem, ale brakuje sojuszu międzypartyjnych. Krytyka Koniecznego ze sceny (*potrafią tylko bezmyślnie machać europejską flagą*), również SLD. W pochodach szli tylko ci ci chcieli, więcej w Teleexpresie extra, o historycznym wymiarze tego święta. Na końcu o święcie flagi, który ma się odbyć 2 maja. Najpierw o historycznych źródłach święta, (1890). Znowu to samo nagranie Gomułki. Masowe obchody, przymusowe. Udział był obowiązkowy, trzeba było słuchać w domyśle nudnych przemówień. Za Gierka bardziej *młodzieżowa* oprawa święta. Potem pojawiają się grille, zabawy i święta. Sonda uliczna TVP o pierwszej pracy: czyli wspominkowo, ale już nie o święcie jako takim ale o własnej przeszłości. Zdepolityzowane? Mija też 35 lat od 1 maja 1982, co przedstawione jest na wystawie *Zima Wasza, Wiosna Nasza*. Pierwszomajowy pochód miał zaskoczyć władze. Trzeciego maja też manifestacja, ale tym razem ZOMO było przygotowane i zorganizowane. Wypowiada się Jacek Kurski, którego intencją jest upamiętnienie, prawda historyczna i godność. Wszystko na gdańskim placu Solidarności.
- Panorama z 18. Zaczyna się od straży granicznej, wsparciu służb mundurowych i wzmocnieniu zewnętrznych granic UE. Najpierw o pielgrzymce ludzi pracy. O pochodzie pierwszomajowym – **spadkobiercy PRL na manifestacjach.** Duda mówi o tym, że potomkowie komunistów wciąż rządzą Polską, zestawiając to z manifestacjami pierwszomajowymi. Sanktuarium w Kaliszu, kustosz namówił żeby tam właśnie się zebrać – bo jest sanktuarium św. Józefa. Długo, długo o wydarzeniach z Kalisza. Jest o tym, że nie było długo sprawiedliwości dla tych, którzy wtedy walczyli, i dopiero w tym roku jest sprawiedliwość, bo zabrano emerytury byłym pracownikom służb mundurowych. Potem o pochodach i wiecach w całym kraju – dużo złośliwości, niechęci do lewicy ( *tyle na ulicach, ile w sondażach*). Obowiązkowe flagi, *tylko frekwencja już nie ta*. Zaledwie kilka tysięcy osób. Króciutko, nic nie zostało z poparcia SLD, tak jak nic nie zostało z PRL-owskich pochodów. Czarzasty, będący na pierwszomajowych uroczystaściach, pokazuje ciągłość i trwałość komunizmu. I tutaj jest zestawiony z Dudą, Czarzasty. Mówi o *zdrajcach*, którzy utrzymują *wiele eksponowanych stanowisk w różnych miejscach*. SLD nie potrafi mobilizować, kompletnie nic o tym, że jednak jest to pochód OPZZ. Partie lewicowe słabną – czego dowodem jest zwycięstwo Trumpa w wyborach. Wszędzie socjalizm. Potem klasycznie o spektaklu propagandowym za PRL, znowu to samo nagranie Gomułki. 1 maja jako hołd dla władzy, znak dominacji nad zniewolonym społeczeństwem. Zawistowski też opowiada o tym jak zmuszano, jaki był przymus. *Dostawało się flagi, które potem się rzucało*, mówi starsza pani. 1 maja było spektaklem, który miał zatuszować wszystko to, co działo się nie tak. Przypominanie 1 maja Solidarnościowego, kiedy można było licznie i spontanicznie manifestować. I potem regularnie te pochody organizowano, nawet mimo tego, że uczestników bito i zwalczano. 1 maja 1989 pochody odwolane.
 - Wiadomości 19:30. Sytuacja pracowników miałaby być najlepsza od lat. 13 lat po wejściu do UE polskie granice są szczelne. Święto Pracy lewicowi świętują. Pochód jest niby jak za dawnych czasów – tutaj Czarzasty z pochodu, który miałby tą ciągłość reprezentować. Poza tym właściwie nie ma Potem słuchamy o uwłaszczeniu elit, tragicznej sytuacji w Polsce. *Ale w tym roku pracownicy naprawdę mają powody do świętowania.* Drobne problemy z bezrobociem, ale tylko w niektórych województwach – coraz więcej zawodów deficytowych, nie ma nadwyżek. Rząd wprowadził minimanlą na śmieciówkach, wyższą minimalną, rośnie średnia płaca. Już teraz w portfelach polskich rodzin więcej w kieszeniach – znowu o tym, jak rząd dobrze robi swoim obywatelom. PiS przypomina o tym, jak obniżył wiek emerytalny. Straszą, że nie będzie 500+. Potem pielgrzymka robotników, już po raz 25. Od ponad 10 lat biorą w niej udział przedstawiciele pracodawców. Dzień św. Józefa, Józefa Robotnika. Inicjatorem kstosz, który zaprosił do udziału działaczy Solidarności – dużo więcej o kościelnych, niż lewicowych. W Warszawie działacze SLD wraz z działaczami służb mundurowych (komunistycznych), przeciwko zabraniu im emerytur. Służby mundurowe miał zaprosić Czarzasty. Dziennikarz prowokacyjne pytania do Czarzastego. Potem pokazywane są przebitki z działań zomowców (to z nimi idzie Czarzasty). Przypomnienie o zabójstwie Popiełuszki przez SB, przypominanie innych zbrodni SB. Dali fragment z Psów, żeby pokazać jak to się stało, że oni zostali i zachowali swoje stanowiska. Znowu, fragmenty z Psów, pokazanie jak wyglądało niszczenie akt SB i tego, jak to było, że oni zostali przy władzy. Jest też generał Jasik z wywiadu PRL, z którym rozmawiano w Warszawie (chyba nie na pochodzie pierwszomajowym?). Potem od razu o polityce historycznej, i o dwóch wizjach polityki historycznej. Dwie różne wizje podejścia do historii i patriotyzmu. *potomkowie zdrajców nigdy nie będą chcieli przyznać, że są potomkami zdrajców, oni nigdy nie będą chcieli by prawda o wyczynach ich dziadków i pradziadków...* (1:00 w nagraniu). Potem o Żołnierzach Niezłomnych, i tutaj pochwała dla młodych z Ligi Republikańskiej (2017 rok, przypomnijmy). Dalej opowiadanie o orle z czekolady, i symbolach narodowych w ogóle. Duda i PiS chcą obchodzić święta tradycyjnie (fragment jak siedzi w kościele). Ale patriotyzm to nie tylko symbole, ale również obrona narodowych interesów, mówi reporterka. Gościem wiadomości jest poseł PiS, były przewodniczący Solidarności. Z okazji 1 maja przedstawia sukcesy rządu PiS – że wyższa minimalna, że teraz z lepszymi kwalifikacjami się zatrudnia. *W sierpniu walczyliśmy o wolne soboty, dzisiaj walczymy o wolne niedziele*, mówi Śniadek. Dalej o wolnych od handlu niedzielach. Czym powinno być Święto Pracy pyta dziennikarz? Śniadek mówi, że ma problem – w PRL była to deklaracja wsparcia dla *przewodniej siły*. Przymuszano, dlatego punktem honoru młodzieży był brak uczestnictwa. Wspomina oczywiście o kontrpochodach i kontrmanifestacjach. Po 89 gdy zaczynała się wolna Polska, *mieliśmy mieszane uczucia*. Wyjściem rozpoczęcie tradycji pielgrzymki do Kalisza, która się utarła, i dziś 25 raz obchodzimy. Po tej krótkiej wzmiance wracamy do narzekania na Grzegorza Schetynę i jego zapowiedziach likwidowania 500+. To jest *przywracanie patologii, jaką było ubóstwo dzieci*. Poza tym makroekonomiczne konsekwencje, no i pomysł podwyższenia przez PO wieku emerytalnego szeroko krytykowany. Potem Śniadek krytykuje pomysł PO 13 emerytury (!). To jest *dowód na miotanie się PO*. Dalej pytanie o Święcie Flagi – czy ma poseł wrażenie, że jest teraz renesans patriotyzmu? Tak, Śniadek się zgadza – młodzież jednak jest ok, a zwycięstwo PiS przywraca mu wiarę, że rozumie Polaków. Także odgrzewanie pamięci Żołnierzy Wyklętych to forma przywracania godności Polsce. Chciałby, żeby *Polska była Polską*. Dalej – protesty byłych esbeków. Co pan myśli, jak protestują? Paradoksalnie mówi Śniadek, ich protesty przywracają mu wiarę, że żyjemy w wolnej Polsce. To namacalny dowód na to, że beneficjenci przemian po 89 roku już nie mogą korzystać z przywilejów rodem z PRL-u. Ramię w ramię z nimi maszerują politycy SLD jak i PO, np. Borys Budka który bronił esbeckich przywilejów emerytalnych. Równolegle ustawa procedowana przez Śniadka i PiS, że pojawią się świadczenia dla represjonowanych. Potem narzekania na opozycję totalną, przypomnienie słów Macrona o planach sankcji wobec Polski",PL_1990-2019.md
2017,PL,Wspolnie_OPZZ_PPS,Nie,PL_1990-2019.md
2017,PL,Miejsca_pamięci,"przed pochodem SLD i OPZZ: Brama Straceń
przed pochodem SLD i OPZZ, gospodarz PPS: plac Grzybowski
PPS: Warecka",PL_1990-2019.md
2017,PL,Siedziba Robotnika,przedstawiciele PPS składają kwiaty (PS),PL_1990-2019.md
2017,PL,Plac Grzybowski,"""spotkanie"" PPS: goście z SLD, UP, Zielonych, OPZZ, ZZ Walka, IP, RS Praca Pokój Srawiedliwość (PS)",PL_1990-2019.md
2017,PL,Brama Straceń,"gospodarzem UP, gośćmi PPS i OPZZ (uniapracy.org)",PL_1990-2019.md
2017,PL,Plac Piłsudskiego,-,PL_1990-2019.md
2017,PL,Pikniki,"Piknik przy Placu Zamkowym, organizowany przez OPZZ (JJG zdjęcia, BP wywiad)
*OPZZ, niemal jak zwykle, urodziło mysz. Ta blisko milionowa, jak lubi się chwalić jej kierownictwo, organizacja, decyduje się na mikrodemonstrację. Mikrość tę nieudolnie maskuje w sposób dodający jej tylko perwersji. A to dziecięca orkiestra w cyrkowych strojach, a to smażona kaszanka „od masterszefa”, na którą co pięć minut zapraszała wiceprzewodnicząca konfederacji Wiesława Taranowska, a to koncert disco-polo jako afterek.*(strajk.eu)",PL_1990-2019.md
2017,PL,kontra,"Brak informacji o kontrach, starciach z demonstrantami 1 maja. Na kilka dni przed 1 maja, 27 kwietnia, marsz ONR organizowany z okazji 83. rocznicy powstania organizacji zablokowany przez członków organizacji Obywatele RP",PL_1990-2019.md
2017,PL,Muzyka,"Jest zawsze orkiestra, hymn Polski i hymn Unii Europejskiej. Jest. I również w tamtym roku mieliśmy orkiestrę zarówno hutniczą, jak i tam będą. I też był hymn Polski i hymn Unii Europejskiej. To są te dwa hymny, które prosimy właśnie, żeby utwory nawiązywały, a resztę dajemy im też dowolność, żeby mogli coś, co będzie dobre dla ucha i do przejścia. No więc tam później sobie, ale to nie ma problemu. Gdybyśmy chcieli, to grają to co ewentualnie nam zależy.  (BP – o hymnach w latach 2017 i 2018)",PL_1990-2019.md
2017,PL,wiec,"Wiec kończący na Krakowskim Przedmieściu – Przykro, że nasza praca nie zawsze pozwala nam, warszawiakom, utrzymać się i godnie żyć"" - mówił przewodniczący OPZZ Jan Guz. ""Wstępowaliśmy do Europy socjalnej, szanującej prawa pracy, ale zawiedliśmy się. Chcemy mieć nie tylko europejskie ceny, ale i pensje. Chcemy Europy socjalnej!"". Po nim przemawiał Gawkowski i Broniarz  (Majowka 2016pierwszomajowy2017)
TVP wiadomości pokazują przemówienie Guza pod siedzibą OPZZ, i potem przemówienie Macieja Koniecznego ze sceny przy placu Zamkowym (2017_TVP)
Na rogu Krakowskiego Przedmieście i ul. Miodowej przemawiali ze sceny kolejni działacze: Leszek Miętek – prezydent ZZ Maszynistów Kolejowych w Polsce, Wacław Czerkawski – wiceprzewodniczący ZZ Górników w Polsce. Był też Sławomir Broniarz, prezes Związku Nauczycieli Polskich. Podziękował za blisko milion podpisów pod wnioskiem referendalnym w sprawie reformy edukacji. – To nie reforma, to niszczenie edukacji, nauczycieli, którym proponuje się 1/5 etatu – mówił Broniarz. Tłum wołał, by zwolnić minister, a nie nauczycieli. (ZZPKM 2017)
Pod Pałacem Prezydenckim przemawia Wiesława Taranowska, a pod siedzibą OPZZ Jan Guz (ZZPKM 2017)
Pochód zwieńczył festyn, przed rozpoczęciem, którego raz jeszcze liderzy zabrali głos. W imieniu SLD przemawiał wiceprzewodniczący Krzysztof Gawkowski, który stwierdził, iż w Polsce  dwa miliony ludzi jest bez pracy, „lewica nie może o nich zapominać”. - Polska godnej pracy i godnej płacy, o to zawsze będziemy walczyli – podkreślił i powtórzył propozycję SLD o dążeniu do płacy minimalnej w wysokości 1000 euro. (SLD 2017)
W imieniu SLD na scenie pod OPZZ przemawia Czarzasty (SLD 2017)
Przemówienie pod OPZZ wygłosiła również Marcelina Zawisza i Mateusz Trzeciak z Razem, a także Leszek Miętek. Oczywiście też Jan Guz",PL_1990-2019.md
2018,PL,Wydarzenia_alt,"- Obok Pałacu Staszica u zbiegu Nowego Światu i Świętokrzyskiej pochód narodowców natrafił na pokojową blokadę zorganizowaną przez aktywistów m.in. Obywateli RP, Ogólnopolskiego Strajku Kobiet, Pracowniczej Demokracji i kilku innych stowarzyszeń. Kilkanaście osób usiadło na jezdni, pozostałe kilkadziesiąt protestowało, stojąc i skandując: ""Stop faszystom!"", ""Wszyscy jesteśmy antyfaszystami!"", ""Narodowcy, szmalcownicy, wypier... ze stolicy!"". (Wyborcza, 2018)
- 1 maja – w Międzynarodowy Dzień Solidarności Ludzi Pracy – pod sejmem odbyła się także „Majówka Solidarnościowa” organizowana przez: Warszawski
Strajk Kobiet, Porozumienie Kobiet 8 Marca, squat Syrena, Codziennik Feministyczny i Warszawską Komisję Środowiskową OZZ IP. „Majówka” była wspólnym piknikiem, połączonym z przygotowaniem jedzenia dla protestujących oraz wiecem na którym uczestniczki i uczestnicy protestu dzielili się swoimi doświadczeniami życia z niepełnosprawnościami oraz postulatami skierowanymi do władz. (Biuletyn IP 48/2018)
- _PPS zorganizowała swoją manifestację i złożenie wieńców na Placu Grzybowskim w Warszawie. W manifestacji PPS na Placu Grzybowskim w Warszawie uczestniczyli przedstawiciele SLD, Unii Pracy, Ruchu Odrodzenia Gospodarczego, Partii Zielonych oraz OPZZ, a także partnerzy z Porozumienia Socjalistów – Stowarzyszenie Pokolenia, Stowarzyszenie im. I. Daszyńskiego, Stowarzyszenie Ruch Społeczny PPS, Stowarzyszenie Weteranów Lewicy z Piotrkowa Tryb. a także Inicjatywa Polska i przedstawiciele Kampanii Historia Czerwona i Czerwono-Czarna. Odśpiewano Hymn Polski oraz Czerwony Sztandar – Hymn PPS. Przedstawiciele poszczególnych partii i organizacji złożyli kwiaty po obeliskiem poświęconym robotnikom – członkom PPS, zabitym podczas starcia z policją carską w dniu 13 listopada 1904 roku. Ówczesne wydarzenia zapoczątkowały walkę Organizacji Bojowej PPS, co stało się zarzewiem do wybuchu Rewolucji 1905 roku na Ziemiach Polskich. Miejsce to stanowi symboliczny element w historii Polskiej Partii Socjalistycznej._ [[Doktorat/03_Dane/Polska/Prasa_opisy/@PrzegladSocjalistyczny122018|@PrzegladSocjalistyczny122018]]",PL_1990-2019.md
2018,PL,Apel,"1 MAJA – ŚWIĘTO PRACY - Polska potrzebuje wyższych płac!
1 maja to święto pracy, dzień solidarności pracowników i pracownic różnych branż i regionów.
Ruch związkowy ciągle ma wiele do zrobienia. Na polskim rynku pracy wciąż jest zbyt dużo śmieciowych form zatrudnienia. Brak stabilności sprawia, że ludzie żyją w lęku i nie mogą decydować się na większe wydatki w obawie przed wpadnięciem w spiralę zadłużenia. Ta niepewność odbija się na wielu sferach życia społecznego i rodzinnego.
Roczny wymiar czasu pracy polskich pracowników należy do najdłuższych w Unii Europejskiej, pensje natomiast należą do jednych z najniższych w Europie. Polska płaca minimalna jest bardzo niska na tle krajów unijnych, a otrzymuje ją coraz więcej pracowników. Poziom ubóstwa jest wysoki, a głębokie nierówności dzielą społeczeństwo i niszczą więzi społeczne.
Pracownicy pracują długo, ciężko i za małe pieniądze, a ich prawa są często łamane. Po blisko 30 latach przemian Polska wciąż jest krajem niesprawiedliwym i pełnym podziałów. Dlatego 1 maja to dla nas dzień upomnienia się o prawa pracownicze bo Polska nie zawsze jest krajem przyjaznym dla pracowników. Młode osoby często nie wiedzą co to jest zatrudnienie etatowe.
Domagamy się wyższych płac, bardziej stabilnego zatrudnienia, obrony praw pracowniczych, ograniczenia nierówności dochodowych, większego udziału pracowników w podejmowaniu decyzji. Będziemy bronić Konstytucji RP, zgodnie z którą „każdy ma prawo do bezpiecznych i higienicznych warunków pracy”, a „praca znajduje się pod ochroną Rzeczypospolitej Polskiej”.
1 maja to też rocznica przystąpienia Polski do Unii Europejskiej. OPZZ jest aktywny w działaniach na rzecz bardziej solidarnej, egalitarnej i propracowniczej Europy, o równe prawa pracowników całej Wspólnoty. Unia Europejska musi zrozumieć, że albo Europa dokona rzeczywistego przeformułowania swej polityki w kierunku sprawiedliwej ochrony socjalnej, albo grozi jej upadek, z trudnymi do przewidzenia konsekwencjami.
1 maja to bardzo ważny dzień dla postępowych związków zawodowych. Dlatego zwracamy się do organizacji członkowskich OPZZ i struktur terytorialnych naszej konfederacji o masowy udział w obchodach w Warszawie.
Jest w nas siła i energia, aby stanowczo i skutecznie walczyć o bardziej sprawiedliwą politykę społeczno-gospodarczą, aby sprzeciwiać się źle przygotowanym, niesprawiedliwym propozycjom, aby powstrzymać wyzysk i poprawić sytuację ludzi pracy. Bądźcie z nami! Razem jesteśmy silni!Prezydium OPZZ Warszawa, 17 kwietnia 2018 r.",PL_1990-2019.md
2018,PL,TVP,"- W programie Minęła 8 rozmowa na temat 1 maja. Prowadzący ironizuje już na wstępie. PiS, Nowoczesna i Kukiz – goście programu o 1 maja xdd. Pytanie do Henning-Kloski z Nowoczesnej o wspomnienia – no nie pamięta jak to było. Tak samo młoda posłanka z Kukiza, która tez nie chodziła i nie pamięta. Senator z PiS pamięta 1 maja ze szkoły podstawowej jak poszedł na boisko i padał śnieg. Nikt tez nie umie odpowiedzieć na pytanie co to jest szturmówka. Posłanka z Kukiz zgaduje, że szturmówka to czerwona flaga. No nie ma z kim wspominać. Ale gdyby porównać te 1 maje – najpierw komuna, potem pogardliwe traktowanie w trakcie transformacji, a teraz jest inaczej, bo praca szuka rąk do pracy, a nie na odwrót. PiSowski senator mówi, że prawda, że się zmienia, ale chodzi ciągle o to samo. Jest tęsknotą za potrzebą bezpieczeństwa i stabilizacją, którą, choć złudną, poprzedni system dawał. Dziś mamy dysproporcje – niektórzy na transformacji świetnie korzystają, inni nie. Czy transformacja się zakończyła? Nie, mówi senator, ona trwa. PiS próbuje nadać nowy ton i kierunek w rozwoju gospodarczym, który będzie uwzględniał nie tylko wąską grupę która skorzystała, ale te masy, które oczekują pomocy państwa. Henning-Kloska skojarzenia z poprzednim systemem ma w stosunku do tego, jak wygląda TVP. Nieprawdą jest, że nie ma strajków, bo jest ich cała masa. Problemy rządu w zakresie strajków narastają, i one będą powracać. Są związane z płacami w sferze budżetowej, z warunkami pozapłacowymi pracy. Ogromnym problemem są zatrzymane inwestycje. W Święto Pracy o kondycji gospodarki, po raz kolejny – **TVP wykorzystuje ten dzień do pokazywania sukcesów PiS-u, który po latach transformacji w Polsce wreszcie doprowadza do poprawy sytuacji gospodarczej**. Ale sytuacja jest dobra, choć rosną oczekiwania i chcemy zarabiać tak jak w Unii. Zielińska z Kukiza mówi o tym, że trzeba zachęcać tych Polaków którzy są za granicą, żeby wracali, żeby zażegnać kryzys demograficzny i stworzyć warunki dla młodych osób, bo społeczeństwo się starzeje. Zbliża się reforma ubezpieczeń społecznych, bo zbliżają się problemy z rentami i emeryturami. Dalej dyskusja zmierza w stronę systemu emerytalnego, i sporu wokół decyzji o podniesieniu wieku emerytalnego. Pojawia się materiał o świetnej sytuacji na rynku pracy w Polsce – najniższe bezrobocie od początku transformacji. Rosną też płace i spada, choć nie tak szybko jakby tego oczekiwano lliczba umów śmieciowych, a nastroje konsumentów są najlepsze od początku badań. Rząd zabiega o wprowadzenie PPK. No i mamy wywiad z JAnem Guzem – jakie hasło? Najpierw Guz mówi o historii Święta PRacy. Jest to najwazniejsze święto, ciągnące się od Chicago, ale także rocznica wstąpienia do Unii Europejskiej – więcej, tego dnia była też beatyfikacja JP2, więc każdy znajdzie powód do świętowania także 23, 36, też lata, o których trzzeba pamiętać. Trzeba pracować o poprawę warunków pracy, by był to dzień *na luzie, jednoczący, ale jednocześnie przypominający wladzy i kapitałowi o swoich obowiązkach*. Dziennikarz twierdzi, że jest tym razem co świętować (coś nas łączy, wtrąca Jan Guz)– mamy 6,6% bezrobocia, czyli jest co świętować? Jeszcze 10 lat temu było smutno, twierdzi, nie było pracy. A teraz jest i czeka na ludzi, więc jest wesoło. Guz mówi, że to dzień święta, ale też walki. Guz mówi jednak o tym o co walczyć – więcej wypadków w pracy, wciąż są umowy śmieciowe. Także jakość pracy też jest istotna, problemem są te właśnie śmieciówki. Trzeba przypominać o powinnościach i obowiązkach. OPZZ jest przeciwko śmieciówkom. Z inicjatywy OPZZ jest stawka godzinowa minimalna. Nawet mówiąc o płacy, która jest brutto, jest ona jednak zbyt niska. Była mowa o PPK. Państwo potrzebuje pieniędzy, mówi Guz, tylko teraz jest spadek wartości pieniądza w czasie. Przesłanie na dziś od Guza – Polska potrzebuje wyższych wynagrodzeń, wyższych płac, nie możemy się ciągnąć w ogonie Europy. No i składa życzenia z okazji dnia pracy.
- Relacja z TVP INFO. Dziennikarz relacjonuje przemówienie Guza, mówi że jest jakieś 150-200 osób, ale tłum który za nim przechodzi zdaje się być jednak nieco większy. Potem materiał o pielgrzymce do Kalisza Solidarnościowej.
- Panorama o 18. NAjpierw wzmianka, w kontekście Funduszy Spójności, wejścia Polski do UE. Może i nie ma pełnej satysfakcji z tego dziś, to jednak Polska ma coraz większy wpływ na to co się dzieje. Jest o pikiecie w Locie zamiast strajku 1 maja 2018. Loty nie zostały wstrzymane. Chodzi o powrót do układu zbiorowego z 2013 roku (podkreślanie, że to decyzja poprzedniego kierownictwa LOT). Kilkadziesiąt osób na pikiecie, pojawia się też prezes, który zaprasza do rozmowy z prezesem ale związkowi liderzy nie korzystają z zaproszenia – Żelazik mówi, że jest to *rozmowa pozorowana*. Jest o 1 maja – Święto Pracy, ale i dzień św. Józefa Robotnika. Wzmianka o życzeniach papieskich. Świętuje cały świat, ale w Polsce kojarzy się wciąż z komuną i przymusem. Starsi ludzie mówią o tym, jak to ich zmuszano i że przymus był. Ludzie pracy mieli wywalczyć wolność, żeby to święto miało zupełnie inny charakter – i tutaj wracamy do transmisji z kaliskiego sanktuariam św. Józefa. O związku między godnością i pracą mówił też papież Franciszek. Na koniec Panoramy piknik europejski w Łazienkach Królewskich, którego honorowym patronem jest Andrzej Duda.
- Wiadomości o 19:30. Zaczyna się od dobrych informacji o europejskim budżecie, jest cała ta suwerennościowa narracja: Polska zaczęła mówić innym głosem, przeciwko Niemcom. 14 lat temu Polska witała UE, i to się opłacało – mamy pozytywny bilans wymiany handlowej, korzystamy. Polacy są nadal za UE, w tym Karnowski, ale żeby ta UE nie popadala w *ideologiczne szaleństwo.* W Łazienkach festiwal europejski, oczywiście. Potem o Święcie Pracy, ale najpierw św. Józefa. w Kaliszu, o pielgrzymce łączącej pracodawców i pracowników. 26 pielgrzymka, w której udział brali członkowie parlamentu, prezydent. Członkowie Solidarności składają kwiaty pod pomnikiem ofiar czerwca 56. Dopiero potem pokazane nagrania z pochodu OPZZ-owskiego. Manifestowanie jedności w walce o godne warunki życia, mówi Guz. I znowu, przecież się wszystko *poprawiło*, na dowód czego wypowiedź związkowca Solidarności. Wypowiedź Szydło o przywróceniu niższego wieku emerytalnego. Związkowcy wywalczyli również to, o co walczyli od dekady: niedziele wolne od handlu. Mowa o społecznej gospodarce rynkowej, o wzroście płacy minimalnej i minimalnej stawce na umowach zlecenie, plus poprawa sytuacji negocjacyjnej pracowników. Nie odbywa się strajk generalny zapowiedziany na 1 maja, bo strajk tego dnia byłby nielegalny.
- W TVP Info z 22 mamy trochę więcej nagrań ze święta pracy – wywiady z uczestnikami, zdjęcia. Pojawia się długa flaga. W gazetce Janusz Korczak i Adam Ciołkosz na 1 maja (!), ale też pytanie co zawdzięczamy poprzedniemu systemowi (szacunek do ludzi pracy). Prowadzący przede wszystkim skupiają się na Józefie Robotniku. Ale sytuacja się poprawia, i jest to również ""W tyle wizji"" powtarzane. Porównania Millera do Gomułki, bo Miller nie ma tej werwy. A nie ma werwy, bo nie ma o co walczyć – bezrobocie, wiek emerytalny, płaca minimalna, *nie wiadomo o co ten OPZZ miałby walczyć*. Znowu wywiady z uczestnikami pochodu i przechodniami. Pierwsi przechodnie *nie mają nic wspólnego*, kolejny pan i kolejny też nie, wszyscy prawie mówią o tym że 3 maja lepszy. Ale są i tacy, którzy fajnie, wychodziło się, święto rodzinne. Wspominają ludzie jak to było. Najgorzej podobno jak trzeba było flagę nieść. Większość przeciwko, że musiała chodzić kiedyś, a teraz nie ma po co.
Monika Żelazik, przewodnicząca związku w LOT, przemawia na wiecu na zakończenie uroczystości 1 maja.",PL_1990-2019.md
2018,PL,Muzyka,"Oprawę muzyczną zapewnia radzymińska orkiestra dęta
Wydarzeniu towarzyszyła orkiestra, która odegrała m.in. Mazurka Dąbrowskiego i ""Odę do radości"".  (trybuna.info)",PL_1990-2019.md
2018,PL,Miejsca_pamięci,"przed pochodem SLD i OPZZ: Brama Straceń
przed pochodem SLD i OPZZ, gospodarz PPS: plac Grzybowski",PL_1990-2019.md
2018,PL,Siedziba Robotnika,-,PL_1990-2019.md
2018,PL,Plac Grzybowski,manifestacja PPS: goście z organizacji lewicowych (w tym SLD i OPZZ) (PS),PL_1990-2019.md
2018,PL,Brama Straceń,"delegacje UP, SLD i OPZZ składają kwiaty przed pochodem (Trybuna)",PL_1990-2019.md
2018,PL,Plac Piłsudskiego,-,PL_1990-2019.md
2018,PL,Pikniki,"Piknik przy Placu Zamkowym, organizowany przez OPZZ (JJG, BP wywiad)
1 maja – w Międzynarodowy Dzień Solidarności Ludzi Pracy – pod sejmem odbyła się także „Majówka Solidarnościowa” organizowana przez: Warszawski Strajk Kobiet, Porozumienie Kobiet 8 Marca, squat Syrena, Codziennik Feministyczny i Warszawską Komisję Środowiskową OZZ IP. „Majówka” była wspólnym piknikiem, połączonym z przygotowaniem jedzenia dla protestujących oraz wiecem na którym uczestniczki i uczestnicy protestu dzielili się swoimi doświadczeniami życia z niepełnosprawnościami oraz postulatami skierowanymi do władz. (Biuletyn IP 48/2018)",PL_1990-2019.md
2018,PL,kontra,"Marsz nacjonalistów pod hasłem ""Narodowe Święto Pracy"" rozpoczął się o godz. 16 na pl. Zamkowym. Zgodnie ze zgłoszeniem przyjętym przez stołeczny ratusz miał on przejść Krakowskim Przedmieściem, Nowym Światem, pl. Trzech Krzyży i Al. Ujazdowskimi do Kancelarii Prezesa Rady Ministrów. Marsz nie był liczny, brało w nim udział kilkudziesięciu członków skrajnie prawicowych organizacji: Szturmowców, Niklotu, Kongresu Narodowo-Społecznego i Autonomicznych Nacjonalistów. Nieśli flagi z symbolem Niklotu (czarny orzeł ze skrzydłami jak ostrza halabardy) i krzyżem celtyckim oraz zielony transparent Narodowego Odrodzenia Polski. Skandowali: ""Śmierć wrogom ojczyzny!"". Część z nich miała twarze zasłonięte chustami lub kominiarkami. (GW 2018)
Blokada trwała kilkadziesiąt minut, a jej uczestników z każdą chwilą przybywało. Około godz. 18 brało w niej udział około 200 osób. Wtedy też nacjonaliści wycofali się w stronę Nowego Światu, zwinęli swoje flagi i transparenty. Zaczęli się rozchodzić, a na Świętokrzyskiej został przywrócony normalny ruch. Po rozwiązaniu marszu część blokujących odprowadziła nacjonalistów do Nowego Światu, krzycząc: ""Nie przeszliście, nie przejdziecie!"". (GW)",PL_1990-2019.md
2018,PL,wiec,"12:00 Wystąpienia okolicznościowe przedstawicieli związkow zawodowych (45 minut). Później wystąpienia przedstawicieli związkow zawodowych przeplatane występami artystów. Nie ma informacji, by były wystąpienia polityków, choć zakładam że były (KZ 2018)
Wiec rozpoczynający – Ze sceny przemawiała Monka Ausz z Komitetu Społecznego ""Jesteśmy"", która zapowiedziała że komitet stworzy projekt ustawy kładącej nacisk na systemową pomoc osobom wykluczonym ze względu na niepełnosprawności i ich opiekunom (SwietoPracyPolska2018)
TVP wiadomości pokazują przemówienie Guza pod siedzibą OPZZ, i potem przemówienie Macieja Koniecznego ze sceny przy placu Zamkowym (2018_TVP)
Na rogu Krakowskiego Przedmieście i ul. Miodowej przemawiali ze sceny kolejni działacze: Leszek Miętek – prezydent ZZ Maszynistów Kolejowych w Polsce, Wacław Czerkawski – wiceprzewodniczący ZZ Górników w Polsce. Był też Sławomir Broniarz, prezes Związku Nauczycieli Polskich. Podziękował za blisko milion podpisów pod wnioskiem referendalnym w sprawie reformy edukacji. – To nie reforma, to niszczenie edukacji, nauczycieli, którym proponuje się 1/5 etatu – mówił Broniarz. Tłum wołał, by zwolnić minister, a nie nauczycieli. (ZZPKM 2018)",PL_1990-2019.md
2019,PL,Apel_alt,"1 Maja to święto wszystkich ludzi pracy.
Tradycja historyczna socjalistów przypomina o trwałym konflikcie kapitał – praca, który napędza stosunki społeczne we współczesnym świecie i jest jednym z regulatorów polityki.
1 maja to także święto wszystkich pracujących Polaków bez względu na światopogląd, polityczną orientację i status majątkowy.
Polski kapitalizm budowany od 30 lat najmniej oszczędza tych, którzy na sztandarach w 1980 roku mieli hasło „Socjalizm – tak, wypaczenia – nie”. Największą cenę za transformację zapłacili robotnicy, ci, którzy sprzeciwiali się upodleniu pracownika poprzez aparat władzy.
Najbardziej zyskali ci cyniczni, zarówno w starym obozie władzy, jak i obozie protestu. Po raz kolejny wspięli się na robotniczych plecach na szczyty i poznali smak wielkiej własności.
Polskie podziały na biednych i obrzydliwie bogatych są faktem. Rodzi to niesprawiedliwość bezrobocie, bezdomność, społeczne wykluczenie.
Państwo rządzone przez prawicę i neoliberałów kieruje się w rozwiązywaniu tych problemów populizmem, kalkulacją polityczną i cynizmem. Państwo akceptuje, że życie i zdrowie ludzkie w obecnej dobie jest towarem, a nie najwyższą wartością.
1 maja jest dobrym momentem, aby przypomnieć o tym, że główną wytyczną lewicy powinny być podstawowe wartości socjalizmu oparte na sprawiedliwości społecznej, wolności i prawach jednostki. Realizujmy ideę państwa obywateli, nie konsumentów.
W przypadku naszego państwa działania lewicy powinny opierać się na podstawowym zapisie Konstytucji – społecznej gospodarce rynkowej. Trzeba robić pokojową, demokratyczną rewolucję, aby odrzucić neoliberalną politykę i wartości, które ona niesie. Trzeba przywrócić ludziom nadzieję i wiarę, że ich praca ma wartość i rodzi szacunek.
Porozumienie Socjalistów pozdrawia z okazji Święta 1 Maja wszystkich ludzi pracy w Polsce.
Mamy nadzieję, że wyborów, jakich będą dokonywać w roku 2019 pozwolą na realizację naszego przesłania „Socjalna Polska w socjalnej Europie”.
Niech się święci 1 Maja!
_Porozumienie Socjalistów:
Polska Partia Socjalistyczna, Ruch Odrodzenia Gospodarczego, Pacyfistyczne Stowarzyszenie Wolnej Myśli, Stowarzyszenie Ruch Społeczny „Praca-Pokój-Sprawiedliwość”, Stowarzyszenie im. Ignacego Daszyńskiego, Redakcja „Przeglądu Socjalistycznego”, Stowarzyszenie „Weterani Lewicy”, Stowarzyszenie „Pokolenia”._",PL_1990-2019.md
2019,PL,Wydarzenia_alt,"- Marsz Suwerenności planuje Konfederacja KORWiN Braun Liroy Narodowcy. O godz. 13.30 uczestnicy chcą przejść z pl. Zamkowego przed budynek Komisji Europejskiej przy skrzyżowaniu ul. Jasnej i Świętokrzyskiej. Ma to być swoista kontrmanifestacja dla obchodów 15-lecia członkostwa Polski w UE.
- OPPZ wraz z SLD uczestniczy w pikniku Europejskim pod pomnikiem Daszyńskiego na placu na Rozdrożu
- *Główna manifestacja polityczna zorganizowana przez Warszawski Komitet Okręgowy PPS odbyła się tradycyjnie na Placu Grzybowskim. Zebrali się w liczbie ponad trzystu osób przedstawiciele takich ugrupowań, stowarzyszeń, fundacji i redakcji jak : PPS, Razem, SLD, OPZZ, RSS, OZB, Unia Pracy, KPP, Partia Zieloni, Porozumienie Socjalistów, Społeczne Forum Wymiany Myśli, RS Praca-Pokój-Sprawiedliwość, Redakcje Strajk, Trybuna i Przegląd Socjalistyczny, Stowarzyszenie im. I. Daszyńskiego, Warszawskie Stowarzyszenie Lokatorów, Pracownicza Demokracja. Była to pierwsza od lat tak liczna demonstracja socjalistów w tym symbolicznym dla PPS i ruchu socjalistycznego miejscu. Głos zabierali m.in. w imieniu PPS – Wojciech Konieczny i Porozumienia Socjalistów – Andrzej Ziemski oraz przedstawiciele Partii Zielonych i OPZZ. Pod kamieniem symbolizującym protest robotniczy w 1904 roku przedstawiciele wszystkich ugrupowań złożyli wiązanki kwiatów.* [[Doktorat/03_Dane/Polska/Prasa_opisy/@PrzegladSocjalistyczny22019|@PrzegladSocjalistyczny22019]]
- Krakowskie Przedmieście jest również miejscem, gdzie odbywa się festiwal europejski tego dnia, poza marszem nacjonalistów. Europejskie flagi....
Relacja: | 
**2019** [Przemówienia](https://www.opzz.org.pl/media-opzz/audycje-wideo-i-webinaria/wydarzenia/2019/1-maja-2019-warszawska-cytadela-brama-stracen) przed Bramą Straceń 1 maja 2019:
**Marek Kupiec, przewodniczący w regionie Mazowieckim**
- rozpoczyna się od wytłumaczenia historii Cytadeli:
_miejsce egzekucji więźniów politycznych, których wieszano i rozstrzeliwano. Dzisiaj, jest to miejsce pamięci._
- Dalej minuta ciszy, by _oddać minutą ciszy pamięć tych wszystkich, którzy polegli po to, żebyśmy mogli dzisiaj żyć w wolnym kraju_ <- wolność, ale nie socjalizm
**Andrzej Radzikowski, wiceprzewodniczący OPZZ**
Wstęp, odwołanie do socjalistycznych ofiar cytadeli:
- _Jak co roku spotykamy się w tym miejscu, uświęconym krwią robotniczą, by uczcić święto pracy. W ten uroczysty dzień oddajemy im hołd, w podzięce za poświęcenie i walkę._ (3:04)
Wspomnienie o Haymarket Affair i innych ofiarach walki klasowej, oraz tych łączących taką walkę z walką narodowo-wyzwoleńczą:
- _Pierwszy maja to najbardziej robotnicze święto na świecie. Ustanowione na pamiątke strajków robotniczych w Chicago w 1886 roku. Pamiętamy też o ofiarach robotniczych strajków i demonstracji. Pamiętamy o zamordowanych działaczach klasowych związków zawodowych, łączących walkę o prawa pracowniczę z narodowo-wyzwoleńczą (...)_ (3:30)
Interpretacja walki działaczy związkowych – o co walczyli:
- _Przez całe dekady, przyświecały im hasła: wolność, równość, braterstwo_ (3:49)
Odwołanie do rocznicy powstania OPZZ, historii, początków związku:
- _Ten rok jest szczególny dla OPZZ. 35 lat temu w Bytomiu stworzyliśmy naszą konfederację, jako reprezentację ludzi pracy wobec władz politycznych, państwowych jak i administracyjnych. Przez te 35 lat jako OPZZ byliśmy z pracownikami i pracownicami na dobre i na złe._ (4:20)
Sukcesy OPZZ w tym czasie:
- _Mamy na swoim koncie wiele sukcesów. Do tych najważniejszych można zaliczyć prawo zrzeszania się w związkach zawodowych wszystkich pracujących, minimalną stawkę godzinową, ograniczenia nadużywania umów okresowych i śmieciowego zatrudnienia. Dzięki nam w ostatnich 17 latach zwiększyła się 3-krotnie płaca minimalna. Wprowadzono nowe zasiłki i świadczenia rodzinne i socjalne_ (4:35)
Przyszłe wyzwania – wiele już osiągnęliśmy, ale czeka nas jeszcze walka:
- _Mamy przed sobą jeszcze wiele wyzwań. Musimy zawalczyć o prawa do emerytur stażowych i o niewygasający charakter emerytur pomostowych. Musimy zawalczyć o wyższe wynagrodzenia, niższe podatki dla najmniej zarabiających, większą progresję podatkową. Większy urlop, krótszy czas pracy. Minimalny dochód gwarantowany, równe traktowanie pracowników, w tym imigrantów ze wschodu. To dzisiaj rosnące wyzwanie – o wysokości wynagrodzenia muszą decydować kwalifikacje i rodzaj wykonywanej pracy, a nie obywatelstwa. [Zadbajmy o służbę zdrowia itd.]_(5:06)
Wezwanie do wzmocnienia dialogu społecznego:
- *Rząd ucieka od podejmowania decyzji na forum dialogu społecznego. Ostatnim wymownym przykładem jest przeniesienie rozmów o oświacie z RDS na Stadion Narodowy. **Jako związki zawodowe nie chcemy rządzić, ale chcemy być dobrze rządzeni, tak, by stać nas było na godne życie i godną pracę.*** (6:13)
Potrzeba wzmocnienia i dowartościowania pracy – materialnego i symbolicznego:
- _Nie może być tak, że praca nie chroni przed biedą. Nie może być grup zapomnianych pracowników, jakimi w ostatnich czasach stali się pracujący w sferze finansów publicznych, których wynagrodzenia nie były waloryzowane od kilku lat. A dzisiaj protestującym i strajkującym mówi się, że muszą jeszcze poczekać, bo są pilniejsze i ważniejsze wydatki_ (6:30)
- Wezwanie do większej aktywności zawodowej
1 maja jako 15 rocznica wstąpienia Polski do UE – podkreślenie znaczenia UE dla związków:
- *Drodzy przyjaciele, 1 maja mija 15 lat od naszego wstąpienia do Unii Europejskiej. Decyzja polskiego społeczeństwa, którą dzisiaj popiera zdecydowana większość Polek i Polaków. Dlatego nigdy nie pomyślałem, że przyjdzie nam bronic się przed Polexitem. Dzisiaj wszystkie liczące się siły polityczne w Polsce popierają nasze członkostwo w UE, ale jeszcze niedawno posunięcia władzy poddawły to w wątpliwość. Dlatego dzisiaj twardo mówimy – nasze miejsce jest w Unii Europejskiej! W Unii, która skutecznie broni podstawowych praw i wolności. **W Unii, w której podstawowym narzędziem podejmowania decyzji jest dialog społeczny i negocjacje zbiorowe, czego domagamy się też od naszych władz – dialogu społecznego i dobrego, stabilnego prawa.*** (7:43)
Europejska płaca minimalna, Europejski Filar Praw Socjalnych. Potrzebujemy Unii:
- _Nasz kraj dokonał dzięki Unii cywilizacyjnego i gospodarczego awansu._ (9:15)
Podsumowanie:
- Życzenia. _Wiele dokonaliśmy, sporo jeszcze przed nami. Osiągneliśmy sukces i osiągniemy, tylko jeśli będziemy wspólnie działać. Razem jesteśmy silniejsi_ (9:30)
Na końcu składanie kwiatów przed tablicą. Biało-czerwone wstążki, związkowcy z flagami swoich organizacji i szalikami OPZZ. Film kończy się napisem _1 maja 2019. Cześć ich pamięci_",PL_1990-2019.md
2019,PL,Apel,"1 maja to międzynarodowy dzień solidarności ludzi pracy. Dzień, w którym pracownicy i związkowcy na całym świecie przypominają o prawie do godnej pracy i godnego życia. W dalszym ciągu praca w Polsce dla milionów Polek i Polaków nie spełnia podstawowej roli – zapewnienia godnego i stabilnego życia. Praca powinna być podstawowym źródłem utrzymania, zapewniać bezpieczeństwo socjalne i spokojną emeryturę. Niezbędne jest dalsze ograniczanie „śmieciowego” zatrudnienia! Konieczny jest szybszy wzrost wynagrodzeń i stabilny system emerytalny. Niezbędne są aktywne systemy wsparcia państwa dla osób bezrobotnych i zagrożonych utratą pracy oraz przywrócenia do aktywności zawodowej bezrobotnych. Ogólnopolskie Porozumienie Związków Zawodowych oczekuje szybszego tworzenia nowych – „dobrych” miejsc pracy i wielokrotnie proponowało rządowi podjęcie działań w tej sprawie. Nadal aktualne są w Polsce: potrzeba działania na rzecz równości i sprawiedliwości społecznej, przestrzegania prawa pracy, walki z rozwarstwieniem społecznym, dyskryminowaniem pracowników, w tym zagranicznych i bezrobociem. Ogólnopolskie Porozumienie Związków Zawodowych aktywnie zabiega o wdrożenie zarówno w Polsce jak i całej Unii Europejski zasady „równa płaca za tę samą pracę w tym samym miejscu”. Postulujemy wprowadzenie odpowiedniego prawa europejskiego w tym zakresie, jak również wprowadzenie w życie zasad Europejskiego Filaru Praw Socjalnych. 1 maja to rocznica przystąpienia Polski do Unii Europejskiej. Z tym faktem wiele Polek i Polaków wiązało i wiąże wiele nadziei. Możliwość swobodnego przemieszczania się i podejmowania pracy za granicą, europejskie rozwiązania prawne poprawiające polskie standardy socjalne i społeczne to wartości, które zdecydowana większość obywateli naszego państwa postrzega pozytywnie. Ogólnopolskie Porozumienie Związków Zawodowych apeluje do Polek i Polaków o aktywny udział w obchodach 1 maja - Międzynarodowego Dnia Walki o Prawa Ludzi Pracy. Zapraszamy wszystkich partnerów politycznych i społecznych, dla których ważne są ideały i tradycje 1-go maja, do udziału w obchodach organizowanych przez Rady Wojewódzkie i Powiatowe OPZZ w całym kraju",PL_1990-2019.md
2019,PL,TVP,"- Panorama rozpoczyna się od przypomnienia o 15 rocznicy wejścia Poslki do UE – hymn, koncerty, flaga UE i flaga państwowa. Przełomowe wydarzenie w historii Polski, Duda podkreślał, że to sukces wszystkihc Polaków, a dyskusja o zasadności obecności Polski w UE jest bezpodstawna. W Warszawie liderzy wszystkich państw, które tego dnia weszły do UE. Największe rozszerzenie w historii UE. Spotkanie tych nowych państw na Zamku Królewskim. Jesteśmy lokomotywą wzrostu dla całej Europy, mówi Morawiecki. Ale jest też prezydent Rumunii. Podpisano deklarację Warszawską. Deklaracje PiSowskich przywódców kontrastowane są z tym, co mówi Grzegorz Schetyna. Ale, kryzys migracyjny, tożsamościowy, strefy euro to największe kryzysy od czasu wejści Polski do UE. Mowa o wykorzystaniu unijnych środków. Polska chce mieć teraz wpływ na to, co dzieje się z Polską w Unii. W całym kraju uroczystości rocznicowe. Nic o żadnych wydarzeniach związkowych nie ma. Jest o zamieszkach w Paryżu i podróżach Polaków. 
– przedstawia min. reportaż sprzed 15 lat, jak to było z tym wejściem Polski do UE. Jest papież, jest referendum.**Jest nagranie z marszu niepodległości 1 maja 2004**. Wzmianka że PiS i PO wstęp do UE popierały, jest też wzmianka o roli SLD. Ale, nie zadbali o zniesienie ceł i dopłaty rolników – czyli wynegcjowali źle. Jest też orędzie z tej okazji Morawieckiego, można znaleźć w internecie. **Jedynie w TVP Info w programie ""W Tyle Wizji"" znalazłem transmisję z pierwszomajowego pochodu organizowanego przez Piotra Ikonowicza.** Pokazują komunistyczne flagi, ale też starszą panią która wspiera SLD. Lewicy nie ma, tylko Piotr Ikonowicz. *Zaczęliśmy od skansenu troszeczkę*. Kiedyś chodzili eseldowcy, ale teraz już ich nie ma. Ironizują sobie z Międzynarodówki. Odbyła się manifestacja środowisk komunistycznych, mówi Ziemkiewicz. Pokazują nagrania z 1 maja sprzed około 20 lat! Liga Republikanska pod UW i tam Kamiński. Miller dostaje jajkiem, Adrian zandberg gdzieś tam stoi w tłumie, bójki na marszach, zniesławienie Kamińskiego przez Ikonowicza i skierowanie do sądu. Jest też Jacek Wąsik obok Kamińskiego! No i jest Adrian Zandberg blokującym. No i to był czas, gdy 1 maja kogoś jeszcze kręcił. W latach 90., gdy był podział postkomunistyczny, mówi Rafał Ziemkiewicz, cośtam się działo. A dzisiaj? Wszyscy normalsi pojechali grillować i odpoczywać. To nie jest już święto pracy. Nie chodzi o świat robotniczy/pracowniczy. 1 maj został zreinterpretowany, i stał się świętem Unii Europejskiej. Przeszły manifestacje, ale największa była tego dnia właściwie manifestacja antyunijna. Ale uczestnicy mówią, że one wcale nie są antyunijne. Mamy wywalczyć sobie ponownie suwerenność, która została utracona. Trzeba odsunąć socjalistów od władzy.",PL_1990-2019.md
2019,PL,Miejsca_pamięci,"wiec OPZZ zamiast pochodu: Brama Straceń
PPS i goście: plac Grzybowski (12:30)
OPZZ i SLD: pomnik Daszyńskiego",PL_1990-2019.md
2019,PL,Siedziba Robotnika,"Ikonowicz: Demonstrujący przeszli pod kamień przy ul. wareckiej, upamiętniający miejsce w którym znajdowała się redakcja PPSowskiego ""Robotnika"", następnie przy dźwiękach pieśni rewolucyjnych podeszli na pl. Grzybowski. (lewica.pl 2019)",PL_1990-2019.md
2019,PL,Plac Grzybowski,"manifestacja PPS, główna tego dnia: 300 osób, goście z różnych organizacji lewicowych (w tym SLD i OPZZ) (PS)",PL_1990-2019.md
2019,PL,Brama Straceń,"wiec OPZZ i UP, następuje składanie wieńców (opzz.org.pl)",PL_1990-2019.md
2019,PL,Plac Piłsudskiego,-,PL_1990-2019.md
2019,PL,Pikniki,"SLD zorganizowało w środę pod pomnikiem Ignacego Daszyńskiego w Warszawie Piknik Europejski z okazji Międzynarodowego Święta Pracy oraz 15. rocznicy przystąpienia Polski do Unii Europejskiej. Na pikniku zebrało się kilkaset osób. Był to, jak mówił Czarzasty, jeden z 250 pikników, organizowanych tego dnia przez SLD w całej Polsce. (interia.pl)",PL_1990-2019.md
2019,PL,kontra,"Marsz pod hasłem ""Stop dyktatowi Berlina i Brukseli"" jest organizowany w 15-lecie polskiego członkostwa w UE przez wystawiającą listy w wyborach do PE koalicję Konfederacja Korwin Braun Liroy Narodowcy, Młodzież Wszechpolską i stowarzyszenie Marsz Niepodległości. Demonstrujący od godz. 13 będą się zbierali na pl. Zamkowym, skąd wyruszą około godz. 13.30. Przemarsz zakończą na ul. Jasnej - pod przedstawicielstwem Komisji Europejskiej. (dziennik.pl)
AWtedy [1:51:30.0] był na placu Grzybałskim pod Cytadelą, były takie... Myśmy chyba chcieli uniknąć konfliktu. Mam takie dziwne wrażenie, że chcieliśmy uniknąć konfliktu, zderzenia się z tymi uczestnikami i dlatego ograniczyliśmy obchody do składania wieńców, bo to było takie kilka momentów. Mam takie wrażenie, że, że, że, że, że, że, że mogłyśmy generalnie mimo wszystko jako OPZZ raczej byli zwolennikami ... ... takiego [1:52:00.0] bezopóźnego jakiegoś działania niż konfliktowego. (AR wywiad – dlaczego nie było przemarszu?)",PL_1990-2019.md
2019,PL,wiec,"Wspólny wiec lewicy na placu Grzybowskim, organizowany przez PPS (PS 2019)
Ale też wiec pod Bramą Straceń, gdzie przemawiają przedstawiciele OPZZ (FZZHiM 2019 chociażby)",PL_1990-2019.md
1990,DE,Organizacje_trad,"DGB, FDGB, PDS, SPD, AL, VL, SEW",DE_1990-2019.md
1990,DE,Festyn,"Es gab Info-Stände, Imbiss und Bier - alles aus beiden Teilen der Stadt. Ebenso wie die Redner. (JuW? 2.05.90)",DE_1990-2019.md
1990,DE,Plan_main,"– 9:00. Wiec FDGB w Lustgarten odbywa się w Lustgarten (taz 30.04.1990)
– 8:30. IG Metall i IG Metall-Ost rozpoczynają pod siedzibą na Alten Jakobstrasse (taz 30.04.90)
–8:30. ÖTV i GBW spotykają się na Joachimsthaler Straße (taz 30.04.1990)
– 8:30. DGB i większość członków zaczyna pod DGB-Haus na Keithstraße (taz 30.04.90)
– 11:00. Wspólny wiec na Placu Republiki. Przemówienia w kolejności: Michael Pagels, DGB-Chef Berlin, Ingrid Boche, Vorsitzende der Gewerkschaftsleitung der VEB-Wohnungsbaukombinate Berlin (Ost), Ernst Breit, DGB-Vorsitzender, Rosemarie Lubasch, IG Metall, Mathias Oertel, Initiativgruppe Gewerkschaftsjugend Frankfurt/Oder und Johan Steklenburg, Vizepräsident des Europäischen Gewerkschaftsbundes. (taz 30.04.1990)
– 12:00. Program kulturalny do godziny 16",DE_1990-2019.md
1990,DE,Upamiętnienia,"Zum 100jährigen Jubiläum des 1.Mai zeigt das Haus am Lützowplatz eine Ausstellung zur Geschichte des Feiertages. Die Präsentation der Kunstwerke dokumentiere die Höhen und Tiefen dieses internationalen Kampftages. (taz 2.05.90)
(BZ 30.04.90) Als Beitrag zur 100jährigen Geschichte des Arbeiterkampftages 1. Mai wurde gestern abend im Heimatmuseum Wedding, Pank-straise 47, eine Ausstellung -„100Jahre Berliner Maifeiern 1890 bis 1990"" eröffnet. Zusammengestellt wurde sie vom „Verein zum Studium sozialer Bewegungen e. V."". Leihgaben stammen aus privaten Beständen, Archiven, Museen, **darunter auch aus dem Museum für Deutsche Geschichte, dem PDS-Parteiarchiv, vom FDGB**. Die (außer montags) bis zum 27. Mai geöffnete Ausstellung bietet jeweils freitags, ' 19.30 Uhr,Begleitveranstaltungen u. a. auchmit DDR-Schriftstellern.",DE_1990-2019.md
1990,DE,Vorabendveranstaltung,"Odbywa się w Berlinie, przy udziale liderów DGB. Ostatecznie je",DE_1990-2019.md
1991,DE,Upamiętnienia,"Władze **Tempelhof** przygotowały wystawę o stuleciu 1. Maja w dzielnicy. **Bardzo ciekawym jest to, że CELOWO pominięta została historia SED po 1945 roku, nie została również wspominana historia przedwojennych KPD, choć tu mówi raczej o braku motywacji. Czy nie wychodzi jednak na to samo?** (BZ, 30.04.91)",DE_1990-2019.md
1992,DE,Wydarzenia_alt,1.  LGBT fest – Muskauer Strasse; 2. Autonomous block to DGB demonstrations; 3. FAP demonstration and blockade,DE_1990-2019.md
1992,DE,Nazi,"Nachmittags sammelten sich am Thäl­mann­park in Prenzlauer Berg einige dutzend FAP-Nazis zu einer Demo, von BGS-Einheiten geschützt. Rund 200 spontan mobilisierte Antifas griffen sie trotzdem erfolgreich mit Steinen bis in die S-Bahn hinein an. (Glückspitz)",DE_1990-2019.md
1993,DE,Nazi,"In Berlin-Friedrichsfelde machten 100 FAP-Nazis eine Demo, die von den Bullen ge­schützt wurde. Viele mobilisierte Antifas wur­den an Sperren abgefangen, 40 wurden festge­nom­men; nur etwa 30 erreichten den Schau­platz, es gab einzelne kurze Auseinander­setz­ungen mit Nazis.Am Vorabend hatte ein junger Nazi einen ZDF-Reporter niedergestochen. (Glückspitz)",DE_1990-2019.md
1994,DE,Nazi,"Die FAP wollte mittags in Berlin-Treptow demonstrieren, wo aber bereits 500 Antifas auf sie warteten bei einer angemeldeten Kundgebung. Die Polizei hatte die FAP-Demo wegen „polizeilichem Notstand“ verboten, was vor Gericht aber nicht durchkam. Später ver­sammelten sich die Nazis in Prenzlauer Berg zu einer Spontandemo, wobei 25 von ihnen fest­genommen wurden. Die kurzfristige Antifa-Mobilisierung dorthin kam zu spät, zahlreiche Antifas wurden eingekesselt und nach ASOG festgenommen. (Glückspitz)",DE_1990-2019.md
1995,DE,Nazi,Nichts(?) (Glückspitz),DE_1990-2019.md
1996,DE,Nazi,"NPD- und JN-Nazis führten in Mar­zahn mit 300 Leuten eine Demo durch, die von den Bullen geschützt wurde vor der relativ be­scheidenen Antifa-Mobilisierung. (Glückspitz)",DE_1990-2019.md
1997,DE,Nazi,"NPD- und JN-Nazis führten in Mar­zahn mit 300 Leuten eine Demo durch, die von den Bullen geschützt wurde vor der relativ be­scheidenen Antifa-Mobilisierung. (Glückspitz)
Die NPD wollte zentral in Leipzig demonstrieren, was aber erfolgreich verboten wurde. Diverse Ersatzveranstaltungen in ganz Deutschland wurden überwiegend von Bullen und/oder Antifas verhindert. (Glückspitz)",DE_1990-2019.md
1998,DE,Nazi,"Die NPD mobilisierte bundesweit nach Leipzig und brachte 3000 Nazis auf die Straße (statt wie angekündigt bis zu 15.000). 6000 Bullen beschützten ihre Kundgebung, umgeben von tausenden Antifas, die relativ erfolgreich und offensiv die Straße behaupten konnten. Es kam zu Auseinandersetzungen mit den Bullen, auch etliche Nazis kriegten etwas ab. (Glückspitz)",DE_1990-2019.md
1999,DE,Nazi,"Die zentrale Demo der NPD-Nazis in Bremen war kurz vorher endgültig verboten wor­den, eine erfolgreiche Ausweichdemo gab es nicht. Dafür gab es in Bremen eine von den Bullen trotz Verbots geduldete antifaschistische Demo. (Glückspitz)",DE_1990-2019.md
2000,DE,Nazi,"Die NPD konnte über 1000 Nazis aus ganz Deutschland in Hellersdorf versammeln, nur 300-500 Antifas kamen durch die massiven Polizeikontrollen durch. Eine AAB-Gegen­demo war wegen „Gewaltbereitschaft“ verbo­ten worden, lediglich ein vom Bezirksamt unter­stütztes Straßenfest in einiger Entfernung war genehmigt. Ein erfolgreiches Stören der Nazis gelang kaum, seit Jahren hatten diese nicht mehr so einen erfolgreichen 1.Mai. (Glückspitz)",DE_1990-2019.md
