rok,miasto,godzina_od,godzina_do,dzielnica,dzielnice_wszystkie,aktor,skala,zrodlo,sekcja,id_wydarzenia,tekst,odniesienie
1987,DE,02:00,,,,,,korpus,Opis wydarzeń za stroną ruchu autonomicznych anarchistów,,Erst ab ca. 2.00 Uhr nachts greift die Polizei wieder massiv ein. Mit Wasserwerfern und Räumfahrzeugen rückt sie gegen die brennenden Barrikaden und die noch verbliebenen Demonstranten vor.,DE_1990-2019.md:23
1987,DE,04:45,,,,,,korpus,Opis wydarzeń za stroną ruchu autonomicznych anarchistów,,"Um 4.45 Uhr riegeln zehn Mannschaftswagen der Polizei das Gelände des Mehringhofes ab, brechen mehrere Tore und Türen auf und durchsuchen das Volkszählungsinformations-Büro.",DE_1990-2019.md:12
1990,DE,09:00,,Mitte,,DGB,centralna,mapa (opis wspolny dla lat),DGB,1990_DE_demonstracja_DGB,"1990 East German Demonstration | Aufgerfen, sich 9 Uhr zur Kundgebung im Lustgarten zu treffen, haben die Grüne Liga, der Unabhängige Frauenverband, der DFD, die Vereinigte Linke, derUnabhängige SozialistischeJu-gendverband, die AlternativeLinke Liste, die Aktionsgemeinschaft ""Rentner fordern Sicherheit"", der Behindertenverband, Demokratie Initiative 90, der Bezirksaussc",1__mai_berlin_aktualna_14_.geojson#38
1990,DE,10:45,,Tiergarten,,DGB,centralna,mapa (opis wspolny dla lat),DGB,1990_DE_festyn_DGB,"DGB Maifest 1990 | First joint rally in Berlin since 1948; 10:45 Berliner Hymnentafel: ""Wann wir schreiten..."" 10:48 We Shall Overcome 10:55 Friede auf unserer Erde 10:58 Für Freiheit und Recht 11:00 Start of ARD live broadcast 11:03 Solidaritätslied 11:06 Lied der Freiheit (Nabucco) 11:10 Rede Michael Pagels 11:18 Rede Ingrid Boche 11:23 Rede Ernst Breit 1",1__mai_berlin_aktualna_14_.geojson#8
1990,DE,11:00,,,,,,korpus,Aufruf zur 1. Mai-Demo in Ostberlin,,Beginn: 11 Uhr,DE_1990-2019.md:230
1990,DE,11:10,,,,SPD;DGB,,korpus,Prasa / taz / Vereinter Ruf in Berlin: „Heraus zum 1. Mai“,,"Opis:: First joint May Day demonstration of East and West since 1947. Among important characteristics of this years' holiday is de-partisanship of the holiday – no SED tribune, no SPD party event. The main actor would be DGB, which sets the tone for the celebrations just as they were in 1982 – trade union event on the Platz der Republik. The schedule of all the demonstrations is presented and the ",DE_1990-2019.md:552
1990,DE,18:00,,,,,,korpus,Aufruf zur 1. Mai-Demo in Ostberlin / Wydarzenia,,"(taz 2.05.1990) Zum 100 jährigen Jubiläum des 1.Mai zeigt das Haus am Lützowplatz eine Ausstellung zur Geschichte des Feiertages. Die Präsentation der Kunstwerke dokumentiere die Höhen und Tiefen dieses internationalen Kampftages. Die Hälfte der Exponate kommt aus dem Osten. Gezeigt werden Festzeitschriften, Karikaturen und Plakate sowie eine Fotoausstellung zu den Mai-Veranstaltungen aus beiden T",DE_1990-2019.md:237
1990,DE,18:00,,,,,,korpus,Prasa / taz / Ausstellung zu 100 Jahre 1. Mai,,"Opis:: Zum 100jährigen Jubiläum des 1.Mai zeigt das Haus am Lützowplatz eine Ausstellung zur Geschichte des Feiertages. Die Präsentation der Kunstwerke dokumentiere die Höhen und Tiefen dieses internationalen Kampftages. Die Hälfte der Exponate kommt aus dem Osten. Gezeigt werden Festzeitschriften, Karikaturen und Plakate sowie eine Fotoausstellung zu den Mai-Veranstaltungen aus beiden Teilen Berl",DE_1990-2019.md:658
1990,DE,19:30,,Wedding,Wedding,PDS;FDGB,dzielnicowa,korpus,Aufruf zur 1. Mai-Demo in Ostberlin / Wydarzenia,,"(BZ 30.04.90) Als Beitrag zur 100jährigen Geschichte des Arbeiterkampftages 1. Mai wurde gestern abend im Heimatmuseum Wedding, Pank-straise 47, eine Ausstellung -„100Jahre Berliner Maifeiern 1890 bis 1990"" eröffnet. Zusammengestellt wurde sie vom „Verein zum Studium sozialer Bewegungen e. V."". Leihgaben stammen aus privaten Beständen, Archiven, Museen, darunter auch aus dem Museum für Deutsche Ge",DE_1990-2019.md:235
1990,DE,20:00,,,,,,korpus,Revolutionäre 1. Mai / Przebieg,,"Wir rufen Frauen und Männer aus Ost und West auf, sich diese Häuser zu nehmen, bevor es zu spät ist. Bilder Gruppenzusammenhänge und beendet Eure Wohnungsnot! Wir schlagen Euch eın gemeinsames Treffen vor, um konkrete Schritte und Vorbereitungen zu besprechen. Dies soll in der ""Kirche von Unten"", Elisabethkirchsir. 21, Berlin, 1040, am 29.04.1950 um 20.00 Uhr stattfinden.",DE_1990-2019.md:211
1990,DE,22:00,,,,,,korpus,Prasa / taz / In guter Tradition,,"Opis:: Pobicie dwóch fotodziennikarzy przez policję 1. maja. Sabine Sauer i Detlefa Konnertha z magazynu Stern. Do sytuacji doszło o godzinie 22 na Kreuzbergu, już po zakończeniu demonstracji tego dnia. Inny artykuł z 5.05 informuje, że policjanci zostali zatrzymani i wysłani tymczasowo na urlop (Pressefotograf angezeigt). Official actions against them are taken by the city officials, described in",DE_1990-2019.md:348
1991,DE,08:30,,,,DGB,,korpus,Scenariusz,,"- 8:30 - DGB-Haus, Wallstr 61-65, Berlin 30 - Treffpunkt",DE_1990-2019.md:836
1991,DE,08:30,,,,ÖTV,,korpus,Scenariusz,,"- 8:30 - ÖTV-Haus,",DE_1990-2019.md:837
1991,DE,08:45,,Kreuzberg,Kreuzberg,,dzielnicowa,korpus,Prasa / taz / Polizei de­mo­lier­te tür­ki­sches Lokal,,"Opis:: Despite assurances from police chief Schertz that force would be used proportionately, there were several instances of police brutality on that May night in Kreuzberg. At around 8:45 p.m., ten officers stormed into the Turkish restaurant ""Kösk"" on Lausitzer Platz in pursuit of young people – they beat peacefully seated guests with batons, overturned tables and chairs, and knocked over glass",DE_1990-2019.md:1228
1991,DE,09:30,,,,IG Metall,,korpus,Scenariusz,,"- 9:30 - IG Metall Hays-Haus in der Alte Jakob-/Lindenstraße, 1090 Berlin 61",DE_1990-2019.md:838
1991,DE,10:30,,Tiergarten,,DGB,centralna,mapa (opis wspolny dla lat),DGB,1991_DE_festyn_DGB,"DGB Maifest 1991 | 10:30-11:00 Berliner Singgemeinschaft Märkisches Ufer – Der Mai ist gekommen; Wenn wir schreiten Seit an Seit 11:00 Begrüßung Berd Riessmann 11:15 Christiane Bretz (DGB BB Vorsitzende), Holger Kasselow (Betriebsratvorsitzende Werks für Fernsehelektronik (WF)) Speeches: 11:45 Political and cultural programme Tiemponuevo (Chilean music) Dis",1__mai_berlin_aktualna_14_.geojson#9
1991,DE,11:00,,,,,,korpus,Scenariusz,,11:00 - Kundgebung (Sternmarsch endet vor dem Reichstag),DE_1990-2019.md:839
1991,DE,12:00,,,,,,korpus,Scenariusz,,12:00-17:30 - Straßenfest in der Friedrichshainer Koppenstraße,DE_1990-2019.md:841
1991,DE,13:00,,Kreuzberg,Kreuzberg,Revolutionäre 1. Mai,dzielnicowa,korpus,Scenariusz,,13:00 - Revolutionäre 1. Mai-Demo vom Oranienplatz in Kreuzberg,DE_1990-2019.md:843
1991,DE,13:00,,,,,,korpus,Scenariusz,,13:00 - Maifeier hinter der Gethsemanekirche,DE_1990-2019.md:844
1991,DE,13:00,,Marzahn,Marzahn,,dzielnicowa,korpus,Scenariusz,,13:00 - Maibaumklettern vor der FDJS-Geschäftsstelle Alt-Marzahn 64,DE_1990-2019.md:845
1991,DE,13:00,,,,,,korpus,Scenariusz,,13:00-24:00 - Hauptstadt-Bummel auf dem Ritzplatz und der Heinrich-Heine-Straße,DE_1990-2019.md:846
1991,DE,13:00,,Kreuzberg,,R1M,dzielnicowa,mapa (opis wspolny dla lat),Revolutionäre 1. Mai,1991_DE_demonstracja_R1M,1991 Demo | Oranienplatz 13.00 Uhr -: Skalitzerstr. -‘ Görlitzerstr. -Oppelnerstr. - Wrangelstr. -: Falckensteinstr. - Oberbaumbrücke - Warschauerstr. -’ Kopernikusstr. -: Simon-Dach-Str. -»Niederbarnimstr. -’ Proskauerstr. -. Liebigstr. -Abschluß Bänschstr./Proskauerstr (Interim 142/1991) Attendance: 10000 (Gluckspilz) 8000 (police) 20000 (organiser,1__mai_berlin_aktualna_15_.geojson#29
1991,DE,14:00,,,,,,korpus,Scenariusz,,"14:00 – Berliner Prater, folk festical",DE_1990-2019.md:830
1991,DE,14:00,,Müggelheim,Müggelheim,,dzielnicowa,korpus,Scenariusz,,14:00– Maifete w klubie wiejskim w Müggelheim,DE_1990-2019.md:831
1991,DE,14:00,,,,,,korpus,Scenariusz,,14:00-24:00 – from Marx-Engels-Platz through Unter den Linden stage programm in the city center (za ND),DE_1990-2019.md:832
1991,DE,14:00,,,,,,korpus,Scenariusz,,14:00 - Tag der offenen Tür im und um das Karl-Liebknecht-Haus am Rosa-Luxemburg-Platz (bis 18 Uhr),DE_1990-2019.md:847
1991,DE,14:00,,,,,,korpus,Scenariusz,,"14:00 - Haus der jungen Talente, Klosterstraße 68-70 - Kunstmarkt",DE_1990-2019.md:848
1991,DE,14:00,,Hohenschönhausen,Hohenschönhausen,,dzielnicowa,korpus,Scenariusz,,"14:00-20:00 - Maifest ""von unten"", Zinglster Str/Am Berg Ahornhausen, Hohenschönhausen (mit Kulturprogramm, Kinderfest, Infostände)",DE_1990-2019.md:849
1991,DE,14:00,,,,,,korpus,Scenariusz,,14:00-18:00 - Kinder- und Familienfest in der Jungfernheide (Eingang Heckerdamm),DE_1990-2019.md:850
1991,DE,14:00,,Prenzlauer Berg,Prenzlauer Berg,,dzielnicowa,korpus,Scenariusz,,"14:00-20:00 - Tanz unterm Maibaum in Prenzlauer Berg, Kastanienallee 7-9",DE_1990-2019.md:851
1991,DE,14:00,,,,,,korpus,Prasa / Berliner Zeitung / 30.04.1991,,14:00-24:00 – from Marx-Engels-Platz through Unter den Linden stage programm in the city center,DE_1990-2019.md:1005
1991,DE,14:00,18:00,Mitte,,PDS,centralna,mapa (opis wspolny dla lat),East German Left,1991_DE_festyn_PDS,"1991 PDS Strassenfest | From invitation: Kommt alle zur Kundgebung des DGB am 1. Mai. 11 Uhr Platz der Republik, Reichstagsgebäude Straßenfest der PDS Am Rosa-Luxemburg-Platz von 14-18 Uhr Gespräche mit Gregor Gysi und Käthe ReichelStände der AG's und IG’s Linker Medien- und Lesemarkt Spielaktionen für Kinderund Erwachsene PDS»Tag der Ottenen Tür«im Parteivorsta",1__mai_berlin_aktualna_12_.geojson#2
1991,DE,14:30,,Köpenick,Köpenick,,dzielnicowa,korpus,Scenariusz,,"14:30-18:00 - Maifeier auf der Schönbörse in Köpenick (mit Kinderfest, Kunsthandwerk, Infos, Gesprächen)",DE_1990-2019.md:852
1991,DE,15:00,,Schöneberg,Schöneberg,,dzielnicowa,korpus,Scenariusz,,"15:00 - Rosa-Luxemburg-Haus in Schöneberg, Kurze Str 11 - Diskussion ""Was erwartet die Arbeitnehmerinnen in der Region Berlin/Brandenburg""",DE_1990-2019.md:853
1991,DE,15:00,,Hellersdorf,Hellersdorf,,dzielnicowa,korpus,Scenariusz,,15:00 - Maifeier in Hellersdorf (mit viel Musik),DE_1990-2019.md:854
1991,DE,15:00,,,,,,korpus,Scenariusz,,"15:00 – Lausitzer Platz festival, pod hasłem Gegen Rassismus und die Zerstörung Kreuzbergs (BZ)",DE_1990-2019.md:855
1991,DE,15:00,,,,,,korpus,Prasa / Berliner Zeitung / 30.04.1991,,"15:00 – Lausitzer Platz festival, pod hasłem Gegen Rassismus und die Zerstörung Kreuzbergs",DE_1990-2019.md:1004
1991,DE,15:35,,,,,,korpus,Prasa / Sprawozdanie z dokumentów wewnętrznych DGB,,"Als besonderer Höhepunkt wurde der Auftritt des sowjetischen Musik-Gesangs-Ensembles empfunden, der zum Abschluss noch eine erfreulich grosse Zahl zu ZuhörinnerInnen vor die Hauptbühne lockte, so dass der Kulturprogramm durch Zugaben bis 15:35 Uhr verlängert werden musste",DE_1990-2019.md:904
1991,DE,15:45,,Kreuzberg,Kreuzberg,,dzielnicowa,korpus,Prasa / Berliner Zeitung / 2.05.1991,,"15:45– na rogu Bänsch i PRoskauer Strasse dochodzi do zamieszek, wywołanych blokadą dojścia w stronę Rigaer Strasse riots/Kreuzberg/1991",DE_1990-2019.md:1043
1991,DE,18:00,,,,,,korpus,Scenariusz,,"18:00 – w Alten TU-Mensa kobieca demonstracja, rozpoczyna się w Kleistparku",DE_1990-2019.md:826
1991,DE,18:00,,,,,,korpus,Scenariusz,,18:00 – ZASILO wspólnie z Bündnis Kritischer GewerkschafterInnen organizują Tanz in den Mai w Haus der Demokratie,DE_1990-2019.md:827
1991,DE,18:00,,Schöneberg,Schöneberg,Walpurgisnacht,dzielnicowa,mapa (opis wspolny dla lat),Walpurgisnacht,1991_DE_demonstracja_Walpurgisnacht-Frauendemo,"1991 Frauendemo | 1991 30.04. Ob alt oder jung, ob geschminktoder pur, in weiten Gewändern oder Alternativ-Look, beflochten oder mitwiderspenstiger Mähne - die Hexen sind los. Start ist um 18 Uhr am Kleistpark (Schöneberg) mit einerverhexten Demo. Im Anschluß daran zieht frau gemeinsam zum Fest ein die alte TU-Mensa (Hardenbergstraße). (Berliner Zeitung, 2",1__mai_berlin_aktualna_11_.geojson#27
1991,DE,19:00,,,,,,korpus,Prasa / taz / LE­SUN­GUND­VI­DEO  ■  ANARCHIE IN MOABIT,,"Opis:: Anarchist events post-May Day: - 19:00 - Ralf Landmesser, anarchistische Polit-Lyrik, Kulturfabrik Lehrter Straße 35 - 20:00 - Horst Stohwasser, Videovortrag ""Die Utopie lebt noch"" über ""Projekt A"", A-Laden Rathenower Straße 22",DE_1990-2019.md:1133
1991,DE,20:00,,,,,,korpus,Scenariusz,,"20:00 - ""Wer jetzt nicht tanzt"" - Konzert mit Franz-Josef Degenhardt, Haus der Kultobchen Park",DE_1990-2019.md:856
1991,DE,20:30,,,,,,korpus,Scenariusz,,20:30 - Hofgarten-Wirtz-Platz - Klubgespräch mit Michael Brie und Reinhold Andert,DE_1990-2019.md:857
1992,DE,07:45,,,,DGB;IG Metall,,korpus,Events description / taz / 1. Mai in Senftenberg,,"Opis:: Für den 1. Mai organisiert der DGB gemeinsam mit den Mitgliedsgewerkschaften die Mai-Kundgebung in Senftenberg. Dazu fährt ein Sonderzug 7.45 Uhr ab Senftenberg eine »Ehrenrunde durch die Niederlausitz« über Ruhland, Lauchammer-West, Elsterwerda-Biehla, Bad Liebenwerda, Schönborn, Doberlug-Kirchhain, Finsterwalde und Großräschen zurück nach Senftenberg. Nach der Kundgebung und dem anschließ",DE_1990-2019.md:1715
1992,DE,08:30,,,,DGB;IG Metall;FDGB;ÖTV,,korpus,Events description,,"8:30-9:30 (?) – 5 separate rallies: DGB, IG Metall, former FDGB, ÖTV and Alexanderplatz towards Lustgarten",DE_1990-2019.md:1396
1992,DE,08:30,,,,DGB;IG Metall;ÖTV,,korpus,Events description / taz / Der Tag der Arbeit wird im Lust­gar­ten gefeiert,,"Opis:: Plans of DGB for May 1st in Berlin. Main event at Lustgarten. Accoring to Christine Bretz, trade unions will protest the shifting the costs of transformation onto employees, protest against abolishment of continued payment of wages in the event of illness for workers. Bretz says that employees will also need to 'practice restraint' when it comes to rebuilding of the East, as many of them mi",DE_1990-2019.md:1655
1992,DE,09:00,,,,DGB,,korpus,Events description,,9:00 – DGB Haus demonstration beginning,DE_1990-2019.md:1392
1992,DE,09:00,,,,ÖTV;GEW,,korpus,Events description,,9:00 – ÖTV/GEW demonstration beginning,DE_1990-2019.md:1393
1992,DE,09:30,,,,IGM,,korpus,Events description,,9:30 – IGM/IG Medien demonstration beginning,DE_1990-2019.md:1394
1992,DE,10:00,,,,DGB,,korpus,Events description,,10:00 – DGB Wallstrasse demonstration beginning,DE_1990-2019.md:1395
1992,DE,10:20,,Mitte,Mitte,DGB,centralna,mapa (opis wspolny dla lat),DGB,1992_DE_festyn_DGB,"DGB Maifest 1992 | 1992 Lustgarten rally as a sign of Berlin's unification Sie werden sicher wissen, daß der Deutsche Gewerkschaftsbund, Landesbezirk Berlin-Brandenburg, am 1. Mai 1992 erstmals seine Maikundgebung im Lustgarten durchgeführt hat, nachdem diese traditionellen Veranstaltungen bis 1991 vordem Reichstag stattfanden. Unsere Absicht dabei war, ein",1__mai_berlin_aktualna_14_.geojson#10
1992,DE,11:00,,,,DGB,,korpus,Events description,,"11:00 – DGB rally at Lustgarten – why Lustagarten, the same place as in GDR? Some reason behind it?",DE_1990-2019.md:1397
1992,DE,11:00,,,,DGB;ÖTV;Revolutionäre 1. Mai,,korpus,Events description / taz / Demos am 1. Mai,,"Opis:: Folgende Demos werden am 1. Mai stattfinden: DGB-Abschlußkundgebung um 11 Uhr im Lustgarten. Start: DGB-Haus, Keith-/Kleiststraße (8.30); IG-Metall-Haus, Alte Jakob-/Lindenstraße (9.00), ÖTV- Haus, Joachimsthaler Straße 20 (8.30) sowie am Gewerkschaftshaus, Wallstraße 61-65 (9.30). Kritische Gewerkschafter marschieren getrennt ab 10 Uhr vom Alex zum Lustgarten. Und: »Revolutionäre 1. Mai- D",DE_1990-2019.md:1686
1992,DE,13:00,,Kreuzberg,Kreuzberg,,dzielnicowa,korpus,Events description,,13:00 – R1M at Kreuzberg,DE_1990-2019.md:1398
1992,DE,13:00,,Mitte,Mitte;Kreuzberg;Neukölln;Prenzlauer Berg,,dzielnicowa,korpus,Events description / taz / Die Re­vo­lu­ti­on in Block­for­ma­ti­on,,"Opis:: Western Groups' Plans: RIM (Revolutionary Internationalist Movement): Dogmatic ML group calling for a demo to Brandenburg Gate starting 13:00 from Oranienplatz Independent autonomous groups: Organizing a separate march through Mitte, Kreuzberg, and Neukölln to Kottbusser Tor Both routes start from the same place (Oranienplatz) at the same time - whoever leaves first determines the actual ro",DE_1990-2019.md:1700
1992,DE,13:00,,,,,,korpus,Events description / Spiegel / Offene Hand statt geballter Faust,,"12.04.1992, 13.00 Uhr • aus DER SPIEGEL 16/1992(https://www.spiegel.de/spiegel/print/index-1992-16.html ""DER SPIEGEL 16/1992"")",DE_1990-2019.md:1810
1992,DE,15:00,,Prenzlauer Berg,Prenzlauer Berg,FAP;Antifa,dzielnicowa,korpus,Events description,,"15:00 – FAP demonstration at Prenzlauer Berg, Ernst-Thälmann Platz. 50 attendees, 200 counterprotesters from Antifa",DE_1990-2019.md:1399
1992,DE,15:00,,Kreuzberg,Kreuzberg,FAP,dzielnicowa,korpus,Events description / taz / Krawall in SO 36 FAP-Demo ver­hin­dert,,"Opis:: Not many were masked. Slogans about LA riots. Clashes between autonomen and RIM+turiksh communists. No route towards Brandenburg, everything stayed in Kreuzberg. 15:00 – Ernst-Thälmann-Platz FAP demonstration, hindered by autonomen and anti-fassits – only 3 to 5k were there.",DE_1990-2019.md:1761
1992,DE,20:00,,,,,,korpus,Events description,,20:00 – Der Osten schlägt zurück,DE_1990-2019.md:1403
1992,DE,20:00,,Prenzlauer Berg,Prenzlauer Berg,,dzielnicowa,korpus,"Events description / z 5DGBG000656, nie wiem jaki tytuł prasowy. Wszystko 2.05 / Hauke/Rechenberg",,"Gegen 20 Uhr weiteten sich die Ausschreitungen auf Prenzlauer Berg aus. Unter dem Motto „DerOsten schlägt zurück"" randaliertenrund 500 Autonome rund um den Kollwitzplatz. Sie demoliertenSchaufenster, errichteten Barrika-den und attackierten Polizisten",DE_1990-2019.md:1529
1992,DE,20:00,,Prenzlauer Berg,Prenzlauer Berg,,dzielnicowa,korpus,Events description / taz / Die Re­vo­lu­ti­on in Block­for­ma­ti­on,,"Cytaty:: Zu weiteren Streitigkeiten im Vorfeld kam es zwischen Autonomen aus Ost und West. Es gebe einen »Abstand in der Art, mit Konflikten umzugehen«, bemerkt der Aufruf zum eigenen »revolutionären Ostblock«: »Während wir uns aus unserer Geschichte heraus kein Zusammengehen mit doktrinären ML-Sekten wie RIM oder TKP/ML vorstellen können, beschwert sich ein großer Teil der Wessis maximal über nic",DE_1990-2019.md:1701
1992,DE,20:00,,Schöneberg,Tiergarten,Walpurgisnacht,dzielnicowa,mapa (opis wspolny dla lat),Walpurgisnacht,1992_DE_demonstracja_Walpurgisnacht-Frauendemo,"1992 Frauendemo | 1992 (assumed similiar to 1991) 30.04. 20 Uhr in Tiergarten, der TU-Mensa, Hardenberger Strabe 38,Umzug 18 Uhr ab Kielsipark. (Berliner Zeitung, 29.04.1992) Grunewladstrasse/Potsdamerstrasse(F-NL-PGA-2-1477, schwules muesum) Ecke Hohenstaufenstrasse/Habsburgerstrasse (F-NL-PGA-2-1452, schwules museum) Ecke Hohenstaufenstrasse/Martin-Luthe",1__mai_berlin_aktualna_11_.geojson#28
1992,DE,20:00,,Prenzlauer Berg,Prenzlauer Berg,PDS,dzielnicowa,mapa (opis wspolny dla lat),East German Left,1992_DE_demonstracja_PDS,"""The East strikes back"". East German left demonstration 1992 | Am Abend gingen die Auseinan-dersetzungen in Prenzlauer Berg indie zweite Runde: Unter dem Motto""Der Osten schlägt zurück"" zogengegen 20 Uhr etwa 200 Demonstranten vom Heimholtzplatz in Richtung Kollwitzplatz. Entlang der Duncker-und der Husemannstraße hinterließen die Autonomen eine Spur der Verwüstung. Bauwagen wurden umgekippt, Mulicon",1__mai_berlin_aktualna_12_.geojson#16
1992,DE,20:00,,Prenzlauer Berg,,PDS,dzielnicowa,mapa (opis wspolny dla lat),East German Left,1992_DE_wiec_PDS,"Helmholtzplatz | 1992 – początek demonstracji ""Osten schlägt zurück"" (20:00) 1993 Nach einem Stadtteilfest der Hausbestzern auf dem Helmhotzplatz hatten angetrunkene Randalier Gerümpel angerundet und Bauzäune auf die Strasse geworfen. Die Auseinandersetzungen dauerten bis Mitternacht (BZ 3.05.1993)",1__mai_berlin_aktualna_12_.geojson#18
1993,DE,05:03,,Charlottenburg,,DGB,dzielnicowa,mapa (opis wspolny dla lat),DGB,1993_DE_demonstracja_DGB_a,"1993 ÖTV demonstration | Lietzenburger Strasse – An der Urania – Schillstrasse – Lützowufer – Schöneberger Ufer – Potsdamer Strasse – Potsdamer Platz – Leipziger Platz – Leipziger Strasse – Friedrichstrasse – Unter den Linden – Lustgarten (DGBB 653, 1992) Tagesschau 1993 – Seems that they went through the Brandenburger Tor (5:03) Attendance: 2000 (rbb)",1__mai_berlin_aktualna_14_.geojson#51
1993,DE,09:00,,,,ÖTV,,korpus,Scenariusz / 1. Mai,,"9:00 - ÖTV Haus, Joachimstaler Strasse 20",DE_1990-2019.md:1935
1993,DE,09:00,,Mitte,,PDS,centralna,mapa (opis wspolny dla lat),East German Left,1993_DE_demonstracja_PDS,"BKG Demonstration 1993 | (Berliner Zeitung 30.04; @hurtgenDokumenteBundnisKritischer2017 {89} Gut 5000 Kritische Gewerkschafterinnen, Wehrdienstverweigerer, Arbeitslose, Behinderte, Vertreter von Bürgerinitiativen, KPD, PDS sammelten sich hier Rosa-Luxemburg-Platz gegen 9 Uhr gemeinsam (jw 2.05.1993) Veranstalter: Ostberliner Betriebs- und Personalratsinitiative ",1__mai_berlin_aktualna_12_.geojson#21
1993,DE,09:15,,,,PDS;DGB;BKG,,korpus,Scenariusz / 1. Mai,,"9:15 - PDS Auftaktkundgebung Rosa-Luxemburg-Platz Kundgebung, danach ""Zug der Widerspenstigen"" zur DGB-Kundgebung PDS BKG",DE_1990-2019.md:1936
1993,DE,09:15,,,,PDS;DGB,,korpus,Prasa / taz / Rot ist der Maien — und sehr som­mer­lich,,"PDS - Auftaktkundgebung 9:15 Uhr, Rosa-Luxemburg-Platz Kundgebung, danach ""Zug der Widerspenstigen"" zur DGB-Kundgebung",DE_1990-2019.md:2289
1993,DE,09:30,,,,IG Metall,,korpus,Scenariusz / 1. Mai,,9:30 - IG Metall Haus,DE_1990-2019.md:1937
1993,DE,09:30,,,,BKG,,korpus,Scenariusz / 1. Mai,,"9:30 - BKG (Bündnis Kritischer Gewerkschaften) march von Luxemburg Platz zu Marx-Engels-Forum Motto: ""Solidarität statt Solidarpakt"" slogan/main BKG",DE_1990-2019.md:1939
1993,DE,09:30,,Mitte,Mitte;Prenzlauer Berg,DGB;IGM;BKG,dzielnicowa,korpus,Prasa / taz / 1. Mai: DGB,,"Opis:: DGB-Haus at 9AM, IGM Haus at 9:30AM, Gewerkschafthaus Mitte 10AM — all go to Lustgarten for 11AM. Speakers – Yilmaz Karahasan (Vorstandsmitglied IGM), Burgunde Grosse (Kreisvorsitzende Berlin-Nord) und Ursula Schäfer (Kreisvorsitzende Berlin-Süd). 1PM – Oranienplatz-Rosenthalerplatz for those who are 'protest and demonstration willing' – as if trade union demonstration wasn't for those who ",DE_1990-2019.md:2277
1993,DE,09:30,,Mitte,,PDS,centralna,mapa (opis wspolny dla lat),East German Left,1993_DE_spotkanie_PDS,1993 PDS Tag der offenen Tür | 9:30 – Kundgebung 11:30 – Tag der offenen Tür (nur Berliner PDS) (jw 30.04.1993),1__mai_berlin_aktualna_12_.geojson#3
1993,DE,09:30,,Kreuzberg,,DGB,dzielnicowa,mapa,DGB,1993_DE_demonstracja_DGB,1992-94 IG Metall | 1993: 9:30,1__mai_berlin_aktualna_14_.geojson#50
1993,DE,10:00,,Mitte,Mitte,,dzielnicowa,korpus,Scenariusz / 1. Mai,,10:00 - Gewerkschaftshaus Mitte,DE_1990-2019.md:1941
1993,DE,10:00,,Mitte,,DGB,centralna,mapa,DGB,1993_DE_demonstracja_DGB_b,1993-4 – IG BAU/DGB demonstration | 1993: 10:00,1__mai_berlin_aktualna_14_.geojson#52
1993,DE,10:45,,,,BKG;DGB,,korpus,Scenariusz / 1. Mai,,10:45 - BKG short end-rally Marx-Engels-Forum danach Anschluss an die Demonstration des DGB BKG DGB route,DE_1990-2019.md:1943
1993,DE,11:00,,,,DGB,,korpus,Scenariusz / 1. Mai,,11:00 - Hauptveranstaltung DGB Lustgarten (Familienfest),DE_1990-2019.md:1944
1993,DE,11:00,,Mitte,,DGB,centralna,mapa (opis wspolny dla lat),DGB,1993_DE_festyn_DGB,"DGB Maifest 1993 | 11:00 - Hauptveranstaltung DGB Lustgarten (Familienfest) Speeches: Yilmaz Karahasan (member of IG Metall Bundesvorstand) Burgunde Grosse (vorsitzende DGB Kreis Berlin-Nord) Ursula Schäfer (vorsitzende DGB Kreis Berlin-Süd) Renft Combo, Distel Kabaret, Berliner Blaßorchestra as element of cultural programme",1__mai_berlin_aktualna_14_.geojson#11
1993,DE,12:00,,Prenzlauer Berg,Prenzlauer Berg,,dzielnicowa,korpus,Scenariusz / 1. Mai,,12:00 - Helmholtzplatz in Prenzlauer Berg Bezirksfest,DE_1990-2019.md:1945
1993,DE,12:30,,,,DAG,,korpus,Scenariusz / 1. Mai,,"12:30 - DAG (Deutsche Angestellten-Gewerkschaft) ""Hof-Info-Fest"" DAG-Haus, Blissestraße (Umbenennung in ""Siegfried-Aufhäuser-Haus"") Motto: ""Gegen Sozialabbau – für soziale Gerechtigkeit"" Informationen mit musikalischem Programm",DE_1990-2019.md:1946
1993,DE,12:30,,,,DAG,,korpus,Prasa / taz / Rot ist der Maien — und sehr som­mer­lich,,"DAG (Deutsche Angestellten-Gewerkschaft) - ""Hof-Info-Fest"" ab 12:30 Uhr, DAG-Haus, Blissestraße (Umbenennung in ""Siegfried-Aufhäuser-Haus"") Motto: ""Gegen Sozialabbau – für soziale Gerechtigkeit"" Informationen mit musikalischem Programm",DE_1990-2019.md:2294
1993,DE,13:00,,,,,,korpus,Scenariusz / 1. Mai,,13:00 - Revolutionary 1st of May Demonstration Oranienplatz,DE_1990-2019.md:1947
1993,DE,13:00,,Marzahn,Marzahn,PDS,dzielnicowa,korpus,Scenariusz / 1. Mai,,"13:00 - PDS Marzahn ""Rot ist der Mai"" Geschäftsstelle Alt-Marzahn 64 Organisiert vom Marzahner Bezirk, ""Einheitskomitee""",DE_1990-2019.md:1948
1993,DE,13:00,,Marzahn,Marzahn,PDS,dzielnicowa,korpus,Prasa / taz / Rot ist der Maien — und sehr som­mer­lich,,"PDS Marzahn - ""Rot ist der Mai"" ab 13:00 Uhr, Geschäftsstelle Alt-Marzahn 64 Organisiert vom Marzahner Bezirk, ""Einheitskomitee""",DE_1990-2019.md:2291
1993,DE,13:00,,Wilmersdorf,Wilmersdorf,DAG,dzielnicowa,mapa (opis wspolny dla lat),DAG (1990-1997),1993_DE_wiec_DAG,1993-1995 DAG Kundgebung | 1993 Gedenktafel im DAG-Haus in Wilmersdorf erinnert an Widerstandskämpfer und Gewerkschaftsführer der ersten Stunde - Enthüllung am 1. Mai Seit dem Bezug des Hauses in der Wilmersdorfer Blissestraße 2 durch den Landesverband und Bezirk der Deutschen Angestellten-Ge-werkschaft (DAG) vor 20 Jahren bürgerte sich der Name DAG-Haus bei den An,umap_backup_1-mai-berlin_aktualna16.umap#0
1993,DE,14:00,,Friedrichshain,Friedrichshain,PDS,dzielnicowa,korpus,Scenariusz / 1. Mai,,14:00 - PDS Friedrichshain Verlag des Neuen Deutschland Einladung der Friedrichshainer GenossInnen (Franz-Mehring Platz) PDS festival script,DE_1990-2019.md:1949
1993,DE,14:00,,Friedrichshain,Friedrichshain,FAP,dzielnicowa,korpus,Scenariusz / 1. Mai,,"14:00 – FAP nazi demonstration in Friedrichshain, attempts of antifascists to block their march",DE_1990-2019.md:1951
1993,DE,14:00,,Friedrichshain,Friedrichshain,PDS,dzielnicowa,korpus,Prasa / taz / Rot ist der Maien — und sehr som­mer­lich,,"PDS Friedrichshain 14:00 Uhr, Verlag des Neuen Deutschland Einladung der Friedrichshainer GenossInnen",DE_1990-2019.md:2292
1993,DE,15:00,,Kreuzberg,Kreuzberg,,dzielnicowa,korpus,Scenariusz / 1. Mai,,"15:00-19:00 - Arbeiterwohlfahrt Kreuzberg ""Begegnung der Generationen"" Seniorenheim, Stallschreiberstraße Erwachsenen- und Kinderfest",DE_1990-2019.md:1952
1993,DE,17:00,,,,,,korpus,Prasa / Berliner Zeitung / 3.05.1993,,Demonstracja rozwiązana przed czasem na Alexanderplatz o godzinie 17,DE_1990-2019.md:2132
1993,DE,18:00,,,,,,korpus,Scenariusz / 30. April,,"18:00 - Protest against violence against women on the night of Walpurgie (going strong since 1977). From Nolendorfplatz to Zoo (BZ 30.04, 15)",DE_1990-2019.md:1927
1993,DE,18:00,,Schöneberg,,Walpurgisnacht,dzielnicowa,mapa (opis wspolny dla lat),Walpurgisnacht,1993_DE_demonstracja_Walpurgisnacht-Walpurgisnacht-Demo,"Walpurgisnacht Demo 1993 | 30.04, 18:00 – Um 18 Uhr treffen sich Frauen auf dem Winterfeldtplatz. Die Nacht vor dem 1. Mai nutzen sie, um auf Gewalt gegen Frauen aufmerksam zu machen. Der Demonstrationszug verläuft vom Nollendorfplatz zum Zoo (BZ 30.04.93) Pallaststrasse (Vor 20 Jahren: Alljährliche Mai-Randale in Berlin | Spiegel TV 0:09) Ecke Büllowstrasse/Froben",1__mai_berlin_aktualna_11_.geojson#39
1993,DE,20:00,,Prenzlauer Berg,,PDS,dzielnicowa,mapa (opis wspolny dla lat),East German Left,1993_DE_wiec_PDS,"Helmholtzplatz | 1992 – początek demonstracji ""Osten schlägt zurück"" (20:00) 1993 Nach einem Stadtteilfest der Hausbestzern auf dem Helmhotzplatz hatten angetrunkene Randalier Gerümpel angerundet und Bauzäune auf die Strasse geworfen. Die Auseinandersetzungen dauerten bis Mitternacht (BZ 3.05.1993)",1__mai_berlin_aktualna_12_.geojson#18
1994,DE,09:30,,,,ÖTV,,korpus,Scenariusz,,"9:30 – Demonstracja spod ÖTV-Haus, Engeldamm",DE_1990-2019.md:2523
1994,DE,09:30,,,,IG Metall,,korpus,Scenariusz,,"9:30 – Demonstracja spod IG Metall-Haus, Alte Jakobstrasse",DE_1990-2019.md:2524
1994,DE,09:30,,Kreuzberg,,DGB,dzielnicowa,mapa,DGB,1994_DE_demonstracja_DGB,1992-94 IG Metall | 1994: 9:30,1__mai_berlin_aktualna_14_.geojson#49
1994,DE,09:30,,Mitte,,DGB,centralna,mapa (opis wspolny dla lat),DGB,1994_DE_demonstracja_DGB_b,1994 ÖTV demonstration | 1994: 9:30 (Route through Moritzplatz?),1__mai_berlin_aktualna_14_.geojson#53
1994,DE,09:45,,,,,,korpus,Scenariusz,,"9:45 – Demonstracja spod Wallstrasse, Haus der Gewerkschaften",DE_1990-2019.md:2525
1994,DE,09:45,,Mitte,,DGB,centralna,mapa,DGB,1994_DE_demonstracja_DGB_a,"1993-4 – IG BAU/DGB demonstration | 1994: 9:45 No definitive proof for 1993-4: given the same timing, I assume the same routes were followed",1__mai_berlin_aktualna_14_.geojson#52
1994,DE,10:00,,Kreuzberg,Kreuzberg,,dzielnicowa,korpus,R1M,,Unterdessen wird in Kreuzberg gefeiert statt demonstriert. Zum ersten Mal seit sechs Jahren wird es am 1. Mai keine „revolutionäre Demonstration“ geben. Nachdem bereits im vergangenen Jahr der Kreuzberger Scherbenlauf von mehreren autonomen Gruppen als „Ritual“ und „ohne Inhalt“ kritisiert worden war und sich im Vorbereitungskreis organisierte K-Gruppen mit undogmatischen Gruppen gestritten hatten,DE_1990-2019.md:2541
1994,DE,10:00,,Kreuzberg,Kreuzberg,R1M,dzielnicowa,mapa (opis wspolny dla lat),Revolutionäre 1. Mai,1994_DE_festyn_R1M,1994 Oranienplatz Strassenfest | Unterdessen wird in Kreuzberg gefeiert statt demonstriert. Zum ersten Mal seit sechs Jahren wird es am 1. Mai keine „revolutionäre Demonstration“ geben. Nachdem bereits im vergangenen Jahr der Kreuzberger Scherbenlauf von mehreren autonomen Gruppen als „Ritual“ und „ohne Inhalt“ kritisiert worden war und sich im Vorbereitungskreis organis,1__mai_berlin_aktualna_15_.geojson#65
1994,DE,10:15,,,,PDS,,korpus,Scenariusz,,"Die PDS Berlin ruft ihre Mitglieder und Sympathisanten auf, an den Maiveranstaltungen der Gewerkschaften teilzunehmen. Um 10.15 Uhr ist Treffpunkt vor dem Karl-Liebknecht-Haus.",DE_1990-2019.md:2498
1994,DE,10:15,,,,PDS;DGB,,korpus,Scenariusz,,10:15 – zaproszenie berlińskiego PDS do udziału w 1. Maja DGB – zbiórka przed Karl-Liebknecht Haus; stamtąd rusza demonstracja do Lustgarten (nd 27.04),DE_1990-2019.md:2526
1994,DE,10:15,,Mitte,,PDS,centralna,mapa (opis wspolny dla lat),East German Left,1994_DE_demonstracja_PDS,"1994 PDS Demo | Die PDS Berlin ruft ihre Mitglieder und Sympathisanten auf, an den Maiveranstaltungen der Gewerkschaften teilzunehmen. Um 10.15 Uhr ist Treffpunkt vor dem Karl-Liebknecht-Haus. (nd 27.04) Auch die PDS, die rund tausend Anhänger mobilisierte, erließ es bei dem Transparent: „Gegen Rechtsruck und Sozialabbau"". Erstaunt oder amüsiert reagiert",1__mai_berlin_aktualna_12_.geojson#5
1994,DE,11:00,,,,ÖTV,,korpus,Scenariusz,,"Die zentrale Gewerkschaftskundgebung beginnt um 11 Uhr im Lustgarten am Berliner Dom. In drei Zügen werden sich Gewerkschafter vom ÖTV-Haus (Engeldamm, 9.30 Uhr), IG-Metall-Haus (Alte Jakobstraße, 9.30) und vom Haus der Gewerkschaften (Wallstraße 9 45) zum Kundgebungsplatz begeben. Die einzelnen Gewerkschaften haben ihre Stände aufgestellt, ein Kulturprogramm wird das Fest umrahmen.",DE_1990-2019.md:2496
1994,DE,11:00,,,,,,korpus,Scenariusz,,11:00 – Lustgarten trade union rally,DE_1990-2019.md:2527
1994,DE,12:00,,Friedrichshain,Friedrichshain;Lichtenberg,PDS,dzielnicowa,korpus,Scenariusz,,"Die PDS von Friedrichshain und Lichtenberg begrüßen ihre Gäste ab 12 Uhr vor und im ND-Gebäude am Franz-Mehring-Platz 1. Dabei sind Prof. Dr Christa Luft, der Regisseur Günter Reisch, ein Ensemble aus Wünsdorf, der Ernst-Busch-Chor, Zauberer, Puppenspieler und Musikanten.",DE_1990-2019.md:2504
1994,DE,12:00,,Friedrichshain,Friedrichshain;Lichtenberg,PDS,dzielnicowa,korpus,Scenariusz,,"12:00 – PDS z Friedrichshain i Lichtenberg zapraszają do budynku ND na Frank-Mehring Platz. Wśród gości Christa Luft, Günter Reisch, zespół z Wünsdorf i innr atrakcje (nd 27.04)",DE_1990-2019.md:2530
1994,DE,12:30,,,,,,korpus,Scenariusz,,"Demo startet am 1. Mai um 12.30 Uhr vom Altonaer Bahnhof zu Planten un Blomen. Parallel dazu gibt es am Fernsehturm eine Veranstaltung des Internationalen Blocks. Weitere Aktionen finden in Bergedorf und Harburg statt, Treffpunkte sind 9.30 Uhr auf dem Lohbrügger Markt und um 10 Uhr auf dem Sand in Harburg. (taz 26.04.1994)",DE_1990-2019.md:2522
1994,DE,13:00,,Kreuzberg,Kreuzberg,,dzielnicowa,korpus,Scenariusz,,"Um 13 Uhr beginnt auf dem Oranienplatz in Kreuzberg das internationalistische Straßenfest. Unter anderem wird dort kurdische, afrikanische und russische Musik zu hören sein.",DE_1990-2019.md:2506
1994,DE,13:00,,,,,,korpus,Scenariusz,,"13:00 – RIM. Die Demo führte zum Brandenburger Tor, es nahmen anfangs knapp 1000, später nur noch einige hundert Menschen daran teil. @gluckspilzArchiv1MaiBerlin2000.",DE_1990-2019.md:2529
1994,DE,13:00,,,,,,korpus,Scenariusz,,"13:00 – Oranienplatz, internationalistisches Strassenfest (nd 27.04.94)",DE_1990-2019.md:2531
1994,DE,13:00,,Wilmersdorf,Wilmersdorf,DAG,dzielnicowa,mapa (opis wspolny dla lat),DAG (1990-1997),1994_DE_wiec_DAG,1993-1995 DAG Kundgebung | 1993 Gedenktafel im DAG-Haus in Wilmersdorf erinnert an Widerstandskämpfer und Gewerkschaftsführer der ersten Stunde - Enthüllung am 1. Mai Seit dem Bezug des Hauses in der Wilmersdorfer Blissestraße 2 durch den Landesverband und Bezirk der Deutschen Angestellten-Ge-werkschaft (DAG) vor 20 Jahren bürgerte sich der Name DAG-Haus bei den An,umap_backup_1-mai-berlin_aktualna16.umap#0
1994,DE,13:15,,,,,,korpus,Scenariusz,,13:15 Demonstracja Marchstrasse 23- UBahn Ernst Reuter Platz Walpurgisnacht,DE_1990-2019.md:2512
1994,DE,13:15,,Charlottenburg,,Walpurgisnacht,dzielnicowa,mapa (opis wspolny dla lat),Walpurgisnacht,1994_DE_demonstracja_Walpurgisnacht-Gegen-die-Kriminalisierung-des-Antifasch,1994 - Gegen die Kriminalisierung des Antifaschistiches Wide | 13:15. Gegen die Kriminalisierung des Antifaschistiches Widerstands. Für eine Gesselschaft Ohne Knaste,1__mai_berlin_aktualna_11_.geojson#29
1994,DE,14:00,,Köpenick,Köpenick;Pankow,SPD,dzielnicowa,korpus,Scenariusz,,"14:00 – Volksfest SPD w Köpenick, Schlosshof SPD i Pankow, Breite Strasse (BZ 28.04.1994)",DE_1990-2019.md:2532
1994,DE,14:00,,,,,,korpus,Scenariusz,,14:00-18:00 Oberseepark am Wasserturm;,DE_1990-2019.md:2533
1994,DE,14:00,,,,,,korpus,Scenariusz,,14:00 – Demokraten für Deutschland organizują spotkanie pod hasłem Vollendung der Einheit und für den sofortigen Regierungsumzug nach Berlin. Towarzyszy temu parada samochodowa z Grünewald do Strausberger Platz ??? eastwest,DE_1990-2019.md:2535
1994,DE,14:00,,,,SPD,,korpus,Scenariusz,,14:00-18:00 – SPD z Hochenschönhauser robi własny Maifeier w Orankebad (nd 27.04),DE_1990-2019.md:2536
1994,DE,14:00,,,,PDS,,korpus,Scenariusz,,14:00-18:00 – Köpenicker PDS lädt ein zu einer Maifeier im Luisenhain von 14 bis 18 Uhr. (nd 27.04),DE_1990-2019.md:2537
1994,DE,14:00,,,,PDS,,korpus,Prasa / Neues Deutschland,,"W Erfurcie kilka tysięcy osób na spotkaniu organizowanym przez PDS, gdzie pojawiło się też wiele innych organizacji lewicowych. Było to głównie spotkanie wyborcze. Ale o godzinie 14 pojawia się na scenie Gregor Gysi, a także Gerhard Jüttenmann, Betriebsvorsitzender von Bischofferode oraz Gabriele Zimmer z turyngijskiej PDS PDS memory/strikes Bischofferode transproc eastwest",DE_1990-2019.md:2629
1994,DE,14:00,,Friedrichshain,Grunewald,,dzielnicowa,mapa (opis wspolny dla lat),Other events,1994_DE_demonstracja_Demokraten-fur-Deutschland-Vollendung-de,1994. Demokraten für Deutschland – *Vollendung der Einheit u | Attendance unknown; Bereits am Sonnenabend laden die 'Demokraten für Deutschland' für 14 Uhr zu einem Meeting zur Vollendung der Einheitund für den sofortigen Regierungs-umzug nach Berlin zum Reichstag ein. Das Ganze ist mit einem Autokorso vom Grunewald zum Strausberger Platz verbunden. (ND 30.04.1994) The party was a small splinter grou,umap_backup_1-mai-berlin_aktualna16.umap#21
1994,DE,17:00,,,,,,korpus,Konteksty i wydarzenia,,"Trasa 800-osobowej demosntracji w stronę Bramy Brandeburskiej przechodziła koło wydawnictwa Springer i bundynku Treuhand, które były obstawione przez policję. Gdy jeden z uczestników podpalił niemiecką flagę, oddział policyjnej prewencji zatrzymał ciężarowkę demonstrantów. Niektórzy uczestnicy zaczęli wtedy rzucać w policję butelkami i kamieniami. O godzinie 17, niektórzy uczestnicy ponownie zaczę",DE_1990-2019.md:2487
1994,DE,17:00,,,,,,korpus,Prasa / Berliner Zeitung,,"O godzinie 17, niektórzy uczestnicy ponownie zaczęli kierować się w stronę budynku Treuhand eastwest riots R1M treuhand",DE_1990-2019.md:2756
1994,DE,18:00,,Hohenschönhausen,Hohenschönhausen,SPD;PDS,dzielnicowa,korpus,Scenariusz,,"Das „Aktionsbündnis für Soziale Verantwortung“, dem 20 Vereine und Projekte in Hohenschönhausen angehören, veranstaltet ein 1. Mai-Fest zwischen 14 und 18 Uhr im Oberseepark am Wasserturm. Das Motto der Veranstaltung: Statt Wahlkampfschlachten konstruktive Sachpolitik aus sozialem Verantwortungsgefühl. Es werden sich Kandidaten von SPD, PDS, CDU, Bündnis 90/Die Grünen vorstellen, ein Kinderprogram",DE_1990-2019.md:2500
1994,DE,18:00,,,,SPD,,korpus,Scenariusz,,Die Hohenschönhausener SPD macht bei Musik und Freibier ihre eigene Maifeier. Zwischen 14 und 18 Uhr am Orankebad.,DE_1990-2019.md:2502
1994,DE,18:00,,,,PDS,,korpus,Scenariusz,,Die Köpenicker PDS lädt ein zu einer Maifeier im Luisenhain von 14 bis 18 Uhr. Es,DE_1990-2019.md:2507
1994,DE,18:00,,Spandau,Spandau,SPD,dzielnicowa,korpus,Scenariusz,,"18:00 Tanz in den Mai SPD, Spandau (BZ 28.04.1994)",DE_1990-2019.md:2513
1994,DE,18:00,,Schöneberg,,Walpurgisnacht,dzielnicowa,mapa (opis wspolny dla lat),Walpurgisnacht,1994_DE_demonstracja_Walpurgisnacht-Walpurgisnacht-Frauendemo,"1994 Walpurgisnacht Frauendemo | 18:00 Winterfelderplatz Hohnestauferstrasse 9 (F-NL-PGA-2-1687, schwules museum) Ecke Eisenacherstrasse (F-NL-PGA-2-1911, schwules museum) Ecke Martin-Luther-Strasse/Winterfelderstrasse (F-NL-PGA-2-1713, schwules museum) ??? 20:00 Alten TU-Mensa (Hardenbergerstrasse)",1__mai_berlin_aktualna_11_.geojson#30
1994,DE,19:00,,,,DGB,,korpus,Scenariusz,,"19:00 – Abschlussfest der Aktionswochen gegen Rassismus und Naziterror & Tanz in den Mai im BKA-Zelt. Konerty, taniec, dobra zabawa, organizowane przez DGB Jugend (DGBG6664, s. 37) DGBJugend",DE_1990-2019.md:2514
1994,DE,19:00,,Kreuzberg,,DGB,dzielnicowa,mapa (opis wspolny dla lat),DGB,1994_DE_festyn_DGB,1994 DGB-Jugend Tanz in den Mai | 19:00 Na zakończenie akcji Unsere Toleranz hat Grenzen! Gegen Rassismus und Naziterror! DGB-Jugend organizuje Tanz in den Mai (ulotka DGBG000664),1__mai_berlin_aktualna_14_.geojson#6
1994,DE,19:30,,,,PDS,,korpus,Scenariusz,,Schon am Vorabend ist etwas los. Am 30. April lädt die PDS um 19.30 Uhr in die Kongreßhalle am Alex ein. Reinhold Ändert sowie der Gewerkschafter und Bundestagskandidat Manfred Müller werden dabei sein. Es wird eine Versteigerung geben und Musik für den Tanz in den Mai.,DE_1990-2019.md:2494
1994,DE,19:30,,,,PDS,,korpus,Scenariusz,,19:30 PDS zaprasza do swojej hali Kongresowej na Alexanderplatz. PDS,DE_1990-2019.md:2515
1994,DE,19:30,,Mitte,,PDS,centralna,mapa (opis wspolny dla lat),East German Left,1994_DE_festyn_PDS,1994 PDS Tanz in den Mai | Schon am Vorabend ist etwas los. Am 30. April lädt die PDS um 19.30 Uhr in die Kongreßhalle am Alex ein. Reinhold Ändert sowie der Gewerkschafter und Bundestagskandidat Manfred Müller werden dabei sein. Es wird eine Versteigerung geben und Musik für den Tanz in den Mai. (ND 28.04.1994,1__mai_berlin_aktualna_12_.geojson#6
1994,DE,20:00,,Prenzlauer Berg,Prenzlauer Berg,SPD,dzielnicowa,korpus,Scenariusz,,"20:00 Tanz in den Mai SPD, Prenzlauer Berg (BZ 28.04.1994)",DE_1990-2019.md:2518
1994,DE,20:36,,,,,,korpus,Scenariusz,,"20:36 – Kreuzberger Patriotischen Demokraten/Realistisches Zentrum (KPD/RZ) at Mahreinekeplatz. Under the slogan ""against night-time disturbances and senseless violence"". 2500 at attendance, ca.",DE_1990-2019.md:2538
1994,DE,21:00,,Kreuzberg,,R1M,dzielnicowa,mapa (opis wspolny dla lat),Revolutionäre 1. Mai,1994_DE_demonstracja_R1M_a,"1994 KDB/RZ Demo | Makheinekeplatz - ... - Admirastrasse - ... Kottbusser Tor (taz 1994, Spiegel Youtube) 2.500 TeilnehmerInnen machten die 1.- Mai-Demonstration der Kreuzberger Patriotischen Demokraten zu einer wohltuend selbstironischen Inszenierung Die Zeit geht vorbei und die Slogans verändern sich. Auch der Widerstand gegen die herrschenden Verhältniss",1__mai_berlin_aktualna_15_.geojson#35
1995,DE,09:30,,,,DGB,,korpus,Scenariusz,,"- 09:30 – Bicycle Corso: Organized by the DGB, starting from the DGB-Haus at Keithstraße.",DE_1990-2019.md:3013
1995,DE,09:30,,Mitte,Mitte;Lichtenberg;Pankow;Köpenick;Treptow;Kreuzberg;Prenzlauer Berg,DGB;PDS;SPD,dzielnicowa,korpus,Prasa / Neues Deutschland / 2. Mai: Mit Herz und Solidarge fühl,,"Opis:: (ND-Kirschey). Ein Herz hat der DGB zum Symbol der diesjährigen Maifeiern und als Losung „geliebt, gehaßt, gebraucht - Die Arbeit“ gewählt. Damit soll auf eines der Hauptübel der kapitalistischen Marktwirtschaft, die Arbeitslosigkeit, aufmerksam gemacht werden. In Berlin und Brandenburg fehlen 640 000 Arbeitsplätze, rund 21 000 Schulabsolventen in der Region werden ohne Ausbildungsplatz ble",DE_1990-2019.md:3236
1995,DE,09:30,,Mitte,,DGB,centralna,mapa (opis wspolny dla lat),DGB,1995_DE_demonstracja_DGB,"1995 DGB/ÖTV demonstration | 1995, 9:30-11:00. Engeldammstrasse – (Moritzplatz) – Kölnischer Park (BZ 29.04.1994)",1__mai_berlin_aktualna_14_.geojson#54
1995,DE,09:30,,Schöneberg,Kreuzberg,DGB,dzielnicowa,mapa (opis wspolny dla lat),DGB,1995_DE_korso_DGB,"1995 DGB Fahrradkorso | 1995, 9:30-11:00. Engeldammstrasse – (Moritzplatz) – Kölnischer Park (BZ 29.04.1994) An unserem Fahrradkorso haben aus dem Stand etwa 2.500 vorwiegend junge Gewerkschaftsmit-glieder teilgenommen, und zwar mit Kind und Kegel (das ZDF sprach von Tausenden, aber auch dieARD wies auf die große Teilnehmerzahl der vornehmlich jungen Teilnehmeri",1__mai_berlin_aktualna_14_.geojson#92
1995,DE,10:00,,,,DGB,,korpus,Scenariusz,,- 10:00 – DGB Demonstration: Gathering at Moritzplatz.,DE_1990-2019.md:3014
1995,DE,10:00,,,,,,korpus,Scenariusz,,"- 10:00-19:00 – Pod hasłem Widerspenstig & Lebendig odbywa się antyfaszystowskie wydarzenie, wymierzone w planowany przez nazistów zgromadzenie, zdaje mi się że chodzi o 8. Maja",DE_1990-2019.md:3015
1995,DE,11:00,,Mitte,Mitte,DGB,dzielnicowa,korpus,Scenariusz,,"- 11:00 – Main Rally and Festival: DGB rally at Köllnischer Park in Mitte, followed by a May Day festival at the same location.",DE_1990-2019.md:3017
1995,DE,11:00,,Mitte,Kreuzberg;Mitte,DGB,centralna,mapa (opis wspolny dla lat),DGB,1995_DE_festyn_DGB,"DGB Maifest 1995 | ~10,000 participants — more than expected; square too small. Main speaker: Manfred Birkhahn (HBV). Focus: 50th anniversary of liberation from fascism. (1995DE; ND 28.04.1995) Mehrere tausend Berliner beteiligen sich am 01.05.1995 an der traditionellen Mai Demonstration der Gewerkschaften in Berlin. Bei strahlendem Sonnenschein zogen die D",1__mai_berlin_aktualna_14_.geojson#13
1995,DE,13:00,,,,PDS,,korpus,Scenariusz,,- 13:00 – PDS May Party (Maifete): Held around the Karl-Liebknecht-Haus. It includes:,DE_1990-2019.md:3019
1995,DE,13:00,,Kreuzberg,Kreuzberg,Antifa,dzielnicowa,korpus,Scenariusz,,"- 13:00 – Revolutionary May 1st Demonstration: Starting at Oranienplatz in Kreuzberg towards Brandenburger Tor. Organized by a coalition of anarchists, feminists, maoists, autonomists, Antifa, and squatters.",DE_1990-2019.md:3023
1995,DE,13:00,,,,,,korpus,Scenariusz,,"- 13:00-18:00, Treptower Park, Rosengarten",DE_1990-2019.md:3025
1995,DE,13:00,,,,,,korpus,Scenariusz,,"- 13:00-18:00, Pankower Bürgerpark",DE_1990-2019.md:3026
1995,DE,13:00,,Buch,Buch,,dzielnicowa,korpus,Scenariusz,,"- 13:00-18:00, Buch, Schloßpark",DE_1990-2019.md:3027
1995,DE,13:00,,Kreuzberg,,R1M,dzielnicowa,mapa (opis wspolny dla lat),Revolutionäre 1. Mai,1995_DE_demonstracja_R1M,"1995 RIM Demo | Oranienplatz - Brandenburger Tor 1995 “Die ""RIM"" meldete als ""Revolutionärer 1.Mai-Bündnis"" unverdrossen eine Demo um 13 Uhr am Oranienplatz an, zu der sie seither jedes Jahr mit demselben Flugblatt (bei aktualisiertem Datum) aufruft. Die Demo führte zum Brandenburger Tor, es nahmen anfangs knapp 1000, später nur noch einige hundert Mensc",1__mai_berlin_aktualna_15_.geojson#33
1995,DE,13:00,,Wilmersdorf,Wilmersdorf,DAG,dzielnicowa,mapa (opis wspolny dla lat),DAG (1990-1997),1995_DE_wiec_DAG,1993-1995 DAG Kundgebung | 1993 Gedenktafel im DAG-Haus in Wilmersdorf erinnert an Widerstandskämpfer und Gewerkschaftsführer der ersten Stunde - Enthüllung am 1. Mai Seit dem Bezug des Hauses in der Wilmersdorfer Blissestraße 2 durch den Landesverband und Bezirk der Deutschen Angestellten-Ge-werkschaft (DAG) vor 20 Jahren bürgerte sich der Name DAG-Haus bei den An,umap_backup_1-mai-berlin_aktualna16.umap#0
1995,DE,14:00,,Hohenschönhausen,Hohenschönhausen,,dzielnicowa,korpus,Scenariusz,,"- 14:00-18:00, Hohenschönhausen, Orankeba",DE_1990-2019.md:3028
1995,DE,15:00,,,,,,korpus,Scenariusz,,"Wir wollen dieser Entwicklung entgegentreten"", heisst es in einem Aufruf. Neben tuerkischer und lateinamerikanischer Musik gibt es Punk aus Bernau, internationales Essen und Informationsstaende. Im Diskussionszelt finden u.a. Gespraechsrunden zur Lage der vietnamesischen VertragsarbeiterInnen (15 Uhr) statt. Um 14 Uhr berichten Antifaschistische Widerstandskaempfer, danach informiert die Vorbereit",DE_1990-2019.md:3016
1995,DE,15:00,21:00,Prenzlauer Berg,Prenzlauer Berg;Kreuzberg;Mitte;Treptow;Köpenick;Marzahn;Hohenschönhausen;Hellersdorf;Lichtenberg,PDS,dzielnicowa,mapa (opis wspolny dla lat),East German Left,1995_DE_festyn_PDS_a,"Widerspenstig und lebendig Hummanplatz Maifest | 1995 festyn, z dala od potencjalnie niebezpiecznego Kollwitzplatz “Unter dem Motto ""Widerspenstig & Lebendig"" findet am Humannplatz in Prenzlauer Berg von 10 bis 19 Uhr ein ""buntes, froehliches Strassenfest gegen den grauen Alltag"" statt. ""Leider haben die Faschisten in den letzten Jahren den 1. Mai genutzt, um an die Oeffentlichkeit zu t",1__mai_berlin_aktualna_12_.geojson#19
1995,DE,18:00,,,,,,korpus,Scenariusz,,"18:00 Frauen Walpurgisnacht, Tacheles/Oranienburgerstrassse",DE_1990-2019.md:3005
1995,DE,18:00,,Mitte,,Walpurgisnacht,centralna,mapa (opis wspolny dla lat),Walpurgisnacht,1995_DE_demonstracja_Walpurgisnacht-Frauen-Lesben-Demo,"1995 – Frauen Lesben Demo | 30.04, 18:00 Frauen Lesben Demo",1__mai_berlin_aktualna_11_.geojson#31
1995,DE,22:30,,,,,,korpus,Prasa / taz / Revolution fällt aus,,"Do 4 rano trwają zamieszki na Kollwitzplatz. Interwencja rozpoczęła się o 22:30, gdy policja zgasiła ogniska, wokół których zgromadziło się około 150 osób. Były tańczące wiedźmy, muzyka na bębnach. staging music",DE_1990-2019.md:3276
1996,DE,03:30,,,,,,korpus,Prasa / [[@JungeWelt1996|junge Welt]],,"Mimo planów uspokojenia obchodów przez organizatorów. 10 000 osób tańczy wokół (tym razem dozwolonych) ognisk attendance/Walpurgisnacht/1996. Wydawało się że będzie spokojnie, ale po godzinie w bocznej ulice dochodzi do starć policjantów z grupką ludzi próbującą postawić na ulicy barykadę. Przy przyzwoleniu organizatorów, policja przeszła do działania. Do godziny 3:30 festyn został ogłoszony jako ",DE_1990-2019.md:3696
1996,DE,10:00,,,,DGB,,korpus,Scenariusz,,10:00 - Sternmarsch des DGB zum Roten Rathaus (verschiedene Sammelpunkte),DE_1990-2019.md:3405
1996,DE,10:00,,Prenzlauer Berg,Prenzlauer Berg,,dzielnicowa,korpus,Scenariusz,,10:00-19:00 - Straßenfest am Humann-Platz in Prenzlauer Berg (veranstaltet von Stadtteilinitiativen und linken Gruppen),DE_1990-2019.md:3410
1996,DE,10:00,,,,NGG,,korpus,Scenariusz,,"10:00 IG Bau, GTB, GdED und NGG sammeln sich vor der Infobox am Potsdamer Platz",DE_1990-2019.md:3558
1996,DE,10:00,,,,IG Metall,,korpus,Scenariusz,,"10:00 IG Metall, IG Medien und GHK treffen sich vor dem IG- Metall-Haus in der Alten Jakobstraße",DE_1990-2019.md:3559
1996,DE,10:00,,,,DGB,,korpus,Scenariusz,,10:00 die DGB-Jugend startet ihren Technozug am Oranienburger Tor,DE_1990-2019.md:3560
1996,DE,10:00,,,,ÖTV;HBV;GEW;DGB,,korpus,Scenariusz,,"10:00 ÖTV, HBV, DPG, GEW und CPK klumpen sich vor dem ÖTV- Haus am Engeldamm zusammen. Dortselbst wird auch das „Bündnis gegen Sozialkürzung und Ausgrenzung“ mitmarschieren, das auf einem Flugblatt harsche Kritik an der DGB-Strategie für ein „Bündnis für Arbeit“ übt. – to jest to wydarzenie Renate Hürtgen",DE_1990-2019.md:3561
1996,DE,10:00,,Prenzlauer Berg,Prenzlauer Berg,,dzielnicowa,korpus,Scenariusz,,10:00-21:00 – Straßenfest am Humann-Platz in Prenzlauer Berg,DE_1990-2019.md:3563
1996,DE,10:00,,,,DGB;NGG;IG Metall;ÖTV;HBV;GEW,,korpus,Prasa / taz / Demos im Dop­pel­pack,,"Mit Müden und Armen kennt der 1. Mai kein Erbarmen. Zu nachtschlafender Zeit müssen sich unsere BerufschaotInnen aus dem Bett quälen, denn der Sternmarsch des DGB zum Roten Rathaus beginnt um 10 Uhr. IG Bau, GTB, GdED und NGG sammeln sich vor der Infobox am Potsdamer Platz; IG Metall, IG Medien und GHK treffen sich vor dem IG- Metall-Haus in der Alten Jakobstraße; die DGB-Jugend startet ihren Tech",DE_1990-2019.md:3617
1996,DE,10:00,,Mitte,,OTV;IG Metall;DGB,centralna,mapa (opis wspolny dla lat),Other events,1996_DE_demonstracja_Graue-Panther,"1996 Graue Panther | Die Demonstrationszüge der Gewerkschaften beginnen 10 Uhr Treffpunkte: OTV-Haus, Engeldamm; IG Bau, Info-Box Potsdamer Platz; IG Metall-Haus, Alte Jakobstraße; DGB, U-Bahnhof Oranienburger Tor; Graue Panther, Brandenburger Tor (ND 30.04.1996)",umap_backup_1-mai-berlin_aktualna16.umap#6
1996,DE,11:00,,,,PDS,,korpus,Scenariusz,,"11:00 – Centralny wiec PDS w Poczdamie, pod hasłem Sozial und Solidarisch",DE_1990-2019.md:3411
1996,DE,11:30,,,,DGB,,korpus,Scenariusz,,11:30 - Zentrale Kundgebung des DGB 1996 am Roten Rathaus,DE_1990-2019.md:3412
1996,DE,11:30,,,,DGB,,korpus,Scenariusz,,11:30 – rozpoczyna się Maifest DGB,DE_1990-2019.md:3562
1996,DE,11:30,,Prenzlauer Berg,Prenzlauer Berg,DGB,dzielnicowa,korpus,Prasa / taz / Demos im Dop­pel­pack,,"Egal wie: Gesamtchaot und Gesamtchaotin machen, daß sie zum Roten Rathaus kommen, denn dort beginnt um 11.30 Uhr die zentrale Kundgebung des DGB 1996. Danach gibt es ein DGB-Familienfest am Rathaus, ein DGB-Kinderfest in der Spandauer Straße und eine DGB-Talkrunde zur Länderfusion. Doch der Herr Berufsdemonstrant würde statt Fusion Selbstteilung bevorzugen. Denn ab 13 Uhr wollen die Linksradikalen",DE_1990-2019.md:3619
1996,DE,11:30,,Mitte,,DGB,centralna,mapa (opis wspolny dla lat),DGB,1996_DE_festyn_DGB,DGB Maifest 1996 | 11:30 - Zentrale Kundgebung des DGB 1996 am Roten Rathaus Im Anschluss - DGB-Familienfest am Roten Rathaus Im Anschluss - DGB-Kinderfest in der Spandauer Straße Im Anschluss - DGB-Talkrunde zur Länderfusion,1__mai_berlin_aktualna_14_.geojson#14
1996,DE,12:02,,,,,,korpus,Kontrowersje i wydarzenia / R1M i odrodzenie tradycji demonstracji / 370. 04.04.1996,,2026-02-0312:02 pm,DE_1990-2019.md:3468
1996,DE,12:03,,,,,,korpus,Kontrowersje i wydarzenia / R1M i odrodzenie tradycji demonstracji / 370. 04.04.1996,,2026-02-0312:03 pm,DE_1990-2019.md:3472
1996,DE,12:06,,,,,,korpus,Kontrowersje i wydarzenia / R1M i odrodzenie tradycji demonstracji / 370. 04.04.1996,,2026-02-0312:06 pm,DE_1990-2019.md:3480
1996,DE,12:11,,,,,,korpus,Kontrowersje i wydarzenia / R1M i odrodzenie tradycji demonstracji / 370. 04.04.1996,,2026-02-0312:11 pm,DE_1990-2019.md:3486
1996,DE,12:13,,,,,,korpus,Kontrowersje i wydarzenia / R1M i odrodzenie tradycji demonstracji / 370. 04.04.1996,,2026-02-0312:13 pm,DE_1990-2019.md:3490
1996,DE,12:14,,,,,,korpus,Kontrowersje i wydarzenia / R1M i odrodzenie tradycji demonstracji / 370. 04.04.1996,,2026-02-0312:14 pm,DE_1990-2019.md:3494
1996,DE,12:15,,,,PDS;HBV,,korpus,Scenariusz,,"12:15 – PDS organizuje własny wiec na Alexanderplatz; jak pisze BZ, Erstmals seit langem werden fast zeitgelich zwei Kundgebungen stattfinden. Jednocześnie berliński PDS zachęca do udziału w demonstracji HBV",DE_1990-2019.md:3417
1996,DE,12:15,,,,DGB,,korpus,Scenariusz,,"12:15 – po wiecu DGB na własny wiec na Alexanderplatz zaprasza Ostdeutsches Kuratorium von Verbänden. Co to za organizacja? (BZ, s. 3)",DE_1990-2019.md:3564
1996,DE,12:15,,,,DGB,,korpus,Scenariusz,,12:15 – Gegen Sozialabbau und Ausgrenzung. Alexanderplatz (nach der DGB-Kundgebung). Veranst.: Ostdeutsches Kuratorium von Verbänden Kultur (JW 1996),DE_1990-2019.md:3565
1996,DE,12:15,,Mitte,,PDS,centralna,mapa (opis wspolny dla lat),East German Left,1996_DE_wiec_PDS,"1996 PDS Kundgebung | 1996 12:15 Gegen Sozialabbau und Ausgrenzung (zusammen mit Ostdeutsches Kuratorium von Verbänden) Die PDS, die mit einer geballten Faust als Logo, und der Parole »Kämpfen für Arbeit« zum 1. Mai mobilisiert, ruft ihre Mitglieder auf, zu der HBV-Demo zu gehen und veranstaltet selbst eine Kundgebung am Alexanderplatz. (JW, 30.04.1996) 1998 1",1__mai_berlin_aktualna_12_.geojson#8
1996,DE,12:30,,Westend,,DAG,dzielnicowa,mapa (opis wspolny dla lat),DAG (1990-1997),1996_DE_wiec_DAG,1996 Mai Kundgebung | Die DAG führt einß eigene Mai-Kundgebung ab 12.30 Uhr im Palais am Funkturm durch. (ND 30.04.1996),umap_backup_1-mai-berlin_aktualna16.umap#1
1996,DE,13:00,,,,Revolutionäre 1. Mai,,korpus,Scenariusz,,13:00 - Revolutionäre 1. Mai-Demo (Linksradikale) vom Rosa-Luxemburg-Platz,DE_1990-2019.md:3418
1996,DE,13:00,,Kreuzberg,Kreuzberg,Revolutionäre 1. Mai,dzielnicowa,korpus,Scenariusz,,13:00 - Revolutionäre 1. Mai-Demo (Linksradikale) vom Oranienplatz in Kreuzberg,DE_1990-2019.md:3419
1996,DE,13:00,,,,,,korpus,Scenariusz,,13:00 – Linksradikalen an zwei Orten gleichzeitig demonstrieren: am Rosa-Luxemburg-Platz und am Oranienplatz,DE_1990-2019.md:3566
1996,DE,13:00,,,,,,korpus,Prasa / [[@JungeWelt1996|junge Welt]] / Spaltung im Mai? Die Vorbereitungsgruppen der beiden revolutionären 1. Mai-Demos im Streitgespräch,,"Sandra: Powtarza, że podział jest złym pomysłem, i osłabia ruch. Ma nadzieję, że za rok, w 10. rocznicę Powstania w Kreuzbergu będzie jedna demonstracja o godzinie 13.",DE_1990-2019.md:3726
1996,DE,13:00,,Prenzlauer Berg,Prenzlauer Berg,,dzielnicowa,korpus,Prasa / Interim / Relacje między grupami – spór o 1. Mai 1996 w Berlinie / Tożsamości,,"| Organizatorzy demo, środowisko mieszane Ost/West | PRO – demo przez Prenzlauer Berg, start Rosa-Luxemburg-Platz 13:00 | Twierdzą, że RK nie brały udziału w przygotowaniach | Atakują jako grupę działającą wyłącznie sabotażowo, podejrzewają o prowokację lub agentów | Sami są tą grupą |",DE_1990-2019.md:3763
1996,DE,13:00,,Mitte,,R1M,centralna,mapa (opis wspolny dla lat),Revolutionäre 1. Mai,1996_DE_demonstracja_R1M_a,1996 RIM (AAB) Demo | 13:00 Rosa-Luxemburg-platz – Linienstraße – Ackerstrasse – Invalidenstrasse – Veteranenstrasse – Kastanienallee – Pappelallee – Raumerstrasse – Schliemannstrasse – Hagenauerstrasse – Szredzkistrasse – Knaackstrasse – Kollwitzplatz (AAB) Attendance: 10000 (Gluckspilz),1__mai_berlin_aktualna_15_.geojson#36
1996,DE,14:00,,,,PDS,,korpus,Scenariusz,,"14:00-22:00 Festyn organizowany przez PDS. Strassenfest mit Diskussionsrunden, Strassenmarkt, Musik und Kinderprogramm. Pistoriusplatz (JW 1996)",DE_1990-2019.md:3551
1996,DE,15:00,21:00,Prenzlauer Berg,Prenzlauer Berg;Kreuzberg;Mitte;Treptow;Köpenick;Marzahn;Hohenschönhausen;Hellersdorf;Lichtenberg,PDS,dzielnicowa,mapa (opis wspolny dla lat),East German Left,1996_DE_festyn_PDS,"Widerspenstig und lebendig Hummanplatz Maifest | 1995 festyn, z dala od potencjalnie niebezpiecznego Kollwitzplatz “Unter dem Motto ""Widerspenstig & Lebendig"" findet am Humannplatz in Prenzlauer Berg von 10 bis 19 Uhr ein ""buntes, froehliches Strassenfest gegen den grauen Alltag"" statt. ""Leider haben die Faschisten in den letzten Jahren den 1. Mai genutzt, um an die Oeffentlichkeit zu t",1__mai_berlin_aktualna_12_.geojson#19
1996,DE,18:00,,,,,,korpus,Scenariusz,,18:00 - Frauendemonstration zur Walpurgisnacht (Start am Alexanderplatz),DE_1990-2019.md:3398
1996,DE,18:00,,Prenzlauer Berg,Prenzlauer Berg,,dzielnicowa,korpus,Scenariusz,,18:00 - Walpurgisnachtfest am Kollwitzplatz in Prenzlauer Berg,DE_1990-2019.md:3399
1996,DE,18:00,,,,,,korpus,Scenariusz,,18:00. Frauendemonstration am Alexanderplatz,DE_1990-2019.md:3552
1996,DE,18:00,,Prenzlauer Berg,Prenzlauer Berg,,dzielnicowa,korpus,Scenariusz,,18:00. Walpurgisnachtfest am Kollwitzplatz in Prenzlauer Berg.,DE_1990-2019.md:3553
1996,DE,18:00,,Prenzlauer Berg,Prenzlauer Berg,,dzielnicowa,korpus,Scenariusz,,"Was machen ideelle GesamtchaotInnen in den nächsten beiden Tagen? Sie kaufen sich neue Wanderschuhe, verstauen die Stullen, Eier und Tomaten im Rucksack und spitzen die Lippen zu einem fröhlichen Wanderliedchen. Die ideelle Gesamtdemonstrantin packt zusätzlich eine Salbe gegen Blasenbildung ein, denn selbst als Berufsdemonstrantin ist frau doppelbelastet und muß heute abend schon zur Walpurgisnach",DE_1990-2019.md:3568
1996,DE,18:00,,Mitte,,Walpurgisnacht,centralna,mapa (opis wspolny dla lat),Walpurgisnacht,1996_DE_demonstracja_Walpurgisnacht-Frauendemo,"1996 Frauendemo | 18:00, Alexanderplatz Ecke Oranienburgerstrasse/Auguststrasse (https://www.youtube.com/watch?v=1-hZEuSrsU8&t=465s) U-Bahn Oranienburger Tor (https://youtu.be/1-hZEuSrsU8?si=jinhOwBSDe8nb9rz) ???? Zwischendkundgebung Rosenthaler Platz Ende Friedrichtrasse (taz 2.05.1996)",1__mai_berlin_aktualna_11_.geojson#32
1997,DE,10:00,,,,DGB;SPD,,korpus,Scenariusz,,"- 10:00 – DGB-Demonstration – trzy punkty startowe: Engeldamm 70, IG-Metall-Haus (Alte Jakobstraße), Info-Box am Potsdamer Platz. SPD-Spitze demonstriert gemeinsam mit Gewerkschaften ab IG-Metall-Haus.",DE_1990-2019.md:3922
1997,DE,10:00,,Prenzlauer Berg,Prenzlauer Berg,PDS,dzielnicowa,korpus,Scenariusz,,"- 10:00 – Straßenfest, Husemannplatz – Prenzlauer Berg współorganizowany przez PDS",DE_1990-2019.md:3923
1997,DE,10:00,,Mitte,,DGB,centralna,mapa (opis wspolny dla lat),DGB,1997_DE_festyn_DGB,"DGB Maifest 1997 | Die DGB-Demonstration beginnt morgen um 10 Uhr am Engeldamm 70, am Haus der IG Metall in der Alten Jakobstraße und an der Info-Box am Potsdamer Platz. Die SPD-Spitze demonstriert gemeinsam mit den Gewerkschaften ab 10 Uhr vor dem IG-Metall-Haus. Die zentrale Abschlußkundgebung dazu ist ab 11.30 Uhr vor dem Roten Rathaus (taz)",1__mai_berlin_aktualna_14_.geojson#15
1997,DE,11:00,,Prenzlauer Berg,Prenzlauer Berg,,dzielnicowa,korpus,Scenariusz,,"- 11:00 – Straßenfest, Kastanienallee – Prenzlauer Berg.",DE_1990-2019.md:3924
1997,DE,11:00,,Tiergarten,Tiergarten,,centralna,mapa (opis wspolny dla lat),Other events,1997_DE_wiec_Obdachlose-Iniativen-Treffe,"1997 Obdachlose Iniativen Treffe | Obdachlosen-Initiativen treffen sich an der Siegessäule in Tiergarten, 11 Uhr (taz 1997)",umap_backup_1-mai-berlin_aktualna16.umap#7
1997,DE,11:30,,Wannsee,Wannsee,DGB,dzielnicowa,korpus,Scenariusz,,- 11:30 – Zentrale Abschlußkundgebung DGB – vor dem Roten Rathaus. (Diepgen sitzt wie immer am 1. Mai mit seiner Mutter auf den Wannsee-Terrassen.),DE_1990-2019.md:3925
1997,DE,12:00,,,,PDS;DGB,,korpus,Scenariusz,,"- 12:00 – PDS-Kundgebung – vor dem Roten Rathaus, direkt nach DGB-Kundgebung.",DE_1990-2019.md:3926
1997,DE,12:00,,,,HBV;PDS,,korpus,Scenariusz,,"- Um 12 Uhr beginnt die Kundgebung »sozial und solidarisch«, auf der u.a. Lothar Bisky, Petra Pau, Christa Luft und Elke Breitenbach (HBV) sprechen. Im Karl-Liebknecht-Haus, Kleine Alexanderstraße 28, werden um 14 Uhr mit einer Ausstellung die »Rosa-Luxemburg-Aktionswochen« der PDS eröffnet. Anteilscheine für »Ein Denkmal für Rosa« können dabei erworben werden(ND 30.04.1997)",DE_1990-2019.md:3927
1997,DE,12:00,,Mitte,,PDS,centralna,mapa (opis wspolny dla lat),East German Left,1997_DE_wiec_PDS,"1997 PDS Kundgebung ""sozial und solidarisch"" | 12:00 – u.a. Lothar Bisky, Petra Pau, Christa Luft und Elke Breitenbach (HBV) sprechen. (ND 30.04.1997)",1__mai_berlin_aktualna_12_.geojson#9
1997,DE,12:15,,Pankow,Pankow;Reinickendorf,SPD;DAG,dzielnicowa,korpus,Scenariusz,,- 12:15 – Mai-Fest SPD und DAG – Bürgerpark Pankow. Zorganizowane przez SPD-Kreisverbände Reinickendorf und Pankow oraz DAG.,DE_1990-2019.md:3928
1997,DE,12:15,,Reinickendorf,Reinickendorf;Pankow;Kreuzberg;Prenzlauer Berg;Tiergarten,SPD;DAG,dzielnicowa,korpus,Scenariusz,,In den Bezirken finden verschiedene Mai-Feste statt: Ab 12.15 Uhr treffen sich die SPD-Kreisverbände Reinickendorf und Pankow sowie die DAG im Bürgerpark Pankow. Am Mariannenplatz in Kreuzberg beginnt ab 15 Uhr ein Multikulti-Programm. Auch in Prenzlauer Berg gibt es Straßenfeste ab 10 Uhr am Husemannplatz und ab 11 auf der Kastanienallee. Verschiedene Obdachlosen-Initiativen treffen sich an der S,DE_1990-2019.md:3942
1997,DE,12:15,,Pankow,Reinickendorf;Pankow,DAG,dzielnicowa,mapa (opis wspolny dla lat),DAG (1990-1997),1997_DE_festyn_DAG,1997 DAG Mai-Fest | 1997 In den Bezirken finden verschiedene Mai-Feste statt: Ab 12.15 Uhr treffen sich die SPD-Kreisverbände Reinickendorf und Pankow sowie die DAG im Bürgerpark Pankow. (ND 28.04.1997),umap_backup_1-mai-berlin_aktualna16.umap#2
1997,DE,13:00,,Mitte,Mitte;Prenzlauer Berg,,dzielnicowa,korpus,Scenariusz,,"- 13:00 – Revolutionäre 1.-Mai-Demo – Rosa-Luxemburg-Platz, Mitte. Zorganizowana przez Kreuzberger Autonomen. Route ograniczona do Mitte po konfliktzie z Ostautonomen. Endpunkt Rosenthaler Platz (Westautonomen called it „in Prenzlauer Berg"" um das Gesicht zu wahren).",DE_1990-2019.md:3929
1997,DE,13:00,,Kreuzberg,Kreuzberg,,dzielnicowa,korpus,Scenariusz,,"- 13:00 – Demo turkish left / Revolutionäre Demo – Oranienplatz, Kreuzberg.",DE_1990-2019.md:3930
1997,DE,13:00,,Mitte,Mitte;Prenzlauer Berg,,dzielnicowa,korpus,Prasa / taz / Mutter aller Demos,,"Als dann auch noch das Anti- Olympia-Komitee West sich mit dem Ostlerwunsch solidarisierte, wurde die Route auf Mitte beschränkt. Um das Gesicht zu wahren, bezeichneten die Westautonomen ihren Demo-Endpunkt Rosenthaler Platz jedoch als in Prenzlauer Berg gelegen. Die türkische Linke hatte sich da längst für eine Demo vom Oranienplatz aus (um 13 Uhr) entschieden. Einige Westautonome bedauern in der",DE_1990-2019.md:3993
1997,DE,13:00,,Kreuzberg,,R1M,dzielnicowa,mapa (opis wspolny dla lat),Revolutionäre 1. Mai,1997_DE_demonstracja_R1M,"1997 – R1M 13:00, Keine Befreiung Ohne Revolution | 13:00 – Oranienplatz - Kottbusser Tor rechts Oranienstrasse (rbb 0:07) bei Oranienstrasse 21 (foto kaivonkroecher.de) An der Skalitzer Straße griffen Polizisten erstmals Demonstranten aus dem Zug. Diese hatten Fahnen derverbotenen kurdischen Arbeiterpartei PKK mit sich geführt. (Berliner Zeitung 2.05.1997) Durch die Wiener Strasse, Karl M",1__mai_berlin_aktualna_15_.geojson#9
1997,DE,14:30,,Mitte,,R1M,centralna,mapa (opis wspolny dla lat),Revolutionäre 1. Mai,1997_DE_demonstracja_R1M_a,1997 R1M (AAB) Demo | Rosa-Luxemburg-Platz – Senefelder Platz – Schwedter Strasse – Choriner Strasse – ... – Oranienburger Strasse – Auguststrasse – Rosenthaler Platz (Interim 418/1997) 14:30 – Ausschreitungen mit Polizei Schwedter/Templiner Strasse Attendance: 9000 (Gluckspilz),1__mai_berlin_aktualna_15_.geojson#37
1997,DE,15:00,,Kreuzberg,Kreuzberg,PDS,dzielnicowa,korpus,Scenariusz,,"- 15:00 – Multikulti-Programm – Mariannenplatz, Kreuzberg, współorganizowany przez PDS – po raz pierwszy",DE_1990-2019.md:3932
1997,DE,15:00,21:00,Prenzlauer Berg,Prenzlauer Berg;Kreuzberg;Mitte;Treptow;Köpenick;Marzahn;Hohenschönhausen;Hellersdorf;Lichtenberg,PDS,dzielnicowa,mapa (opis wspolny dla lat),East German Left,1997_DE_festyn_PDS,"Widerspenstig und lebendig Hummanplatz Maifest | 1995 festyn, z dala od potencjalnie niebezpiecznego Kollwitzplatz “Unter dem Motto ""Widerspenstig & Lebendig"" findet am Humannplatz in Prenzlauer Berg von 10 bis 19 Uhr ein ""buntes, froehliches Strassenfest gegen den grauen Alltag"" statt. ""Leider haben die Faschisten in den letzten Jahren den 1. Mai genutzt, um an die Oeffentlichkeit zu t",1__mai_berlin_aktualna_12_.geojson#19
1997,DE,18:00,,,,,,korpus,Scenariusz,,"- 18:00 – Demo „Frauen Lesben Mädchen"" – Sophie-Charlotte-Platz, West-Berlin. Zamiast tradycyjnej Walpurgisnacht-Randale na Kollwitzplatz (która tego roku oficjalnie nie będzie), wszystkie uczestniczki mają przyjechać U2.",DE_1990-2019.md:3915
1997,DE,18:00,,Mitte,Mitte;Kreuzberg,DGB;IG Metall;SPD;PDS,dzielnicowa,korpus,Scenariusz,,"Zum „Tag der Arbeit“ sind verschiedene Veranstaltungen und Demonstrationen geplant. Heute abend treffen sich Frauen, Lesben und Mädchen ab 18 Uhr zur Walpurgisnacht am Sophie-Charlotte- Platz. Die DGB-Demonstration beginnt morgen um 10 Uhr am Engeldamm 70, am Haus der IG Metall in der Alten Jakobstraße und an der Info-Box am Potsdamer Platz. Die SPD-Spitze demonstriert gemeinsam mit den Gewerkscha",DE_1990-2019.md:3940
1998,DE,09:30,,,,ÖTV,,korpus,Scenariusz,,- 9:30 – początek przemarszu spod siedziby ÖTV; udział biorą w nim B90/Grünen,DE_1990-2019.md:4090
1998,DE,10:00,,Prenzlauer Berg,Prenzlauer Berg,,dzielnicowa,korpus,Scenariusz,,"- 10:00 – Humannplatzfest, Prenzlauer Berg",DE_1990-2019.md:4089
1998,DE,10:00,,Kreuzberg,,DGB,dzielnicowa,mapa,DGB,1998_DE_demonstracja_DGB_a,1996-2001 IG Metall | 1998 – 10:00 (Berliner Zeitung 28.04),1__mai_berlin_aktualna_14_.geojson#62
1998,DE,11:30,,,,DGB;DAG,,korpus,Scenariusz,,"- 11:30 – Abschlußkundgebung des Sternmarsches (DGB/DAG), Rotes Rathaus",DE_1990-2019.md:4091
1998,DE,12:00,,,,,,korpus,Scenariusz,,"- 12:00 – Fest des Obdachlosenmagazins Straßenfeger, Rosa-Luxemburg-Platz, vor der Volksbühne",DE_1990-2019.md:4092
1998,DE,12:15,,Mitte,,PDS,centralna,mapa (opis wspolny dla lat),East German Left,1998_DE_wiec_PDS,"1998 PDS Kundgebung | 1996 12:15 Gegen Sozialabbau und Ausgrenzung (zusammen mit Ostdeutsches Kuratorium von Verbänden) Die PDS, die mit einer geballten Faust als Logo, und der Parole »Kämpfen für Arbeit« zum 1. Mai mobilisiert, ruft ihre Mitglieder auf, zu der HBV-Demo zu gehen und veranstaltet selbst eine Kundgebung am Alexanderplatz. (JW, 30.04.1996) 1998 1",1__mai_berlin_aktualna_12_.geojson#10
1998,DE,13:00,,Kreuzberg,Kreuzberg,,dzielnicowa,korpus,Scenariusz,,"- 13:00 – Revolutionäre 1.-Mai-Demo, Oranienplatz, Kreuzberg",DE_1990-2019.md:4093
1998,DE,14:00,,Kreuzberg,Kreuzberg,,dzielnicowa,korpus,Scenariusz,,"- 14:00 – Mariannenplatzfest, Kreuzberg (bis 21 Uhr)",DE_1990-2019.md:4094
1998,DE,14:00,,Tempelhof,Tempelhof,,dzielnicowa,korpus,Scenariusz,,"- 14:00 – Fest in der Ufa-Fabrik, Viktoriastraße, Tempelhof",DE_1990-2019.md:4095
1998,DE,15:00,21:00,Prenzlauer Berg,Prenzlauer Berg;Kreuzberg;Mitte;Treptow;Köpenick;Marzahn;Hohenschönhausen;Hellersdorf;Lichtenberg,PDS,dzielnicowa,mapa (opis wspolny dla lat),East German Left,1998_DE_festyn_PDS,"Widerspenstig und lebendig Hummanplatz Maifest | 1995 festyn, z dala od potencjalnie niebezpiecznego Kollwitzplatz “Unter dem Motto ""Widerspenstig & Lebendig"" findet am Humannplatz in Prenzlauer Berg von 10 bis 19 Uhr ein ""buntes, froehliches Strassenfest gegen den grauen Alltag"" statt. ""Leider haben die Faschisten in den letzten Jahren den 1. Mai genutzt, um an die Oeffentlichkeit zu t",1__mai_berlin_aktualna_12_.geojson#19
1998,DE,17:00,,,,,,korpus,Scenariusz,,"- 17:00 – Demo „Freiheit ist immer auch die Freiheit des Andersdenkenden"", U-Bahnhof Eberswalder Straße",DE_1990-2019.md:4085
1998,DE,17:00,,Prenzlauer Berg,Prenzlauer Berg,Walpurgisnacht,dzielnicowa,mapa (opis wspolny dla lat),Walpurgisnacht,1998_DE_wiec_Walpurgisnacht-Freiheit-ist-immer-auch-die-Freiheit-des,"1998 – Freiheit ist immer auch die Freiheit des Andersdenken | Unterdessen hat auch eine Gruppe namens ""Ratten und Gesindel"" zu einer Demo am Vorabend des 1. Mai in Prenzlauer Berg aufgerufen. Dies sei allerdings keine Walpurgisnacht-Veranstaltung, sondern eine Demo gegen den polizeilichen Belagerungszustand in Prenzlauer Berg im vergangenen Jahr. Die Demo am 30. April beginnt um 17 Uhr am U-Bahnhof ",1__mai_berlin_aktualna_11_.geojson#8
1998,DE,18:00,,,,,,korpus,Konteksty i wydarzenia,,"Po raz pierwszy demonstracja R1M środowisk autonomicznych odbywa się o godzinie 18. Wynika to z faktu, że wielu jej uczestników uczestniczy w blokadzie demonstracji nazistów w Lipsku",DE_1990-2019.md:4069
1998,DE,18:00,,Prenzlauer Berg,Prenzlauer Berg,,dzielnicowa,korpus,Scenariusz,,"- 18:00 – Kundgebung der Jungdemokraten gegen Polizeiabsperrungen, Kollwitz-/Knaakstraße, Prenzlauer Berg (szczegóły przebiegu w BZ 2/3.05.1998)",DE_1990-2019.md:4086
1998,DE,18:00,,Mitte,Mitte,,dzielnicowa,korpus,Scenariusz,,"- 18:00 – Revolutionäre Mai-Demo, Rosa-Luxemburg-Platz, Mitte",DE_1990-2019.md:4096
1998,DE,18:00,,Charlottenburg,,Walpurgisnacht,dzielnicowa,mapa (opis wspolny dla lat),Walpurgisnacht,1998_DE_demonstracja_Walpurgisnacht-Frauen-Lesben-Madchen,"1998 – Frauen, Lesben, Mädchen | Route — Walpurgisnacht feminist demo, 30 April 1998, Berlin Start: Breitscheidplatz, 18:00 — End: Alte TU-Mensa, Hardenbergstraße 34, 20:00 Blurred poster – inferred with AI: Breitscheidplatz, Ansbacher Straße, Wittenbergplatz, Tauentzienstraße, Marburger Straße, Los-Angeles-Platz, Augsburger Straße, Rankstraße, Kurfürstendamm, Fasa…Breit",1__mai_berlin_aktualna_11_.geojson#34
1998,DE,20:00,,Mitte,Prenzlauer Berg,R1M,centralna,mapa (opis wspolny dla lat),Revolutionäre 1. Mai,1998_DE_demonstracja_R1M_a,"1998 RIM (AAB) Demo | Die Route sollte wie 1996 vom Rosa-Luxemburg-Platz zum Kollwitzplatz führen; dies wurde von der Polizei verboten und stattdessen als Endplatz der Senefelder Platz auferlegt. (Glückspilz). Po raz pierwszy, z powodu blokady w Lipsku, demonstracja przeniesiona na popołudnie Kurz vor 20 Uhr ist wie in den vergangenen Jahren die sog. ""Revoluti",1__mai_berlin_aktualna_15_.geojson#38
1999,DE,07:12,,,,,,korpus,Przemówienia,,"z oklaskami spotyka się oznajmienie, którego również nie ma w przemówieniu: (7:12)",DE_1990-2019.md:4176
1999,DE,10:00,,Prenzlauer Berg,Prenzlauer Berg,,dzielnicowa,korpus,Scenariusz,,"- 10:00 – Straßenfest na Humanplatz, Prenzlauer Berg. Żywe i ""Widerspensigste"" uliczne święto. Kinderprogramm od 12 do 15, muzyka od 14 (Raggatacke, Mothers Pride). Jedzenie i napoje na miejscu.",DE_1990-2019.md:4208
1999,DE,10:00,,,,ÖTV;IG Metall,,korpus,Scenariusz,,"- 10:00 – początek gwiaździstego przemarszu spod siedzib ÖTV, IG Metall i Potsdamer Platz",DE_1990-2019.md:4209
1999,DE,10:00,,Prenzlauer Berg,Prenzlauer Berg,Grüne;DGB;SPD;PDS,dzielnicowa,korpus,"Scenariusz / Feiern, Re­vo­lu­ti­on etc.",,"1. Mai ist morgen: Ab 10 Uhr tanzt ein widerspenstiges und lebendiges Straßenfest auf dem Humanplatz, inklusive Kinderprogramm von 12 bis 15 Uhr. Musik bringen ab 14 Uhr Raggatacke und Mothers pride u. a. Leib und Seele werden von Essens- und Getränkeständen zusammengehalten. Gegen den Krieg wird am Mariannenplatz angefeiert. Von 14 bis 21 Uhr wird Kultur geboten, u. a. mit den Gruppen Yaam und Kr",DE_1990-2019.md:4230
1999,DE,10:00,,Kreuzberg,,DGB,dzielnicowa,mapa,DGB,1999_DE_demonstracja_DGB_a,"1996-2001 IG Metall | 1999 – Anschließend ist ein großes Familienprogramm und im Vorfeld ein Sternmarsch (10 Uhr, Potsdamer Platz, Engeldamm, Alte Jakobstraße) zum Roten Rathaus geplant (BM 30.04) 10 Uhr: ab IG-Metall-Haus (über Alte Jakobstraße inKreuzberg, Fischerinsel, Breite, Rathaus- und Spandauer Straße)",1__mai_berlin_aktualna_14_.geojson#63
1999,DE,10:00,,Mitte,Mitte,DGB,centralna,mapa,DGB,1999_DE_demonstracja_DGB_b,"1996-2001 ÖTV | 1999 – Anschließend ist ein großes Familienprogramm und im Vorfeld ein Sternmarsch (10 Uhr, Potsdamer Platz, Engeldamm, Alte Jakobstraße) zum Roten Rathaus geplant (BM 30.04) Engeldamm in Mitte, über Heinrich-Heine-, Brücken-, Alexander-,Grunerstraße, Straße am Alexanderplatz, Karl-Liebknecht- und SpandauerStraße (BK 29.04.2000)",1__mai_berlin_aktualna_14_.geojson#66
1999,DE,11:00,,,,,,korpus,Przemówienia,,11:00 – przemówienia:,DE_1990-2019.md:4167
1999,DE,11:00,,Mitte,,DGB,centralna,mapa (opis wspolny dla lat),DGB,1999_DE_festyn_DGB,"DGB Maifest 1999 | Wenn die Demonstrationszüge der Gewerkschaften vor dem Roten Rathaus eintreffen, herrscht ab 11 Uhr 30 gewerkschaftliche Volksfeststimmung. Reden halten wird zu Beispiel Detlef Hensche, Vorsitzender der IG Medien. Die SPD ist mit Walter Momper dabei. (Neues Deutschland)",1__mai_berlin_aktualna_14_.geojson#17
1999,DE,11:30,,,,DGB;SPD,,korpus,Scenariusz,,"- 11:30 – Volksfeststimmung przed Roten Rathaus – koniec Sternmarszów zorganizowanych przez DGB. Hasło tego roku: „Neues Handeln. Für unser Land"". Przemawia Detlef Hensche (Vorsitzender IG Medien). Dołącza się SPD z Walter Momper.",DE_1990-2019.md:4210
1999,DE,12:00,,,,,,korpus,Przemówienia,,12:00 początek festynu,DE_1990-2019.md:4182
1999,DE,12:00,,Prenzlauer Berg,Prenzlauer Berg,,dzielnicowa,korpus,Scenariusz,,"- 12:00 – Fest „Draußen ohne Tür"" przed Volksbühne – świętowanie zorganizowane przez obdachlose (bezdomnych). 500 porcji Erbsensuppe z Gulaschkanone i 1000 litrów piwa. Grają Shepherd Laments, The Ruffians, Freygang. Przychody z sprzedaży napojów idą na budowę Selbsthilfetreffpunktes w Schliemannstraße, Prenzlauer Berg.",DE_1990-2019.md:4211
1999,DE,12:15,,Mitte,,PDS,centralna,mapa (opis wspolny dla lat),East German Left,1999_DE_wiec_PDS,"1999 PDS Kundgebung | 1996 12:15 Gegen Sozialabbau und Ausgrenzung (zusammen mit Ostdeutsches Kuratorium von Verbänden) Die PDS, die mit einer geballten Faust als Logo, und der Parole »Kämpfen für Arbeit« zum 1. Mai mobilisiert, ruft ihre Mitglieder auf, zu der HBV-Demo zu gehen und veranstaltet selbst eine Kundgebung am Alexanderplatz. (JW, 30.04.1996) 1998 1",1__mai_berlin_aktualna_12_.geojson#11
1999,DE,13:00,,,,,,korpus,Scenariusz,,- 13:00 – Demo na Oranienplatz – zorganizowana przez stalinistisch-maoistische Gruppierungen.,DE_1990-2019.md:4212
1999,DE,14:00,,Kreuzberg,Kreuzberg,Grüne;PDS,dzielnicowa,korpus,Scenariusz,,"- 14:00–21:00 – Mariannenplatzfest, Kreuzberg – protest przeciwko wojnie. Kultura z grupami Yaam i Kreuzberger Musikalische Aktion. Przemawia Kreuzberger Bürgermeister Franz Schulz (Grüne) oraz kampania przeciwko Wehrpflicht. Dołącza się PDS z Christa Luft i Petra Pau z hasłem „Frieden schaffen ohne Waffen!"" SocialistLegacies",DE_1990-2019.md:4214
1999,DE,15:00,21:00,Prenzlauer Berg,Prenzlauer Berg;Kreuzberg;Mitte;Treptow;Köpenick;Marzahn;Hohenschönhausen;Hellersdorf;Lichtenberg,PDS,dzielnicowa,mapa (opis wspolny dla lat),East German Left,1999_DE_festyn_PDS,"Widerspenstig und lebendig Hummanplatz Maifest | 1995 festyn, z dala od potencjalnie niebezpiecznego Kollwitzplatz “Unter dem Motto ""Widerspenstig & Lebendig"" findet am Humannplatz in Prenzlauer Berg von 10 bis 19 Uhr ein ""buntes, froehliches Strassenfest gegen den grauen Alltag"" statt. ""Leider haben die Faschisten in den letzten Jahren den 1. Mai genutzt, um an die Oeffentlichkeit zu t",1__mai_berlin_aktualna_12_.geojson#19
1999,DE,16:00,,,,,,korpus,Scenariusz,,"- 16:00 – Reclaim the Streets Party – Treffpunkt Weltzeituhr, Alexanderplatz. Teilnehmer przyciągają się z badmintonami, gwizdkami i innymi akcesoriami. Po raz pierwszy do Mauerparku, a nie na Kollwitzplatz",DE_1990-2019.md:4202
1999,DE,16:00,,Schöneberg,Schöneberg,DGB;Falken,dzielnicowa,korpus,Scenariusz,,"- 16:00 – Weltbürgerfest 1999 – „Die Weiße Rose"", Jugendzentrum w Schöneberg. Organizatorzy: DGB-Jugend i Die Falken. Od 16 grali streetball, od 19 dyskusja na temat „Integration statt Haß und Gewalt"" z udziałem Ausländerbeauftragte des Senats Barbara John i Georgios Tsapanos z Bundesinnenministerium. Od 21 MultiKultiKonzert z bandami Fata Morgana, MephistosRap i DJami.",DE_1990-2019.md:4203
1999,DE,16:00,,,,DGB;Falken,,korpus,"Scenariusz / Feiern, Re­vo­lu­ti­on etc.",,"Walpurgisnachmittag und -nacht ist heute: Einmal Weltzeituhr, immer Weltzeituhr. Um 16 Uhr heißt es wieder, mit Federballschlägern, Trillerpfeifen und anderem Freizeitzubehör sich dort einfinden. Wohin die Tanzveranstaltung vom Treffpunkt Alexanderplatz hinzieht, ist noch geheim. Sicher ist, daß Reclaim the Streets sich in gewohnt entspannter Manier öffentlichen Raum als Partyort aneignet. Ein Wel",DE_1990-2019.md:4228
1999,DE,18:00,,,,,,korpus,Scenariusz,,"- 18:00 – Demo Frauen, Lesben, Mädchen przeciwko przemocy wobec kobiet, lesbijki i dziewczynek – start od Karl-Marx-Platz (U7).",DE_1990-2019.md:4204
1999,DE,18:00,,,,,,korpus,Scenariusz,,"- 18:00 – Revolutionäre Demo, Oranienplatz – linksradikale demonstracja „ins nächste Jahrtausend"", zwołana przez Antifaschistische Aktion.",DE_1990-2019.md:4215
1999,DE,20:00,,,,,,korpus,Scenariusz,,- 20:00 – Party w SO 36 z DJanami Elvi i Almut – kontynuacja dzisiejszej demonstracji.,DE_1990-2019.md:4205
1999,DE,20:00,,Neukölln,,Walpurgisnacht,dzielnicowa,mapa (opis wspolny dla lat),Walpurgisnacht,1999_DE_demonstracja_Walpurgisnacht-Frauen-Lesben-Madchen-gegen-Gewalt,"1999 – Frauen, Lesben, Mädchen gegen Gewalt | am 30.April um 18 Uhrab Karl-Marx-Platz(U7 Karl-Marx-Str.)ab 20 Uhr im SO 36D.Janes Elvi und Almut(Soli für den Notruf) (Flyer nadir.org) Karl-Marx-Platz – Thomasstrasse – Frauenknast – Hermannstrasse – Kottbusser Damm, Adalbertstr., O-Str., Heinrichplatz",1__mai_berlin_aktualna_11_.geojson#35
2000,DE,10:00,,Hellersdorf,Hellersdorf,PDS,dzielnicowa,korpus,Scenariusz,,"- 10:00 – „Kulturfest gegen Rechts"" – Alice-Salomon-Platz, Hellersdorf. Sponsorowane przez PDS. Blokada demonstracji nazistowskiej. Przemawia Gregor Gysi",DE_1990-2019.md:4348
2000,DE,10:00,,,,DGB;ÖTV,,korpus,Scenariusz,,"- 10:00 – Demo DGB „Für mehr Beschäftigung"" – trzy punkty startowe: ÖTV-Haus (Engeldamm), IG-Metall-Haus (Alte Jakobstraße), DGB-Bundesvorstand (Burgstraße). Jednocześnie inline-skaterzy startują od Roten Rathaus i jadą na wiec",DE_1990-2019.md:4349
2000,DE,10:00,17:00,Marzahn,Marzahn;Biesdorf,PDS,dzielnicowa,korpus,Scenariusz,,"10-17 Uhr Kundgebungen der PDS Mar zahn, Allee der Kosmonauten, Alt-Mar zahn, Freizeitforum Marzahn, S-Bahnhöfe Biesdorf, Poelchaustraße, Ahrensfelde",DE_1990-2019.md:4354
2000,DE,10:00,,Tempelhof,Tempelhof,,dzielnicowa,korpus,Scenariusz,,"- 10:00–18:00 – Kinderbauernhof der ufa-fabrik – Victoriastraße, Tempelhof. Zabawa i spędzanie czasu dla rodzin.",DE_1990-2019.md:4365
2000,DE,10:00,,,,ÖTV;DGB,,korpus,Scenariusz,,"Die Gewerkschaftler brechen ab 10 Uhr zur Demonstration „Für mehr Beschäftigung“ auf. Treffpunkte: ÖTV-Haus (Engeldamm), IG-Metall-Haus (Alte Jakobstraße), DGB-Bundesvorstand (Burgstraße). Auch zahlreiche Inline-Skater wollen ab 10 Uhr vom Roten Rathaus aus zur Kundgebung des DGB anrollen (ab 11.30 Uhr, Platz vor dem Roten Rathaus).",DE_1990-2019.md:4378
2000,DE,10:00,,,,DGB,,korpus,Prasa / Berliner Kurier / _DGB_ demonstriert auf Inline-Skates,,"Berlin - Die Gewerkschaften demonstrieren am 1. Mai auch auf Inline-Skates: Die Roller-Demo startet um 10 Uhr am Roten Rathaus, über Brandenburger Tor und Großer Stern geht's dann wieder zurück (11 km). Dazu gibt's aber laut DGB auch drei Protest-Züge zu Fuß.",DE_1990-2019.md:4458
2000,DE,10:00,,,,DGB,,korpus,Prasa / Berliner Kurier / Das Wichtigste auf einen Blick,,"DGB-Demonstration, 10 Uhr: ab IG-Metall-Haus (über Alte Jakobstraße in",DE_1990-2019.md:4468
2000,DE,10:00,,Hellersdorf,Hellersdorf,,dzielnicowa,korpus,Prasa / Berliner Kurier / Das Wichtigste auf einen Blick,,"l ""Kulturfest gegen Rechts"", 10 Uhr, Alice-Salomon-Platz in Hellersdorf l",DE_1990-2019.md:4477
2000,DE,10:00,,Hellersdorf,Hellersdorf,PDS,dzielnicowa,mapa (opis wspolny dla lat),Neo-Nazi May Day,2000_DE_festyn_NIEZNANY,"2000 ""Kulturfest gegen Rechts"", 10 Uhr, Alice-Salomon-Platz  | PDS organized ""Kulturfest gegen Rechts"", 10 Uhr, Alice-Salomon-Platz in Hellersdorf. 10 000 in attendance",1__mai_berlin_aktualna_13_.geojson#27
2000,DE,10:00,,Mitte,,DGB,centralna,mapa (opis wspolny dla lat),DGB,2000_DE_demonstracja_DGB_c,"2000 DGB Inline-Skates Demo. ""Wir lassen uns nicht abhängen"" | Start: Rotes Rathaus (Rathausstraße/Ecke Breite Straße) 10:00 Uhr - Werderstraße - Französische Straße - Friedrichstraße - ehem. Checkpoint Charlie - Kochstraße - Wilhelmstraße - Anhalter Straße - Anhalter Bahnhof - Stresemannstraße - Potsdamer Platz- Potsdamer Straße - Scharounstraße - Herbert-v. Karajan-Straße -Philharmonie- Tiergartens",1__mai_berlin_aktualna_14_.geojson#111
2000,DE,11:00,,,,PDS,,korpus,Scenariusz,,Der politische Bär steppt am 1. Mai überall in der Stadt. Ab 11 Uhr findet auf dem Hellersdorfer Alice-Salomon-Platz ein „Kulturfest gegen Rechts“ statt. Hier und auf der PDS-Kundgebung auf dem Alexanderplatz (ab 12.30 Uhr) trifft man Spitzenmann Gregor Gysi.,DE_1990-2019.md:4376
2000,DE,11:30,,,,DGB,,korpus,Scenariusz,,"- 11:30 – Kundgebung DGB przed Roten Rathaus, następnie Maifest przy Neptunbrunnen. Atmosfera bratwurstu i Schalmeien. Przemawia m.in. Detlef Hensche.",DE_1990-2019.md:4351
2000,DE,12:00,,Mitte,Mitte,PDS,dzielnicowa,korpus,Prasa / Berliner Kurier / Das Wichtigste auf einen Blick,,"PDS-Kundgebung, 12 Uhr, Alexanderplatz in Mitte (mit den PDS-Politikern",DE_1990-2019.md:4478
2000,DE,12:15,,Mitte,,PDS,centralna,mapa (opis wspolny dla lat),East German Left,2000_DE_wiec_PDS,"2000 PDS Kundgebung | 1996 12:15 Gegen Sozialabbau und Ausgrenzung (zusammen mit Ostdeutsches Kuratorium von Verbänden) Die PDS, die mit einer geballten Faust als Logo, und der Parole »Kämpfen für Arbeit« zum 1. Mai mobilisiert, ruft ihre Mitglieder auf, zu der HBV-Demo zu gehen und veranstaltet selbst eine Kundgebung am Alexanderplatz. (JW, 30.04.1996) 1998 1",1__mai_berlin_aktualna_12_.geojson#12
2000,DE,12:30,,,,PDS,,korpus,Scenariusz,,- 12:30 – PDS-Kundgebung na Alexanderplatz – z udziałem Gregor Gysi i Petra Pau.,DE_1990-2019.md:4352
2000,DE,12:30,,Mitte,Mitte,,dzielnicowa,korpus,Scenariusz,,"- 12.30 Uhr Kundgebung auf dem Alexanderplatz, Mitte. Es sprechen Gregor Gysi, Christa Luft und Petra Pau.",DE_1990-2019.md:4353
2000,DE,13:00,18:00,Köpenick,Köpenick,PDS,dzielnicowa,korpus,Scenariusz,,"13-18 Uhr PDS-Mai-Fest, Luisenhain, Köpenick",DE_1990-2019.md:4358
2000,DE,13:00,21:00,Kreuzberg,Kreuzberg,,dzielnicowa,korpus,Scenariusz,,"13-21 Uhr Bündnis-Mai-Feier, Mariannenplatz, Kreuzberg",DE_1990-2019.md:4359
2000,DE,13:00,,Kreuzberg,Kreuzberg,PDS;Grüne,dzielnicowa,korpus,Scenariusz,,"- 13:00–19:00 – Straßenfest PDS i Grüne – Mariannenplatz, Kreuzberg. Muzyka, program dla dzieci i „polityczna edukacja"".",DE_1990-2019.md:4361
2000,DE,13:00,,Kreuzberg,Kreuzberg,,dzielnicowa,korpus,Scenariusz,,"- 13:00 – Pierwsza revolutionäre Mai-Demo – start Oranienplatz, Kreuzberg.",DE_1990-2019.md:4362
2000,DE,13:00,,,,,,korpus,Scenariusz,,- 13:00–18:00 – Erste Kreuzberger Sportmeile – Bergmannstraße. Policyjna inicjatywa dla dzieci i nastolatków – streetball jako alternatywa do awantur.,DE_1990-2019.md:4363
2000,DE,13:00,19:00,,,PDS,,korpus,Prasa / Berliner Kurier / Das Wichtigste auf einen Blick,,"Gregor Gysi und Petra Pau) l Straßenfest von PDS und Grünen, 13-19 Uhr,",DE_1990-2019.md:4479
2000,DE,13:00,,Kreuzberg,Kreuzberg;Neukölln,R1M,dzielnicowa,mapa (opis wspolny dla lat),Revolutionäre 1. Mai,2000_DE_demonstracja_R1M,"2000 R1M (Kommunistische Gruppen) | (Assumed same route as 2001) “Ein massives Polizeiaufgebot begleitete gestern Nachmittag die erste der beiden Revolutionären 1.-Mai-Demonstrationen. Dennoch zog die Demonstration der maoistischen RIM und der TKP/ML mit knapp 2.000 TeilnehmerInnen in entspannter Atmosphäre durch Kreuzberg und Neukölln” (taz 2.05.2000) Tagesspiegel, 29.04, ",1__mai_berlin_aktualna_15_.geojson#12
2000,DE,13:30,,Marzahn,Marzahn;Biesdorf,,dzielnicowa,korpus,Scenariusz,,"Mit Gregor Gysi gegen 13.30 Uhr und Petra Pau gegen 14 Uhr ab 9 Uhr Kundgebungen der BW Mar zahn, Eisenacher Straße, Wittenberger Straße, Marzahner Promenade, S-Bhf. Marzahn, Mehrower Allee, U-Bhf. Biesdorf-Süd",DE_1990-2019.md:4356
2000,DE,14:00,18:00,Treptow,Treptow;Johannisthal,PDS,dzielnicowa,korpus,Scenariusz,,"14-18 Uhr, PDS-Mai-Fest, Springborn- Club, Treptow-Johannisthal",DE_1990-2019.md:4360
2000,DE,15:00,,Prenzlauer Berg,Prenzlauer Berg,,dzielnicowa,korpus,Scenariusz,,"- 15:00 – Rockkonzert z Funmeile – Mauerpark, Prenzlauer Berg. Część policyjnego programu deeskalacji (Deeskalationsprogramm).",DE_1990-2019.md:4340
2000,DE,15:00,,,,,,korpus,Scenariusz,,"- 15:00 – Platzkonzert w Zoo – z „gwarantowanymi pokojowymi policjantami"".",DE_1990-2019.md:4364
2000,DE,15:00,,Prenzlauer Berg,Prenzlauer Berg,,dzielnicowa,korpus,Scenariusz,,"Im Rahmen des polizeilichen Deeskalationsprogrammes gibt es am 30. April ab 15 Uhr ein Rockkonzert mit Funmeile im Mauerpark in Prenzlauer Berg. Auf einer Demonstration zur Walpurgisnacht wollen Frauen am Sonntag ab 18 Uhr auf dem Hermannplatz gegen Abschiebung, Frauenhandel und Prostitution protestieren.",DE_1990-2019.md:4372
2000,DE,15:00,,,,,,korpus,Scenariusz,,Ein Platzkonzert mit garantiert friedlichen Polizisten gibt es ab 15 Uhr im Zoo.,DE_1990-2019.md:4384
2000,DE,15:00,21:00,Prenzlauer Berg,Prenzlauer Berg;Kreuzberg;Mitte;Treptow;Köpenick;Marzahn;Hohenschönhausen;Hellersdorf;Lichtenberg,PDS,dzielnicowa,mapa (opis wspolny dla lat),East German Left,2000_DE_festyn_PDS,"Widerspenstig und lebendig Hummanplatz Maifest | 1995 festyn, z dala od potencjalnie niebezpiecznego Kollwitzplatz “Unter dem Motto ""Widerspenstig & Lebendig"" findet am Humannplatz in Prenzlauer Berg von 10 bis 19 Uhr ein ""buntes, froehliches Strassenfest gegen den grauen Alltag"" statt. ""Leider haben die Faschisten in den letzten Jahren den 1. Mai genutzt, um an die Oeffentlichkeit zu t",1__mai_berlin_aktualna_12_.geojson#19
2000,DE,15:00,,Mitte,,DGB,centralna,mapa (opis wspolny dla lat),DGB,2000_DE_festyn_DGB,"2000-2003 DGB Tanz in den Mai | The idea for Tanz in den Mai event in front of the Rotes Rathaus was connected with the Bürgermeisterempfang. Although the event organised by DGB Jugend was organised independently, after Bürgermeisterempfang finished, its participants were welcomed to join the ""Tanz in den Mai"" event Die AG schlägt vor, dass gepruft werden soll, welche K",1__mai_berlin_aktualna_14_.geojson#7
2000,DE,18:00,,,,,,korpus,Scenariusz,,"- 18:00 – Demo kobiet na Hermannplatz – protest przeciwko deportacjom, handlowi kobietami i prostytucji.",DE_1990-2019.md:4341
2000,DE,18:00,,Hohenschönhausen,Hohenschönhausen,,dzielnicowa,korpus,Scenariusz,,"11 18 Uhr Bündnisfest, Am Obersee, Hohenschönhausen",DE_1990-2019.md:4357
2000,DE,18:00,,Kreuzberg,Kreuzberg,,dzielnicowa,korpus,Scenariusz,,"- 18:00 – Druga revolutionäre Mai-Demo – start Oranienplatz, Kreuzberg.",DE_1990-2019.md:4366
2000,DE,18:00,,Kreuzberg,Kreuzberg,,dzielnicowa,korpus,Scenariusz,,Gleich zwei revolutionäre Mai-Demos gibt es in Kreuzberg (13 und 18 Uhr). Beide starten am Oranienplatz. In gehöriger Entfernung davon versucht die Polizei mit der ersten Kreuzberger Sportmeile in der Bergmannstraße (13 bis 18 Uhr) Kids und Teenager mit Streetball vom Prügeln abzuhalten.,DE_1990-2019.md:4380
2000,DE,18:00,,Kreuzberg,,Walpurgisnacht,dzielnicowa,mapa (opis wspolny dla lat),Walpurgisnacht,2000_DE_demonstracja_Walpurgisnacht-Frauen-Lesben-Madchen-gegen-Gewalt,"2000 – Frauen, Lesben Mädchen gegen Gewalt | 30.04, 18:00 SCHWERPUNKTTHEMA: ABSCHIEBUNG, FRAUENHANDEL, PROSTITUTION Demoroute: Hermannplatz, Sonnenallee, Hertzbergstr., Richardplatz, Kart-Marx-Platz, Karl-Mare-Str., Hermannplatz,Urbanstr., Kortestr., Gneisenaustr., Zossener Str., Bergmannstr., Mehringdamm UBhf (Flyer) Attendance: 300 (Tsg)",1__mai_berlin_aktualna_11_.geojson#36
2000,DE,18:00,,Kreuzberg,Kreuzberg,R1M,dzielnicowa,mapa (opis wspolny dla lat),Revolutionäre 1. Mai,2000_DE_demonstracja_R1M_a,"2000 R1M Demonstration | R1M Demonstration, 1 May 2000, ~18:00 The planned route led from Kreuzberg to Hackescher Markt, where the DGB headquarters were located: Revolutionäre 1. Mai-Demo 18.00 Uhr: Oranienplatz - Oranienstr. - Manteuffelstr. - Reichenbergerstr. - Segitzdamm - Prinzessinenstr. - Moritzplatz - Oranienstr. - Alexandrinenstr. - Lindenstr. - Kochstr.",1__mai_berlin_aktualna_15_.geojson#40
2000,DE,19:00,,,,PDS;Grüne,,korpus,Scenariusz,,"PDS und Grüne feiern den 1. Mai mit Musik, Kinderprogramm und „politischer Aufklärung“ von 13 bis 19 Uhr auf dem Kreuzberger Mariannenplatz.",DE_1990-2019.md:4382
2000,DE,19:00,,Kreuzberg,Kreuzberg,,dzielnicowa,korpus,Prasa / Berliner Kurier / Das Wichtigste auf einen Blick,,"Uhr Treffpunkt Oranienplatz in Kreuzberg, 19 Uhr Start (über Wiener-,",DE_1990-2019.md:4481
2000,DE,20:00,,,,,,korpus,Scenariusz,,"- 20:00 – Walpurgisnacht „im Zeichen des Mittelalters"" – FEZ, Wuhlheide. Impreza w klimatie średniowiekowym. Wejście 15 Mark.",DE_1990-2019.md:4342
2000,DE,20:00,,Hellersdorf,Hellersdorf,,dzielnicowa,korpus,Scenariusz,,"- 11 20 Uhr multikulturelles Bündnisfest gegen Rechts, Alice-Salomon-Platz, Hellersdorf.",DE_1990-2019.md:4350
2000,DE,20:00,,Prenzlauer Berg,Prenzlauer Berg,PDS,dzielnicowa,korpus,Scenariusz,,"9-24 Uhr Bündnisfest auf dem Humannplatz, Prenzlauer Berg 10-20 Uhr PDS-Fest, Bötzowstraße, Prenzlauer Berg",DE_1990-2019.md:4355
2000,DE,20:00,,,,,,korpus,Scenariusz,,Fröhlicher wird die Walpurgisnacht ganz im Zeichen des Mittelalters ab 20 Uhr im FEZ in der Wuhlheide (Eintritt 15 Mark).,DE_1990-2019.md:4374
2001,DE,10:00,,,,ÖTV,,korpus,Scenariusz / 1.05,,10:00 ÖTV demonstration from ÖTV-Haus at Engeldamm 70,DE_1990-2019.md:4630
2001,DE,11:00,,Neu-Hohenschönhausen,Hohenschönhausen;Wartenberg,NPD,dzielnicowa,mapa (opis wspolny dla lat),Neo-Nazi May Day,2001_DE_demonstracja_NPD,"2001 NPD Demo | Tagesspiegel, s. 10 Das Oberverwaltungsgericht hat am Freitagabend beschlossen, den geplantenNPD-Aufmarsch am 1.Mai nach Hohenschönhausen zu verlegen.Die Route: S-Bahnhof Gehrenseestraße, Pablo-Picasso-Straße, SeehausenerStraße, Vincent-van-Gogh-Straße, Prendener Straße, Dorfstraße,Ernst-Barlach-Straße, Egon-Erwin-Kisch Straße, S-Bahnhof ",1__mai_berlin_aktualna_13_.geojson#6
2001,DE,11:30,,Mitte,Mitte,,dzielnicowa,korpus,Przebieg za B.Z,,"11.30 Uhr, Mitte, Rotes Rathaus",DE_1990-2019.md:4649
2001,DE,11:30,,Hohenschönhausen,Hohenschönhausen,,dzielnicowa,korpus,Przebieg za B.Z,,"11.30 Uhr, Hohenschönhausen, S-Bahnhof Gehrenseestraße",DE_1990-2019.md:4651
2001,DE,11:30,,Mitte,,DGB,centralna,mapa (opis wspolny dla lat),DGB,2001_DE_festyn_DGB_a,"DGB Maifest 2001 | Ort/Beginn Berlin Platz vor dem Roten Rathaus, 11.30 Uhr Rednerin/Redner Begrüßung: Ursula Schäfer/DGB es sprechen: Rainer Knerler/IG BAU Norbert Hocke/GEW Programm 10.00 Uhr: Demonstrationszüge der Gewerkschaften jeweils ab IG Metall-Haus(Alte Jakobstr.), ÖTV-Haus(Engeldamm, Michael-Kirch-Platz) , und ab DGB-Bundesvorstand (Hackescher Ma",1__mai_berlin_aktualna_14_.geojson#19
2001,DE,12:00,,Mitte,Mitte;Tiergarten,,dzielnicowa,korpus,Przebieg za B.Z,,"12 Uhr, Mitte, Tiergarten",DE_1990-2019.md:4653
2001,DE,12:15,,Mitte,,PDS,centralna,mapa (opis wspolny dla lat),East German Left,2001_DE_wiec_PDS,"2001 PDS Kundgebung | 1996 12:15 Gegen Sozialabbau und Ausgrenzung (zusammen mit Ostdeutsches Kuratorium von Verbänden) Die PDS, die mit einer geballten Faust als Logo, und der Parole »Kämpfen für Arbeit« zum 1. Mai mobilisiert, ruft ihre Mitglieder auf, zu der HBV-Demo zu gehen und veranstaltet selbst eine Kundgebung am Alexanderplatz. (JW, 30.04.1996) 1998 1",1__mai_berlin_aktualna_12_.geojson#13
2001,DE,13:00,,Kreuzberg,,R1M,dzielnicowa,mapa (opis wspolny dla lat),Revolutionäre 1. Mai,2001_DE_demonstracja_R1M,"2001 R1M (Kommunistische Gruppen) | Tagesspiegel, 29.04, s. 10 13:00 – Oranienplatz - Kottbusser Tor Attendance: 2000 (stressfaktor) 2500 (taz)",1__mai_berlin_aktualna_15_.geojson#13
2001,DE,13:00,,Kreuzberg,Kreuzberg,R1M,dzielnicowa,mapa (opis wspolny dla lat),Revolutionäre 1. Mai,2001_DE_demonstracja_R1M_c,"2001 – Gegen das Verbot der linken 1. Mai | 13:00 Lausitzer Platz (Kreuzberg) Demo: Gegen das Verbot der linken 1. Mai-Demo! Die Demo wurde von Angela Marquardt angemeldet. Die Auftaktkundgebung findet ab 12 Uhr statt. Werthebach besteht darauf, dass die Demo um 15 Uhr beendet ist. Wir werden also ziemlich pünktlich losgehen! (https://www.stressfaktor.squat.net/2001/mainach.html)",1__mai_berlin_aktualna_15_.geojson#67
2001,DE,13:30,,Prenzlauer Berg,Prenzlauer Berg,,dzielnicowa,korpus,Scenariusz / 30.04,,"- 13:30 – Fußballturnier – Friedrich-Ludwig-Jahn-Sportpark, Prenzlauer Berg. Turnir dla zespołów z clubów młodzieży, zorganizowany jako część policyjnego programu deeskalacji (koncept „AHA"").",DE_1990-2019.md:4620
2001,DE,13:30,,,,,,korpus,Przebieg za B.Z,,"Rund 700 Neonazis marschieren. Die Demo, die Innensenator Werthebach verbieten wollte, das Verwaltungsgericht aber genehmigte. 300 Linke demonstrieren außerhalb des abgesperrten Kundgebungsplatzes. Triller-Pfeifen, ""Nazis raus""-Rufe. Um 13.30 Uhr fahren die Rechten in zwei Sonderzügen ab. 20 Festnahmen (12 Rechte, 8 Linke).",DE_1990-2019.md:4652
2001,DE,14:10,,Kreuzberg,Kreuzberg,,dzielnicowa,korpus,Przebieg za B.Z,,"14.10 Uhr, Kreuzberg, Oranienplatz",DE_1990-2019.md:4655
2001,DE,14:30,,,,,,korpus,Przebieg za B.Z,,"2500 Demonstranten, darunter auch 60 bis 70 Autonome, starten zur ""Revolutionären 1. Mai-Demo"" zum Kottbusser Tor. Marschlied: ""Deutschland muss sterben, damit wir leben können."" 14.30 Uhr: Vermummte werden auf den Dächern entlang der Skalitzer Straße gesichtet.",DE_1990-2019.md:4656
2001,DE,15:00,,Prenzlauer Berg,Prenzlauer Berg,,dzielnicowa,korpus,Scenariusz / 30.04,,"- 15:00 – Tanzimpreza na Kollwitzplatz, Prenzlauer Berg. Trzy sceny z młodymi bandami od ska do hip-hop. Miejsce przyciąga dużo młodzieży.",DE_1990-2019.md:4621
2001,DE,15:00,21:00,Prenzlauer Berg,Prenzlauer Berg;Kreuzberg;Mitte;Treptow;Köpenick;Marzahn;Hohenschönhausen;Hellersdorf;Lichtenberg,PDS,dzielnicowa,mapa (opis wspolny dla lat),East German Left,2001_DE_festyn_PDS,"Widerspenstig und lebendig Hummanplatz Maifest | 1995 festyn, z dala od potencjalnie niebezpiecznego Kollwitzplatz “Unter dem Motto ""Widerspenstig & Lebendig"" findet am Humannplatz in Prenzlauer Berg von 10 bis 19 Uhr ein ""buntes, froehliches Strassenfest gegen den grauen Alltag"" statt. ""Leider haben die Faschisten in den letzten Jahren den 1. Mai genutzt, um an die Oeffentlichkeit zu t",1__mai_berlin_aktualna_12_.geojson#19
2001,DE,15:00,,Mitte,,DGB,centralna,mapa (opis wspolny dla lat),DGB,2001_DE_festyn_DGB,"2000-2003 DGB Tanz in den Mai | The idea for Tanz in den Mai event in front of the Rotes Rathaus was connected with the Bürgermeisterempfang. Although the event organised by DGB Jugend was organised independently, after Bürgermeisterempfang finished, its participants were welcomed to join the ""Tanz in den Mai"" event Die AG schlägt vor, dass gepruft werden soll, welche K",1__mai_berlin_aktualna_14_.geojson#7
2001,DE,15:04,,,,,,korpus,Przebieg za B.Z,,"15.04 Uhr, Kottbusser Damm",DE_1990-2019.md:4657
2001,DE,15:29,,,,,,korpus,Przebieg za B.Z,,"15.29 Uhr, Adalbertstraße",DE_1990-2019.md:4659
2001,DE,15:34,,,,,,korpus,Przebieg za B.Z,,"Nackte bringen Müllcontainer auf die Straße. Drei Minuten später ist die Polizei da. Sofort Steinwürfe. 15.34 Uhr: An der Ecke Melchiorstraße werden Barrikaden gebaut. Wieder Steinwürfe. 150 Chaoten brechen durch, Richtung Michaelkirchplatz. Anweisung der Polizei: Keine Räumung, aber Zugriff! 15.40 Uhr: Verkehrspolizisten werden am Michaelkirchplatz angegriffen. Drei Minuten später: Pfefferspray g",DE_1990-2019.md:4660
2001,DE,15:42,,Kreuzberg,,R1M,dzielnicowa,mapa (opis wspolny dla lat),Revolutionäre 1. Mai,2001_DE_demonstracja_R1M_e,"2001. Gegen das verbot des Linkes 1. Mai | Report stressfaktor: 01.05.2001 15:42 Demo wieder am Lausitzer Platz angekommen. Überall Polizei. 01.05.2001 15:22 Route der 13.00.Uhr Demo geändert jetzt über Schlesisches Tor, mittlerweile 8000!!! Leute und Polizei-Spalier. Im Moment biegt sie in die Eisenbahnstrasse ab. 01.05.2001 14:30 13.00.Uhr-Demo startet vom Lausitzer Platz Richtu",1__mai_berlin_aktualna_15_.geojson#69
2001,DE,16:00,,,,,,korpus,Scenariusz / 30.04,,- 16:00 – Kinderfest w Mauerpark – zorganizowane przez Turnerbund. Rodzinne świętowanie dla młodszych dzieci.,DE_1990-2019.md:4622
2001,DE,16:00,,,,,,korpus,Przebieg za B.Z,,"Vermummte graben Steine aus. Die Polizei fordert die Demonstranten am Oranienplatz auf, den Platz zu verlassen. Die Demo ist seit 16 Uhr offiziell zu Ende. Es gibt Rangeleien, Dosen fliegen.",DE_1990-2019.md:4664
2001,DE,16:05,,,,,,korpus,Przebieg za B.Z,,"16.05 Uhr, Skalitzer Straße",DE_1990-2019.md:4661
2001,DE,16:26,,,,,,korpus,Przebieg za B.Z,,Die ersten brennenden Gegenstände auf der Straße. 16.26 Uhr: Chaoten haben den Sperrriegel zwischen Oranienstraße und Adalbertstraße durchbrochen. Die Polizei drängt sie zurück.,DE_1990-2019.md:4662
2001,DE,16:30,,Friedrichshain,Friedrichshain;Mitte,R1M,,mapa (opis wspolny dla lat),Revolutionäre 1. Mai,2001_DE_demonstracja_R1M_b,"2001 R1M, 18:00 (ca. 18:30–20:35) – riots | 16:30 Nach Abschluss der Kundgebung (Gegen das Verbot der 1. Mai) zogen gegen 16.30 Uhr mehrere hundert Teilnehmer spontan Richtung Oranienplatz, wo die verbotene ""Revolutonäre 1.-Mai-Demonstration"" eigentlich starten sollte. Die Polizei stoppte den Aufzug an der Ecke Adalbertstraße. Darauf flogen erste Steine und Flaschen. Hier wurde auc",1__mai_berlin_aktualna_15_.geojson#41
2001,DE,16:31,,,,,,korpus,Przebieg za B.Z,,"16.31 Uhr, Heinrichplatz",DE_1990-2019.md:4663
2001,DE,16:35,,,,,,korpus,Przebieg za B.Z,,"16.35 Uhr, Oranienplatz",DE_1990-2019.md:4665
2001,DE,16:44,,,,,,korpus,Przebieg za B.Z,,"Vierte Aufforderung der Polizei, den Platz zu verlassen. 16.44 Uhr: An der Ecke Adalbertstraße/Oranienburger Straße der erste Verletzte, ein Chaot.",DE_1990-2019.md:4666
2001,DE,16:54,,,,,,korpus,Przebieg za B.Z,,"16.54 Uhr, Heinrichplatz",DE_1990-2019.md:4667
2001,DE,17:00,,,,DGB,,korpus,Scenariusz / 30.04,,"- 17:00-22:00 – DGB-Jugend Party – Platz vor dem Roten Rathaus. Hasło: przeciwko „Dummheit, Hass und Gewalt"". Muzyka od kult do techno. Wejście 2 Mark. Młodzież zamienia plac przed ratuszem w dancefloor na jedną noc.",DE_1990-2019.md:4625
2001,DE,17:49,,,,,,korpus,Przebieg za B.Z,,"17.49 Uhr, Waldemarstraße",DE_1990-2019.md:4669
2001,DE,17:52,,,,,,korpus,Przebieg za B.Z,,"17.52 Uhr, Mariannenplatz",DE_1990-2019.md:4671
2001,DE,17:59,,,,,,korpus,Przebieg za B.Z,,Autonome verstecken sich unter den Teilnehmern des Familienfestes. Drei Minuten später hageln auch hier die Steine gegen die Polizisten. Die Beamten ziehen sich zurück. Die Autonomen stürmen hinterher. 17.59 Uhr: Mehrere Polizisten sind verletzt. 18.01 Uhr: Autonome zerschlagen in der Waldemarstraße BVG-Häuschen und Autoscheiben. 18.09 Uhr: Das Fest auf dem Mariannenplatz ist beendet.,DE_1990-2019.md:4672
2001,DE,18:00,,,,,,korpus,Scenariusz / 30.04,,"- 18:00 – Reclaim the Streets – Treffpunkt Kollwitzplatz. Aktivisten ogłoszą miejsce spontanicznej Straßenparty, której lokalizacja jest utrzymana w tajemnicy do tego momentu. Tańcem zdobywają przestrzeń publiczną.",DE_1990-2019.md:4623
2001,DE,18:13,,,,,,korpus,Przebieg za B.Z,,Ein Wasserwerfer wird von den Chaoten fast völlig zerstört. Eine Polizistin schwer verletzt. 18.13 Uhr: Bauwagen werden auf die Straße gerollt.18.19 Uhr: Eine Hundertschaft muss sich mit etlichen Verletzten zurückziehen. 18.24 Uhr: Barrikaden werden auf der Wrangelstraße errichtet. Eine Minute später brennen sie. 18.33 Uhr: An der Köpenicker Straße werden Polizisten zusammen geschlagen. 18.34 Uhr:,DE_1990-2019.md:4674
2001,DE,19:05,,,,,,korpus,Przebieg za B.Z,,"19.05 Uhr, Wrangelstraße",DE_1990-2019.md:4675
2001,DE,19:44,,,,,,korpus,Przebieg za B.Z,,"19.44 Uhr, Mariannenplatz",DE_1990-2019.md:4677
2001,DE,19:50,,,,,,korpus,Przebieg za B.Z,,Die Polizei setzt Tränengas ein. 19.50 Uhr: Die Polizei stürmt voran. Mehrere hundert Autonome werden auf dem Platz eingekesselt.,DE_1990-2019.md:4678
2001,DE,20:00,,Friedrichshain,Friedrichshain,,dzielnicowa,korpus,Scenariusz / 30.04,,"- 20:00 – „Spontane"" Walpurgisfeier – Volkspark Friedrichshain. Nieoficjalne, nieorganizowane świętowanie w tradycji Walpurgisnacht. Kolejna spontaniczna impreza zapowiedziana na Boxhagener Platz, Friedrichshain.",DE_1990-2019.md:4624
2001,DE,20:00,,Friedrichshain,Friedrichshain,Walpurgisnacht,dzielnicowa,mapa (opis wspolny dla lat),Walpurgisnacht,2001_DE_wiec_Walpurgisnacht-Walpurgisnacht-Spontane-Street-Party,"2001 Walpurgisnacht Spontane Street-Party | ""Spontane"" Walpurgisfeiern sind für den Volkspark Friedrichshain (ab 20 Uhr) und für den Boxhagener Platz in Friedrichshain angekündigt. (taz 30.04.2001, s. 24)",1__mai_berlin_aktualna_11_.geojson#5
2001,DE,20:00,,Friedrichshain,Friedrichshain,Walpurgisnacht,,mapa,Walpurgisnacht,2001_DE_wiec_Walpurgisnacht-Antikapitalistische-Walpurgisnacht,"Antikapitalistische Walpurgisnacht | 2001 – 20.00 Uhr - Boxhagener Platz (Friedrichshain) Dort soll es ebenfalls eine Walpurgisnacht-Feier mit Trommeln, Getränken und Feuer(spuckern) geben. Wir werden einen Tag vor dem Naziaufmarsch zeigen, dass Friedrichshain weiterhin ein bunter und widerspenstiger Kiez ist. (stressfaktor.squat.com) Auch am Boxhagener Platz hatten etwa 500",1__mai_berlin_aktualna_11_.geojson#23
2001,DE,20:25,,,,,,korpus,Przebieg za B.Z,,"20.25 Uhr, Bethaniendamm",DE_1990-2019.md:4679
2001,DE,21:00,,,,Antifa,,korpus,Scenariusz / 30.04,,"- 21:00 – „Pop-Antifa!"" Soliparty – Pfefferberg, Schönhauser Allee. Organizator: „Pop-Antifa!"". Vystupuje Surrogat i notoryczny Technorevoluzzer Alec Empire. Solidarnościowa impreza jako wstęp do świąt 1. maja.",DE_1990-2019.md:4627
2001,DE,21:20,,,,,,korpus,Przebieg za B.Z,,"21.20 Uhr, Naunystraße",DE_1990-2019.md:4683
2001,DE,21:45,,,,,,korpus,Przebieg za B.Z,,"21.45 Uhr, Waldemarstraße",DE_1990-2019.md:4681
2001,DE,22:39,,,,,,korpus,Przebieg za B.Z,,"22.39 Uhr, Kottbusser Tor",DE_1990-2019.md:4685
2001,DE,23:30,,,,,,korpus,Przebieg za B.Z,,"Einige Demonstranten vom Bethaniendamm versammeln sich hier, Steinwürfe. Ab 23.30 Uhr werden die letzten Barrikaden weggeräumt, die Lage als ""vorerst beruhigt"" bezeichnet.",DE_1990-2019.md:4686
2001,DE,23:44,,,,,,korpus,Przebieg za B.Z,,"23.44 Uhr, Adalbertstraße",DE_1990-2019.md:4687
2002,DE,10:00,,,,,,korpus,Scenariusz,,"Wspólna demonstracja jako pokaz związkowej jedności? Neu ist auch, dass die Einzelgewerkschaften gemeinsam vom Brandenburger Tor zum Rathaus ziehen (Start 10 Uhr). Bisher hatte es mehrere Sternmärsche dorthin gegeben. Scholz wertete dies als Zeichen der Geschlossenheit.@fritscheSparkursSchweisstGewerkschaften2002",DE_1990-2019.md:4773
2002,DE,10:00,,,,,,korpus,"Scenariusz / Ze strony DGB BB, archiwalne",,10.00 Uhr Pariser Platz (Brandenburger Tor),DE_1990-2019.md:4802
2002,DE,10:00,,Neu-Hohenschönhausen,Hohenschönhausen,NPD,dzielnicowa,mapa (opis wspolny dla lat),Neo-Nazi May Day,2002_DE_kontra_NIEZNANY,"2002 Counter-demonstration | Ab 10 Uhr finden zwei Gegenkundgebungen gegen den NPD-Aufmarsch in Hohenschönhausen statt - am Lindencenter am Prerower Platz sowie an der Falkenberger Chaussee Ecke Prendener Straße. Die NPD will eine Stunde später, um 11 Uhr, am S-Bahnhof Hohenschönhausen losmarschieren. (taz 30.04.2002)",1__mai_berlin_aktualna_13_.geojson#28
2002,DE,11:30,,,,,,korpus,"Scenariusz / Ze strony DGB BB, archiwalne",,Rotes Rathaus Berlin: Die Kundgebung um 11.30 Uhr,DE_1990-2019.md:4790
2002,DE,12:15,,Mitte,,PDS,centralna,mapa (opis wspolny dla lat),East German Left,2002_DE_wiec_PDS,"2002 PDS Kundgebung | 1996 12:15 Gegen Sozialabbau und Ausgrenzung (zusammen mit Ostdeutsches Kuratorium von Verbänden) Die PDS, die mit einer geballten Faust als Logo, und der Parole »Kämpfen für Arbeit« zum 1. Mai mobilisiert, ruft ihre Mitglieder auf, zu der HBV-Demo zu gehen und veranstaltet selbst eine Kundgebung am Alexanderplatz. (JW, 30.04.1996) 1998 1",1__mai_berlin_aktualna_12_.geojson#14
2002,DE,13:00,,,,,,korpus,Scenariusz,,Die 13-Uhr-Demo verlief wie immer friedlich mit 1.000 Menschen. Die autonom-kommunistischen Gruppen und die AAB zerstritten sich nach drei ruhigen Jahren wieder kurz vor dem 1. Mai wieder.,DE_1990-2019.md:4783
2002,DE,13:00,,Kreuzberg,,R1M,dzielnicowa,mapa (opis wspolny dla lat),Revolutionäre 1. Mai,2002_DE_demonstracja_R1M,2002 R1M (R1M Bündnis) | 13:00 – pierwsze 3h mniej ludzi. Od 16 pod Görlitzer Bahnhof dołącza kolejna grupa manifestacyjna. trasa na podstawie mapki z taz. Może zawierać błędy; na pewno demo dzielnicowe Attendance: 1000 (Gluckspilz),1__mai_berlin_aktualna_15_.geojson#15
2002,DE,13:30,,Neu-Hohenschönhausen,,NPD,dzielnicowa,mapa (opis wspolny dla lat),Neo-Nazi May Day,2002_DE_kontra_NPD,2015 – NPD Counterdemonstration | 12-13:30 (taz 30.04),1__mai_berlin_aktualna_13_.geojson#37
2002,DE,15:00,21:00,Prenzlauer Berg,Prenzlauer Berg;Kreuzberg;Mitte;Treptow;Köpenick;Marzahn;Hohenschönhausen;Hellersdorf;Lichtenberg,PDS,dzielnicowa,mapa (opis wspolny dla lat),East German Left,2002_DE_festyn_PDS,"Widerspenstig und lebendig Hummanplatz Maifest | 1995 festyn, z dala od potencjalnie niebezpiecznego Kollwitzplatz “Unter dem Motto ""Widerspenstig & Lebendig"" findet am Humannplatz in Prenzlauer Berg von 10 bis 19 Uhr ein ""buntes, froehliches Strassenfest gegen den grauen Alltag"" statt. ""Leider haben die Faschisten in den letzten Jahren den 1. Mai genutzt, um an die Oeffentlichkeit zu t",1__mai_berlin_aktualna_12_.geojson#19
2002,DE,15:00,,Mitte,,DGB,centralna,mapa (opis wspolny dla lat),DGB,2002_DE_festyn_DGB,"2000-2003 DGB Tanz in den Mai | The idea for Tanz in den Mai event in front of the Rotes Rathaus was connected with the Bürgermeisterempfang. Although the event organised by DGB Jugend was organised independently, after Bürgermeisterempfang finished, its participants were welcomed to join the ""Tanz in den Mai"" event Die AG schlägt vor, dass gepruft werden soll, welche K",1__mai_berlin_aktualna_14_.geojson#7
2002,DE,17:00,,,,,,korpus,"Scenariusz / Ze strony DGB BB, archiwalne",,Am 30. April 2002 ab 17.00 Uhr - 0.00 Uhr,DE_1990-2019.md:4807
2002,DE,18:00,,Mitte,Mitte,,dzielnicowa,korpus,Scenariusz,,"Die 18-Uhr-Demo (AAB) wurde vom Oranienplatz zum Rosa-Luxemburg-Platz verlegt, damit um 16 Uhr dort die anderen Gruppen demonstrieren konnten. Diese zogen mit ca. 4.000 Menschen los, nachdem sie sich mit den Menschen der 13-Uhr-Demo zusammengeschlossen hatten und endeten wieder am Oranienplatz. -- policja, jak pisze Tagesspiegel, nie zgodziła się na demonstrację przez Mitte (27.04, Tagesspiegel)",DE_1990-2019.md:4784
2002,DE,18:00,,,,,,korpus,Scenariusz,,"Die 18-Uhr-Demo zog mit ca. 8.000 Teilnehmern (ohne Polizeispalier) zum Michaelkirchplatz, wo sie von der Polizei am Weitergehen gehindert wurde: Am Mariannenplatz brannten schon die Autos. @gluckspilzLOPABerlinRevolutionarer2007",DE_1990-2019.md:4785
2002,DE,20:00,,,,Walpurgisnacht,,mapa,Walpurgisnacht,2002_DE_wiec_Walpurgisnacht-Antikapitalistische-Walpurgisnacht,"Antikapitalistische Walpurgisnacht | 2002 – “Auf dem Boxhagener Platz, inzwischen ebenso ein Platz mit Mai-Tradition, wird die Walpurgisnacht etwas esoterisch mit Trommeln und Feuerspuckern begangen, es soll aber auch eine Vorbereitung zu Aktionen gegen den für den 1. Mai geplanten Nazi-Aufmarsch sein (20 Uhr). Wo genau dieser Nazi-Marsch vorbeiführen wird, ist noch das Gehe",1__mai_berlin_aktualna_11_.geojson#23
2002,DE,22:00,,,,,,korpus,Scenariusz,,22:00 KPD/RZ organizuje przed strażą pożarną na Wiener Strasse demonstrację Mutter der 1. Mai Demos,DE_1990-2019.md:4786
2002,DE,22:00,,Kreuzberg,Friedrichshain;Kreuzberg;Neukölln;Schöneberg,,dzielnicowa,mapa (opis wspolny dla lat),Other events,2002_DE_wiec_KPD-RZ,"2002 – KPD/RZ | 22:00 – satyryczna demonstracja KPD/RZ (taz 30.4) No demonstration; only a rally due to riots apel Kampa 2002: Tod den Spaltern und Sektierern! In Wahrnehmung ihrer Verantwortung als einzige legitimierte Sachwalterin des kreuzbergischen Volkes inklusive seiner botmäßigen Untergruppen in ""Friedrichshain"", Kreuzberg-Süd (""Neukölln""), Kreuzb",umap_backup_1-mai-berlin_aktualna16.umap#9
2003,DE,09:30,,Kreuzberg,Kreuzberg,DGB,dzielnicowa,korpus,Prasa / labournet.archiv / **Berlin**,,"- Das Berliner Bündnis für Soziale Grundrechte - Stoppt die Hartz-Pläne wird am ersten Mai auf der DGB-Demo als Block des konsequenten Widerstandes anzutreffen. Auch bei der nachmittäglichen Demonstration in Unterfriedrichshain (ehemaliges Kreuzberg) werden sie dabei sein. Treffpunkt auf der DGB-Demo: 9.30 Uhr, Brandenburger Tor, da wo sich auch der Block der Erwerbslosen sammelt (Pariser Platz/An",DE_1990-2019.md:5061
2003,DE,10:00,,Charlottenburg,Charlottenburg,NPD,dzielnicowa,korpus,Scenariusz,,"- 10:00 – Kundgebung und Blockaden gegen NPD-Aufmarsch – Theodor-Heuss-Platz, Charlottenburg. Linke und linksradikale Gruppen versuchen den NPD-Marsch zu verhindern durch Kundgebung und Straßenblockaden.",DE_1990-2019.md:4996
2003,DE,10:00,,,,DGB;PDS,,korpus,Scenariusz,,"- 10:00 – DGB-Demozüge – Treff am Brandenburger Tor, Marsch zum Roten Rathaus. PDS beteiligt sich an DGB-Demo statt eigene Kundgebung zu veranstalten (Entscheidung von PDS-Landeschef Stefan Liebich). PDS betont soziale Gerechtigkeit trotz Sparmaßnahmen.",DE_1990-2019.md:4997
2003,DE,10:00,,Mitte,,DGB,centralna,mapa (opis wspolny dla lat),DGB,2003_DE_festyn_DGB_a,"DGB Maifest 2003 | ""Berlin braucht Arbeit, Bildung Zukunft"", meinen die Gewerkschaften ab 10 Uhr am Brandenburger Tor. Solidarische Kradfahrer brummen gleichzeitig vom Olympischen Platz. Zum Abschluss vorm Roten Rathaus grüßt DGB-Chef Dietmar Scholz. Um 15 Uhr rocken dort die unvermeidlichen Puhdys. (taz 30.04.2003)",1__mai_berlin_aktualna_14_.geojson#21
2003,DE,11:00,,,,NPD,,korpus,Scenariusz,,"- 11:00–15:00 – NPD-Aufmarsch „Wir sind das Volk"" – zwischen Raußendorffplatz und Coubertin-Platz am Olympiastadion. NPD feiern das Scheitern des NPD-Verbotes mit einem „Siegeszug"".",DE_1990-2019.md:4998
2003,DE,11:00,,Spandau,,DGB,dzielnicowa,mapa (opis wspolny dla lat),DGB,2003_DE_korso_DGB,"2003 DGB Motorradkorso | Assumed similiar route as in 2005 Um 11 Uhr startet ein Motorradkorso vom U-Bahnhof Ruhleben. (BZ, 30.04.2003) 2005 – Der 1.-Mai-Motorrad-Korso findet bereits zum dritten Mal statt. 2004 haben bereits über 200 Biker auf Motorrädern, Gespannen und Rollern teilgenommen. Diese Zahl wollen wir in diesem Jahr toppen. Wer Lust hat, kann an sein",1__mai_berlin_aktualna_14_.geojson#101
2003,DE,11:30,,,,DGB,,korpus,Scenariusz,,- 11:30 – DGB-Kundgebung – vor dem Roten Rathaus.,DE_1990-2019.md:4999
2003,DE,13:30,,,,NPD,,korpus,Scenariusz,,"- 13:30 – Besendemo „Fegt die Nazis aus der Stadt"" – Start Raußendorffplatz. Veranstaltet von „Berliner Initiative: Europa ohne Rassismus"". Folgt der NPD-Route, fordert Bürger auf, Straßen zu verlassen damit NPD durch leere Straßen ziehen.",DE_1990-2019.md:5000
2003,DE,13:30,,Charlottenburg,Charlottenburg;Mitte,PDS;DGB;NPD,dzielnicowa,korpus,Prasa / Neues Deutschland,,"65 Versammlungen, Demos und Straßenfeste werden rund um den 1. Mai in Berlin stattfinden. Wie PDS-Landeschef Stefan Liebich informierte, verzichte seine Partei auf eine eigene Kundgebung und werde sich an der DGB-Demo beteiligen. Die PDS unterstreiche damit ihren Willen, Sorge zu tragen, »dass es trotz der für das Überleben der Stadt notwendigen Sparmaßnahmen in Berlin insgesamt sozial gerecht zug",DE_1990-2019.md:5072
2003,DE,13:30,,Westend,,NPD,dzielnicowa,mapa (opis wspolny dla lat),Neo-Nazi May Day,2003_DE_demonstracja_NIEZNANY,2003 Fegt die Nazis aus der Stadt | 13:30 – Berliner Initiative: Europa ohne Rassismus blokuje część trasy przemarszu NPD 1. Maja (ND 1.05.03) Attendance: 300 (taz),1__mai_berlin_aktualna_13_.geojson#30
2003,DE,14:00,,Neukölln,Neukölln,,dzielnicowa,korpus,Scenariusz,,"- 14:00–23:00 – Neuköllner Maientage – Volkspark Hasenheide, Neukölln. Achterbahnen, Autoscooter, Wurstbuden und Livemusik im Festzelt.",DE_1990-2019.md:5001
2003,DE,15:00,,Kreuzberg,Kreuzberg,,dzielnicowa,korpus,Scenariusz,,"- 15:00 – Kreuzberg demo, ALB, wspólna demonstracja z ortodoksyjnymi grupami ML. Ok. 10 000 uczestników. Tym razem nie ma demonstracji o godzinie 13. (Glückspilz)",DE_1990-2019.md:5002
2003,DE,15:00,,Kreuzberg,Kreuzberg;Charlottenburg,NPD,dzielnicowa,korpus,Prasa / labournet.archiv / **Berlin**,,"- Heraus zum revolutionären 1.Mai! Fight Capitalist War - Fight Capitalist Peace. 15.00 Uhr | Oranienplatz | Berlin-Kreuzberg, Kundgebung ab 13.00 Uhr. Thema der 1.Mai-Demo in diesem Jahr wird nicht nur der kapitalistische Krieg, sondern auch der kaptialistische ""Frieden"" sein. Deutschland beteiligt sich an der neoliberalen Neuaufteilung der Welt auf seine Weise. Es ist Zeit unseren Widerstand auf",DE_1990-2019.md:5067
2003,DE,15:00,21:00,Prenzlauer Berg,Prenzlauer Berg;Kreuzberg;Mitte;Treptow;Köpenick;Marzahn;Hohenschönhausen;Hellersdorf;Lichtenberg,PDS,dzielnicowa,mapa (opis wspolny dla lat),East German Left,2003_DE_festyn_PDS,"Widerspenstig und lebendig Hummanplatz Maifest | 1995 festyn, z dala od potencjalnie niebezpiecznego Kollwitzplatz “Unter dem Motto ""Widerspenstig & Lebendig"" findet am Humannplatz in Prenzlauer Berg von 10 bis 19 Uhr ein ""buntes, froehliches Strassenfest gegen den grauen Alltag"" statt. ""Leider haben die Faschisten in den letzten Jahren den 1. Mai genutzt, um an die Oeffentlichkeit zu t",1__mai_berlin_aktualna_12_.geojson#19
2003,DE,15:00,,Westend,,NPD,dzielnicowa,mapa (opis wspolny dla lat),Neo-Nazi May Day,2003_DE_demonstracja_NPD,"2003. NPD Wir sind das Volk | Zwischen 11 und 15 Uhr will die NPD unter dem Motto »Wir sind das Volk« mit einen »Siegeszug« voraussichtlich zwischen Raußendorffplatz und dem Coubertin-Platz am Olympiastadion das Scheitern des NPD-Verbotes feiern (ND 30.04.2003, Tagesspiegel 30.04.2003)",1__mai_berlin_aktualna_13_.geojson#8
2003,DE,15:00,,Mitte,,DGB,centralna,mapa (opis wspolny dla lat),DGB,2003_DE_festyn_DGB,"2000-2003 DGB Tanz in den Mai | The idea for Tanz in den Mai event in front of the Rotes Rathaus was connected with the Bürgermeisterempfang. Although the event organised by DGB Jugend was organised independently, after Bürgermeisterempfang finished, its participants were welcomed to join the ""Tanz in den Mai"" event Die AG schlägt vor, dass gepruft werden soll, welche K",1__mai_berlin_aktualna_14_.geojson#7
2003,DE,15:00,,Kreuzberg,Kreuzberg,R1M,dzielnicowa,mapa (opis wspolny dla lat),Revolutionäre 1. Mai,2003_DE_demonstracja_R1M,"2003 Revolutionäre Komunisten/ALB. Nie wieder Frieden - fuck | 15:00 –“Die 13 Uhr-Demo fand diesmal nicht statt, sondern wurde zu einer ""revolutionären 1. Mai""-Demo ab 15 Uhr vom Oranienplatz bis zum Heinrichplatz in Kreuzberg. Veranstalter waren neben den ""revolutionären Kommunisten"", die sonst immer die 13 Uhr-Demo organisierten auch die ALB. Die Demo verlief friedlich, schätzungsweise 10.000 Leute",1__mai_berlin_aktualna_15_.geojson#16
2003,DE,17:00,,,,,,korpus,Scenariusz,,- 17:00 – Friedensfest – entlang der Oranienstraße. Bis in den nächsten Morgen.,DE_1990-2019.md:5003
2003,DE,17:00,,Kreuzberg,Kreuzberg,,dzielnicowa,korpus,Scenariusz,,"- 17:00 – „My-Fest"" Stadtteilfest – rund um die Oranienstraße, Kreuzberg. 11 Orte, 13 Bands auf zwei Bühnen. Unter anderem: IG Blech (17 Uhr, Heinrichplatz), Jaylan (19:45, Oranien-/Manteuffelstr.), Tundra Bikini (20:30, Kottbusser Tor), Havanna Heat Club (21:45, Oranienplatz). Kinoprogramm ab 19 Uhr, Video-Performance zu Mao Tse Tung (21 Uhr). Auch öffentlicher Friseursalon „Haarschlächterei"" ab ",DE_1990-2019.md:5004
2003,DE,18:00,,,,,,korpus,Scenariusz,,"- 18:00 – Rosa-Luxemburg-Platz demo, na nim Israel-Solidaritäts-Block. W jej organizacji biorą udział członkowie Kritik & Praxis Berlin, rozłamowcy z AAB. Ok 3,5k uczestników. Route: Mollstraße → Otto-Braun-Straße → Karl-Marx-Allee → Schilling-Brücke → Köpenicker Straße → Lausitzer Platz.",DE_1990-2019.md:5005
2003,DE,18:00,,Mitte,,R1M,centralna,mapa (opis wspolny dla lat),Revolutionäre 1. Mai,2003_DE_demonstracja_R1M_a,"2003 K&P R1M Demo | 18:00 Rosa Luxemburg Platz - Mollstrasse – Otto-Braun-Allee – KM-Allee-Schillingsbrücke - Köpernickerstrasse – Lausitzer Platz (ND 30.4, taz 30.4, Tagesspiegel 30.04) Attendance: 3500 (Gluckspilz)",1__mai_berlin_aktualna_15_.geojson#44
2003,DE,18:30,,Kreuzberg,Kreuzberg,IG Metall,dzielnicowa,korpus,Kalendarium,,"Am Abend wird es vor dem Haus der IG Metall in der Alten Jacobstraße 149 in Berlin-Kreuzberg – Nähe U-Bahnhof Hallesches Tor – ein Konzert geben. Es treten u. a. auf: Hans, der Kleingärtner, die Klaus Renft Combo, gegen 18.30 Uhr, Konstantin Wecker und Band, etwa 19.45 Uhr, Skills en Masse & Germ sowie die Bösen Mädchen. Alle Interessierten sind zum Mitdiskutieren und Zuhören eingeladen @Sprachroh",DE_1990-2019.md:4950
2004,DE,08:30,,,,,,korpus,Scenariusz,,"Die Gewerkschaften eröffnen am morgigen Tag der Arbeit den Demoreigen. Sie treffen sich bereits um 8.30 Uhr am Brandenburger Tor und ziehen dann gemächlich über Wilhelm- und Oranienburger Straße zur Abschlusskundgebung um 12 Uhr am Roten Rathaus. (?) Wilhelm (30.04 taz) – nieco inna trasa, niewyjaśnione czemu mieli by iśc tak długo, i spotykać się tak wcześnie. Pewnie jest jakiś Auftaktskundgebung",DE_1990-2019.md:5160
2004,DE,10:00,,Charlottenburg,Charlottenburg,DGB,dzielnicowa,korpus,Scenariusz,,"| zentraler Veranstaltungsort am 01. Mai 2004 ist Berlin:<br<br <brSTART DEMOZUG <br10.00 Uhr Brandenburger Tor (Platz d. 18. März) <br <brTREFF MOTORRAD-CORSO <br10.00 Uhr Charlottenburg Olympischer Platz <br <brKUNDGEBUNG <br11.30 Uhr Platz vor dem Roten Rathaus <br <brBegrüßung: <brBernd Rissmann, stellvertretender Vorsitzender des DGB Berlin-Brandenburg <br <brGrußwort: <brTony Janssen, Präsid",DE_1990-2019.md:5164
2004,DE,10:00,,Lichtenberg,Lichtenberg;Friedrichshain,Antifa,dzielnicowa,mapa (opis wspolny dla lat),Neo-Nazi May Day,2004_DE_kontra_Antifa,"2004 Antifa Blockade | Zur bundesweiten Großdemo in Berlin hatten die NPD und faschistische ""Freie Kameradschaften"" aufgerufen. Rund 2500 Nazis fanden sich ab 10 Uhr am Bahnhof Lichtenberg ein und wollten von dort durch die Bezirke Lichtenberg und Friedrichshain marschieren. Doch dazu kam es nicht. An verschiedenen Stellen blockierten nach Polizeiangaben 4500 A",1__mai_berlin_aktualna_13_.geojson#31
2004,DE,10:00,,Mitte,Charlottenburg,DGB,centralna,mapa (opis wspolny dla lat),DGB,2004_DE_festyn_DGB,"DGB Maifest 2004 | START DEMOZUG 10.00 Uhr Brandenburger Tor (Platz d. 18. März) TREFF MOTORRAD-CORSO 10.00 Uhr Charlottenburg Olympischer Platz KUNDGEBUNG 11.30 Uhr Platz vor dem Roten Rathaus Begrüßung: Bernd Rissmann, stellvertretender Vorsitzender des DGB Berlin-Brandenburg Grußwort: Tony Janssen, Präsident des Europäischen Metallgewerkschaftsbundes Hau",1__mai_berlin_aktualna_14_.geojson#22
2004,DE,10:30,,,,PDS,,korpus,Wydarzenia,,"10:30 – PDS organizuje demonstrację antyfaszystowską przeciwko nazistom, ruszającą ze Staufberger Platz nazi PDS",DE_1990-2019.md:5155
2004,DE,10:30,,Lichtenberg,Lichtenberg,,dzielnicowa,korpus,Scenariusz / taz / Der Mai ist gekommen,,"SAMSTAG 10:30, Strausberger Platz: Zwei Bamberger Polizisten starren auf den halb entblößten Hintern einer Punker-Lady. Sie möchte, dass der Demozug der Gegendemo endlich losgeht. „Den Nazis auf die Fresse hauen“, grölt sie mit Bier in der Hand in Richtung Lichtenberg.",DE_1990-2019.md:5189
2004,DE,11:00,,,,,,korpus,Scenariusz / taz / Der Mai ist gekommen,,"Sonntag, 11 Uhr: Eine Frau im kurzen Kleid trägt ein Molotowcocktail durch die Überbleibsel der Revolution. Ein Video wird gedreht. AW, FLEE, GA, ROT",DE_1990-2019.md:5218
2004,DE,11:05,,,,Grüne;SPD;DGB,,korpus,Scenariusz / taz / Der Mai ist gekommen,,"11:05, Oranienburger Straße: Angeführt von der IG-BAU ist der Demo-Zug der Gewerkschaften auf über 10.000 Menschen angewachsen. „Nichts ist gut so – schon gar nicht in Berlin. Gemeinsam gestalten nur mit uns!“, sagt das Fronttransparent. Dahinter laufen Wolfgang Wieland (Grüne), Michael Müller (SPD), Bernd Rissmann (DGB-Landesvize). FramePolitics/DGB/2004 actors/DGB/politycy/2004 report/DGB/2004",DE_1990-2019.md:5190
2004,DE,11:15,,,,,,korpus,Scenariusz / taz / Der Mai ist gekommen,,"11:15, Oranienburger Straße: Der Demoblock der BSR-Beschäftigten fegt die Straße und rollt Mülltonnen hinterher. Das Plakat: „Mit den Arbeitnehmern der BSR ist immer zu rechnen. Und das ist nicht gut so.“ FramePolitics/BRG/2004",DE_1990-2019.md:5191
2004,DE,11:30,,,,DGB,,korpus,Wydarzenia,,"Statt Gäste aus Osteuropa am Rednerpult zu begrüßen, funktioniert der traditionelle internationale Redner-Austausch zum 1. Mai in diesem Jahr noch innerhalb alter Grenzen. So wird neben Rissmann und dem DGB-Bundesvorsitzenden Michael Sommer der Präsident des Europäischen Metallgewerkschaftsbundes, Tony Janssen, aus Brüssel die Berliner bei der Kundgebung um 11.30 Uhr vor dem Roten Rathaus begrüßen",DE_1990-2019.md:5153
2004,DE,11:30,,Mitte,,DGB,centralna,mapa (opis wspolny dla lat),DGB,2004_DE_demonstracja_DGB,"2004 – DGB Demo | Die Marschroute verläuft vom Brandenburger Tor über Dorotheen-, Luisen-, Hannoversche Straße, durch die Oranienburger Straße, vorbei am Hackeschen Markt über die Spandauer Straße zum Roten Rathaus, wo sie zur Kundgebung um 11.30 Uhr endet. (taz 28.04.2004; Tagesspiegel 30.04.2004) Attendance: gut 3000 ~ 4000 (rbb)",1__mai_berlin_aktualna_14_.geojson#72
2004,DE,11:40,,,,,,korpus,Scenariusz / taz / Der Mai ist gekommen,,11:40. Hackescher Markt: Ein paar Attac-Jugendliche skandieren: „Neoliberal ist asozial.“ Sie erhalten als Einzige den Geleitschutz der Polizei. FramePolitics/attac/2004,DE_1990-2019.md:5192
2004,DE,12:05,,,,DGB,,korpus,Scenariusz / taz / Der Mai ist gekommen,,"12:05, Rotes Rathaus: Die zentrale Kundgebung des DGB: Landesvize Bernd Rissmann wirft dem rot-roten Senat „Wahlbetrug“ vor. 530.000 Berliner lebten bereits unter der Armutsgrenze: „Das ist die Realität.“ DGB/speech/Berlin/2004",DE_1990-2019.md:5193
2004,DE,12:25,,,,DGB,,korpus,Scenariusz / taz / Der Mai ist gekommen,,"12:25: Michael Sommer, DGB-Chef, legt los. Sommer schließt seine Rede mit dem Zitat: „Wenn wir schreiten Seit an Seit.“",DE_1990-2019.md:5194
2004,DE,13:00,,,,,,korpus,Scenariusz / taz / Der Mai ist gekommen,,"13:00, Frankfurter Allee: Während am Roten Rathaus das Volksfest beginnt, heißt es auf der Frankfurter Allee warten. Am U-Bahnhof Magdalenenstraße sperrt die Polizei die Straße ab.",DE_1990-2019.md:5195
2004,DE,13:00,,Kreuzberg,,R1M,dzielnicowa,mapa (opis wspolny dla lat),Revolutionäre 1. Mai,2004_DE_demonstracja_R1M,"2004 Keine Befreiung ohne Revolution (13 Uhr) | Start: 13 Uhr, Oranienplatz bis Kottbusser Tor (Tagesspiegel 2004) Attendance: 5000 (Gluckspilz)",1__mai_berlin_aktualna_15_.geojson#17
2004,DE,14:00,,Lichtenberg,Lichtenberg,,dzielnicowa,korpus,Scenariusz / taz / Der Mai ist gekommen,,"14:00, Bahnhof Lichtenberg: 2.300 Nazis grillen auf ihrem Abmarschplatz schon seit vier Stunden in der Sonne. Sie fordern „Straße frei für nationale Sozialisten“. Auf der Lichtenberger Brücke sind hunderte von Gegendemonstranten zu sehen.",DE_1990-2019.md:5196
2004,DE,14:30,,,,NPD,,korpus,Scenariusz / taz / Der Mai ist gekommen,,"14:30: „Offensichtlich will die politische Führung auch Randale mit der NPD“, ruft ihr Sprecher über Megafon. Kameradschaftsmitglieder drängeln nach vorne. Nach Rangeleien geht die Polizei mit Schlagstöcken auf die Nazis los. „Das hat es noch nie gegeben“, sagt ein Polizeisprecher.",DE_1990-2019.md:5197
2004,DE,15:10,,,,,,korpus,Scenariusz / taz / Der Mai ist gekommen,,"15:10: Die Nazis setzen sich tatsächlich in Bewegung, müssen nach 150 Metern aber wieder anhalten. Flaschen fliegen, über die Polizeiketten hinweg, zwischen NPDlern und Gegendemonstranten hin und her.",DE_1990-2019.md:5198
2004,DE,15:30,,,,,,korpus,Scenariusz / taz / Der Mai ist gekommen,,"15:30, Frankfurter Allee, Rosenfelder Straße: Die Polizei räumt eine Blockade von mehrern hundert Gegendemonstranten. Dabei wird versehentlich auch ein Zivilpolizist verprügelt. „Wenn wir in dem Tempo weiter kommen, sind wir am 3. Mai fertig“, stöhnt der Polizeisprecher.",DE_1990-2019.md:5199
2004,DE,15:50,,,,,,korpus,Scenariusz / taz / Der Mai ist gekommen,,"15:50: „Ich hatte gehofft, dass die Nazis gleich wieder in die S-Bahn gesetzt werden“, sagt Grünen-Politiker Christian Ströbele. Angesichts tausender Gegendemonstranten sei es unverständlich, dass die Route jetzt von der Polizei freigekämpft werde.",DE_1990-2019.md:5200
2004,DE,16:00,,Kreuzberg,Kreuzberg,,dzielnicowa,korpus,Scenariusz / Berliner Morgenpost / Mai_-Demo führt doch durch Mitte,,"Berlin - Die ""Revolutionäre 1.-Mai-Demo"" darf jetzt doch durch die Innenstadt ziehen. Nachdem die Polizei die vom Veranstalter beantragte Route vom Potsdamer Platz über die Leipziger Straße nach Kreuzberg wegen befürchteter Sachbeschädigungen untersagt und eine nur auf Kreuzberg beschränkte Strecke angeboten hatte, kam es jetzt zu einem Kompromiss. Die Demonstranten werden am 1. Mai ab 16 Uhr vom ",DE_1990-2019.md:5229
2004,DE,16:00,,Mitte,Kreuzberg,R1M,centralna,mapa (opis wspolny dla lat),Revolutionäre 1. Mai,2004_DE_demonstracja_R1M_a,"2004 16 Uhr Revolutionäre 1. Mai Demo | ab 16 Uhr vom Leipziger Platz über die Wilhelmstraße nach Kreuzberg ziehen (Kottbuser Tor?). Hauptanliegen der Polizei war es, die Demo von dem zeitgleich rund um die Oranienstraße stattfindenden Straßenfest fern zu halten. Attendance: 3500 (Umbruch Archiv)",1__mai_berlin_aktualna_15_.geojson#45
2004,DE,16:15,,,,NPD,,korpus,Scenariusz / taz / Der Mai ist gekommen,,"16:15: „Das sind die rechtsextremen Kameradschaften, die hatten mit der NPD bisher wenig zu tun“, meint eine Szenekennerin. Sie ist überrascht, dass auch viele junge Frauen bei den Nazis mitmarschieren.",DE_1990-2019.md:5201
2004,DE,16:30,,,,,,korpus,Scenariusz / taz / Der Mai ist gekommen,,"16:30, Kottbusser Tor: Alles ist ruhig. Unter dem Neuen Kreuzberger Zentrum demonstriert auf der Adalbertstraße eine Handvoll Maoisten. Einer schwenkt eine rote Fahne mit dem Mao-Konterfei, ein anderer wettert mit sich überschlagender Stimme gegen den Kapitalismus.",DE_1990-2019.md:5202
2004,DE,16:30,,,,NPD;PDS,,korpus,Scenariusz / taz / Der Mai ist gekommen,,"16:30, Frankfurter Allee, Aral-Tankstelle: Rund 350 Gegendemonstranten werden am Rande der NPD-Demo seit mehreren Stunden von der Polizei eingekesselt. Der PDS-Abgeordnete Freke Over klagt später, man habe selbst ihn festgehalten, sein Fahrrad beschädigt und sein Ohrläppchen verdreht, bis es blutete. Over stellt Strafanzeige. Auch andere PDS-Politiker werden festgehalten, der stellvertretende Bezi",DE_1990-2019.md:5203
2004,DE,16:45,,Prenzlauer Berg,Prenzlauer Berg,,dzielnicowa,korpus,Wydarzenia,,"16.45 Uhr, Senefelder Platz (Prenzlauer Berg).",DE_1990-2019.md:5143
2004,DE,16:45,,Friedrichshain,Friedrichshain,,dzielnicowa,korpus,Scenariusz / taz / Der Mai ist gekommen,,"16:45, S-Bahnhof Frankfurter Allee: Die Gegendemonstranten sind mit Schubsen, Schlagstöcken und Wasserwerfern weit nach Friedrichshain zurückgedrängt worden. Dort brennen mehrere Müllcontainer und ein Auto, dichter Qualm steigt auf. „Es geht weiter“, verkündet die Polizei. „So was hab ich schon lang nicht mehr gesehen“, meint ein bayrischer Polizist. Die Nazis müssen gut 300 Meter vor dem S-Bahnho",DE_1990-2019.md:5204
2004,DE,17:00,,,,,,korpus,Scenariusz / taz / Der Mai ist gekommen,,"17:00, U-Bahnhof Samariterstraße: Auf der Frankfurter Allee liegen Bauzäune, Schutt und ausgebrannte Mülltonnen. „Maidemonstrationen in der Innenstadt. Erhebliche Behinderungen!“, verkündet eine einsame Leuchtanzeige.",DE_1990-2019.md:5205
2004,DE,17:15,,Lichtenberg,Lichtenberg,NPD,dzielnicowa,korpus,Scenariusz / taz / Der Mai ist gekommen,,"17:15, S-Bahnhof Frankfurter Allee: Die Wasserwerfer fahren zurück. Die NPD-Demo soll nach einer Zwischenkundgebung zurück nach Lichtenberg, verordnet die Polizei. Weil es so spät ist und wegen der Gegendemonstranten. Die Nazis haben nach sechs Stunden gerade mal ein Siebtel der geplanten Strecke geschafft.",DE_1990-2019.md:5206
2004,DE,17:30,,Kreuzberg,Kreuzberg,Antifa,dzielnicowa,korpus,Scenariusz / taz / Der Mai ist gekommen,,"17:30, Leipziger Platz: Die knapp 5.000 Teilnehmenden der Revolutionären 1. ACT-Demo ziehen mit viel Getöse, drei Moderatoren und Antifa-Groupies Richtung Kreuzberg. „Alles für Alle“, gegen Kapitalismus und den neoliberalen Umverteilungsprozess, ziehen sie an den glänzenden Prachtbauten auf der Leipziger- und Kochstraße vorbei. Alles bleibt heil.",DE_1990-2019.md:5207
2004,DE,17:30,,,,MyFest,,korpus,Scenariusz / taz / Der Mai ist gekommen,,"17:30, Mariannenplatz, MyFest: Die Grills der PKK-Stände qualmen, Schriften wie „Sozialismus in Mesopotamien“ werden verteilt, Aleviten tanzen. Vor der Thomaskirche verwummern die türkischen Hardrocker „Stoneheads“ auf einer der Bühnen ein altes anatolisches Lied. Der Abgeordnete Freke Over, ehemaliger Hausbesetzer, erinnert die Picknickenden auf der Mariannen-Wiese daran, dass „seit Donnerstag – ",DE_1990-2019.md:5208
2004,DE,18:00,,Mitte,,Walpurgisnacht,centralna,mapa (opis wspolny dla lat),Walpurgisnacht,2004_DE_demonstracja_Walpurgisnacht-Kommunismus-statt-Europa,"2004 – Kommunismus statt Europa | Start: 18 Uhr 30.04 (Tagesspiegel 2004, Route sowohl) U-Bhf Friedrichstrasse- Unter den Linden - Universitätstrasse - Tucholskystrasse - Augustrstrasse - Rosenthalerplatz FREITAG 19:00, S-Bahnhof Friedrichstraße: Ein Sprecher begrüßt die rund 1.500 Anwesenden zur ersten Demo des 1. Mai unter dem Motto ""Kommunismus statt Europa"". Er erklär",1__mai_berlin_aktualna_11_.geojson#9
2004,DE,18:15,,Kreuzberg,Kreuzberg,,dzielnicowa,korpus,Scenariusz / taz / Der Mai ist gekommen,,"18:15, Oberbaumbrücke: Die Polizei fährt Kolonne, die Antifas fahren Fahrrad. Alle nach Kreuzberg. An der Brücke trifft man sich wieder, zur Taschenkontrolle.",DE_1990-2019.md:5209
2004,DE,19:00,,,,,,korpus,Scenariusz / taz / Der Mai ist gekommen,,"FREITAG 19:00, S-Bahnhof Friedrichstraße: Ein Sprecher begrüßt die rund 1.500 Anwesenden zur ersten Demo des 1. Mai unter dem Motto „Kommunismus statt Europa“. Er erklärt die EU zum Zusammenschluss kapitalistischer Nationalstaaten, die Weltmacht spielen wollen.",DE_1990-2019.md:5183
2004,DE,19:00,,,,,,korpus,Scenariusz / taz / Der Mai ist gekommen,,"19:00, Kottbusser Tor: Die revolutionäre Demo endet mit einer Modenschau: Wendejacken und Perücken, um die angekündigte „Manndeckung“ der Polizei zu irritieren. Jutta Ditfurth steht mit einer alten Spiegelreflexkamera um den Hals am U-Bahn-Eingang. „Na ja, bis jetzt verlief alles gut“, findet die ehemalige Frontfrau der Grünen. Türkische Kinder fotografieren mit ihren Handys einzelne Polizisten un",DE_1990-2019.md:5210
2004,DE,19:00,,Kreuzberg,,R1M,dzielnicowa,mapa (opis wspolny dla lat),Revolutionäre 1. Mai,2004_DE_demonstracja_R1M_b,"2004 Anschlussdemo zur R1M (nicht genehmigt) | 19 Uhr, Heinrich-Platz (Rio-Reiser Platz) – Oranienplatz Attendance: 1500",1__mai_berlin_aktualna_15_.geojson#46
2004,DE,19:15,,,,,,korpus,Scenariusz / taz / Der Mai ist gekommen,,"19:15, Skalitzer Straße: Eine lange Reihe parkender Polizeiwannen. In einer von ihnen filzen Polizisten einen jungen Mann mit schwarzem Kapuzenshirt. Nebenan, auf dem Bürgersteig, juxen drei Jungs, einer stülpt sich die Kapuze seines himmelblauen Shirts über den Kopf. Ein schwitzender Polizeibeamter faucht ihn an: „Det is echt nich lustig, Mann, nich an so eenem Tach wie heute!“",DE_1990-2019.md:5211
2004,DE,19:30,,,,NPD,,korpus,Scenariusz / taz / Der Mai ist gekommen,,"19:30, Tucholskystraße: Der DJ der Kommunistendemo ist versiert. Nach der Warnung vor Festnahmen läuft „They won’t gonna get us“, nach der Anti- NPD-Rede „This is not a love song“.",DE_1990-2019.md:5184
2004,DE,20:00,,,,,,korpus,Scenariusz / taz / Der Mai ist gekommen,,"20:00, Rosenthaler Platz: Die Demo endet friedlich. Ein Polizeisprecher erklärt zwei Touristinnen: „They want to do something with the police, throwing stones.“",DE_1990-2019.md:5185
2004,DE,20:04,,,,,,korpus,Scenariusz / taz / Der Mai ist gekommen,,"20:04, Heinrichplatz: Plötzlich donnern einige Leuchrakten. „Das Signal“ wissen einige Kneipenbesucher vor dem „Bateau Ivre“. Tatsächlich stehen minuten später Kapuzenträger auf dem Platz und halten ein Banner hoch. Plötzlich setzt sich der Block aus Autonomen Kommunisten, maoistischen RIMs und Mitläufern Richtung Oranienplatz in Bewegung. „Wir wollen keine Bullenschweine“, rufen die Krawallsüchti",DE_1990-2019.md:5212
2004,DE,20:45,,,,,,korpus,Scenariusz / taz / Der Mai ist gekommen,,"20:45: Die Randalierer entdecken Polizisten auf der Skalitzer Straße. Erst fliegt ein Ball, dann hageln Raketen, Flaschen und zum Schluss Steine. Die Polizei rückt erst nach rund zehn Minuten langsam vor –und zurück. Dann Tränengas. Dann ist erst mal wieder Ruhe. Ein etwa 20-Jähriger bittet einen Fotografen, ein Bild von ihm und seiner Freundin zu machen, mit Polizei im Hintergrund: „Das ist unser",DE_1990-2019.md:5213
2004,DE,21:00,,Prenzlauer Berg,Prenzlauer Berg,,dzielnicowa,korpus,Wydarzenia,,"Am 30. April, der Walpurgisnacht, wird sich die EU-Kommission mit ihrem Vorsitzenden Prodi in Berlin treffen. Ab 21.00 Uhr werden dann die HERRschenden am Gendarmenmarkt mal wieder so richtig feiern. Anlass ist die zum 1. Mai 2004 vollzogene Osterweiterung der Europäischen Union um die zehn Beitrittskandidaten aus Ost- und Südosteuropa. Zu der Feier werden auch hochrangige Vertreter aus Wirtschaft",DE_1990-2019.md:5146
2004,DE,21:15,,,,,,korpus,Scenariusz / taz / Der Mai ist gekommen,,"21:15, Eberswalder Straße: Mitarbeiter von Alba füllen mitgebrachtes Bier der Mauerparkbesucher in Plastikbecher. Am Parkeingang steht eine Polizeikette, die niemanden mit Flaschen hereinlässt.",DE_1990-2019.md:5186
2004,DE,21:15,,,,,,korpus,Scenariusz / taz / Der Mai ist gekommen,,"21:15, Naunynstraße: „Hast du gerade die Flasche geworfen, fragt ein türkischer Händler. „Ja“, antwortet der junge Migrant. „Warum?“ – „Hm“. – „Du kannst die doch nicht bewerfen, wenn die direkt zu dir gucken. Jetzt haben die ein Auge auf dich. In fünf Minuten landest du im Knast“. Der junge Türke verlässt irritiert und schnell die Straßenecke.",DE_1990-2019.md:5214
2004,DE,21:53,,,,,,korpus,Scenariusz / taz / Der Mai ist gekommen,,"21:53, Mariannenstraße: Fast leer gefegt, nur an den Häuserwänden lehnen Schaulustige. Die Polizei steht in Trauben zusammen. Zwei junge Männer tanzen betrunken mitten auf der Straße. Plötzlich sprinten 20 Polizisten auf sie zu. Rempeln einen zur Seite und ergreifen den mit dem schwarzen Kapuzenshirt. Zappelnd wird er mitgeschleift. Eine Viertelstunde lang umstehen ihn nahezu 30 Polizisten.",DE_1990-2019.md:5215
2004,DE,22:30,,,,,,korpus,Scenariusz / taz / Der Mai ist gekommen,,"22:30, Heinrichplatz: Im „Bateau Ivre“ gibt es plötzlich Blut. Ein Mann und eine Frau hauen zwei Gästen Flaschen auf den Kopf. „Lasst sie nicht gehen!“, brüllen Geistesgegenwärtige. Doch die beiden Angreifer werden vor die Tür geschubst – kurz darauf stürmen ein Dutzend Männer und Frauen die Kneipe und versuchen sich erneut auf die Verletzten zu stürzen. Die Angreifer werden rausgeschmissen. Ein p",DE_1990-2019.md:5216
2005,DE,09:00,,Friedrichshain,Friedrichshain,,dzielnicowa,korpus,Scenariusz / 30. April (Walpurgisnacht) / 1. Mai / Inne festy 1. Maja (PDS),,"- Bötzow-Eiche, Bötzowstraße, Friedrichshain (9:00–20:00)",DE_1990-2019.md:5360
2005,DE,09:00,,,,,,korpus,Scenariusz / MyFest i pokojowy przebieg / Wydarzenia w Berlinie DGB,,| Berlin / Spandauer Straße <brStart: 09.00 Uhr | | 1. Mai-Lauf zum Großen Stern und zurück zum Platz vor dem Roten Rathaus <brAnmeldung: www.erstermai.dgb.de(https://web.archive.org/web/20081001160403/http://www.erstermai.dgb.de/) |,DE_1990-2019.md:5457
2005,DE,09:00,,Westend,,DGB,dzielnicowa,mapa (opis wspolny dla lat),DGB,2005_DE_demonstracja_DGB_c,"2005 Inline-skate Demo | 2005 – 1. Mai-Skating vom Olympiastadion zum Roten Rathaus Treff: 09:00 Uhr, Olympischer Platz Start: 10:30 Uhr, Abfahrt (auf Inline-Skatern) Auf Inlineskatern über die Straßen und Autobahnen zum Roten Rathaus. Auch diese Form der Demo machen wir erstmals zum 1. Mai. Viele, gerade jüngere Gewerkschaftsmitglieder und ihre Familien haben da",1__mai_berlin_aktualna_14_.geojson#112
2005,DE,09:15,09:30,Mitte,Moabit,DGB,centralna,mapa (opis wspolny dla lat),DGB,2005_DE_demonstracja_DGB_a,"2005 DGB Run | Treff: 08:00 Uhr, Spandauer Straße Ecke Rathausstraße Start: 09:00 Uhr, Spandauer Straße Richtung Nord Anmeldung Der 1. Mai-Lauf wird in diesem Jahr zum ersten Mal veranstaltet. Wir wollen damit zeigen, dass wir uns anstrengen und kämpfen für unsere Zukunft. Wir wollen aber auch Spaß haben und dabei unsere Kolleginnen und Kollegen, Freund",1__mai_berlin_aktualna_14_.geojson#89
2005,DE,10:00,,,,DGB,,korpus,Scenariusz / 30. April (Walpurgisnacht) / 1. Mai,,"10:00 – DGB-Demo: Brandenburger Tor → Rotes Rathaus Kundgebung 11:00. Motorradfahrer, Skater, Läufer auf Strecken durch die Innenstadt am Vormittag. 11:00–18:00 – Kinderfest am Neptunbrunnen. DGB demo",DE_1990-2019.md:5349
2005,DE,10:00,,,,,,korpus,Scenariusz / MyFest i pokojowy przebieg / Wydarzenia w Berlinie DGB,,| Berlin / Platz des 18. März <brEbertstraße <brStart: 10.00 Uhr | | Demonstration |,DE_1990-2019.md:5455
2005,DE,10:15,,,,,,korpus,Scenariusz / MyFest i pokojowy przebieg / Wydarzenia w Berlinie DGB,,| Berlin / Olympischer Platz <brStart: 10.15 Uhr | | 1. Mai-Motorrad-Korso zum Platz vor dem Roten Rathaus <brAnmeldung: www.erstermai.dgb.de(https://web.archive.org/web/20081001160403/http://www.erstermai.dgb.de/) |,DE_1990-2019.md:5458
2005,DE,10:15,,Westend,,DGB,dzielnicowa,mapa,DGB,2005_DE_demonstracja_DGB_b,"2004-2005 DGB Motorcycle Demonstration | 2005 – Der 1.-Mai-Motorrad-Korso findet bereits zum dritten Mal statt. 2004 haben bereits über 200 Biker auf Motorrädern, Gespannen und Rollern teilgenommen. Diese Zahl wollen wir in diesem Jahr toppen. Wer Lust hat, kann an seinem Motorrad auch eine Gewerkschaftsfahne mitführen. Am sichersten ist das natürlich, wenn diese von einem Soziu",1__mai_berlin_aktualna_14_.geojson#102
2005,DE,10:35,,,,,,korpus,Scenariusz / MyFest i pokojowy przebieg / Wydarzenia w Berlinie DGB,,| Berlin / Olympischer Platz <brStart: 10.35 Uhr | | 1. Mai-Skating zum Platz vor dem Roten Rathaus <brAnmeldung: www.erstermai.dgb.de(https://web.archive.org/web/20081001160403/http://www.erstermai.dgb.de/) |,DE_1990-2019.md:5459
2005,DE,11:00,,Kreuzberg,Kreuzberg,MyFest,dzielnicowa,korpus,Scenariusz / 30. April (Walpurgisnacht) / 1. Mai,,"11:00 – MyFest: Kreuzberg, zwischen Oranienplatz und Mariannenplatz 19 Bühnen, bis in den 2. Mai. Oranienplatz liegt im Festgebiet — niegenehmigter Protest dort durch Polizei unterbunden. MyFest Kreuzberg",DE_1990-2019.md:5350
2005,DE,11:00,,Hohenschönhausen,Hohenschönhausen,,dzielnicowa,korpus,Scenariusz / 30. April (Walpurgisnacht) / 1. Mai / Inne festy 1. Maja (PDS),,"- Falkenberger Chaussee, Hohenschönhausen (11:00–18:00)",DE_1990-2019.md:5358
2005,DE,11:00,,Mitte,,DGB,centralna,mapa (opis wspolny dla lat),DGB,2005_DE_festyn_DGB,"DGB Maifest 2005 | Mai Kinder- und Familienfest Hinter dem Neptunbrunnen steigt von 11:00 bis 18:00 Uhr ein großes Fest für Kinder, Jugendliche und Eltern. Neben Spielen und Sportaktivitäten gibt es auch eine Menge von Mitmachangeboten und Informationen.",1__mai_berlin_aktualna_14_.geojson#23
2005,DE,11:30,,,,DGB;IG Metall,,korpus,Scenariusz / MyFest i pokojowy przebieg / Wydarzenia w Berlinie DGB,,"| Berlin / Platz vor dem Roten Rathaus <brca. 11.30 Uhr | Begrüßung: <brHeidi Jockel, DGB Region Berlin <brHauptredner: <brOlivier Höbel, Bezirksleiter der IG Metall <brBerlin-Brandenburg-Sachsen | Kundgebung <branschließend <brMaifest u. Kinderfest |",DE_1990-2019.md:5456
2005,DE,12:00,,Mitte,,DGB,centralna,mapa (opis wspolny dla lat),Other events,2005_DE_demonstracja_FAU-Du-Hast-eine-Wurde-Verteidige-Sie,"2005 FAU. Du Hast eine Würde. Verteidige Sie! | Wir gehen weiter und machen nicht am Sitz des Bürgermeisters halt, sondern führen eine Demonstration zum ""Haus der Deutschen Wirtschaft"" durch, wo die Bundesvereinigung der Deutschen Arbeitgeberverbände (BDA) und der Bundesverband der Deutschen Industrie e.V. (BDI) ihren Sitz haben. Wir gehen deshalb von der DGB-Kundgebung weiter zur Rück",umap_backup_1-mai-berlin_aktualna16.umap#10
2005,DE,13:00,,Kreuzberg,Kreuzberg,,dzielnicowa,korpus,Scenariusz / 30. April (Walpurgisnacht) / 1. Mai,,"13:00 – R1M-Demo: Kreuzberg Motto: „International kämpfen gegen Ausbeutung und Unterdrückung – keine Befreiung ohne Revolution"". Zielpunkt Heinrichplatz nicht genehmigt → Ende am Kottbusser Tor. R1M demo Kreuzberg",DE_1990-2019.md:5351
2005,DE,13:00,,,,,,korpus,Scenariusz / 30. April (Walpurgisnacht) / 1. Mai,,13:00 – Demo: Yorckstraße → Waldemarskiez Erhalt des Wohn- und Sozialprojekts Yorckstr. 59. demo Gentrifizierung,DE_1990-2019.md:5353
2005,DE,13:00,,,,,,korpus,Scenariusz / 30. April (Walpurgisnacht) / 1. Mai / Inne festy 1. Maja (PDS),,- Köpenicker Schlossplatz (13:00–18:00),DE_1990-2019.md:5359
2005,DE,13:00,,,,,,korpus,Scenariusz / 30. April (Walpurgisnacht) / 1. Mai / Inne festy 1. Maja (PDS),,"3. Komuniści tradycyjnie już, zorganizowali demonstrację o godzinie 13",DE_1990-2019.md:5368
2005,DE,13:00,,Kreuzberg,,R1M,dzielnicowa,mapa (opis wspolny dla lat),Revolutionäre 1. Mai,2005_DE_demonstracja_R1M_b,"2005 Yorck59 Bleibt! | 13:00 – Demo: Yorckstraße 59 – Waldemarskiez Ecke Yorckstrasse./Mehringdamm – 1179v.jpg, Umbruch Archiv 1179x.jpg, Umbruch Archiv Prinzenstrasse S-Bahn 1180a.jpg Waldemarstrasse 43 1180b.jpg Attendance: 500 (Umbruch archiv) 1000 (taz 2.05)",1__mai_berlin_aktualna_15_.geojson#47
2005,DE,14:00,,,,,,korpus,Scenariusz / 30. April (Walpurgisnacht) / 1. Mai / Inne festy 1. Maja (PDS),,"- Springbornclub, Johannisthaler Springbornstraße (14:00–18:00)",DE_1990-2019.md:5361
2005,DE,16:00,,Friedrichshain,Friedrichshain,,dzielnicowa,korpus,Scenariusz / 30. April (Walpurgisnacht),,"16:00 – Boxhagener Platz, Friedrichshain Walpurgisnacht-Demo „Mai-Steine 2005"", Bündnis gegen Yuppiesierung und Umstrukturierung. Infostände, Diskussionen, Musik. Walpurgisnacht Friedrichshain Gentrifizierung",DE_1990-2019.md:5344
2005,DE,16:00,,,,,,korpus,Scenariusz / 30. April (Walpurgisnacht),,"16:00 – Demo: Frankfurter Tor → Prenzlauer Allee Motto: „Berlin protestiert friedlich – Für friedlichen Protest gegen Gewalt"" demo Walpurgisnacht",DE_1990-2019.md:5345
2005,DE,16:00,,Friedrichshain,,Walpurgisnacht,dzielnicowa,mapa (opis wspolny dla lat),Walpurgisnacht,2005_DE_wiec_Walpurgisnacht-Berlin-protestiert-friedlich-fur-friedli,2005 – Berlin protestiert friedlich – für friedlichen Protes | Kundgebung um 16 Uhr am Frankfurter Tor mit anschließender Demonstration,1__mai_berlin_aktualna_11_.geojson#10
2005,DE,16:00,,Friedrichshain,,Walpurgisnacht,dzielnicowa,mapa (opis wspolny dla lat),Walpurgisnacht,2005_DE_demonstracja_Walpurgisnacht-Berlin-protestiert-friedlich-Fur-friedli,"2005 Berlin protestiert friedlich –  Für friedlichen Protest | 16:00 – Demo: Frankfurter Tor → Prenzlauer Allee Motto: „Berlin protestiert friedlich – Für friedlichen Protest gegen Gewalt"" (ND 29.04.2005)",1__mai_berlin_aktualna_11_.geojson#11
2005,DE,16:30,,Prenzlauer Berg,Prenzlauer Berg,,dzielnicowa,korpus,Scenariusz / 30. April (Walpurgisnacht),,"16:30 – Mauerpark, Prenzlauer Berg (zwischen Eberswalder und Gleimstraße) Friedliche Walpurgisnacht — tanzen, Friedensgebet (18:30), Helmi-Theater „Der Schweinehirt"" (18:45), Überraschungen (22:15). Flaschen- und Dosenverbot. Walpurgisnacht Mauerpark",DE_1990-2019.md:5346
2005,DE,18:00,,,,MyFest,,korpus,Scenariusz / 30. April (Walpurgisnacht) / 1. Mai,,"18:00 – Oranienplatz (ungenehmigte Kundgebung) AAB/Bündnis linksradikaler und autonomer Gruppen — abgesagte Demo, próba nieanonsowanej akcji na Oranienplatz (w środku MyFestu). Konflikt z policją zapowiadany. R1M Spontan MyFest conflict",DE_1990-2019.md:5354
2005,DE,18:25,,Kreuzberg,,R1M,dzielnicowa,mapa (opis wspolny dla lat),Revolutionäre 1. Mai,2005_DE_demonstracja_R1M,"2005 Spontandemo | The usual R1M demonstration was called off. Instead, a spontaneous demonstation through MyFest was organised (BZ 28.04.2005) Start: Heinrichplatz (~18:25) → Waldemarstraße (~18:30) → między Oranienplatz a Moritzplatz (~18:59, część zawraca do SO36) → Moritzplatz → Axel-Springer-Straße (~19:39, starcia, Opel Corsa wywrócony, armatki wodne)",1__mai_berlin_aktualna_15_.geojson#0
2006,DE,06:00,,,,,,korpus,"Scenariusz, za taz",,"6:00 Uhr: „Schlimmster 1. Mai befürchtet“, titelt die Haudraufschmonzette BZ. Offenbar will das Springerblatt die müde Szene ein wenig anfeuern.",DE_1990-2019.md:5544
2006,DE,09:00,,Schöneberg,,DGB,dzielnicowa,mapa,DGB,2006_DE_demonstracja_DGB,"2006 – DGB Demo | 2006 – 1. Mai-Demonstration vom DGB-Gewerkschaftshaus am Wittenbergplatz zum Brandenburger Tor Treff: 09:00 Uhr, DGB-Haus, Keithstraße 1-3 Start: 10:05 Uhr, Kleiststraße Richtung Nollendorfplatz Ankunft: ca. 11:00 Uhr, Brandenburger Tor (route Tagesspiegel 30.04.06) Attendance: 6000 (march), 100 (bicycle), 80 (motorcycle)",1__mai_berlin_aktualna_14_.geojson#74
2006,DE,09:00,,Schöneberg,,DGB,dzielnicowa,mapa (opis wspolny dla lat),DGB,2006_DE_demonstracja_DGB_a,"2006 DGB Lauf | (assumed the same route as 2007) 1. Mai-Demonstration vom DGB-Gewerkschaftshaus am Wittenbergplatz zum Brandenburger Tor Treff: 09:00 Uhr, DGB-Haus, Keithstraße 1-3 Start: 10:05 Uhr, Kleiststraße Richtung Nollendorfplatz Ankunft: ca. 11:00 Uhr, Brandenburger Tor 11:05, Unter den Linden: 23 Jogger in roten Ver.di-T-Shirts überqueren die Fr",1__mai_berlin_aktualna_14_.geojson#90
2006,DE,09:00,,Schöneberg,,DGB,dzielnicowa,mapa,DGB,2006_DE_korso_DGB,"2006; 2008-2010 DGB Fahrrad Korso | 2006 – 1. Mai-Fahrrad-Korso vom DGB-Gewerkschaftshaus am Wittenbergplatz zum Brandenburger Tor Treff: 09:00 Uhr, DGB-Haus, Keithstraße 1-3 Start: 09:50 Uhr, Kleiststraße Richtung Nollendorfplatz",1__mai_berlin_aktualna_14_.geojson#93
2006,DE,09:00,,Schöneberg,,DGB,dzielnicowa,mapa (opis wspolny dla lat),DGB,2006_DE_korso_DGB_a,"2006 DGB Motorradkorso | 1. Mai-Motorrad-Korso vom DGB-Gewerkschaftshaus am Wittenbergplatz zum Brandenburger Tor Treff: 09:00 Uhr, DGB-Haus, Keithstraße 1-3, Ecke Kleiststraße Start: 09:45 Uhr, Kleiststraße Richtung Nollendorfplatz Die ersten 50 erhalten am Start kostenlos ein T-Shirt „ride for the future"" (assumed the same route as in 2007)",1__mai_berlin_aktualna_14_.geojson#103
2006,DE,09:00,,Schöneberg,,DGB,dzielnicowa,mapa (opis wspolny dla lat),DGB,2006_DE_korso_DGB_b,"2006 DGB Inline Skate Korso | (assumed the same route as 2007) 1. Mai-Skating vom DGB-Gewerkschaftshaus am Wittenbergplatz zum Brandenburger Tor Treff: 09:00 Uhr, DGB-Haus, Keithstraße 1-3 Start: 09:55 Uhr, Kleiststraße Richtung Nollendorfplatz Die ersten 100 erhalten am Start kostenlos ein T-Shirt „1. Mai-Skating 2006""",1__mai_berlin_aktualna_14_.geojson#113
2006,DE,10:25,,,,DGB,,korpus,"Scenariusz, za taz",,"10:25, Potsdamer Straße: Gewerkschafter sind schnelle Marschierer. Der DGB-Demonstrationszug, um 10 Uhr am Wittenbergplatz gestartet, erreicht mit rund 10.000 Teilnehmern die Potsdamer Straße. Sein Motto: „Berlin braucht seine Plätze – Arbeits- und Ausbildungsplätze“.",DE_1990-2019.md:5570
2006,DE,11:05,,,,,,korpus,"Scenariusz, za taz",,"11:05, Unter den Linden: 23 Jogger in roten Ver.di-T-Shirts überqueren die Friedrichstraße. Die Solidargemeinschaft bröckelt: Zwei Läufer wurden von der Gruppe bereits deutlich abgehängt.",DE_1990-2019.md:5572
2006,DE,11:45,,,,,,korpus,"Scenariusz, za taz",,"11:45, Brandenburger Tor: Ver.di-Chef Frank Bsirske rechnet in seiner Rede mit der Politik der großen Koaltion ab. Diese belaste Arbeitnehmer, Arbeitslose und Rentner. Bsirske fordert einen gesetzlichen Mindestlohn von 7,50 Euro pro Stunde.",DE_1990-2019.md:5574
2006,DE,12:30,,,,DGB,,korpus,"Scenariusz, za taz",,"12:30, Brandenburger Tor: Das DGB-Volksfest mit Bier und Bratwurst beginnt. Mit 3 Euro ist die Wurst hier so teuer wie kaum anderswo in Berlin. Wie viel sie verdient, möchte die Verkäuferin aber nicht verraten. Der Mindestlohn wird es hoffentlich sein. „Wenn’s sich nicht lohnen würde, würde ich nicht hier stehen“, sagt sie.",DE_1990-2019.md:5576
2006,DE,13:10,,,,,,korpus,"Scenariusz, za taz",,"13:10, Oranienplatz: Die Kundgebung des maoistischen „Revolutionären 1.-Mai-Bündnisses“ beginnt. Das Motto: „Eine andere Welt ist möglich“. Noch sind mehr Menschen mit Kamera und Fotoapparat unterwegs als Demonstranten. An jeder Ecke stehen drei Polizisten, einige kontrollieren Passanten.",DE_1990-2019.md:5578
2006,DE,14:10,,,,,,korpus,"Scenariusz, za taz",,"14:10, Oranienstraße: Türkischstämmige Familien verkaufen gegrillte Hackspieße. Am Heinrichplatz läuft der Soundcheck für ein Konzert. Familien mit Kindern schlendern über das Fest und kaufen Zuckerwatte.",DE_1990-2019.md:5580
2006,DE,14:30,,,,,,korpus,"Scenariusz, za taz",,"14:30, Oranienplatz: Die Einsatzhundertschaften der Polizei haben eine neue Kennzeichnung auf dem Rücken und neue Overalls bekommen. Das Grün ist jetzt etwas heller. Extra für den 1. Mai? „Nein, zur WM“, verrät ein Beamter. Aber heute werde sie zum ersten Mal ausgeführt.",DE_1990-2019.md:5582
2006,DE,14:35,,,,,,korpus,"Scenariusz, za taz",,"14:35, Oranienstraße: Der Demonstrationszug der Maoisten setzt sich in Bewegung. „Viva la Revolución!“-Rufe ertönen.",DE_1990-2019.md:5584
2006,DE,14:45,,,,,,korpus,"Scenariusz, za taz",,"14:45, Naunynstraße: Vor dem Jugendzentrum Naunynritze hat sich eine Traube von 100 Migrantenkids vor einer Bühne postiert. Auf deren Brettern wird ein Wettkampf in Head-Jumps ausgetragen. Im Klartext: eine Hand auf den Boden, Arm und Beine nach oben und dann so oft strampeln, wie möglich, ohne umzufallen. Ali schafft es 15-mal – bisher der Rekord.",DE_1990-2019.md:5586
2006,DE,14:55,,,,,,korpus,"Scenariusz, za taz",,"14:55, Görlitzer Bahnhof: Die Lautsprecherstimme stoppt den Demozug. „Das ist die falsche Richtung.“ Die ersten machen kehrt. Dann heißt es: „War doch richtig, weiter geradeaus.“",DE_1990-2019.md:5588
2006,DE,15:00,,,,Linkspartei;PDS,,korpus,"Scenariusz, za taz",,"15:00, Checkpoint Charlie: Die Jungen Liberalen wollen gegen Berlins Kultursenator Thomas Flierl (Linkspartei) und den PDS-Ehrenvorsitzenden Hans Modrow demonstrieren. Beide seien „Stasi-Ideologen“. 50 Teilnehmer sind angemeldet. Die zuständigen Polizisten suchen – und finden fünf JuLis an der Ecke. „Wir haben auch überlegt, näher an die linken Demos zu gehen, aber das war uns dann doch zu gefährl",DE_1990-2019.md:5590
2006,DE,15:20,,,,,,korpus,"Scenariusz, za taz",,"15:20, Mariannenplatz: Der Platz ist in Rauchschwaden von Würstchen- und Dönergrills getaucht, unzählige Menschen sitzen auf dem Rasen, essen, trinken, schlafen und telefonieren zu den Klängen von türkischer Folkloremusik. Es gibt nur ein Problem: Sobald die Sonne weg ist, wird es ungemütlich kalt. Insgesamt feiern auf dem Myfest weit über 10.000 Menschen.",DE_1990-2019.md:5592
2006,DE,16:00,,,,,,korpus,"Scenariusz, za taz",,"16:00, Reuterplatz: Polizeipräsident Dieter Glietsch beobachtet den vorbeiziehenden Demozug der Maoisten. „Ich bin mit dem Verlauf des 1. Mai sehr zufrieden.“ Zur aktuellen BZ-Schlagzeile meint er: „Ich frage mich, wo die das hernehmen.“",DE_1990-2019.md:5594
2006,DE,16:00,,Kreuzberg,,EuroMayDay,dzielnicowa,mapa (opis wspolny dla lat),Euro May Day,2006_DE_demonstracja_EuroMayDay,2006 Euro May Day | 16:00 – Euro MayDay Demonstration from Strausfelder Platz to Hermannplatz (Umbruch Bildsarchiv 1244x.jpg; 1244v.jpg; 1244i.jpg; 1244g.jpg; Tagesspiegel 30.04.2006) Attendance: 4000 (taz liveticker),umap_backup_1-mai-berlin_aktualna16.umap#0
2006,DE,16:27,,,,,,korpus,"Scenariusz, za taz",,"16:27, Speewaldplatz: Ein drei Meter großer Krake aus Pappmaché namens „Superprekaria“ mit einer alten Badezimmermatte auf dem Kopf winkt mit seinen Fühlern die Demoteilnehmer herbei. Es funktioniert: Mindestens 4.000 Menschen kommen zum Startpunkt der ersten Berliner Mayday-Parade.",DE_1990-2019.md:5596
2006,DE,16:40,,,,,,korpus,"Scenariusz, za taz",,"16:40, Eberswalder Ecke Oderberger Straße: Business as usual am Mauerpark: Metallgitter sperren den Eingang ab, Brandenburger PolizistInnen kontrollieren die Besucher. Die Willkommensfrage: „Haben Sie irgendwelche gefährlichen Gegenstände, Waffen oder Flaschen mit dabei?“ Erstaunlich: Niemand antwortet mit Ja. Trotzdem werden Taschen gründlich durchwühlt und die meisten Personen abgetastet. Die Po",DE_1990-2019.md:5546
2006,DE,17:15,,,,Jusos,,korpus,"Scenariusz, za taz",,"17:15, Spreewaldplatz: Die Parade beginnt mit Grußbeiträgen unter anderem aus Paris. Das Motto der Demo: „Für soziale Rechte weltweit“. Beteiligt sind auch viele Flüchtlingsinitiativen, Kreuzberger Musikinitiativen, Arbeitslosengruppen, Attac, die Jusos sowie autonome und andere linke Gruppen.",DE_1990-2019.md:5598
2006,DE,17:30,,,,,,korpus,"Scenariusz, za taz",,"17:30, Warschauer Straße: Trotz des Feiertags staut sich der Verkehr, genauso eng geht es auf der Frankfurter Allee zu. Grund: Hunderte von Polizeiwannen stehen entlang den großen Straßen und erschweren den Verkehrsfluss.",DE_1990-2019.md:5548
2006,DE,17:35,,,,,,korpus,"Scenariusz, za taz",,"17:35, Flohmarkt am Mauerpark: Für die meisten Besucher hier sind die Walpurgisnachtkrawalle Geschichten aus einer anderen Welt: Viele sind über 30, nicht wenige mittelmäßig gestylt, die meisten Frauen schieben Kinderwagen vor sich her. (Junge) Krawallmacher? Nicht in Sicht. „Mein Publikum kommt jetzt erst“, glaubt der Verkäufer stylischer Sonnenbrillen.",DE_1990-2019.md:5550
2006,DE,17:40,,,,,,korpus,"Scenariusz, za taz",,"17:40, Oranienplatz: Elf junge Männer und Frauen nähern sich dem Platz, wo eine nicht angemeldete, aber angekündigte Demo beginnen soll. Die Zivilpolizisten tragen noch ihre Westen mit „Polizei“-Aufschrift. Von einer Ecke aus beobachten sie den Platz. Auf Nachfrage sagen sie, dass sie nach „relevanten Jugendlichen“ Ausschau halten sollen. Auf dem fast vollen Platz spielt eine Reggaeband. Es riecht",DE_1990-2019.md:5600
2006,DE,17:45,,,,,,korpus,"Scenariusz, za taz",,"17:45, Naunynstraße: Türkische Kids wollen mit einem Rapper ein Musikvideo in einem Hinterhof in der Naunynstraße drehen. Der ist aber schon besetzt – von einer Gruppe grillender Polizisten. Sie weisen die Jugendlichen ab, die Stimmung wird aggressiv: Über 100 Migrantenkids rennen daraufhin durch die Straße und brüllen: „Fickt die Polizei!“ Später dürfen sie dann in der Naunynritze drehen.",DE_1990-2019.md:5602
2006,DE,17:50,,,,,,korpus,"Scenariusz, za taz",,"17:50, Durchgang vom Flohmarkt zum Mauerpark: Auch hier kontrollieren die Brandenburger Polizisten auf „gefährliche Gegenstände“. Ein Pärchen hat auf dem Flohmarkt einen Beistelltisch mit abnehmbaren Metallbeinen erworben – und darf passieren.",DE_1990-2019.md:5552
2006,DE,18:00,,,,MyFest,,korpus,"Scenariusz, za taz",,"18:00 spontaniczna, zakazana demonstracja o godzinie 18 przechodzi przez teren MyFest",DE_1990-2019.md:5537
2006,DE,18:00,,,,,,korpus,"Scenariusz, za taz / PDS i grupy policyjne / EuroMayDay",,Gegen 18 Uhr startete vom Spreewaldplatz erstmalig auch in Berlin eine Mayday-Parade mit einem bunten Umzug und mehreren Musikwägen für soziale Rechte weltweit @UmbruchBilderFotosVom2006,DE_1990-2019.md:5633
2006,DE,18:08,,,,,,korpus,"Scenariusz, za taz",,"18:08, Oranienplatz: Vom Platz bricht die befürchtete Spontandemo mit anfangs rund 200 Teilnehmern mit schwarzen Kapuzen und roten Flaggen Richtung Mariannenplatz auf. An ihrer Spitze ein Transparent mit der Aufschrift: „Kein Krieg, kein Hartz, kein Demoverbot. 1. Mai – Straße frei“. Die Passanten räumen hektisch den Weg. Die Polizei ist nicht sichtbar.",DE_1990-2019.md:5604
2006,DE,18:08,,Kreuzberg,,R1M,dzielnicowa,mapa (opis wspolny dla lat),Revolutionäre 1. Mai,2006_DE_demonstracja_R1M_b,"2006 Sponti R1M (18:00) | Due to route restrictions imposed by the authorities in connection with the MyFest street festival, the organizers of the official Revolutionary 1st of May demonstration cancelled the event. In response, a spontaneous, unregistered march broke out at around 18:08 from Oranienplatz. The procession started with roughly 200 participants dres",1__mai_berlin_aktualna_15_.geojson#48
2006,DE,18:20,,,,,,korpus,"Scenariusz, za taz",,"18:20, Mariannenplatz: Berlins Verfassungsschutzchefin Claudia Schmid läuft in der Spontandemo mit, die laut Polizei auf bis zu 1.000 Teilnehmer angewachsen ist. „Für die interessiert sich sonst niemand“, freut sich Schmid. Insgesamt sei es „wunderbar friedlich“. Auch Polizeipräsident Dieter Glietsch wird in der Demo gesichtet. conflict",DE_1990-2019.md:5606
2006,DE,18:22,,,,,,korpus,"Scenariusz, za taz",,"18:22, Rütlistraße, vor der Rütli-Schule: Redner des Maydaybündnisses kritisieren die „Verdrehung der Tatsachen, dass ausgerechnet die Menschen, die unter dem miserablen Bildungssystem am meisten zu leiden haben, zu Sündenböcken erklärt werden.“",DE_1990-2019.md:5608
2006,DE,18:30,,Kreuzberg,Kreuzberg,,dzielnicowa,korpus,"Scenariusz, za taz",,"18:30, Mariannenplatz: Zwei junge türkische Männer mit T-Shirts, auf denen „Protection Kreuzberg“ steht, bewachen ein Loch im Straßenpflaster, aus dem Steine ausgebuddelt worden sind. Im Hintergrund tanzen fast hundert türkische Jugendliche, zum Teil mit Kopftüchern, wild zu türkischer Folklore.",DE_1990-2019.md:5610
2006,DE,18:35,,,,,,korpus,"Scenariusz, za taz",,"18:35, Mariannenplatz: Die Spontandemo von Autonomen löst sich wieder auf.",DE_1990-2019.md:5612
2006,DE,19:05,,,,,,korpus,"Scenariusz, za taz",,"19:05, Boxhagener Platz: Hunderte von Polizisten haben den Platz von allen Seiten abgeriegelt. Wer dorthin will, muss Durchsuchungen über sich ergehen lassen. Alle Bierflaschen werden einkassiert. Es herrscht Flaschenverbot.",DE_1990-2019.md:5554
2006,DE,19:45,,,,,,korpus,"Scenariusz, za taz",,"19:45, Oranienplatz: Innensenator Körting gibt eine spontane Pressekonferenz. Er ist hoch zufrieden mit dem bisherigen Verlauf des Fests und lobt vor allem die Zusammenarbeit mit den Verbänden der Migranten.",DE_1990-2019.md:5614
2006,DE,19:53,,,,,,korpus,"Scenariusz, za taz",,"19:53, Hermannplatz: Aktivisten des Mayday-Bündnisses haben ein zehn Meter langes Umsonstbuffet aufgebaut mit Nusstorten und Lachsschnitten – „sponsored by yo mango“ (spanisch für „ich klaue“), steht auf einem Transparent. Fünf Minuten später endet hier die friedliche Demo.",DE_1990-2019.md:5616
2006,DE,20:05,,,,,,korpus,"Scenariusz, za taz",,"20:05, Hermannplatz: Das Mayday-Buffet ist geräumt.",DE_1990-2019.md:5618
2006,DE,20:18,,,,,,korpus,"Scenariusz, za taz",,"20:18, Waldemarstraße: Eine zweite Spontandemo zieht durch den Kiez. Auf dem Fronttransparent steht „Myfest ist scheiße. Für einen revolutionären 1. Mai“. Unter den mehreren hundert Teilnehmern sind viele junge und auch Migranten. Es werden Feuerswerkskörper geworfen.",DE_1990-2019.md:5620
2006,DE,20:18,,Kreuzberg,,R1M,dzielnicowa,mapa (opis wspolny dla lat),Revolutionäre 1. Mai,2006_DE_demonstracja_R1M,"2006 R1M Sponti (20:00) | A second unregistered march began around 20:18 in the Waldemarstraße, drawing several hundred participants including young people and migrants. The lead banner read ""Myfest ist scheiße. Für einen revolutionären 1. Mai"" (""MyFest is shit. For a revolutionary 1st of May""). Fireworks were thrown as the crowd moved through the neighborhood. By",1__mai_berlin_aktualna_15_.geojson#1
2006,DE,20:49,,,,,,korpus,"Scenariusz, za taz",,"20:49, Manteuffelstraße: Polizeipräsident Glietsch pirscht in einer Gruppe von sieben dunkel gekleideten Herren durch die Menge, vergeblich auf der Suche nach Krawall.",DE_1990-2019.md:5622
2006,DE,20:55,,,,,,korpus,"Scenariusz, za taz",,"20:55, Mariannenplatz: Kreuzbergs CDU-Chef Kurt Wansner langweilt sich: „Früher war es interessanter“, meint er.",DE_1990-2019.md:5624
2006,DE,21:12,,,,,,korpus,"Scenariusz, za taz",,"21:12, Heinrichplatz: Kleine Scharmützel mit der Polizei. Es fliegen Flaschen und Knaller. Die Polizei reagiert vorerst zurückhaltend und geht dann kurz gezielt gegen die Werfer vor. Die Atmosphäre ist gespannt. all, bis chs, flee, ga, plu, rot, sil",DE_1990-2019.md:5626
2006,DE,21:40,,,,,,korpus,"Scenariusz, za taz",,"21:40, Boxhagener Platz: Auf dem Platz tobt die Party. Während die linksradikale Ska-Band „Tiefenrausch“ auf der Bühne rockt, lässt sich ein Stagediver zehn Minuten lang durch die Luft wirbeln. Irgendwann lassen die Zuschauer Gnade walten: Er wird runtergelassen.",DE_1990-2019.md:5556
2006,DE,21:40,,,,,,korpus,"Scenariusz, za taz",,"21:40, Eberswalder Straße: Das Presseteam der Polizei besteht aus akribischen Beobachtern. „Sie waren doch vor drei Stunden schon mal hier – da trugen sie aber noch keine Mütze“, antwortet einer auf die Frage eines Journalisten und liegt damit ganz richtig. Ansonsten haben die Herren nicht viel zu tun: 500 Menschen seien im Park, besondere Vorkommnisse sind nicht zu vermelden.",DE_1990-2019.md:5558
2006,DE,23:15,,,,,,korpus,"Scenariusz, za taz",,"23:15, Boxhagener Platz Ecke Grünberger Straße: Die Rockbühne wird weggefahren. Die meist alkoholisierten Jugendlichen wollen noch nicht nach Hause. Einzelne Polizisten werden angepöbelt. Bei den Beamten wächst die Nervosität.",DE_1990-2019.md:5560
2006,DE,23:20,,Wedding,Wedding,,dzielnicowa,korpus,"Scenariusz, za taz",,"23:20, im Mauerpark: Es fliegen vereinzelt Frisbeescheiben. Das ist nur möglich, weil die Scheinwerfer des benachbarten Jahn-Stadions auch den Park beleuchten. Überhaupt ist die Atmosphäre ziemlich ungemütlich: Die Polizei hat Glasflaschen verboten, der Bezirk offene Feuer, und die Nachbarn im Wedding haben sich über den Lärm der Trommler beschwert – also müssen auch die ruhig sein. Die rund 1.000",DE_1990-2019.md:5562
2006,DE,23:24,,,,,,korpus,"Scenariusz, za taz",,"23:24, Boxhagener Platz Ecke Grünberger: Die ersten Gegenstände fliegen Richtung Polizeikette. Einzelne Beamte rennen in die Menge und beginnen, die Werfer gezielt herauszugreifen.",DE_1990-2019.md:5564
2007,DE,09:00,,,,DGB,,korpus,Scenariusz,,9:00 Uhr DGB-Gewerkschaftshaus am Wittenbergplatz Keithstraße/Ecke Kleiststraße,DE_1990-2019.md:5692
2007,DE,09:00,,Schöneberg,,DGB,dzielnicowa,mapa (opis wspolny dla lat),DGB,2007_DE_demonstracja_DGB_a,"2007 DGB Lauf | Mai-Lauf vom DGB-Gewerkschaftshaus am Wittenbergplatz zum Brandenburger Tor Treff: 09:00 Uhr, DGB-Haus, Keithstraße 1-3 Start: 10:00 Uhr, Kleiststraße Richtung Nollendorfplatz Die ersten 100 Angemeldeten erhalten am Start kostenlos ein T-Shirt „1. Mai-Lauf 2007"" ANMELDUNG Route: START 10:00 Uhr, Kleiststraße → Keithstraße → Kleiststraße →",1__mai_berlin_aktualna_14_.geojson#91
2007,DE,09:00,,Schöneberg,,DGB,dzielnicowa,mapa (opis wspolny dla lat),DGB,2007_DE_korso_DGB,"2007 DGB Fahrrad Korso | 2007 1. Mai-Fahrrad-Korso vom DGB-Gewerkschaftshaus am Wittenbergplatz zum Brandenburger Tor Treff: 09:00 Uhr, DGB-Haus, Keithstraße 1-3, Ecke Kleiststraße Start: 09:50 Uhr, Kleiststraße Richtung Nollendorfplatz Die ersten 50 erhalten am Start kostenlos ein T-Shirt „ride for the future"" ANMELDUNG Route: START 09:50 Uhr, Kleiststraße → Kei",1__mai_berlin_aktualna_14_.geojson#94
2007,DE,09:00,,Schöneberg,,DGB,dzielnicowa,mapa (opis wspolny dla lat),DGB,2007_DE_korso_DGB_a,"2007 Motorradkorso | 2007 Treff: 09:00 Uhr, DGB-Haus, Keithstraße 1-3, Ecke Kleiststraße Start: 09:45 Uhr, Kleiststraße Richtung Nollendorfplatz Die ersten 50 erhalten am Start kostenlos ein T-Shirt „ride for the future"" Wer Lust hat, kann an seinem Motorrad auch eine Gewerkschaftsfahne mitführen. Am sichersten ist das natürlich, wenn diese von einem Sozius g",1__mai_berlin_aktualna_14_.geojson#104
2007,DE,09:00,,Schöneberg,,DGB,dzielnicowa,mapa (opis wspolny dla lat),DGB,2007_DE_korso_DGB_b,"2007 DGB Inline Skate Korso | Treff: 09:00 Uhr, DGB-Haus, Keithstraße 1-3 Start: 09:55 Uhr, Kleiststraße Richtung Nollendorfplatz Die ersten 100 erhalten am Start kostenlos ein T-Shirt „1. Mai-Skating 2007"" ANMELDUNG Route: START 09:55 Uhr, Kleiststraße → Keithstraße → Kleiststraße → Bülowstraße → Potsdamer Straße → Potsdamer Platz → Stresemannstraße → Mehringbrücke →",1__mai_berlin_aktualna_14_.geojson#114
2007,DE,11:00,,Tiergarten,,DGB,centralna,mapa (opis wspolny dla lat),DGB,2007_DE_festyn_DGB,"DGB Maifest 2007 | Beginn: 11:00 Uhr, nach Eintreffen v. Demo, Lauf, Skating, Fahrrad + Motorrad-Korso. Anschließend großer Infomarkt Es sprechen nach Ankunft aller Demo- Züge (Motorrad, Lauf, Skater u. Fahrrad sowie traditioneller Demo- Zug): - Doro Zinke, stellvertretende Vorsitzende des DGB Bezirks Berlin-Brandenburg - Alexandru Rus, Vizepräsident, FSS M",1__mai_berlin_aktualna_14_.geojson#25
2007,DE,13:00,,,,,,korpus,Scenariusz,,"13:00 Demonstracja o 13 kończy się na Lausitzer Platz, tak, że jej uczestnicy moga uczestniczyć dalej w demonstracji, która rozpoczyna się tam o 18 – forma zjednoczenia obu demonstracji?",DE_1990-2019.md:5707
2007,DE,13:00,,Kreuzberg,,R1M,dzielnicowa,mapa (opis wspolny dla lat),Revolutionäre 1. Mai,2007_DE_demonstracja_R1M,"2007 R1M 15:00 | Neu ist in diesem Jahr, dass die um 13 Uhr beginnende Demo, die sich ebenfalls „revolutionär“ nennt, am Startpunkt der 18-Uhr-Demo enden soll – die Teilnehmer sollen also nahtlos weiterziehen können. Sebastian Lorenz von der ALB sagte, dass deshalb bis zu 8000 Teilnehmer erwartet werden. (Tagesspiegel, 27.03.2007) Attendance: ""nicht einma",1__mai_berlin_aktualna_15_.geojson#20
2007,DE,14:00,,Kreuzberg,Kreuzberg,,dzielnicowa,korpus,Scenariusz,,"14:00 Mayday Parade – wyimki w 200751Einspieler: Kreuzberg demonstriert: impreza techno, ramowanie przeciwko Hartz IV, G8, antyimperializm",DE_1990-2019.md:5708
2007,DE,14:00,,Kreuzberg,Kreuzberg,,dzielnicowa,korpus,Scenariusz,,"Angesichts des bevorstehenden G8-Gipfels in Heiligendamm beteiligten sich an diesem 1. Mai 2007 deutlich mehr Menschen sowohl an der Mayday Parade (14 Uhr) als auch an der revolutionären 1. Mai-Demonstration (18 Uhr), die jeweils vom Lausitzer Platz in Kreuzberg starteten. Da es sowohl thematisch als auch von den TeilnehmerInnen her zahlreiche Überschneidungen gab, stellt sich schlicht die Frage, ",DE_1990-2019.md:5711
2007,DE,18:00,,,,,,korpus,Scenariusz,,18:00 R1M Demonstration,DE_1990-2019.md:5709
2007,DE,18:00,,Kreuzberg,,EuroMayDay,dzielnicowa,mapa (opis wspolny dla lat),Euro May Day,2007_DE_demonstracja_EuroMayDay,2007 Euro May Day Parade. Her mit dem schönen Leben– Solidar | 18:00 (taz 30.04.07; Tagesspiegel 30.04.2007) Attendance: 6000 (Berliner Kurier) 8000 (Berliner Morgenpost),umap_backup_1-mai-berlin_aktualna16.umap#1
2007,DE,20:00,,Kreuzberg,,Walpurgisnacht,dzielnicowa,mapa (opis wspolny dla lat),Walpurgisnacht,2007_DE_demonstracja_Walpurgisnacht-Walpurgisnacht-Demo,"2007 Walpurgisnacht Demo | Am selben Abend in der Zeit von 20 Uhr bis kurz vor 22 Uhr habe ein Aufzug mit rd. 900 Personen vom Heinrichplatz zum Boxhagener Platz stattgefunden. Die Teilnehmer des Aufzugs hätten sich unter die Teil- nehmer der Kundgebung gemischt, die – gepaart mit einer Musikveranstaltung – am Boxhagener Platz bis ca. 22 Uhr stattgefunden habe. Ins",1__mai_berlin_aktualna_11_.geojson#12
2007,DE,22:00,,,,Walpurgisnacht,,mapa,Walpurgisnacht,2007_DE_wiec_Walpurgisnacht-Antikapitalistische-Walpurgisnacht,"Antikapitalistische Walpurgisnacht | 2007 – Antikapitalistischer Walpurgisnacht – zum dritten Mal auf Boxi (erstermai.nostate.net 2007) Die Teilnehmer des Aufzugs hätten sich unter die Teilnehmer der Kundgebung gemischt, die – gepaart mit einer Musikveranstaltung – am Boxhagener Platz bis ca. 22 Uhr stattgefunden habe. Insgesamt hätten an der Veranstaltung 1 500 Personen tei",1__mai_berlin_aktualna_11_.geojson#23
2008,DE,09:00,17:00,Friedrichshain,Friedrichshain,,dzielnicowa,korpus,Scenariusz,,"Ostbahnhof, Friedrichshain, 9-17 Uhr.",DE_1990-2019.md:5827
2008,DE,09:00,,,,DGB,,korpus,Scenariusz / Scenariusz DGB,,"Treff: 09:00 Uhr, DGB-Haus, Keithstraße 1-3, Ecke Kleiststraße Start: 10:00 Uhr, Kleiststraße Richtung Nollendorfplatz",DE_1990-2019.md:5848
2008,DE,09:00,,,,DGB,,korpus,Scenariusz / Scenariusz DGB,,"Treff: 09:00 Uhr, DGB-Haus, Keithstraße 1-3 Start: 10:00 Uhr, Kleiststraße Richtung Nollendorfplatz",DE_1990-2019.md:5868
2008,DE,09:00,,,,DGB,,korpus,Scenariusz / Scenariusz DGB,,"Treff: 09:00 Uhr, DGB-Haus, Keithstraße 1-3, Ecke Kleiststraße Start: 10:00 Uhr",DE_1990-2019.md:5876
2008,DE,09:00,,Schöneberg,,DGB,dzielnicowa,mapa,DGB,2008_DE_korso_DGB,"2006; 2008-2010 DGB Fahrrad Korso | 2008 – 1. Mai-Fahrrad-Korso 2008 07.03.2008 1. Mai-Fahrrad-Korso vom DGB-Gewerkschaftshaus am Wittenbergplatz zum Brandenburger Tor Treff: 09:00 Uhr, DGB-Haus, Keithstraße 1-3, Ecke Kleiststraße Start: 10:00 Uhr, Kleiststraße Richtung Nollendorfplatz Die ersten 50 Angemeldeten erhalten am Start kostenlos eine Warnweste: „Gute Arbeit muss ",1__mai_berlin_aktualna_14_.geojson#93
2008,DE,09:00,,Schöneberg,,DGB,dzielnicowa,mapa (opis wspolny dla lat),DGB,2008_DE_korso_DGB_a,"2008; 2010 Motorrad Demo | 2008 (assumed the same route as 2009 and 2011) 1. Mai-Fahrrad-Korso vom DGB-Gewerkschaftshaus am Wittenbergplatz zum Brandenburger Tor Treff: 09:00 Uhr, DGB-Haus, Keithstraße 1-3, Ecke Kleiststraße Start: 10:00 Uhr, Kleiststraße Richtung Nollendorfplatz 2010 Attendance 80 (TsG)",1__mai_berlin_aktualna_14_.geojson#105
2008,DE,10:00,22:00,Treptow,Treptow,,dzielnicowa,korpus,Scenariusz,,"Puschkinallee, Treptow, 10-22 Uhr.",DE_1990-2019.md:5804
2008,DE,10:00,22:00,Biesdorf,Biesdorf,,dzielnicowa,korpus,Scenariusz,,"Alt-Biesdorf 55, Biesdorf, 10-22 Uhr.",DE_1990-2019.md:5810
2008,DE,10:00,,Reinickendorf,Reinickendorf,,dzielnicowa,korpus,Scenariusz,,"Alte Fasanerie 10, Reinickendorf, ab 10 Uhr.",DE_1990-2019.md:5814
2008,DE,10:00,18:00,Oberschöneweide,Oberschöneweide,,dzielnicowa,korpus,Scenariusz,,"An der Wuhlheide 197, Oberschöneweide, 10-18 Uhr.",DE_1990-2019.md:5825
2008,DE,10:00,18:00,Niederschöneweide,Niederschöneweide,,dzielnicowa,korpus,Scenariusz,,"Adlergestell Höhe Nr. 107, Niederschöneweide, 10-18 Uhr, 3, erm. 1,50 Euro.",DE_1990-2019.md:5832
2008,DE,10:00,,,,,,korpus,Scenariusz / Scenariusz DGB,,"10:00 Uhr, Treff Brandenburger Tor 11:30 Uhr, Kundgebung",DE_1990-2019.md:5885
2008,DE,10:00,,,,,,korpus,Scenariusz / Scenariusz DGB,,10:00 Uhr bis 18:00 Uhr,DE_1990-2019.md:5907
2008,DE,10:00,,Tiergarten,,DGB,centralna,mapa (opis wspolny dla lat),DGB,2008_DE_festyn_DGB,"DGB Maifest 2008 | 1. Mai-Kundgebung 2008 07.03.2008 Mai-Kundgebung vor dem Brandenburger Tor auf dem Platz des 18. März (Straße des 17. Juni) 10:00 Uhr, Treff Brandenburger Tor 11:30 Uhr, Kundgebung Programm: Rede Susanne Stumpenhusen, Talk mit Betriebs- und Personalräten, Beiträge von amnesty international und der „Busfahrer gegen Gewalt und Vandalismus"",",1__mai_berlin_aktualna_14_.geojson#26
2008,DE,11:00,,Kreuzberg,Kreuzberg,,dzielnicowa,korpus,Scenariusz,,"Zwischen Kottbusser Tor und Mariannenplatz, Kreuzberg, ab 11 Uhr.",DE_1990-2019.md:5799
2008,DE,11:00,23:00,Marzahn,Marzahn,,dzielnicowa,korpus,Scenariusz,,"Vom Eastgate bis zum Freizeitforum, Marzahn, 11-23 Uhr.",DE_1990-2019.md:5808
2008,DE,11:00,,Friedrichsfelde,Friedrichsfelde,,dzielnicowa,korpus,Scenariusz,,"Am Tierpark 125, Friedrichsfelde, ab 11 Uhr, 11, erm. 8 Euro.",DE_1990-2019.md:5812
2008,DE,11:00,19:00,Dahlem,Dahlem,,dzielnicowa,korpus,Scenariusz,,"Königin-Luise-Straße 49, Dahlem, 11-19 Uhr.",DE_1990-2019.md:5816
2008,DE,11:00,23:00,Mariendorf,Mariendorf,,dzielnicowa,korpus,Scenariusz,,"Mariendorfer Damm, Mariendorf, 11-23 Uhr, 1 Euro.",DE_1990-2019.md:5822
2008,DE,11:00,17:30,Prenzlauer Berg,Prenzlauer Berg,,dzielnicowa,korpus,Scenariusz,,"Senefelderstraße 5, Prenzlauer Berg, 11-17.30 Uhr, 4,50, erm. 3 Euro.",DE_1990-2019.md:5829
2008,DE,11:30,,Schöneberg,Schöneberg,DGB,dzielnicowa,korpus,Scenariusz,,"DGB: Der Gewerkschaftsbund hat seine zentrale Kundgebung um 11.30 Uhr am Brandenburger Tor unter das Motto ""Gute Arbeit muss drin sein"" gestellt. Zur Kundgebung führen auch Korsos mit Inline-Skates, Motorrad oder Fahrrad, ab 10 Uhr vom DGB-Haus in der Keithstraße 1-3 in Schöneberg.",DE_1990-2019.md:5794
2008,DE,12:00,17:00,Lichterfelde,Lichterfelde,,dzielnicowa,korpus,Scenariusz,,"Ringstraße 76, Lichterfelde, 12-17 Uhr.",DE_1990-2019.md:5806
2008,DE,12:00,19:00,Karlshorst,Karlshorst,,dzielnicowa,korpus,Scenariusz,,"Treskowallee 129, Karlshorst, 12-19 Uhr, 2, erm. 1 Euro.",DE_1990-2019.md:5834
2008,DE,13:00,,Kreuzberg,Kreuzberg,,dzielnicowa,korpus,Scenariusz,,"13-Uhr-Demo: Die traditionelle ""Revolutionäre 1.-Mai-Demonstration"" des 1.-Mai-Bündnis gegen Ausbeutung, Unterdrückung und Krieg startet um 13 Uhr am Oranienplatz in Kreuzberg und führt vom Kottbusser Tor zum Heinrichplatz.",DE_1990-2019.md:5787
2008,DE,13:00,,Kreuzberg,Kreuzberg,,dzielnicowa,korpus,Scenariusz,,"Mariannenplatz, Kreuzberg, ab 13 Uhr.",DE_1990-2019.md:5797
2008,DE,14:00,,Friedrichshain,Friedrichshain,,dzielnicowa,korpus,Scenariusz,,"Mayday: Diese Parade mit ""Protest- und Tanzwütigen"" startet in Friedrichshain. Los geht's um 14 Uhr am Boxhagener Platz, die Demo führt zur Warschauer Brücke und endet am Spreewaldplatz. Kundgebungen richten sich unter anderem gegen Mediaspree.",DE_1990-2019.md:5789
2008,DE,14:00,,Prenzlauer Berg,Prenzlauer Berg,,dzielnicowa,korpus,Scenariusz,,"Schönhauser Allee 36, Prenzlauer Berg, ab 14 Uhr.",DE_1990-2019.md:5802
2008,DE,14:00,,Charlottenburg,Charlottenburg,,dzielnicowa,korpus,Scenariusz,,"Eingang Heckerdamm, Charlottenburg, ab 14 Uhr, Eintritt 2 Euro.",DE_1990-2019.md:5818
2008,DE,14:00,,Friedrichshain,,EuroMayDay,dzielnicowa,mapa (opis wspolny dla lat),Euro May Day,2008_DE_demonstracja_EuroMayDay,2008 MayDay Parade | 14:00 (rbb vorbericht 30.04.2008) Attendance: 6500 (Umbruch),umap_backup_1-mai-berlin_aktualna16.umap#2
2008,DE,18:00,,Kreuzberg,Kreuzberg,,dzielnicowa,korpus,Scenariusz,,"18-Uhr-Demo: Ein Bündnis linker Gruppen startet mit seiner Demo gegen soziale Ausgrenzung um 18 Uhr am Kottbusser Tor in Kreuzberg. Die Route führt über den Heinrichplatz und die Wrangelstraße zurück zum Kottbusser Tor. Auftakt bildet ein Konzert der französischen Rapperin Keny Arkana und der italienischen Rock-Ska-Band Banda Bassotti, ab 17 Uhr am Kottbusser Tor.",DE_1990-2019.md:5788
2008,DE,18:00,,,,,,korpus,Scenariusz / Kontrowersje,,The 18:00 Demonstration was registered(https://www.tagesspiegel.de/berlin/kreuzberg-hat-die-ruhe-weg-1643878.html) by a former terrorist Ralf Reinders RAF,DE_1990-2019.md:5913
2008,DE,18:00,,Kreuzberg,,R1M,dzielnicowa,mapa (opis wspolny dla lat),Revolutionäre 1. Mai,2008_DE_demonstracja_R1M_a,"2008 R1M (18) | 18:00 (rbb Vorbericht 30.04.2008) Attendance: 10000 (police via taz) ""mehr als 10.000"" ~ 12000 (Umbruch)",1__mai_berlin_aktualna_15_.geojson#50
2008,DE,20:00,,Mitte,Mitte,,dzielnicowa,korpus,Scenariusz,,"Friedrichstraße 101, Mitte, ab 20 Uhr, 11 Euro.",DE_1990-2019.md:5780
2008,DE,20:00,,Tiergarten,Tiergarten,,dzielnicowa,korpus,Scenariusz,,"Marlene-Dietrich-Platz 1, Tiergarten, ab 20 Uhr, 18 Euro.",DE_1990-2019.md:5784
2008,DE,21:00,,Mitte,Mitte,,dzielnicowa,korpus,Scenariusz,,"Johannisstraße 2, Mitte, ab 21 Uhr, 9,50 Euro.",DE_1990-2019.md:5782
2009,DE,09:00,,,,DGB,,korpus,Scenariusz,,Der DGB zieht ab 9 Uhr vom Wittenbergplatz zum Brandenburger Tor - zu Fuß und auf Rädern.,DE_1990-2019.md:5985
2009,DE,09:00,,,,DGB,,korpus,Scenariusz,,"Berlin: Treffen aller DGB-Gewerkschaften zu den gemeinsamen Demonstrationszügen, Fahrrad-, Motorrad- und Skaterkorso geplant, 9 Uhr, Kleiststraße. (nd 30.04)",DE_1990-2019.md:5993
2009,DE,09:00,,Schöneberg,Schöneberg,DGB,dzielnicowa,korpus,Scenariusz,,"9 Uhr Schöneberg: Treffen am DGB-Haus, Keithstraße 1-3. Ab 10 Uhr Motorrad-, Fahrrad- und Skaterkorso oder zu Fuß zum Brandenburger Tor. Kundgebung ab ca. 11.30 Uhr.",DE_1990-2019.md:5996
2009,DE,09:00,,Schöneberg,,DGB,dzielnicowa,mapa,DGB,2009_DE_korso_DGB,"2006; 2008-2010 DGB Fahrrad Korso | 2009 – vom DGB - Gewerkschaftshaus am Wittenbergplatz zum Brandenburger Tor Treff: 09:00 Uhr, DGB-Haus, Keithstraße 1-3, Ecke Kleiststraße Start: 10:00 Uhr, Kleiststraße Richtung Nollendorfplatz Die ersten 50 Anmelder erhalten am Start kostenlos eine Warnweste",1__mai_berlin_aktualna_14_.geojson#93
2009,DE,09:00,,Schöneberg,Moabit,DGB,dzielnicowa,mapa (opis wspolny dla lat),DGB,2009_DE_korso_DGB_a,"2009;2011 Motorrad Demo | 2009 – vom DGB - Gewerkschaftshaus am Wittenbergplatz zum Brandenburger Tor Treff: 09:00 Uhr, DGB-Haus, Keithstraße 1-3, Ecke Kleiststraße Start: 10:00 Uhr, Kleiststraße Richtung Nollendorfplatz START: Kleiststraße → An der Urania → Kurfürstenstraße → Potsdamer Straße → Potsdamer Platz → Stresemannstraße → Wilhelmstraße → Mehringbrücke → ",1__mai_berlin_aktualna_14_.geojson#106
2009,DE,09:00,,Schöneberg,,DGB,dzielnicowa,mapa (opis wspolny dla lat),DGB,2009_DE_korso_DGB_b,"2009 DGB Inline Skate Korso | vom DGB-Gewerkschaftshaus am Wittenbergplatz zum Brandenburger Tor Treff: 09:00 Uhr, DGB-Haus, Keithstraße 1-3 Start: 10:00 Uhr, Kleiststraße Richtung Nollendorfplatz Die ersten 50 Anmelder erhalten am Start kostenlos eine Warnweste: ARBEIT für alle bei fairem LOHN ANMELDUNG Route: START 10:00 Uhr, Kleiststraße → An der Urania → Kurfürste",1__mai_berlin_aktualna_14_.geojson#115
2009,DE,10:00,,Köpenick,Köpenick,NPD,dzielnicowa,korpus,Scenariusz,,"1. Mai: Die NPD veranstaltet vor ihrer Zentrale in Köpenick ein ""Maifest"" mit bis zu 1.000 Nazis. Gegenkundgebung mit Demo ab 10 Uhr vom S-Bahnhof Köpenick.",DE_1990-2019.md:5984
2009,DE,10:00,,Köpenick,Köpenick,,dzielnicowa,korpus,Scenariusz,,"10 Uhr Köpenick: Kundgebung am Forum Köpenick. Die Demo startet, wenn die Nazis über die Borgmannstraße zum Mandrellaplatz geleitet werden. Zugtreffpunkt für Antifas ist um 9.45 Uhr am Ostkreuz.",DE_1990-2019.md:5997
2009,DE,11:00,,,,MyFest,,mapa,Other events,2009_DE_festyn_MyFest-MyFest,MyFest | 2009 – 11:00-21:00 35 000 attendance (Hellbrecht),umap_backup_1-mai-berlin_aktualna16.umap#20
2009,DE,11:30,,Tiergarten,,DGB,centralna,mapa (opis wspolny dla lat),DGB,2009_DE_festyn_DGB,"DGB Maifest 2009 | 11:30 Uhr: Mai-KundgebungBühne auf dem Platz des 18. März Hauptrede: Dieter Scholz, Vorsitzender des DGB Bezirk Berlin-Brandenburg Anschließend Bühnenprogramm bis 18:00 Uhr Talk, Live- Musik, Dance, Kabarett,…Kleines Bühnenprogramm Infomarkt, Kinder- und Familienfest Straße des 17. Juni bis Brandenburger Tor Musik, Essen, Trinken, Spiele,",1__mai_berlin_aktualna_14_.geojson#27
2009,DE,12:08,13:05,Köpenick,,SPD,dzielnicowa,mapa (opis wspolny dla lat),Neo-Nazi May Day,2009_DE_kontra_SPD,"2009 Counterdemonstration NPD (registered by SPD) | 12:08 – 13:05 Uhr von Bahnhofstraße 23-25 bis Seelenbinderstraße 17-21 ca. 2.500 Teilnehmer (Polizeilische Darstellung) Seelenbinderstraße 17-21 – die Linke Kundgebung, 3500 Teilnehmer",1__mai_berlin_aktualna_13_.geojson#32
2009,DE,12:12,,Köpenick,,NPD,dzielnicowa,mapa (opis wspolny dla lat),Neo-Nazi May Day,2009_DE_festyn_NPD,"2009 NPD Strassenfest | 12:12-16:27, ca. 280 Teilnehmer (Polizeilische Darstellung)",1__mai_berlin_aktualna_13_.geojson#10
2009,DE,13:00,,Kreuzberg,Kreuzberg,Antifa,dzielnicowa,korpus,Scenariusz,,In Kreuzberg ist den ganzen Tag Myfest auf 19 Bühnen. Um 13 Uhr demonstrieren türkischer Kommunisten vom Oranienplatz. Um 18 Uhr startet die Antifa am Kottbusser Tor.,DE_1990-2019.md:5987
2009,DE,13:30,,,,,,korpus,Scenariusz,,Die Mayday-Demo startet um 13.30 Uhr am Bebelplatz.,DE_1990-2019.md:5986
2009,DE,13:30,,,,,,korpus,Scenariusz,,"Berlin: May-Day-Parade. 13.30 Uhr, Unter den Linden (Höhe Bebelplatz).",DE_1990-2019.md:5992
2009,DE,13:30,,Mitte,Mitte;Kreuzberg,,dzielnicowa,korpus,Scenariusz,,"13.30 Uhr Mitte: Mayday-Parade mit Auftaktkonzert, Unter den Linden Höhe Bebelplatz. Danach durch Mitte und Kreuzberg zum Moritzplatz.",DE_1990-2019.md:5998
2009,DE,13:30,,Mitte,,EuroMayDay,centralna,mapa (opis wspolny dla lat),Euro May Day,2009_DE_demonstracja_EuroMayDay,"2009 MayDay Parade – Ich krieg der Krise, und das nicht erst | 13:30 Bebelsplatz – Unter den Linden ecke Friedrichstrasse (rbb 0:32) – Behrenstrasse 23 (Britische Botschaft; taz liveticker) – Bundesfinanzministerium (rbb 1:12) – Rudi-Dutschke-Strasse 23 (liveticker taz) – Moritzplatz (rbb 1:20) 16.48, Online: Die Mayday-Organisatoren versenden per Mail eine Presseerklärung zur Farbattacke auf das Fin",umap_backup_1-mai-berlin_aktualna16.umap#3
2009,DE,14:20,,Kreuzberg,Neukölln;Kreuzberg,R1M,dzielnicowa,mapa (opis wspolny dla lat),Revolutionäre 1. Mai,2009_DE_demonstracja_R1M,"2009 R1M 13:00 | 14:20 – Oranienplatz (start, over one hour delayed; ~300 participants; organised by Turkish and Maoist-Leninist groups) 15:20 – Sonnenallee, Neukölln (march lost ~1/4 of participants after leaving Kreuzberg; ~few hundred remaining; diverse: children, old communists, Kurds, Turks, Spaniards, Africans; almost no audience on Sonnenallee) 16:",1__mai_berlin_aktualna_15_.geojson#22
2009,DE,17:00,,Kreuzberg,,R1M,dzielnicowa,mapa (opis wspolny dla lat),Revolutionäre 1. Mai,2009_DE_demonstracja_R1M_a,"2009 Revolutionäre Demo 18:00 | 17:00 – Reichenberger Straße, south side of Kottbusser Tor: auftakt rally begins; high degree of masking noted in front block (~1,000–2,000 participants in front section) 19:00 – march departs towards Mariannenstraße 19:10 – Mariannenstraße/Skalitzerstraße: first stone and bottle throwing directed at police securing the Aral petrol statio",1__mai_berlin_aktualna_15_.geojson#51
2009,DE,18:00,,Kreuzberg,Kreuzberg;Neukölln,Revolutionäre 1. Mai,dzielnicowa,korpus,Scenariusz,,18 Uhr Kreuzberg: Revolutionäre 1. Mai-Demo. Start am Kottbusser Tor mit Konzert. Ab ca. 19 Uhr durch Kreuzberg und Neukölln und zurück.,DE_1990-2019.md:5999
2010,DE,09:00,,,,DGB,,korpus,Scenariusz / Scenariusz DGB,,9:00 Uhr: Treffen aller DGB-Gewerkschaften zu den gemeinsamen Demonstrationszügen Aufstellung in der Kleiststraße zwischen Wittenbergplatz und Kreuzung An der Urania,DE_1990-2019.md:6083
2010,DE,09:00,,,,DGB,,korpus,Scenariusz / Scenariusz DGB,,"Treff: 09:00 Uhr, DGB-Haus, Keithstraße 1-3, Ecke Kleiststraße Start: 10:00 Uhr, Kleiststraße Richtung Nollendorfplatz Ziel: ca. 11:30 Uhr, Bühne am Brandenburger Tor",DE_1990-2019.md:6089
2010,DE,09:00,,,,DGB,,korpus,Scenariusz / Scenariusz DGB,,"Treff: 09:00 Uhr, DGB-Haus, Keithstraße 1-3 Start: 10:00 Uhr, Kleiststraße Richtung Nollendorfplatz Ziel: ca. 11:30 Uhr, Bühne am Brandenburger Tor",DE_1990-2019.md:6107
2010,DE,09:00,,Schöneberg,,DGB,dzielnicowa,mapa,DGB,2010_DE_korso_DGB,"2006; 2008-2010 DGB Fahrrad Korso | 2010 – 1. Mai-Fahrrad-Korso 2010 Mai-Fahrrad-Korso vom DGB-Gewerkschaftshaus am Wittenbergplatz zum Brandenburger Tor Treff: 09:00 Uhr, DGB-Haus, Keithstraße 1-3, Ecke Kleiststraße Start: 10:00 Uhr, Kleiststraße Richtung Nollendorfplatz Ziel: ca. 11:30 Uhr, Bühne am Brandenburger Tor Die ersten 50 Anmelder erhalten am Start kostenlos eine",1__mai_berlin_aktualna_14_.geojson#93
2010,DE,09:00,,Schöneberg,,DGB,dzielnicowa,mapa (opis wspolny dla lat),DGB,2010_DE_korso_DGB_a,"2008; 2010 Motorrad Demo | 2008 (assumed the same route as 2009 and 2011) 1. Mai-Fahrrad-Korso vom DGB-Gewerkschaftshaus am Wittenbergplatz zum Brandenburger Tor Treff: 09:00 Uhr, DGB-Haus, Keithstraße 1-3, Ecke Kleiststraße Start: 10:00 Uhr, Kleiststraße Richtung Nollendorfplatz 2010 Attendance 80 (TsG)",1__mai_berlin_aktualna_14_.geojson#105
2010,DE,10:00,,Schöneberg,Schöneberg,,dzielnicowa,korpus,Scenariusz / Blokada Nazi,,"Pierwsi blokujący pojawiają się na Bösebrucke już około godziny 10 rano; ogólnie liczba blokujących znacząco przewyższa liczbę uczestników demonstracji nazistowskiej. Ci próbują zmylić policję, 300 osób udaje się na Schöneberg gdzie dochodzi do zamieszek z ich udziałem (Zeit)",DE_1990-2019.md:6189
2010,DE,11:00,,,,,,korpus,Scenariusz / Scenariusz DGB,,11:00 Uhr bis 18:00 Uhr,DE_1990-2019.md:6137
2010,DE,11:00,18:00,Tiergarten,,DGB,centralna,mapa (opis wspolny dla lat),DGB,2010_DE_festyn_DGB,"DGB Maifest 2010 | Im Anschluss an seine Kundgebung zum Tag der Arbeit lädt der Deutsche Gewerkschaftsbund (DGB) am Brandenburger Tor/Straße des 17. Juni zum Familienfest. 11-18 Uhr, Eintritt frei. (Berliner Zeitung)",1__mai_berlin_aktualna_14_.geojson#28
2010,DE,11:30,,,,DGB,,korpus,Scenariusz / Scenariusz DGB,,"Beginn: ca. 11:30 Uhr Hauptrede: Doro Zinke, Vorsitzende des DGB Bezirk Berlin-Brandenburg Anschl. Bühnenprogramm bis 18:00 Uhr: Talk, Live-Musik, Dance, Kabarett, …",DE_1990-2019.md:6123
2010,DE,12:00,,Gesundbrunnen,,NPD,centralna,mapa (opis wspolny dla lat),Neo-Nazi May Day,2010_DE_demonstracja_NPD,"2010 – planned route of NPD demonstration | 2010 – 12:00, 1.05 NPD demonstration route. S-Bhf Bornholmer Strasse – S-Bhf Landsberger Strasse (taz 30.4) 16.40 Uhr: Rückzug. Die Demo der Rechtsextremen muss auf Höhe der Seelower Straße umdrehen. Noch auf der Bornholmer Straße machen die Demonstranten kehrt, ohne die Schönhauser Allee erreicht zu haben. (Tagesspiegel liveticker)",1__mai_berlin_aktualna_13_.geojson#11
2010,DE,13:20,,Kreuzberg,Kreuzberg;Prenzlauer Berg,R1M,dzielnicowa,mapa (opis wspolny dla lat),Revolutionäre 1. Mai,2010_DE_demonstracja_R1M,"2010 13:00 Demo | 13:20 Berlin-Kreuzberg, Oranienplatz Eine Handvoll Maoisten hat sich auf dem Oranienplatz versammelt. ""Sonst war hier viel mehr los"", sagt eine Anwohnerin, die im Bioladen an der Ecke arbeitet, ""heute ist es höchstens ein Bruchteil. Nicht einmal die Wiese ist voll."" Die Maoisten wollen anschließend zum Kottbusser Tor laufen. 13:50, Berlin",1__mai_berlin_aktualna_15_.geojson#23
2010,DE,13:45,,Prenzlauer Berg,Prenzlauer Berg,NPD,dzielnicowa,mapa (opis wspolny dla lat),Neo-Nazi May Day,2010_DE_demonstracja_NPD_a,"2010 NPD Demo | 13.45 Uhr: Die Kundgebung der Neonazis in Prenzlauer Berg hat begonnen. 300 Rechtsextreme haben sich inzwischen versammelt. Ein Redner spricht weitschweifig über die Reconquista, die Rückeroberung Spaniens von den muslimischen Besatzern im Mittelalter. Das Ganze wird übertönt durch Reggae-Musik und Kochtopfklappern von umliegenden Balkone",1__mai_berlin_aktualna_13_.geojson#12
2010,DE,14:00,,,,Walpurgisnacht,,mapa,Walpurgisnacht,2010_DE_wiec_Walpurgisnacht-Antikapitalistische-Walpurgisnacht,Antikapitalistische Walpurgisnacht | 2010 –30.4. 14:00 Konzert und Kundgebung Reclaim the Kiez (taz 30.4),1__mai_berlin_aktualna_11_.geojson#23
2010,DE,15:00,,Mitte,Mitte;Prenzlauer Berg,DGB,dzielnicowa,korpus,Scenariusz,,"15.00 Uhr: Der Deutsche Gewerkschafts-Bund gibt die Teilnehmerzahlen seiner 1.-Mai-Demo durch Mitte bekannt - und zwar nach Verkehrsmitteln gestaffelt: Über 6000 Menschen haben sich beteiligt, darunter 100 Radler, über 80 Motorradfahrer und einige Inline-Skater. Beim Maifest auf der Straße des 17. Juni waren demnach 12.000 Menschen. Das Motto der Kundgebungen: „Wir gehen vor! Gute Arbeit – Gerecht",DE_1990-2019.md:6074
2010,DE,17:00,,Niederschöneweide,,,dzielnicowa,mapa (opis wspolny dla lat),Neo-Nazi May Day,2010_DE_demonstracja_NIEZNANY_b,"2010 – Demonstration against Zum Henker bar | 2010 – 30.4, 17:00 (taz 30.4)",1__mai_berlin_aktualna_13_.geojson#34
2010,DE,18:00,,Kreuzberg,,R1M,dzielnicowa,mapa (opis wspolny dla lat),Revolutionäre 1. Mai,2010_DE_demonstracja_R1M_a,"2010 R1M 18:00. *Die Krise beenden – Kapitalismus abschaffen | 2010 R1M – 18:00. Kottbusser Dam – Spreewaldplatz (taz 30.4) Attendance: 10000 (police, via Tagesspiegel ticker) 15000 (Umbruch Archiv)",1__mai_berlin_aktualna_15_.geojson#52
2011,DE,09:00,,Schöneberg,,DGB,dzielnicowa,mapa (opis wspolny dla lat),DGB,2011_DE_korso_DGB,"2011 DGB Fahrrad-Korso | Treff: 09:00 Uhr, DGB-Haus, Keithstraße 1-3, Ecke Kleiststraße Start: 10:00 Uhr, Kleiststraße Richtung Nollendorfplatz Ziel: ca. 11:30, Bühne am Brandenburger Tor ANMELDUNG Route: START 10:00 Uhr Keithstraße → Kleiststraße → Bülowstraße → Potsdamer Straße → Potsdamer Platz → Stresemannstraße → Mehringbrücke → Tempelhofer Ufer → Waterloo-U",1__mai_berlin_aktualna_14_.geojson#95
2011,DE,09:00,,Schöneberg,Moabit,DGB,dzielnicowa,mapa (opis wspolny dla lat),DGB,2011_DE_korso_DGB_a,"2009;2011 Motorrad Demo | 2009 – vom DGB - Gewerkschaftshaus am Wittenbergplatz zum Brandenburger Tor Treff: 09:00 Uhr, DGB-Haus, Keithstraße 1-3, Ecke Kleiststraße Start: 10:00 Uhr, Kleiststraße Richtung Nollendorfplatz START: Kleiststraße → An der Urania → Kurfürstenstraße → Potsdamer Straße → Potsdamer Platz → Stresemannstraße → Wilhelmstraße → Mehringbrücke → ",1__mai_berlin_aktualna_14_.geojson#106
2011,DE,09:00,,Schöneberg,,DGB,dzielnicowa,mapa (opis wspolny dla lat),DGB,2011_DE_korso_DGB_b,"2011 DGB Inlineskate-Korso | Treff: 09:00 Uhr, DGB-Haus, Keithstraße 1-3, Ecke Kleiststraße Start: 10:00 Uhr, Kleiststraße Richtung Nollendorfplatz Ziel: ca. 11:30, Bühne am Brandenburger Tor ANMELDUNG Route: START 10:00 Uhr Keithstraße → Kleiststraße → Bülowstraße → Potsdamer Straße → Potsdamer Platz → Stresemannstraße → Mehringbrücke → Tempelhofer Ufer → Waterloo-U",1__mai_berlin_aktualna_14_.geojson#116
2011,DE,11:30,,Tiergarten,,DGB,centralna,mapa (opis wspolny dla lat),DGB,2011_DE_festyn_DGB,"DGB Maifest 2011 | Beginn: ca. 11:30 Uhr vor dem Brandenburger Tor auf dem Platz des 18.März (Straße des 17. Juni) Hauptrede: Annelie Buntenbach, Mitglied des DGB Bundesvorstandes Anschließend Bühnenprogramm bis 18:00 Uhr Talk, Live-Musik, Dance, Bands: mit Nina Hagen und Band ruheSTörung, Art of Dance, BiBA & die Butzemänner, Jörg Erb & Bernard G. Mulla",1__mai_berlin_aktualna_14_.geojson#29
2011,DE,12:30,,Mitte,,,centralna,mapa (opis wspolny dla lat),Other events,2011_DE_demonstracja_FAU-Spaziergang-gegen-Leiharbeit,"FAU 2011. Spaziergang gegen Leiharbeit | 12:30 Attendance: 50 (nd) 120 (FAU) m 1.Mai führte die FAU Berlin einen Spaziergang gegen Leiharbeit durch, an dem sich bis zu 120 TeilnehmerInnen beteiligten. Beginnend beim Bundesverband Leiharbeit, wo die aktuelle Entwicklung in der Leiharbeitsbranche beleuchtet wurde, ging es danach zum Arbeitgeberverband Mittelständischer Personald",umap_backup_1-mai-berlin_aktualna16.umap#15
2011,DE,14:00,,,,Walpurgisnacht,,mapa (opis wspolny dla lat),Walpurgisnacht,2011_DE_festyn_Walpurgisnacht-Antikapitalistische-Walpurgisnacht-Fest-,"Antikapitalistische Walpurgisnacht Fest, Wismarplatz | 2011 – 30.4. 14:00 Konzert und Kundgebung ""Finger weg von unserem Kiez! Boxi zurück! (taz 30.4)",1__mai_berlin_aktualna_11_.geojson#24
2011,DE,16:00,,Kreuzberg,,R1M,dzielnicowa,mapa (opis wspolny dla lat),Revolutionäre 1. Mai,2011_DE_demonstracja_R1M,Sponti 2011 (route unknown) | 16:00 Attendance: 1000 (Umbruch),1__mai_berlin_aktualna_15_.geojson#5
2011,DE,16:30,,Mitte,,Walpurgisnacht,centralna,mapa (opis wspolny dla lat),Walpurgisnacht,2011_DE_demonstracja_Walpurgisnacht-Walpurgisnacht-Wir-Bleiben-Alle,"2011 Walpurgisnacht ""Wir Bleiben Alle!"" | 2011 – 30.4, 16:30. Wir bleiben alle, Rosenthaler Platz- Danziger Strasse. Koniec blikso Mauerparku (taz 30.4) Attendance: 700 (taz)",1__mai_berlin_aktualna_11_.geojson#13
2011,DE,18:00,,Kreuzberg,,R1M,dzielnicowa,mapa (opis wspolny dla lat),Revolutionäre 1. Mai,2011_DE_demonstracja_R1M_a,"2011 R1M – Heraus zum revolutionären 1. Mai - für die sozial | 2011 – 18:00, Kottbusser Brücke-U-Bahnhof Südstern (taz 30.4; Polizeiliche Maßnahmen 2011) Attendance: 10000 (taz) 15000 (Umbruch)",1__mai_berlin_aktualna_15_.geojson#53
2012,DE,09:00,,,,,,korpus,Wydarzenia / DGB / Europa spart falsch - Gewerkschaftsarbeit aktueller denn je! [@DGBRegionBerlin2012] / **Veranstaltungen in Berlin:**,,"9:00 Uhr: Treffen zu den Demos, Auftakt, Musik",DE_1990-2019.md:6363
2012,DE,09:00,,Mitte,,DGB,centralna,mapa (opis wspolny dla lat),DGB,2012_DE_korso_DGB,"2012-2014; 2016 DGB Fahrradkorso | 2012-2016 assumed the same route as 2017: Ein Korso für Skater und Radler beginnt um 9 Uhr an der Spandauer Straße. Er führt über die Invalidenstraße und die Kurfürstenstraße zum Brandenburger Tor. (Berliner Zeitung, 30.04) 2012 „Um 10 Uhr sollen an der Spandauer Straße ein Motorrad- und ein Fahrrad-Korso … Die Route verläuft über die Ora",1__mai_berlin_aktualna_14_.geojson#96
2012,DE,10:00,,,,,,korpus,Wydarzenia / DGB / Europa spart falsch - Gewerkschaftsarbeit aktueller denn je! [@DGBRegionBerlin2012] / **Veranstaltungen in Berlin:**,,10:00 Uhr: Start der Demos Hackescher Markt,DE_1990-2019.md:6366
2012,DE,10:00,,Mitte,,DGB,centralna,mapa (opis wspolny dla lat),DGB,2012_DE_korso_DGB_a,"2012-2014;2016 Motorradkorso  | Assumed the same route as 2017 2012 10:00 Uhr: Start der Demos Hackescher Markt Motorrad-Korso, Fahrrad-Korso, Skater-Demo Demonstrationszug zum Brandenburger Tor (DGB Einladung 2012) 2013 10:00 Uhr: Start der Demos Hackescher Markt Motorrad-Korso, Fahrrad-Korso, Skater-Demo Demonstrationszug zum Brandenburger Tor (DGB Einladung 2013) 201",1__mai_berlin_aktualna_14_.geojson#107
2012,DE,11:30,,,,,,korpus,Wydarzenia / DGB / Europa spart falsch - Gewerkschaftsarbeit aktueller denn je! [@DGBRegionBerlin2012] / **Veranstaltungen in Berlin:**,,11:30 Uhr: Mai-Kundgebung Platz des 18. März,DE_1990-2019.md:6370
2012,DE,11:30,,Mitte,,DGB,centralna,mapa (opis wspolny dla lat),DGB,2012_DE_festyn_DGB,"DGB Maifest 2012 | Europa spart falsch - Gewerkschaftsarbeit aktueller denn je! (DGB Region Berlin | Tag Der Arbeit 2012, 2012) 11:30 Uhr: Mai-Kundgebung Platz des 18. März Bühne vor dem Brandenburger Tor Hauptrede: Ulrich Thöne, Vorsitzender der GEW Gastrede vom Spanischen Gewerkschaftsbund CCOO Anschließend Maifest mit Infomarkt Straße des 17. Juni mit Bi",1__mai_berlin_aktualna_14_.geojson#30
2012,DE,13:00,,,,,,korpus,Wydarzenia,,"Po raz pierwszy od 1988 nie odbywa się demonstracja o godzinie 13. Organizowana dotychczas przez grupy maoistowskie, zostaje odwołana z powodu braku wsparcia dla organizatorów",DE_1990-2019.md:6340
2012,DE,18:00,,Kreuzberg,Mitte,R1M,dzielnicowa,mapa (opis wspolny dla lat),Revolutionäre 1. Mai,2012_DE_demonstracja_R1M_a,"2012 R1M | 2012 – 18:00, R1M Route durch der Mitte. Koniec na Bebelplatz “So sollte der Aufzug an der Arbeitsagentur Mitte, an der Wohnungsbaugesellschaft GSW und am Bundesfinanzministerium vorbei führen, die für „Ämter-Willkür“, „soziale Vertreibung“ und „unsoziale Europapolitik“ stünden. Nicht genehmigt wurde dagegen das direkte Passieren des Axel",1__mai_berlin_aktualna_15_.geojson#54
2012,DE,19:00,,,,,,korpus,Wydarzenia / DGB / Europa spart falsch - Gewerkschaftsarbeit aktueller denn je! [@DGBRegionBerlin2012] / **Veranstaltungen in Berlin:**,,bis 19:00 Uhr: Kinder- und Familienfest,DE_1990-2019.md:6379
2013,DE,09:00,,,,,,korpus,Scenariusz,,"9:00 Uhr: Treffen zu den Demos, Auftakt, Musik",DE_1990-2019.md:6550
2013,DE,09:00,,Mitte,,DGB,centralna,mapa (opis wspolny dla lat),DGB,2013_DE_korso_DGB,"2012-2014; 2016 DGB Fahrradkorso | 2012-2016 assumed the same route as 2017: Ein Korso für Skater und Radler beginnt um 9 Uhr an der Spandauer Straße. Er führt über die Invalidenstraße und die Kurfürstenstraße zum Brandenburger Tor. (Berliner Zeitung, 30.04) 2012 „Um 10 Uhr sollen an der Spandauer Straße ein Motorrad- und ein Fahrrad-Korso … Die Route verläuft über die Ora",1__mai_berlin_aktualna_14_.geojson#96
2013,DE,10:00,,,,,,korpus,Scenariusz,,10:00 Uhr: Start der Demos Hackescher Markt,DE_1990-2019.md:6553
2013,DE,10:00,,Mitte,,DGB,centralna,mapa (opis wspolny dla lat),DGB,2013_DE_festyn_DGB,"DGB Maifest 2013 | Bühnenprogramm REDEN 10:00 Uhr Erste Ansagen: Demo ist losgegangen ... Dazwischen immer Musik von CD 11:00 Uhr Begrüßung: Karsten Berlin: Erste Moderation Meldungen von den Demos, Europa ... 11:15 Uhr Begrüßung von Motorrad-Korso und Fahrrad-Korso 11:30 Uhr: Mai-Kundgebung Platz des 18. März Bühne vor dem Brandenburger Tor Doro Zinke, Vor",1__mai_berlin_aktualna_14_.geojson#31
2013,DE,10:00,,Mitte,,DGB,centralna,mapa (opis wspolny dla lat),DGB,2013_DE_korso_DGB_a,"2012-2014;2016 Motorradkorso  | Assumed the same route as 2017 2012 10:00 Uhr: Start der Demos Hackescher Markt Motorrad-Korso, Fahrrad-Korso, Skater-Demo Demonstrationszug zum Brandenburger Tor (DGB Einladung 2012) 2013 10:00 Uhr: Start der Demos Hackescher Markt Motorrad-Korso, Fahrrad-Korso, Skater-Demo Demonstrationszug zum Brandenburger Tor (DGB Einladung 2013) 201",1__mai_berlin_aktualna_14_.geojson#107
2013,DE,11:30,,,,,,korpus,Scenariusz,,11:30 Uhr: Mai-Kundgebung Platz des 18. März,DE_1990-2019.md:6557
2013,DE,17:21,,Kreuzberg,Kreuzberg,R1M,dzielnicowa,mapa (opis wspolny dla lat),Revolutionäre 1. Mai,2013_DE_demonstracja_R1M,"2013 Spontandemo | “17.21 Uhr Spontandemo auf dem Myfest Eine Gruppe Autonomer, geschätzt 700 bis 800, hat sich zu einer Spontandemo über das Myfest formiert. An der Waldemarstraße fliegen zwei Steine, die Polizei behält die Lage aber unter Kontrolle. Aufforderungen an die Besucher des Festes, sich der Demo anzuschließen, werden durchweg ignoriert. Niemand ",1__mai_berlin_aktualna_15_.geojson#2
2013,DE,19:00,,,,,,korpus,Scenariusz,,"bis 19:00 Uhr: Kinder-, Jugend- und Familienfest",DE_1990-2019.md:6568
2013,DE,19:18,,Kreuzberg,Kreuzberg,R1M,dzielnicowa,mapa (opis wspolny dla lat),Revolutionäre 1. Mai,2013_DE_demonstracja_R1M_a,"2013 R1M | 2013 – 18 R1M Demo Rute; (taz 30.4) 19:18. Berlin/Kreuzberg. Die „Revolutionäre 1. Mai""-Demo läuft mit mehreren Tausend Menschen die Eisenbahnstraße entlang. Damit läuft die Demonstration parallel zu der ursprünglich geplanten Route.” (taz liveticker) Attendance:",1__mai_berlin_aktualna_15_.geojson#55
2013,DE,20:57,,Gesundbrunnen,,Walpurgisnacht,centralna,mapa (opis wspolny dla lat),Walpurgisnacht,2013_DE_demonstracja_Walpurgisnacht-Walpurgisnacht-take-back-the-city,"2013 Walpurgisnacht take back the city | Badstraße (start marszu ok. 20:57, Behmstraße/Badstraße) Buttmannstraße (skręt w lewo ok. 21:06) Pankstraße (wysokość Abschnitt 36 / Polizeidirektion 3 ok. 21:17) Wiesenstraße (akcje na dachach w trakcie przejścia) Schererstraße (róg Adolfstraße, Zwischenkundgebung ok. 21:41, obok Scherer8) Müllerstraße (róg Utrechter Straße ok. 22:11) Se",1__mai_berlin_aktualna_11_.geojson#15
2014,DE,09:00,,Mitte,,DGB,centralna,mapa (opis wspolny dla lat),DGB,2014_DE_korso_DGB,"2012-2014; 2016 DGB Fahrradkorso | 2012-2016 assumed the same route as 2017: Ein Korso für Skater und Radler beginnt um 9 Uhr an der Spandauer Straße. Er führt über die Invalidenstraße und die Kurfürstenstraße zum Brandenburger Tor. (Berliner Zeitung, 30.04) 2012 „Um 10 Uhr sollen an der Spandauer Straße ein Motorrad- und ein Fahrrad-Korso … Die Route verläuft über die Ora",1__mai_berlin_aktualna_14_.geojson#96
2014,DE,10:00,,Mitte,,DGB,centralna,mapa (opis wspolny dla lat),DGB,2014_DE_korso_DGB_a,"2012-2014;2016 Motorradkorso  | Assumed the same route as 2017 2012 10:00 Uhr: Start der Demos Hackescher Markt Motorrad-Korso, Fahrrad-Korso, Skater-Demo Demonstrationszug zum Brandenburger Tor (DGB Einladung 2012) 2013 10:00 Uhr: Start der Demos Hackescher Markt Motorrad-Korso, Fahrrad-Korso, Skater-Demo Demonstrationszug zum Brandenburger Tor (DGB Einladung 2013) 201",1__mai_berlin_aktualna_14_.geojson#107
2014,DE,11:30,,Mitte,,DGB,centralna,mapa (opis wspolny dla lat),DGB,2014_DE_festyn_DGB,"DGB Maifest 2014 | 11:30 Uhr: Mai-Kundgebung auf dem Platz des 18. März Begrüßung: Christian Hoßbach, Stellv. Vorsitzender DGB Berlin-Brandenburg Hauptrede: Irene Schulz, IG Metall Vorstand Außerdem: Weitere aktuelle Beiträge aus den Gewerkschaften Anschließend: Maifest mit Infomarkt in der Straße des 17. Juni Auf der Bühne: BiBA & die Butzemänner Die Party",1__mai_berlin_aktualna_14_.geojson#32
2014,DE,13:08,,,,,,mapa (opis wspolny dla lat),Other events,2014_DE_wiec_1st-of-May-Rave-Gorli,"1st of May Rave Görli | 2014 13.08 Uhr: Im Görlitzer Park soll es mehrere illegale Bühnen geben, die derzeit von der Polizei kontrolliert werden. (Berliner Stimme) 2015 18.10 Uhr - Tausende auch abseits des offiziellen Myfestes unterwegs: Im Görlitzer Park scharen sich die Leute um den Pamukkale-Brunnen. Zu Dutzenden sitzen Menschen auf dem weißen Dach des Edelw",umap_backup_1-mai-berlin_aktualna16.umap#5
2014,DE,17:00,,Kreuzberg,,R1M,dzielnicowa,mapa (opis wspolny dla lat),Revolutionäre 1. Mai,2014_DE_demonstracja_R1M,"2014 unauthorised demonstration | “Um 17.00 Uhr startete die Demo am Feuerwehrbrunnen am Mariannenplatz und zog von dort aus kreuz und quer durch das ""Myfest"". In der Manteuffelstraße und in der Skalitzer Straße versuchten einzelne Beamte den Aufzug zu stoppen, in dem sie sich der Demonstration in den Weg stellten, jedoch ohne Erfolg. Die Demonstration wuchs auf über 2.00",1__mai_berlin_aktualna_15_.geojson#3
2014,DE,18:00,,Kreuzberg,,R1M,dzielnicowa,mapa (opis wspolny dla lat),Revolutionäre 1. Mai,2014_DE_demonstracja_R1M_a,2014 Revolutionäre 1. Mai Demo | 18:00 (taz 29.04.14) Attendance: 19000 (police) 25000 (organisers),1__mai_berlin_aktualna_15_.geojson#56
2015,DE,09:00,,Mitte,Tiergarten,DGB,centralna,mapa (opis wspolny dla lat),DGB,2015_DE_korso_DGB,2015 DGB Fahrradkorso | 2015 DGB Fahrradkorso 300 rolkarzy i rowerzystów Godz.: 09:00–11:20 (start 10:00) Pełna trasa: start od Wyspy Muzeów (Museumsinsel) → rejon Hackescher Hof → Zoo Berlin (Tiergarten Garten) → przez Potsdamer Platz → Brandenburger Tor (otoa.com; wygląda na wersję skróconą; odpowiada trasie z 2017) Ein Korso für Skater und Radler beginnt um 9,1__mai_berlin_aktualna_14_.geojson#97
2015,DE,09:00,,Mitte,Mitte;Kreuzberg,DGB,centralna,mapa (opis wspolny dla lat),DGB,2015_DE_korso_DGB_a,"2015 Motorradkorso  | Route via https://www.otoa.com/ 2015 ■ Zarys demonstracji zaplanowanej na 1 maja ◎ Demonstracja motocyklowa zorganizowana przez Niemiecki Związek Zawodowy (DGB) 〔Uczestnicy〕 Około 200 motocykli 〔Godziny〕 09:00–11:20 (początek o godz. 10:00) 〔Trasa〕 Początek na Spandauer Str. (ulica w pobliżu Wyspy Muzeów), przejazd przez dzielnicę Mitte. ",1__mai_berlin_aktualna_14_.geojson#108
2015,DE,10:00,,,,MyFest;DGB,,korpus,Scenariusz,,"Am kommenden Freitag wird - neben dem MyFest und den üblichen Demos - auch wieder der Tag der Arbeit begangen. Unter dem Motto ""Die Arbeit der Zukunft gestalten wir!"" mobilisiert der DGB um 10 Uhr zum Hackeschen Markt. Auf Motorrädern, Fahrrädern, Inlineskates oder zu Fuß geht es zum Brandenburger Tor, wo um 11.30 Uhr eine Kundgebung geplant ist. An Bratwürsten und Hüpfburgen dürfte es nicht mange",DE_1990-2019.md:6721
2015,DE,10:00,,Mitte,Mitte,DGB,dzielnicowa,korpus,Scenariusz,,"Etwa 3000 Gewerkschafter zogen ab 10 Uhr durch Mitte, danach versammelten sie sich zur 1. Mai-Kundgebung des Deutschen Gewerkschaftsbundes (DGB) am Brandenburger Tor.",DE_1990-2019.md:6723
2015,DE,12:00,,Neu-Hohenschönhausen,Hohenschönhausen;Marzahn,NPD,dzielnicowa,mapa (opis wspolny dla lat),Neo-Nazi May Day,2015_DE_wiec_NPD_a,2015 NPD Kundgebung | 2015 – Die NPD plant zwei kleinere Kundgebungen – ab 12 Uhr in Hohenschönhausen an der Zingster Straße/Ecke Falkenberger Chaussee (Nahe S-Hohenschönhausen) sowie im Anschluss in Marzahn am Ahrensfelder Platz (nahe S-Ahrensfelde). Antifa-Demo und Kundgebungen gegen die NPD – anschließend NPD-Kundgebung in Marzahn stören. Vortreffpunkt für ,1__mai_berlin_aktualna_13_.geojson#17
2015,DE,12:37,,,,,,korpus,Młodzieżówka przygotowuje z okazji 1. Maja komiks o historii święta,,2026-08-1712:37 pm,DE_1990-2019.md:6785
2015,DE,12:46,,,,,,korpus,Młodzieżówka przygotowuje z okazji 1. Maja komiks o historii święta,,2026-08-1712:46 pm,DE_1990-2019.md:6792
2015,DE,12:47,,,,,,korpus,Młodzieżówka przygotowuje z okazji 1. Maja komiks o historii święta,,2026-08-1712:47 pm,DE_1990-2019.md:6798
2015,DE,12:48,,,,,,korpus,Młodzieżówka przygotowuje z okazji 1. Maja komiks o historii święta,,2026-08-1712:48 pm,DE_1990-2019.md:6803
2015,DE,13:08,,,,,,mapa (opis wspolny dla lat),Other events,2015_DE_wiec_1st-of-May-Rave-Gorli,"1st of May Rave Görli | 2014 13.08 Uhr: Im Görlitzer Park soll es mehrere illegale Bühnen geben, die derzeit von der Polizei kontrolliert werden. (Berliner Stimme) 2015 18.10 Uhr - Tausende auch abseits des offiziellen Myfestes unterwegs: Im Görlitzer Park scharen sich die Leute um den Pamukkale-Brunnen. Zu Dutzenden sitzen Menschen auf dem weißen Dach des Edelw",umap_backup_1-mai-berlin_aktualna16.umap#5
2015,DE,13:30,,Neu-Hohenschönhausen,,NPD,dzielnicowa,mapa (opis wspolny dla lat),Neo-Nazi May Day,2015_DE_kontra_NPD,2015 – NPD Counterdemonstration | 12-13:30 (taz 30.04),1__mai_berlin_aktualna_13_.geojson#37
2015,DE,14:00,,Marzahn,Hohenschönhausen;Marzahn,NPD,dzielnicowa,mapa (opis wspolny dla lat),Neo-Nazi May Day,2015_DE_wiec_NPD,"2015 NPD Kundgebung | 14:00, 2015 – Die NPD plant zwei kleinere Kundgebungen – ab 12 Uhr in Hohenschönhausen an der Zingster Straße/Ecke Falkenberger Chaussee (Nahe S-Hohenschönhausen) sowie im Anschluss in Marzahn am Ahrensfelder Platz (nahe S-Ahrensfelde). Antifa-Demo und Kundgebungen gegen die NPD – anschließend NPD-Kundgebung in Marzahn stören. (taz 30.04.",1__mai_berlin_aktualna_13_.geojson#16
2015,DE,17:06,,Kreuzberg,,R1M,dzielnicowa,mapa (opis wspolny dla lat),Revolutionäre 1. Mai,2015_DE_demonstracja_R1M,"Sponti 2015 | 17.06 Uhr - Schwarzer Block sammelt sich: Klingt komisch, ist aber so. Jedes Jahr um 17 Uhr wird auf dem Myfest die Spontandemo der Linksextremen erwartet. Dieses Jahr gab es im Netz keinen Aufruf. Allerdings haben sich inzwischen etwa drei Dutzend Angehörige des schwarzen Blocks am traditionellen Treffpunkt versammelt, der Bushaltestelle",1__mai_berlin_aktualna_15_.geojson#7
2015,DE,17:57,,Kreuzberg,Kreuzberg,,dzielnicowa,korpus,Scenariusz / TAZ relacja na żywo,,17.57 Uhr: Berlin – Spontandemo in Kreuzberg,DE_1990-2019.md:6742
2015,DE,18:00,,Kreuzberg,Kreuzberg,,dzielnicowa,korpus,Scenariusz / TAZ relacja na żywo,,"Kurz vor Beginn der „Revolutionären 1. Mai-Demonstration“ in Berlin hat es am Freitag einen spontanen Aufzug linker Gruppen gegeben. Etwa 100 Teilnehmer zogen über das Gelände des Myfestes in Kreuzberg, wie ein Polizeisprecher sagte. Die Demonstranten hätten sich im Anschluss an den Startpunkt der Demonstration am Spreewaldplatz begeben. Dort solle um 18 Uhr der traditionelle Protestzug mit einer ",DE_1990-2019.md:6744
2015,DE,18:00,,,,,,korpus,Młodzieżówka przygotowuje z okazji 1. Maja komiks o historii święta,,- Rok 1987 i spalenie Bolle jako osobny punkt – początek 18 Uhr Demonstration,DE_1990-2019.md:6780
2015,DE,18:30,,Wedding,Wedding;Mitte;Kreuzberg,DGB,dzielnicowa,korpus,Scenariusz / TAZ relacja na żywo,,"Aufruf beim KlassenkampfBlock Berlin(http://klassenkampfblock.blogsport.de/2015/04/07/1-mai-2015-wir-sind-ueberall-selbstorganisert-solidarisch-antikapitalistisch/) !externer Link(https://www.labournet.de/wp-content/uploads/2012/03/extern.gif ""externer Link"") mit folgenden Daten: 30.04. | Antikapitalistische-Demo »Organize!« 18.30 Uhr | Wedding | Leopoldplatz01.05. | DGB-Demo | Klassenkämpferische",DE_1990-2019.md:6747
2015,DE,18:30,,Wedding,,Walpurgisnacht,centralna,mapa (opis wspolny dla lat),Walpurgisnacht,2015_DE_demonstracja_Walpurgisnacht-Antikapitalistische-Walpurgisnacht,"2015 Antikapitalistische Walpurgisnacht | 2015 Antikapitalistische Walpurgisnacht. Trasa za taz 30.4. Start: 18:30 Straftaten wurden nur vereinzelt begangen, berichtete Polizeipräsident Klaus Kandt. In der Walpurgisnacht habe es 15 Festnahmen gegeben. ""Am Rande der Gegendemonstration zu den beiden NPD-Kundgebungen am Vormittag des 1. Mai wurden acht Verdächtige wegen gefährlicher",1__mai_berlin_aktualna_11_.geojson#17
2015,DE,18:31,,,,,,korpus,Scenariusz / TAZ relacja na żywo,,18.31 Uhr: Berlin – Symbolort Gerhart-Hauptmann-Schule,DE_1990-2019.md:6739
2016,DE,09:00,,Mitte,Mitte,DGB,dzielnicowa,korpus,"Scenariusz / Kundgebungen zum 30. April 2016, Walpurgisnacht / Kundgebungen zum 1. Mai 2016 (B.Z)",,"Berlin-Mitte: Traditioneller DGB-Aufzug, DGB-Aufzug als Motorrad-Korso und DGB-Aufzug als Fahrrad- und Skater-Korso, Beginn 9 Uhr. Die Strecke: Spandauer Straße / Karl-Liebknecht-Straße – Spandauer Straße – Mühlendamm – Gertraudenstraße – Leipziger Straße – Potsdamer Platz – Platz des 18. März",DE_1990-2019.md:6871
2016,DE,09:00,,Mitte,,DGB,centralna,mapa (opis wspolny dla lat),DGB,2016_DE_korso_DGB,"2012-2014; 2016 DGB Fahrradkorso | 2012-2016 assumed the same route as 2017: Ein Korso für Skater und Radler beginnt um 9 Uhr an der Spandauer Straße. Er führt über die Invalidenstraße und die Kurfürstenstraße zum Brandenburger Tor. (Berliner Zeitung, 30.04) 2012 „Um 10 Uhr sollen an der Spandauer Straße ein Motorrad- und ein Fahrrad-Korso … Die Route verläuft über die Ora",1__mai_berlin_aktualna_14_.geojson#96
2016,DE,10:00,,Mitte,Mitte,DGB,dzielnicowa,korpus,"Scenariusz / Kundgebungen zum 30. April 2016, Walpurgisnacht / Kundgebungen zum 1. Mai 2016 (B.Z)",,"Berlin-Mitte: DGB-Kundgebung, Beginn 10 Uhr. Die Strecke: Platz des 18. März, Straße des 17. Juni bis Yitzhak-Rabin-Straße und Ebetstraße bis Scheidemannstraße",DE_1990-2019.md:6872
2016,DE,10:00,,Pankow,Pankow,NPD,dzielnicowa,korpus,"Scenariusz / Kundgebungen zum 30. April 2016, Walpurgisnacht / Kundgebungen zum 1. Mai 2016 (B.Z)",,"Berlin-Pankow: Erste NPD-Kundgebung „Asylflut stoppen“ am Antonplatz, Beginn 10 Uhr",DE_1990-2019.md:6873
2016,DE,10:00,,Pankow,Pankow,,dzielnicowa,korpus,"Scenariusz / Kundgebungen zum 30. April 2016, Walpurgisnacht / Kundgebungen zum 1. Mai 2016 (B.Z)",,"Berlin-Pankow: Kundgebung Die Grünen „Pankow ist bunt und vielfältig“ auf der Berliner Allee, Beginn 10 Uhr",DE_1990-2019.md:6874
2016,DE,10:00,,Friedrichshain-Kreuzberg,Friedrichshain-Kreuzberg;Friedrichshain;Kreuzberg,,dzielnicowa,korpus,"Scenariusz / Kundgebungen zum 30. April 2016, Walpurgisnacht / Kundgebungen zum 1. Mai 2016 (B.Z)",,"Friedrichshain-Kreuzberg: Erste Myfest-Kundgebung auf der Oranienstraße inkl. Oranienplatz und Naunynstraße bis Adalsbertstraße, Zweite Myfest-Kundgebung von der Mariannenstraße / Naunynstraße bis Feuerwehrdenkmal, Dritte Myfest-Kundgebung auf der Waldemarstraße, zwischen Adalbertstraße und Mariannenplatz, Beginn jeweils 10 Uhr",DE_1990-2019.md:6875
2016,DE,10:00,,Friedrichshain-Kreuzberg,Friedrichshain-Kreuzberg;Friedrichshain;Kreuzberg,,dzielnicowa,korpus,"Scenariusz / Kundgebungen zum 30. April 2016, Walpurgisnacht / Kundgebungen zum 1. Mai 2016 (B.Z)",,"Friedrichshain-Kreuzberg: Kundgebung zur freien Musikäußerung, Beginn 10 Uhr",DE_1990-2019.md:6876
2016,DE,10:00,,Weißensee,,NPD,dzielnicowa,mapa (opis wspolny dla lat),Neo-Nazi May Day,2016_DE_demonstracja_NPD,2016 NPD „Asylflut stoppen“ | 10:00 (BZ 27.04) Jetzt Bärgida-Hymne „Wir sind das Volk“ bei Nazi-Kundgebung in Berlin b0105 nobaergida nonazis” (https://x.com/JFDAeV/status/726692549159706624),1__mai_berlin_aktualna_13_.geojson#18
2016,DE,10:00,,Weißensee,,Grüne,dzielnicowa,mapa (opis wspolny dla lat),Neo-Nazi May Day,2016_DE_wiec_Grune,"2016 Kundgebung Die Grünen „Pankow ist bunt und vielfältig“  | 10:00 (BZ, 27.04) Attendance: (Overall 900)",1__mai_berlin_aktualna_13_.geojson#42
2016,DE,10:00,,Mitte,,DGB,centralna,mapa (opis wspolny dla lat),DGB,2016_DE_korso_DGB_a,"2012-2014;2016 Motorradkorso  | Assumed the same route as 2017 2012 10:00 Uhr: Start der Demos Hackescher Markt Motorrad-Korso, Fahrrad-Korso, Skater-Demo Demonstrationszug zum Brandenburger Tor (DGB Einladung 2012) 2013 10:00 Uhr: Start der Demos Hackescher Markt Motorrad-Korso, Fahrrad-Korso, Skater-Demo Demonstrationszug zum Brandenburger Tor (DGB Einladung 2013) 201",1__mai_berlin_aktualna_14_.geojson#107
2016,DE,11:30,,Lichtenberg,Lichtenberg,,dzielnicowa,korpus,"Scenariusz / Kundgebungen zum 30. April 2016, Walpurgisnacht / Kundgebungen zum 1. Mai 2016 (B.Z)",,"Berlin-Lichtenberg: Kundgebung „Gemeinsam gegen Rassismus – Refugees Welcome“, Beginn 11.30 Uhr",DE_1990-2019.md:6877
2016,DE,11:30,,Neu-Hohenschönhausen,Lichtenberg,,dzielnicowa,mapa (opis wspolny dla lat),Neo-Nazi May Day,2016_DE_wiec_NIEZNANY_b,"2016 – Kundgebung „Gemeinsam gegen Rassismus – Refugees Welc | Berlin-Lichtenberg; Beginn 11.30 Uhr (BZ, 27.04)",1__mai_berlin_aktualna_13_.geojson#40
2016,DE,12:00,,Lichtenberg,Lichtenberg,NPD,dzielnicowa,korpus,"Scenariusz / Kundgebungen zum 30. April 2016, Walpurgisnacht / Kundgebungen zum 1. Mai 2016 (B.Z)",,"Berlin-Lichtenberg: Zweite NPD-Kundgebung „Asylflut stoppen“ am Prerower Platz (Falkenberger Chaussee / Rüdickenstraße), Beginn 12 Uhr",DE_1990-2019.md:6878
2016,DE,13:00,,Neukölln,Neukölln,,dzielnicowa,korpus,Konteksty i wydarzenia,,"Powraca demonstracja o godzinie 13, tym razem rusza z Neukölln",DE_1990-2019.md:6856
2016,DE,13:00,,Treptow-Köpenick,Treptow-Köpenick;Treptow;Köpenick,,dzielnicowa,korpus,"Scenariusz / Kundgebungen zum 30. April 2016, Walpurgisnacht / Kundgebungen zum 1. Mai 2016 (B.Z)",,"Treptow-Köpenick: Kundgebung „1. Mai – Nazifrei!“ am Busbahnhof Schöneweide, Beginn 13 Uhr",DE_1990-2019.md:6880
2016,DE,13:00,,Friedrichshain-Kreuzberg,Friedrichshain-Kreuzberg;Friedrichshain;Kreuzberg,Die Linke,dzielnicowa,korpus,"Scenariusz / Kundgebungen zum 30. April 2016, Walpurgisnacht / Kundgebungen zum 1. Mai 2016 (B.Z)",,"Friedrichshain-Kreuzberg: Kundgebung Die Linke am Mariannenplatz, vom Rondell in Höhe der Muskauer Straße bis Ende der Grünfläche vor der St. Thomas-Kirche, in Höhe der Wranglerstraße, Beginn 13 Uhr",DE_1990-2019.md:6881
2016,DE,13:08,,,,,,mapa (opis wspolny dla lat),Other events,2016_DE_wiec_1st-of-May-Rave-Gorli,"1st of May Rave Görli | 2014 13.08 Uhr: Im Görlitzer Park soll es mehrere illegale Bühnen geben, die derzeit von der Polizei kontrolliert werden. (Berliner Stimme) 2015 18.10 Uhr - Tausende auch abseits des offiziellen Myfestes unterwegs: Im Görlitzer Park scharen sich die Leute um den Pamukkale-Brunnen. Zu Dutzenden sitzen Menschen auf dem weißen Dach des Edelw",umap_backup_1-mai-berlin_aktualna16.umap#5
2016,DE,13:30,,Treptow,Treptow;Köpenick,,dzielnicowa,korpus,"Scenariusz / Kundgebungen zum 30. April 2016, Walpurgisnacht / Kundgebungen zum 1. Mai 2016 (B.Z)",,"Treptow Köpenick: Kundgebung „Schöner weiden ohne Nazis an der Brückenstraße / Schnellerstraße, Beginn 13.30 Uhr",DE_1990-2019.md:6882
2016,DE,13:30,,Treptow-Köpenick,Treptow-Köpenick;Treptow;Köpenick,,dzielnicowa,korpus,"Scenariusz / Kundgebungen zum 30. April 2016, Walpurgisnacht / Kundgebungen zum 1. Mai 2016 (B.Z)",,"Treptow-Köpenick: Kundgebung „1. Mai – Nazifreiheit!“ am Cajamarcaplatz auf dem Vorplatz des S-Bahnhof Schöneweide, Beginn 13.30 Uhr",DE_1990-2019.md:6883
2016,DE,13:30,,Niederschöneweide,,,dzielnicowa,mapa (opis wspolny dla lat),Neo-Nazi May Day,2016_DE_wiec_NIEZNANY_a,"2016 – Kundgebung „1. Mai – Nazifreiheit!“ am Cajamarcaplatz | auf dem Vorplatz des S-Bahnhof Schöneweide, Beginn 13.30 Uhr (BZ 27.04)",1__mai_berlin_aktualna_13_.geojson#39
2016,DE,13:30,,Niederschöneweide,,,dzielnicowa,mapa (opis wspolny dla lat),Neo-Nazi May Day,2016_DE_wiec_NIEZNANY_c,"2016 – Kundgebung „Schöner weiden ohne Nazis"" | Beginn 13.30 Uhr an der Schnellerstrasse/Brückenstrasse",1__mai_berlin_aktualna_13_.geojson#41
2016,DE,15:00,,Neukölln,Neukölln,,dzielnicowa,korpus,"Scenariusz / Kundgebungen zum 30. April 2016, Walpurgisnacht",,"Berlin-Neukölln: Kundgebung gegen Verdrängung am Hermannplatz, Beginn 15 Uhr",DE_1990-2019.md:6863
2016,DE,16:30,,Wedding,Wedding,,dzielnicowa,korpus,"Scenariusz / Kundgebungen zum 30. April 2016, Walpurgisnacht",,"Berlin-Wedding: Aufzug durch Wedding, Beginn 16.30 Uhr. Die Strecke: U-Bahnhof Osloer Straße – Schwedenstraße – Badstraße – Buttmannstraße – Thumyssensstraße – Pankstraße – Badstraße – Stettiner Straße – Klever Straße – Jülicher Straße – Bellermannstraße – Swinemünder Straße – Ramlerstraße – Graunstraße – Gleimstraße – Swinemünder Straße – Demminer Straße – Brunnenstraße bis U-Bahnhof Bernauer Str",DE_1990-2019.md:6865
2016,DE,18:00,,Neukölln,Neukölln,,dzielnicowa,korpus,"Scenariusz / Kundgebungen zum 30. April 2016, Walpurgisnacht",,"Berlin-Neukölln: Kundgebung gegen Räumung eines Kiezladens am Reuterplatz/Reuterstraße, Beginn 18 Uhr",DE_1990-2019.md:6867
2016,DE,18:00,,,,,,korpus,"Scenariusz / Kundgebungen zum 30. April 2016, Walpurgisnacht / Kundgebungen zum 1. Mai 2016 (B.Z)",,18-Uhr-Aufzug am Moritzplatz,DE_1990-2019.md:6885
2016,DE,18:00,,Kreuzberg,,R1M,dzielnicowa,mapa (opis wspolny dla lat),Revolutionäre 1. Mai,2016_DE_demonstracja_R1M_b,"2016 Demo | Faktyczna trasa z livetickera taz.de: Oranienplatz (start, 18:00) → Oranienstraße (do Adalbertstraße, 18:23) → Adalbertstraße → Waldemarstraße (pętla MyFest, 18:38) → Leuschnerdamm → Powrót do Oranienplatz → Moritzplatz (18:45) → Prinzenstraße (północ) → Heinrich-Heine-Straße (U-Bahn, 19:12) → Köpenicker Straße (Köpi, 19:25-19:35) → Skali",1__mai_berlin_aktualna_15_.geojson#58
2016,DE,21:20,,Kreuzberg,Neukölln,R1M,dzielnicowa,mapa (opis wspolny dla lat),Revolutionäre 1. Mai,2016_DE_demonstracja_R1M,"Spontandemo 2016 | (taz liveticker) 21.20 Uhr: Spontandemo am Kanal gestoppt BERLIN-KREUZBERG | Die Polizei macht die Kottbusser Brücke dicht. Die Spontandemo vom Kotti, der sich etwa 200 Personen angeschlossen haben, ist hier zu Ende. Insgesamt ist die Stimmung trotzdem friedlich. (mgu) 21.06 Uhr: Spontandemo Richtung Neukölln BERLIN-KREUZBERG | Nach den K",1__mai_berlin_aktualna_15_.geojson#4
2017,DE,09:00,,,,DGB,,korpus,Scenariusz / Lista wydarzeń w Berlinie,,"Traditioneller DGB-Aufzug, Beginn 9 Uhr, Spandauer Straße/ Karl-Liebknecht-Straße, Spandauer Straße, Mühlendamm, Gertraudenstraße, Leipziger Straße, Potsdamer Platz, Ebertstraße, Platz 18. März",DE_1990-2019.md:6972
2017,DE,09:00,,,,DGB,,korpus,Scenariusz / Lista wydarzeń w Berlinie,,"DGB-Aufzug als Motorrad-Korso, 9 Uhr, Sammelplatz zwischen Spandauer Brücke und Anna-Louisa-Karsch-Straße",DE_1990-2019.md:6973
2017,DE,09:00,,Moabit,Moabit,DGB,dzielnicowa,korpus,Scenariusz / Lista wydarzeń w Berlinie,,"DGB-Aufzug als Fahrrad- und Skater-Korso, 9 Uhr, Spandauer Straße, Karl-Liebknecht-Straße, Torstraße, Chausseestraße, Invalidenstraße, Luisenstraße, Schumannstraße, Charitéplatz, Alexanderstraße, Invalidenstraße, Alt-Moabit, Gotzkowskystraße, Gotzkowskybrücke, Franklinstraße, Marchstraße, Ernst-Reuter-Platz, Hardenbergstraße, Budapester Straße, Kurfürstenstraße, Potsdamer Straße, Potsdamer Platz, ",DE_1990-2019.md:6974
2017,DE,10:00,,,,DGB,,korpus,Scenariusz / Lista wydarzeń w Berlinie,,"DGB-Kundgebung, Beginn 10 Uhr, Platz des 18. März, Straße des 17. Juni bis Yitzhak-Rabin-Straße und Ebertstraße bis Scheidemannstraße",DE_1990-2019.md:6975
2017,DE,10:00,,,,,,korpus,Scenariusz / Lista wydarzeń w Berlinie,,"Kundgebung „Berlin solidarisch gegen Nazis“, 10 Uhr, Antonplatz",DE_1990-2019.md:6976
2017,DE,10:00,,Friedrichshain-Kreuzberg,Friedrichshain-Kreuzberg;Friedrichshain;Kreuzberg,,dzielnicowa,korpus,Scenariusz / Lista wydarzeń w Berlinie,,"Erste Myfest-Kundgebung, Beginn 10 Uhr, Friedrichshain-Kreuzberg, von Görlitzer Bahnhof bis Oranienplatz einschließlich Oranienplatz und vom Oranienplatz bis einschließlich Naunystraße",DE_1990-2019.md:6977
2017,DE,10:00,,Friedrichshain-Kreuzberg,Friedrichshain-Kreuzberg;Friedrichshain;Kreuzberg,,dzielnicowa,korpus,Scenariusz / Lista wydarzeń w Berlinie,,"Zweite Myfest-Kundgebung, Beginn 10 Uhr, Friedrichshain-Kreuzberg, von Mariannenplatz/ Mariannenstraße/ Waldemarstraße bis Heinrichplatz einschließlich Feuerwehrdenkmal und von Mariannenplatz bis Waldemarstraße/ Adalbertstraße",DE_1990-2019.md:6978
2017,DE,10:00,,Weißensee,,,dzielnicowa,mapa (opis wspolny dla lat),Neo-Nazi May Day,2017_DE_wiec_NIEZNANY,"2017 Kundgebung „Berlin solidarisch gegen Nazis“ | 10:00, Antonplatz (Berliner Morgenpost)",1__mai_berlin_aktualna_13_.geojson#43
2017,DE,10:00,,Mitte,Moabit,DGB,centralna,mapa (opis wspolny dla lat),DGB,2017_DE_korso_DGB,"2017 DGB Fahrradkorso | 2017 – Fahrrad-Korso START um 10 Uhr am Hackeschen Markt: Spandauer Straße, nach links ➫ Karl-Liebknecht-Straße, nach links ➫ Torstraße ➫ Rosenthaler Platz ➫ Torstraße ➫ Oranienburger Tor ➫ Chausseestraße ➫ Invalidenstraße ➫ Alt-Moabit ➫ Gotzkowskystraße ➫ Gotzkowskybrücke ➫ Franklinstraße ➫ Marchstraße ➫ Ernst-Reuter-Platz ➫ Hardenbergst",1__mai_berlin_aktualna_14_.geojson#98
2017,DE,10:00,,Mitte,,DGB,centralna,mapa,DGB,2017_DE_korso_DGB_a,2017-2018 Motorrad Demo | 2017 – Motorrad-Korso START um 10 Uhr am Hackeschen Markt (DGB Flyer 2017),1__mai_berlin_aktualna_14_.geojson#109
2017,DE,11:00,,,,,,korpus,Scenariusz / Lista wydarzeń w Berlinie,,"Kundgebung von HartzIV-Empfängern, Beginn 11 Uhr, Bethaniendamm, nordwestlicher Bürgersteig zwischen Köpenicker Straße und Mariannenplatz",DE_1990-2019.md:6979
2017,DE,12:30,,,,,,korpus,Scenariusz / Lista wydarzeń w Berlinie,,"Aufzug gegen Ausbeutung: Beginn 12.30 Uhr, Karl-Marx-Platz, Richardplatz, Schudomastraße, Braunschweiger Straße, Karl-Marx-Straße, Anzengruberstraße, Sonnenallee, Hermannplatz",DE_1990-2019.md:6980
2017,DE,13:00,,Friedrichshain-Kreuzberg,Friedrichshain-Kreuzberg;Friedrichshain;Kreuzberg,Die Linke,dzielnicowa,korpus,Scenariusz / Lista wydarzeń w Berlinie,,"Kundgebung Die Linke, Beginn 13 Uhr, Friedrichshain-Kreuzberg, Mariannenplatz, vom Rondell vor dem Bethanien, Höhe Muskauer Straße, bis Ende Grünfläche vor der St. Thomas-Kirche, höhe Wrangelstraße",DE_1990-2019.md:6981
2017,DE,13:00,,,,AfD,,korpus,Scenariusz / Lista wydarzeń w Berlinie,,"Volksfest der AfD, 13 Uhr, Am Bürgerpark",DE_1990-2019.md:6982
2017,DE,13:00,,Kreuzberg,Neukölln;Kreuzberg,R1M,dzielnicowa,mapa (opis wspolny dla lat),Revolutionäre 1. Mai,2017_DE_demonstracja_R1M,2017 Rotes 1. Mai | 1. MAI 2017 | 13:00 UHR | KARL-MARX-PLATZ | BERLIN-NEUKÖLLN (JugendWiderstand) Karl-Marx Platz Rixdorfer Schmiede (https://is.gd/eLJHNy) 51 Schudomannstrasse (https://is.gd/KkRlIw) 34 Braunschweiger Strasse (https://is.gd/xHa0s5) 196 Karl-Marx Strasse (https://is.gd/HGklmO) 215 Karl-Marx-Strasse (https://is.gd/VbTxiY) Schließlich formiert,1__mai_berlin_aktualna_15_.geojson#25
2017,DE,13:08,,,,,,mapa (opis wspolny dla lat),Other events,2017_DE_wiec_1st-of-May-Rave-Gorli,"1st of May Rave Görli | 2014 13.08 Uhr: Im Görlitzer Park soll es mehrere illegale Bühnen geben, die derzeit von der Polizei kontrolliert werden. (Berliner Stimme) 2015 18.10 Uhr - Tausende auch abseits des offiziellen Myfestes unterwegs: Im Görlitzer Park scharen sich die Leute um den Pamukkale-Brunnen. Zu Dutzenden sitzen Menschen auf dem weißen Dach des Edelw",umap_backup_1-mai-berlin_aktualna16.umap#5
2017,DE,15:30,,,,Revolutionäre 1. Mai,,korpus,Scenariusz / Lista wydarzeń w Berlinie,,"Aufzug „Solidarität, Befreiung International“, Beginn 15:30 Uhr, Aufzugstrecke befindet sich noch in der Abstimmung, Geplant: Lausitzerplatz bis Oranienplatz, hier Anschluss an Revolutionäre 1. Mai Demonstration",DE_1990-2019.md:6987
2017,DE,16:00,,,,,,korpus,Scenariusz / Lista wydarzeń w Berlinie,,"Aufzug „Jugend kämpft“, Beginn 16 Uhr, Michaelkirchplatz, Heinrich-Heine-Platz, Annenstraße, Heinrich-Heine-Straße, Prinzenstraße, Moritzplatz, Prinzenstraße, Gitschiner Straße, Wassertorplatz",DE_1990-2019.md:6983
2017,DE,16:00,,Kreuzberg,,R1M,dzielnicowa,mapa (opis wspolny dla lat),Revolutionäre 1. Mai,2017_DE_demonstracja_R1M_b,2017 Internationalistische Block | 2017 – taz 30.4 16:00,1__mai_berlin_aktualna_15_.geojson#60
2017,DE,16:00,,Kreuzberg,,R1M,dzielnicowa,mapa (opis wspolny dla lat),Revolutionäre 1. Mai,2017_DE_demonstracja_R1M_c,"2017. Jugend auf die Strasse | Um 16 Uhr demonstrieren ein Jugendbündnis und der Internationalistische Block, der sich von der 18-Uhr-Demo abgespalten hat (taz 29.04)",1__mai_berlin_aktualna_15_.geojson#61
2017,DE,18:00,,,,,,korpus,Konteksty i wydarzenia,,"W tym roku obok demonstracji R1M, organizowana jest również tzw. demonstracja młodzieżowa. Według organizatorki, została zarejestrowana, ponieważ nie było wiadomo długo, czy uda się zarejestrować 18Uhr demo; dlatego też, nie chcąc odstraszać młodzieży i osób, które niekoniecznie chodzą na demonstracje regularnie, organizują własne demo @GesamtausgabeWochenendausgabe2017",DE_1990-2019.md:6949
2017,DE,18:00,,,,Revolutionäre 1. Mai,,korpus,Scenariusz / Lista wydarzeń w Berlinie,,"Revolutionäre 1. Mai-Demonstration, 18 Uhr, geplant ist: Oranienplatz, Oranienstraße, Adalbertstraße, Naunynstraße, Manteuffelstraße, Reichenberger Straße, Ohlauer Straße, Friedelstraße, Weserstraße, Pannierstraße, Glogauer Straße, Reichenberger Straße, Ohlauer Straße, Spreewaldplatz",DE_1990-2019.md:6988
2017,DE,18:00,,Kreuzberg,,R1M,dzielnicowa,mapa (opis wspolny dla lat),Revolutionäre 1. Mai,2017_DE_demonstracja_R1M_a,"2017 Hauptdemo 18 | Oranienstraße -Adalbertstraße - Naunynstraße - Manteuffelstraße - Reichenberger Straße-Ohlauer Straße-Friedelstraße-Weserstraße-Pannierstraße-Glogauer Straße-Reichenberger Straße-Ohlauer Straße-Spreewaldplatz (https://1maiberlin.noblogs.org/archiv/) 18:00 Attendance: 10000 (police, Berliner Morgenpost ticker 2018) 20000 (organizers, umbru",1__mai_berlin_aktualna_15_.geojson#59
2017,DE,18:30,,,,Bärgida,,korpus,Scenariusz / Lista wydarzeń w Berlinie,,"Bärgida, 18.30 Uhr, Washingtonplatz, Aufzug ab 19.15 Uhr über S-Bahnhof Sayignyplatz, Schlüterstraße, Niebuhrstraße, Bleibtreustraße, Kurfürstendamm, Breitscheidplatz, Tauentzienstraße, Wittenbergplatz",DE_1990-2019.md:6985
2017,DE,18:30,,,,Bärgida,,korpus,Scenariusz / Lista wydarzeń w Berlinie,,"Aufzug „Gegen Bärgida“, 18.30 Uhr, mögliche Aufzugstrecke: Washingtonplatz, Rahel-Hirsch-Straße, Hugo-Preuß-Brücke, Kapelleufer, Kronprinzenbrücke, Reinhardtstraße, Luisenstraße, Marschallbrücke, Wilhelmstraße, Dorotheenstraße, Ebertstraße, Platz des 18. März, Potsdamer Platz",DE_1990-2019.md:6986
2017,DE,18:30,,Moabit,Charlottenburg,Bärgida,centralna,mapa (opis wspolny dla lat),Neo-Nazi May Day,2017_DE_demonstracja_Bargida,"2017 Bärgida | Berlińska sekcja organizacji Bärgida organizuje niewielką, cykliczną Montagsdemonstration, która wypada 1. Maja 2017. 18.30 Uhr, Washingtonplatz, Aufzug ab 19.15 Uhr über S-Bahnhof Sayignyplatz, Schlüterstraße, Niebuhrstraße, Bleibtreustraße, Kurfürstendamm, Breitscheidplatz, Tauentzienstraße, Wittenbergplatz (Berliner Morgenpost) 28.04.2",1__mai_berlin_aktualna_13_.geojson#22
2017,DE,22:00,,,,,,korpus,Scenariusz / Lista wydarzeń w Berlinie,,"Antikapitalistische Demonstration, 16 bis 22 Uhr, U-Bahnhof Leopoldplatz, Ende Ramlerstraße, u.a. über See-, Amsterdamer, Turiner und Badstraße",DE_1990-2019.md:6970
2018,DE,13:00,,Kreuzberg,,R1M,dzielnicowa,mapa (opis wspolny dla lat),Revolutionäre 1. Mai,2018_DE_demonstracja_R1M,2018 Rotes 1. Mai | 1. MAI 2018 | 13:00 UHR | KARL-MARX-PLATZ | BERLIN-NEUKÖLLN (JugendWiderstand) Karl-Marx-Platz 4 (https://is.gd/KrJqrY) 15 Richardplatz (https://is.gd/Np3t39) 58 Schudomastrasse (https://is.gd/sWGetp) Ecke Braunschweiger/Niemetzstrasse (https://is.gd/ceOocp) Braunschweiger Strasse 34 (https://is.gd/DXWB46) Ecke Kannerstrasse (https://is.g,1__mai_berlin_aktualna_15_.geojson#26
2018,DE,14:00,,Grunewald,Grunewald,MyGruni,dzielnicowa,korpus,Scenariusz,,14:00 Demonstracja satyryczna MyGruni w zachodnioberlińskiej dzielnicy Grunewald,DE_1990-2019.md:7110
2018,DE,18:00,,Kreuzberg,,R1M,dzielnicowa,mapa (opis wspolny dla lat),Revolutionäre 1. Mai,2018_DE_demonstracja_R1M_a,"2018 Demo | Oranienplatz (Start 18 Uhr) → Oranienstraße → Adalbertstraße → Naunynstraße → Manteuffelstraße → Wiener Straße (unter der Hochbahn durch) → Skalitzer Straße → Schlesisches Tor. (Revolutionärer 1. Mai Berlin, Twitter) Attendance: 7000 (police, Berliner Morgenpost ticker 2018) 18000 (organisers, Umbruch Archiv)",1__mai_berlin_aktualna_15_.geojson#62
2018,DE,23:00,,Friedrichshain-Kreuzberg,Friedrichshain-Kreuzberg;Friedrichshain;Kreuzberg,,,mapa (opis wspolny dla lat),Other events,2018_DE_wiec_MaiGorli,"MaiGörli | 2018 Der familienfreundliche Teil der Maifeste findet in diesem Jahr im Görlizer Park statt, der extra umzäunt wird. Der Veranstalter „pure fm – berlins electronic radio“ präsentiert das Fest in Kooperation mit dem Bezirksamt Friedrichshain-Kreuzberg. Ausgelassen, bunt und fröhlich soll es auf zwei Bühnen und im Park zugehen. Von 12 bis 2",umap_backup_1-mai-berlin_aktualna16.umap#19
2019,DE,09:00,,,,DGB,,korpus,Scenariusz,,"9 Uhr: Den Auftakt der Demonstrationen zum Tag der Arbeit macht der DGB. Mit Musik sammelt man sich hier schon ab 9 Uhr am Hackeschen Markt und startet um 10 Uhr unter dem Motto »Europa. Jetzt aber richtig!« per Motorrad- und Fahrradkorso, Skatingdemonstration und Demonstrationszug zum Brandenburger Tor.",DE_1990-2019.md:7245
2019,DE,09:48,,,,,,korpus,Scenariusz / Trasa pochodu DGB 1 maja 2019 (na podst. twittera) / Źródła,,"- @DGBBerlinBRB (1 maja 2019, 09:48 GMT): „Die 1Mai-Demonstration erreicht das Brandenburger Tor” (zdjęcia z trasy i Bramy)",DE_1990-2019.md:7275
2019,DE,10:00,,,,,,korpus,Scenariusz / Trasa pochodu DGB 1 maja 2019 (na podst. twittera),,- Godzina: 10:00,DE_1990-2019.md:7258
2019,DE,10:00,,Friedrichshain,Friedrichshain;Pankow;Grunewald;Kreuzberg,DGB;SPD;AfD,dzielnicowa,korpus,"Prasa / Berliner Kurier / “Wehe, wenn es dunkel wird 15 Protestzüge marschieren am Feiertag durch die Stadt. Einer macht der Polizei besonders Sorgen”",,"“Berlin - 5500 Beamte, die für Sicherheit sorgen, rund 15 angemeldete Demonstrationen in allen Ecken der Stadt und ein ""revolutionärer"" 1. Mai-Zug, dessen Veranstalter seine endgültige Route durch Friedrichshain bis zuletzt nicht preisgeben wollte. Die Nacht zum 2. Mai - sie könnte noch einmal richtig heiß werden in Berlin. Friedlich in den Tag startete der DGB. Los ging der Marsch mit mehr als 80",DE_1990-2019.md:7317
2019,DE,10:00,,Mitte,Mitte;Friedrichshain;Kreuzberg;Tiergarten,DGB,centralna,mapa (opis wspolny dla lat),DGB,2019_DE_korso_DGB,"2019 Fahrradkorso | Beginn 1. Mai 2019 10:00 am Henriette-Hertz-Platz Ende ca. 11:30 beim Mai-Fest am Brandenburger Tor. --- Die gut zehn Kilometer lange Strecke führt durch Mitte, Friedrichshain, Kreuzberg und Tiergarten, mit Zwischenkundgebungen am Moritzplatz und an der Lindenstraße/ Ecke Alte Jakobstraße. Eingeladen sind Radfahrende mit und ohne Gewerksc",1__mai_berlin_aktualna_14_.geojson#100
2019,DE,10:15,,,,,,korpus,Scenariusz / Trasa pochodu DGB 1 maja 2019 (na podst. twittera),,- Godzina: 10:15–10:30,DE_1990-2019.md:7261
2019,DE,10:30,,,,,,korpus,Scenariusz / Trasa pochodu DGB 1 maja 2019 (na podst. twittera),,- Godzina: 10:30–11:00 (Brandenburger Tor osiągnięte ok. 10:48),DE_1990-2019.md:7264
2019,DE,10:30,13:00,,,,,korpus,Prasa / Berliner Morgenpost / So startet Berlin in den _Mai_,,"1. Mai, 10.30-13 Uhr, Naturschutzzentrum Ökowerk Berlin, Teufelsseechaussee 22, Treffpunkt vor dem Haupttor, Erwachsene zahlen 8 Euro plus 1 Euro für Material",DE_1990-2019.md:7364
2019,DE,10:30,,Neukölln,Neukölln,,dzielnicowa,korpus,Prasa / Berliner Morgenpost / So startet Berlin in den _Mai_,,"Neukölln: Am 1. Mai wird traditionell auf der Festplatzbühne am See im Britzer Garten getanzt. Ab 10.30 Uhr tanzen rund 100 Tänzer in traditionellen Kostümen der Tanzgruppe "" LAG Tanz"" . Die Tänzer kommen unter anderem aus Israel, Griechenland, aber auch Deutschland. Sie führen internationale Volkstänze - teilweise in Originaltrachten - vor. Aber keine Sorge: Wer es moderner mag, wird nicht enttäu",DE_1990-2019.md:7374
2019,DE,11:00,,,,,,korpus,Scenariusz / Trasa pochodu DGB 1 maja 2019 (na podst. twittera),,- Godzina: 11:00–14:00 (centralna konferencja),DE_1990-2019.md:7267
2019,DE,11:00,20:00,,,,,korpus,Prasa / Berliner Morgenpost / So startet Berlin in den _Mai_,,"1. Mai, 11-20 Uhr. Brandenburger Tor und Straße des 17. Juni. Eintritt: frei.",DE_1990-2019.md:7360
2019,DE,11:00,18:00,Hohenschönhausen,Hohenschönhausen,,dzielnicowa,korpus,Prasa / Berliner Morgenpost / So startet Berlin in den _Mai_,,"1. Mai, 11-18 Uhr, Familienfest "" Bunte Platte"" in Hohenschönhausen, Falkenberger Chaussee, Ecke Vincent-van-Gogh-Straße, Eintritt frei.",DE_1990-2019.md:7384
2019,DE,12:00,22:00,Hellersdorf,Hellersdorf,,dzielnicowa,korpus,Prasa / Berliner Morgenpost / So startet Berlin in den _Mai_,,"1. Mai, 12-22 Uhr, Alice-Salomon-Platz, Hellersdorf, Eintritt frei, www.laubinger.de/termine/tanzfest-in-hellersdorf(http://www.laubinger.de/termine/tanzfest-in-hellersdorf)",DE_1990-2019.md:7372
2019,DE,12:00,,Spandau,Spandau;Gatow,,dzielnicowa,korpus,Prasa / Berliner Morgenpost / So startet Berlin in den _Mai_,,"Spandau: Auf dem Vierfelderhof in Gatow wird am 1. Mai ein Familienfest gefeiert. Los geht es um 12 Uhr mit dem Schmücken einer Birke als Maibaum, die anschließend aufgestellt wird. Am Nachmittag können Besucher bei einer Bauernhof-Olympiade antreten, mit Disziplinen wie Hufeisen-Werfen, Eierlauf oder dem Erkennen von Getreide. Hobby-Gärtner haben die Möglichkeit, Saatbälle zu basteln, Kinder könn",DE_1990-2019.md:7378
2019,DE,12:30,,Wedding,Wedding,,dzielnicowa,korpus,Scenariusz,,"12.30 Uhr: Im Wedding beginnt um 12.30 Uhr am Nettelbeckplatz ein politischer Stadtspaziergang zum 90. Jahrestag des sogenannten Blutmai 1929, an dem die Polizei hart gegen ungenehmigte, von der KPD organisierte Demonstrationen vorging und 33 Zivilisten tötete.",DE_1990-2019.md:7246
2019,DE,13:00,,Grunewald,Grunewald,,dzielnicowa,korpus,Scenariusz,,13 Uhr: Andere fahren gegen Mittag in den Grunewald: Die Hedonistische Internationale hat für ihre Demonstration das Motto »Miteinander gegen ein Gegeneinander im Grunewald« gewählt. In gewohnt satirischer Manier sollen im »sozial abgehängten Bezirk Begegnungszonen ermöglicht werden«. Der Demonstrationszug trifft sich um 13 Uhr am S-Bahnhof Grunewald. Zur gemeinsamen Anreise kann man sich bereits ,DE_1990-2019.md:7247
2019,DE,13:00,,Prenzlauer Berg,Prenzlauer Berg,,dzielnicowa,korpus,Scenariusz,,13 Uhr: Die Demonstration zum Internationalen »Kampf- und Feiertag der Arbeitslosen« beginnt um 13 Uhr am Senefelderplatz in Prenzlauer Berg. Weiter geht es über die Schwedter Straße und die Kastanienallee bis zu den Schönhauser-Allee-Arcaden zur Kundgebung »mit Gebet«.,DE_1990-2019.md:7252
2019,DE,13:00,,Kreuzberg,,R1M,dzielnicowa,mapa (opis wspolny dla lat),Revolutionäre 1. Mai,2019_DE_demonstracja_R1M,2019 Rotes 1. Mai | 1. MAI 2019 | 13:00 UHR | KARL-MARX-PLATZ | BERLIN-NEUKÖLLN (JugendWiderstand) Karl-Marx-Platz 14 (https://shorturl.at/Flp8t) Richardplatz (https://is.gd/zDrrC5) Richardstrasse 97 (https://shorturl.at/nmn0u) Sonnenalle/Ecke Friedelstrasse (https://shorturl.at/25hK3) Alte Post (https://shorturl.at/zltgv) Fuldastrasse (https://shorturl.at/B,1__mai_berlin_aktualna_15_.geojson#27
2019,DE,13:00,,Prenzlauer Berg,,,dzielnicowa,mapa (opis wspolny dla lat),Other events,2019_DE_wiec_der-Kampf-und-Feiertag-der-Arbeitslosen,"2019 der Kampf- und Feiertag der Arbeitslosen | Wenn am 1. Mai also bestehende Ausbeutungsverhältnisse kritisiert werden, kann damit am 2. Mai nicht wieder Schluss sein. Aus diesem Grund findet am Donnerstag bereits zum 16. Mal der Kampf- und Feiertag der Arbeitslosen statt. Leben muss nicht Arbeit sein und vielleicht müssen wir neue Ideen zu diesen Themen zulassen (2.5.,TreffpunktamSe",umap_backup_1-mai-berlin_aktualna16.umap#11
2019,DE,13:30,,Grunewald,Grunewald,,dzielnicowa,korpus,"Prasa / taz / ""Wir kommen in Frieden""",,"Cytaty:: “Wir beginnen um 13.30 Uhr am S-Bahnhof Grunewald mit einem Stadteilfest, ""My-Gruni"" genannt. Es gibt eine Kundgebung und Stände. Danach ziehen die autonomen StreetworkerInnen durch die Straßen. Mit Informationsbroschüren werden sie auf die AnwohnerInnen zuzugehen. Alles wird in eine Stadtteilfestatmosphäre eingebettet sein.”",DE_1990-2019.md:7452
2019,DE,14:00,18:00,Tempelhof,Tempelhof,,dzielnicowa,korpus,Prasa / Berliner Morgenpost / So startet Berlin in den _Mai_,,"1. Mai, 14-18 Uhr, Kinderbauernhof, Viktoriastraße 13, Tempelhof, Eintritt frei www.nusz.de(http://www.nusz.de/), Tel. 030 / 75 50 30",DE_1990-2019.md:7368
2019,DE,14:00,,,,,,korpus,Prasa / Berliner Morgenpost / So startet Berlin in den _Mai_,,"1. Mai, 10.30 bis 14 Uhr. Bühne Festplatz am See, Britzer Garten, Sangerhauser Weg 5. Park-Eintritt 3 Euro, ermäßigt 1,50 Euro.",DE_1990-2019.md:7376
2019,DE,14:00,,Friedrichshain,Grunewald;Kreuzberg;Friedrichshain,R1M,dzielnicowa,mapa (opis wspolny dla lat),Revolutionäre 1. Mai,2019_DE_demonstracja_R1M_b,"2019 Jugenddemo – Unser Kiez, nicht ihr Profit | (BZ 2019) “Ab 14 Uhr wurde im Grunewald für bezahlbaren Wohnraum demonstriert (siehe Seiten 4-5), um 16 Uhr sollte sich vom Schlesischen Tor in Kreuzberg ein großer Tross Richtung Wismarplatz in Friedrichshain auf den Weg machen, um von dort aus ab 18 Uhr mit der ""Revolutionären 1. Mai Demo"" die für Anwohner und Polizei gefährliche Phase ",1__mai_berlin_aktualna_15_.geojson#64
2019,DE,14:45,,Grunewald,Grunewald,MyGruni,dzielnicowa,korpus,Prasa / taz / Grunewald ist das neue Kreuzberg,,"“Das ""Quartiersmanagement Grunewald"" hat eingeladen - und rund 4.000 sind am Mittwoch der Einladung dieses fiktiven ""Sozialraummanagements"" in den gut betuchten Südwesten gefolgt. Nach den Szenen bei der Erstauflage im vergangenen Jahr - Sticker auf Klingelschildern und Porsche-Heckscheiben, Konfetti in gepflegten Vorgärten - wollten die Organisatoren, die Hedonistische Internationale, diese ""Mai-",DE_1990-2019.md:7471
2019,DE,15:00,,Steglitz-Zehlendorf,Steglitz-Zehlendorf;Steglitz;Zehlendorf;Dahlem,,dzielnicowa,korpus,Prasa / Berliner Morgenpost / So startet Berlin in den _Mai_,,"Steglitz-Zehlendorf: In der Eierschale in Dahlem ist am 1. Mai von 9 bis 15 Uhr Brunch. Bei schönem Wetter sind auch die Tische auf der großen Terrasse gedeckt, Kinder können nebenan im Park spielen. Ab 11 Uhr spielt eine Live-Band, wer will kann auch zur frühen Stunde schon tanzen.",DE_1990-2019.md:7354
2019,DE,16:00,,,,,,korpus,Scenariusz,,"16 Uhr: In der Berliner Innenstadt geht es um 16 Uhr weiter. Unter dem Motto »Unser Kiez, nicht ihr Profit!« zieht eine Jugenddemonstration vom Schlesischen Tor über die Warschauer Straße, Revaler Straße und Simon-Dach-Straße bis zum Wismarplatz.",DE_1990-2019.md:7248
2019,DE,16:00,,Friedrichshain,Friedrichshain,,dzielnicowa,korpus,Prasa / Berliner Morgenpost / So startet Berlin in den _Mai_,,"30. April, ab 16 Uhr, Zukunft am Ostkreuz, Laskerstraße 5, Friedrichshain, Eintritt frei, mehr Infos unter www.zukunft-ostkreuz.de(http://www.zukunft-ostkreuz.de/)",DE_1990-2019.md:7344
2019,DE,16:00,,Pankow,Pankow;Prenzlauer Berg,,dzielnicowa,korpus,Prasa / Berliner Morgenpost / So startet Berlin in den _Mai_,,"Pankow : Zum ersten Mal seit 15 Jahren fällt die friedvolle Walpurgisnacht im Mauerpark wegen eines Streits über strengere Auflagen aus. Wer in Prenzlauer Berg trotzdem feiern will, für den empfiehlt sich in der Nähe des Parks die Walpurgisnacht der Kulturbrauerei. Um 16 Uhr entzünden die Veranstalter eines der größten Maifeuer Berlins. Später lassen Feuerartisten die Besucher am dunklen Zauber te",DE_1990-2019.md:7346
2019,DE,16:00,,,,,,korpus,Prasa / Berliner Morgenpost / So startet Berlin in den _Mai_,,"30. April, Beginn 16 Uhr, Kulturbrauerei, Schönhauser Allee 36, Karten an der Abendkasse kosten 12 Euro.",DE_1990-2019.md:7348
2019,DE,17:00,,Wedding,Wedding,,dzielnicowa,korpus,Scenariusz,,"17 Uhr: Im Wedding wird mietenpolitisch in den 1. Mai hinein demonstriert. Um 17 Uhr startet die Demonstration »Unsere Häuser, unsere Kieze - Gegen die Stadt der Reichen!« vom Bündnis »Hände weg vom Wedding!« am Leopoldplatz.",DE_1990-2019.md:7241
2019,DE,17:00,,Gatow,Gatow,,dzielnicowa,korpus,Prasa / Berliner Morgenpost / So startet Berlin in den _Mai_,,"1. Mai, 12 bis 17 Uhr, Vierfelderhof Gatow, Groß-Glienicker Weg 30 Eintritt frei, Saatball-Werkstatt und Kinderschminken gegen einen kleinen Kostenbeitrag.",DE_1990-2019.md:7380
2019,DE,18:00,,Kreuzberg,Kreuzberg;Friedrichshain,,dzielnicowa,korpus,Scenariusz,,"18 Uhr: Ebenfalls am Wismarplatz soll um 18 Uhr auch die »Revolutionäre 1.-Mai-Demonstration«, die bisher traditionell in Kreuzberg stattfand, beginnen. Unter dem Motto »Gegen die Stadt der Reichen« will sie durch Friedrichshain ziehen.",DE_1990-2019.md:7249
2019,DE,18:00,,Treptow-Köpenick,Treptow-Köpenick;Treptow;Köpenick,,dzielnicowa,korpus,Prasa / Berliner Morgenpost / So startet Berlin in den _Mai_,,"Treptow-Köpenick: Auch in der Köpenicker Wuhlheide sind die Hexen los. Ein Sonderzug startet vom Hauptbahnhof der kleinen Parkbahn gegen 18 Uhr zur Fahrt durch die Wuhlheide. Zwischendurch heißt es aussteigen, dann gibt es einen Spaziergang durch den dunklen Wald, der von Hexen und Geistern begleitet wird. Zur Stärkung gibt es eine Rostbratwurst, Geisterpunsch und Stockbrot frisch vom Scheiterhauf",DE_1990-2019.md:7350
2019,DE,18:00,22:00,,,,,korpus,Prasa / Berliner Morgenpost / So startet Berlin in den _Mai_,,"30. April, 18-22 Uhr, An der Wuhlheide 189, 12459 Berlin, Karten kosten 11, ermäßigt 9 Euro, im Preis enthalten sind eine Bratwurst und ein Heißgetränk. Die nötige Reservierung ist online auf www.parkeisenbahn.de(http://www.parkeisenbahn.de/) oder telefonisch unter 030 / 53 89 26 60 möglich.",DE_1990-2019.md:7352
2019,DE,18:00,,Lichtenberg,Lichtenberg;Hohenschönhausen,,dzielnicowa,korpus,Prasa / Berliner Morgenpost / So startet Berlin in den _Mai_,,"Lichtenberg: Mit Dixieland eröffnet "" Papa Binnes Jazzband"" das traditionelle Familienfest "" Bunte Platte"" am 1. Mai in Hohenschönhausen. Auf der Bühne folgen bis 18 Uhr multikulturelle Tanz- und Musikaufführungen. In Polittalks dürfen sich die im Bezirk agierenden Parteien präsentieren: In jeweils drei Minuten können sie verkünden, was ihnen an Europa wichtig ist. Zudem gibt es ein kulinarisches ",DE_1990-2019.md:7382
2019,DE,18:00,,Friedrichshain,Friedrichshain;Kreuzberg;Wedding,,dzielnicowa,korpus,Prasa / taz / was macht die bewegung?,,"Opis:: Es gibt in Berlin immer wieder Kontroversen um diesen Termin, der von einigen erstarrt und ritualisiert wahrgenommen wird. Die revolutionäre 1.-Mai-Demo um 18 Uhr startet dieses Jahr in Friedrichshain und nicht in Kreuzberg. Also was nun? Auf die Straße gehen oder nicht? Hierzu gibt es im Bandito Rosso den Perspektive-Tresen. Dort soll, unter anderem auch mit den Genossinnen von ""Hände weg ",DE_1990-2019.md:7414
2026,DE,08:00,22:30,Kreuzberg,,,dzielnicowa,mapa (opis wspolny dla lat),Other events,2026_DE_wiec_b-Gorlitzer-Park-Free-Gorli-Rave-against,<b>Görlitzer Park: Free Görli - Rave against the Zaun</b> | 8.00-22.30 Uhr BM 2026,umap_backup_1-mai-berlin_aktualna16.umap#1
2026,DE,11:30,,Friedrichshain,,DGB,dzielnicowa,mapa (opis wspolny dla lat),DGB,2026_DE_demonstracja_DGB,"DGB 2026 Demonstration. Erst unser Jobs, dann Eure Profite | 11:30 Strausberger Platz 15:00 Rotes Rathaus (BM 2026)",1__mai_berlin_aktualna_14_.geojson#88
2026,DE,12:00,22:00,Tempelhof,,,dzielnicowa,mapa (opis wspolny dla lat),Other events,2026_DE_wiec_b-Tempelhofer-Feld-Langsam-reichts-Kultu,<b>Tempelhofer Feld: Langsam reichts - Kulturkürzungen stopp | 12-22 Uhr (BM 2026),umap_backup_1-mai-berlin_aktualna16.umap#2
2026,DE,13:30,,Halensee,,,dzielnicowa,mapa (opis wspolny dla lat),Other events,2026_DE_demonstracja_Feministische-1-Mai-Demo,2026. Feministische 1. Mai Demo | 13:30 Bismarckplatz 17:00 Wittenbergerplatz (BM 2026),umap_backup_1-mai-berlin_aktualna16.umap#13
2026,DE,16:00,,Mitte,,,centralna,mapa (opis wspolny dla lat),Other events,2026_DE_demonstracja_NIEZNANY, | 16:00 Schlosplatz - 18:00 Potsdamer Platz (BM 2026),umap_backup_1-mai-berlin_aktualna16.umap#0
2026,DE,16:30,20:00,Friedrichshain,,,dzielnicowa,mapa (opis wspolny dla lat),Other events,2026_DE_wiec_Fur-den-Erhalt-von-kunsterlischer-Arbeit,2026. Für den Erhalt von künsterlischer Arbeit auf dem RAW G | <bRevaler Str.: 16.30-20 Uhr</b (BM 2026),umap_backup_1-mai-berlin_aktualna16.umap#14
1989,PL,08:00,,,,,,korpus,[[Związkowiec]] / 18(232) 30 kwietnia 1989,,8:00-9:00 – Transmisja uroczystości w Moskwie,PL_1990-2019.md:60
1989,PL,09:00,,,,,,korpus,[[Związkowiec]] / 18(232) 30 kwietnia 1989,,9:00-11:00 – Transmisja uroczystości 1-majowych w Warszawie,PL_1990-2019.md:61
1990,PL,10:00,,Stary Żoliborz,,Solidarność,dzielnicowa,mapa (opis wspolny dla lat),Solidarność,1990_PL_demonstracja_Solidarnosc,"1990-1996; 1998; 2000; 2003; 2007; 2009 Msza święta z okazji | Coroczna msza pierwszomajowa Solidarności regionu Mazowsze w kościele św. Stanisława Kostki na Żoliborzu, organizowana nieprzerwanie od 1981 roku (parafia ks. Popiełuszki) (TVP 1991) 1990 Kilka tysięcy osób uczestniczyło w tradycyjnej uroczystej mszy w kościele św. Stanisława Kostki. Rok temu podobna msza zakończyła się 100-tysięcz-nym po",umap_backup_1-maja_warszawa9.umap#1
1990,PL,12:00,,Śródmieście Północne,,PPS,centralna,mapa,Upamiętnienia,1990_PL_upamiętnienie_PPS-Wreath-laying-at-the-historic-PPS-headqu,"Wreath laying at the historic PPS headquarters, Warecka st. | 1990: PPS kończy pochód pod Robotnikiem, gdzie składa kwiaty: ""O godzinie 12 przybywa grupa członków PPS z Janem Józefem Lipskim. Złożyli kwiaty na kamieniu pamiątkowym, przemówił Władysław Jagiełło, lecz jak przystało na podeszły wiek większości manifestantów – w przemówieniu najwięcej miejsca poświęcono historii tej partii, jej różnym k",umap_backup_1-maja_warszawa9.umap#7
1990,PL,13:00,,Śródmieście Północne,,Anarchiści,centralna,mapa (opis wspolny dla lat),Anarchistyczny 1. Maja,1990_PL_demonstracja_Anarchisci,"1990. Międzynarodówka Anarchistyczna | 13:00 Demonstracja Międzynarodówki Anarchistycznej i Lewicy Rewolucyjnej zmierza z ulicy Wareckiej w stronę Kongresu Prawicy Polskiej. Spokojnie było do momentu, gdy z sali kongresowej wyszli krótko ogoleni panowie z pałkami, ochrona kongresu. W ich stronę posypały się petardy (TVP)",umap_backup_1-maja_warszawa9.umap#0
1991,PL,10:00,,Stary Żoliborz,,Solidarność,dzielnicowa,mapa (opis wspolny dla lat),Solidarność,1991_PL_demonstracja_Solidarnosc,"1990-1996; 1998; 2000; 2003; 2007; 2009 Msza święta z okazji | Coroczna msza pierwszomajowa Solidarności regionu Mazowsze w kościele św. Stanisława Kostki na Żoliborzu, organizowana nieprzerwanie od 1981 roku (parafia ks. Popiełuszki) (TVP 1991) 1990 Kilka tysięcy osób uczestniczyło w tradycyjnej uroczystej mszy w kościele św. Stanisława Kostki. Rok temu podobna msza zakończyła się 100-tysięcz-nym po",umap_backup_1-maja_warszawa9.umap#1
1992,PL,10:00,,,,OPZZ,,korpus,[[Związkowiec]] / 18(388) 3 maja 1992,,"Trasapochodu:: taka sama jak rok wcześniej – o 10:00, spod siedziby OPZZ do pomnika Nike na placu Teatralnym.",PL_1990-2019.md:758
1992,PL,10:00,,Stary Żoliborz,,Solidarność,dzielnicowa,mapa (opis wspolny dla lat),Solidarność,1992_PL_demonstracja_Solidarnosc,"1990-1996; 1998; 2000; 2003; 2007; 2009 Msza święta z okazji | Coroczna msza pierwszomajowa Solidarności regionu Mazowsze w kościele św. Stanisława Kostki na Żoliborzu, organizowana nieprzerwanie od 1981 roku (parafia ks. Popiełuszki) (TVP 1991) 1990 Kilka tysięcy osób uczestniczyło w tradycyjnej uroczystej mszy w kościele św. Stanisława Kostki. Rok temu podobna msza zakończyła się 100-tysięcz-nym po",umap_backup_1-maja_warszawa9.umap#1
1993,PL,10:00,,Stary Żoliborz,,Solidarność,dzielnicowa,mapa (opis wspolny dla lat),Solidarność,1993_PL_demonstracja_Solidarnosc,"1990-1996; 1998; 2000; 2003; 2007; 2009 Msza święta z okazji | Coroczna msza pierwszomajowa Solidarności regionu Mazowsze w kościele św. Stanisława Kostki na Żoliborzu, organizowana nieprzerwanie od 1981 roku (parafia ks. Popiełuszki) (TVP 1991) 1990 Kilka tysięcy osób uczestniczyło w tradycyjnej uroczystej mszy w kościele św. Stanisława Kostki. Rok temu podobna msza zakończyła się 100-tysięcz-nym po",umap_backup_1-maja_warszawa9.umap#1
1994,PL,07:17,,,,OPZZ;SLD;PPS,,korpus,Podsumowanie,,"Pod pomnikiem Nike delegacja składająca się z przewodniczącej OPZZ, przewodniczącego SLD Aleksandra Kwaśniewskiego, najpewniej jednego z członków PPS i kogoś jeszcze składa wieńce (Kronika Filmowa 19/1994, 7:17)",PL_1990-2019.md:1171
1994,PL,09:30,,Śródmieście Południowe,,PPS,centralna,mapa (opis wspolny dla lat),PPS,1994_PL_demonstracja_PPS,1994 PPS | 9:30 – pochód PPS rusza z de Gaulle'a i dołącza do OPZZ przed siedzibą związku (ŻW); pod pomnikiem Kopernika zorganizowany jest krótki wiec (TVP 1994) Razem z nim szło kilkunastu młodych ludzi z warszawskiego środowiska anarcho-syndykalistycznego (GW 1994),umap_backup_1-maja_warszawa9.umap#4
1994,PL,10:00,,Stary Żoliborz,,Solidarność,dzielnicowa,mapa (opis wspolny dla lat),Solidarność,1994_PL_demonstracja_Solidarnosc,"1990-1996; 1998; 2000; 2003; 2007; 2009 Msza święta z okazji | Coroczna msza pierwszomajowa Solidarności regionu Mazowsze w kościele św. Stanisława Kostki na Żoliborzu, organizowana nieprzerwanie od 1981 roku (parafia ks. Popiełuszki) (TVP 1991) 1990 Kilka tysięcy osób uczestniczyło w tradycyjnej uroczystej mszy w kościele św. Stanisława Kostki. Rok temu podobna msza zakończyła się 100-tysięcz-nym po",umap_backup_1-maja_warszawa9.umap#1
1995,PL,09:00,,Śródmieście Południowe,,PPS,centralna,mapa (opis wspolny dla lat),PPS,1995_PL_demonstracja_PPS,"1995 PPS | Pierwsi zebrali się PPS-owcy. O godz. 9 kilkadziesiąt osób z czerwonymi opaskami na rękach i transparentami ""Reprywatyzacji - nie"", ""Spółdzielczość - szkołą samorządności"" ruszyło z ronda de Gaulle'a w Nowy Świat. (Wyborcza)",umap_backup_1-maja_warszawa9.umap#5
1995,PL,10:00,,Stary Żoliborz,,Solidarność,dzielnicowa,mapa (opis wspolny dla lat),Solidarność,1995_PL_demonstracja_Solidarnosc,"1990-1996; 1998; 2000; 2003; 2007; 2009 Msza święta z okazji | Coroczna msza pierwszomajowa Solidarności regionu Mazowsze w kościele św. Stanisława Kostki na Żoliborzu, organizowana nieprzerwanie od 1981 roku (parafia ks. Popiełuszki) (TVP 1991) 1990 Kilka tysięcy osób uczestniczyło w tradycyjnej uroczystej mszy w kościele św. Stanisława Kostki. Rok temu podobna msza zakończyła się 100-tysięcz-nym po",umap_backup_1-maja_warszawa9.umap#1
1995,PL,14:00,,Śródmieście Północne,,Anarchiści,centralna,mapa (opis wspolny dla lat),Anarchistyczny 1. Maja,1995_PL_demonstracja_Anarchisci,"1995. Demonstracja Anarchistyczna | Na pierwszomajową demonstrację antyfaszystowską przyjechało około 400 młodych ludzi z kilku miast Polski. Około południa pod Ratuszem anarchiści starli się z oddziałami policji. Wyborcza Zadudnił bęben i manifestanci spróbwali ruszyć w uilcę ... z okrzykami ""politycy do kostnicy!"" - Natychmiast wystartowało kilka policyjnyc ""suk"" na sygna",umap_backup_1-maja_warszawa9.umap#2
1996,PL,09:30,,Śródmieście Północne,,PPS,centralna,mapa (opis wspolny dla lat),PPS,1996_PL_demonstracja_PPS,"1996 PPS | PPS - o godz. 9.30 złożenie kwiatów przy pamiątkowym kamieniu przy ul. Wareckiej, gdzie mieściła się redakcja ""Robotnika"". O godz. 10 zbiórka pod pomnikiem Kopernika i tu spotkanie z pochodem OPZZ (Wyborcza) Pochód organizowany przez PPS przejdzie ul. Kubusia Puchatka, Świętokrzyską i pod pomnikiem Kopernika połączy się z manifestacją OPZ",umap_backup_1-maja_warszawa9.umap#6
1996,PL,10:00,,Stary Żoliborz,,Solidarność,dzielnicowa,mapa (opis wspolny dla lat),Solidarność,1996_PL_demonstracja_Solidarnosc,"1990-1996; 1998; 2000; 2003; 2007; 2009 Msza święta z okazji | Coroczna msza pierwszomajowa Solidarności regionu Mazowsze w kościele św. Stanisława Kostki na Żoliborzu, organizowana nieprzerwanie od 1981 roku (parafia ks. Popiełuszki) (TVP 1991) 1990 Kilka tysięcy osób uczestniczyło w tradycyjnej uroczystej mszy w kościele św. Stanisława Kostki. Rok temu podobna msza zakończyła się 100-tysięcz-nym po",umap_backup_1-maja_warszawa9.umap#1
1996,PL,12:00,,Śródmieście Północne,,Anarchiści,centralna,mapa (opis wspolny dla lat),Anarchistyczny 1. Maja,1996_PL_demonstracja_Anarchisci,"1996. Młodzież Przeciwko Rasizmowi | Komitet Obchodów 110. rocznicy Święta 1 Maja młodych anarchistów, komunistów i socjalistów rozpocznie swój pochód o godz. 12 na pl. Bankowym, następnie Marszałkowską i Al. Jerozolimskimi przejdą pod giełdę (d. gmach KC PZPR). Organizatorzy nie oczekują wysokiej frekwencji, gdyż ogólnopolskie obchody tego święta środowiska alternatywne zap",umap_backup_1-maja_warszawa9.umap#3
1998,PL,10:00,,Stary Żoliborz,,Solidarność,dzielnicowa,mapa (opis wspolny dla lat),Solidarność,1998_PL_demonstracja_Solidarnosc,"1990-1996; 1998; 2000; 2003; 2007; 2009 Msza święta z okazji | Coroczna msza pierwszomajowa Solidarności regionu Mazowsze w kościele św. Stanisława Kostki na Żoliborzu, organizowana nieprzerwanie od 1981 roku (parafia ks. Popiełuszki) (TVP 1991) 1990 Kilka tysięcy osób uczestniczyło w tradycyjnej uroczystej mszy w kościele św. Stanisława Kostki. Rok temu podobna msza zakończyła się 100-tysięcz-nym po",umap_backup_1-maja_warszawa9.umap#1
2000,PL,09:30,,Śródmieście Południowe,,PPS,centralna,mapa (opis wspolny dla lat),PPS,2000_PL_demonstracja_PPS,"2000 PPS | Pochód rusza o 9:30 z ronda de Gaulle'a; ceremonia składania kwiatów na Wareckiej, następnie spotkanie z pochodem OPZZ i SdRP pod pomnikiem Kopernika (ŻW)",umap_backup_1-maja_warszawa9.umap#10
2001,PL,12:00,,Śródmieście Północne,,Anarchiści,centralna,mapa (opis wspolny dla lat),Anarchistyczny 1. Maja,2001_PL_demonstracja_Anarchisci,"2001 – Ogólnopolski Marsz Protestu | Początek o godz. 12 na skrzyżowaniu ulic Świętokrzyskiej i Marszałkowskiej. (Wyborcza) W Warszawie policja zatrzymała 2 osoby uczestniczące w manifestacji anarchistów. Jedna była - wg policji - pijana i miała psa, który pogryzł policjanta. Drugą zatrzymaną osobą był młody człowiek uczestniczący w manifestacji anarchistów, który drzewcem o",umap_backup_1-maja_warszawa9.umap#4
2001,PL,14:00,,Śródmieście Północne,,Parada Równości,centralna,mapa (opis wspolny dla lat),Parada Równości,2001_PL_demonstracja_Parada-Rownosci,"Parada Równości 2001 | 14:00 Plac Zamkowy Z polityków był obecny tylko Piotr Ikonowicz, reprezentujący wtedy PPS, i Robert Biedroń, występujący jako działacz SLD (rp.pl 2011) W Warszawie swoją paradę zorganizowali też geje i lesbijki, domagając się równości wobec prawa. Ich manifestacja przeszła Nowym Światem. Wzięło w niej udział około 200 osób, w tym popieraj",umap_backup_1-maja_warszawa9.umap#0
2003,PL,11:00,,,,SLD,,korpus,[[Związkowiec#2003]] / Warszawa: Skromniejszy 1 Maja,,Przed godz. 11 nieomal doszło do bijatyki między kilkusetosobową grupą działaczy tej partii a manifestantami z głównego pochodu. Policja utworzyła jednak zwarty kordon i pochód SLD przeszedł spokojnie pod Sejm.,PL_1990-2019.md:3019
2003,PL,13:30,,Śródmieście Północne,,Parada Równości,centralna,mapa (opis wspolny dla lat),Parada Równości,2003_PL_demonstracja_Parada-Rownosci,"Parada Równości 2003 | Pochód wyruszył punktualnie o godzinie 13.30. Jego czoło stanowiła udekorowana platforma z nagłośnieniem. (...) Trasa wiodła od Placu Zamkowego, przez Krakowie Przemieście i Nowy Świat pod gmach Sejmu, gdzie odbyła się końcowa manifestacja. Jedna z rozgłośni poinformowała, że Parada była największą pierwszomajową manifestacją w stolicy. (",umap_backup_1-maja_warszawa9.umap#2
2003,PL,14:05,,,,,,korpus,[[Związkowiec#2003]] / Warszawa: Skromniejszy 1 Maja,,"Czwartek, 1 maja 2003 (14:05)",PL_1990-2019.md:3013
2004,PL,09:30,,Stary Żoliborz,,OPZZ,dzielnicowa,mapa,Upamiętnienia,2004_PL_upamiętnienie_Brama-Stracen,"Brama Straceń | 2004: Pochód zaczyna się o 9:30 – kiedy składanie wieńców? NA pewno była delegacja OPZZ, w jej składzie Wiesława Taranowska (NTP, KZ), Jeszcze przed pochodem Oleksy i Jaruga-Nowacka złożyli kwiaty pod Bramą Straceń Warszawskiej Cytadeli (DT, 4.05)",umap_backup_1-maja_warszawa9.umap#0
2006,PL,05:30,,Śródmieście Południowe,,Zieloni,centralna,mapa (opis wspolny dla lat),Lewica radykalna,2006_PL_demonstracja_NIEZNANY,"2006 Nowa Lewica | W Warszawie około 250 osób wzięło udział w pochodzie radykalnej lewicy. Pochód organizowały Nowa Lewica, Czerwony Kolektyw-Lewicowa Alternatywa, Komunistyczna Partia Polski, Młodzi Socjaliści, Polska Partia Socjalistyczna, Pracownicza Demokracja oraz Zieloni 2004. Do pochodu dołączyła również Warszawska Grupa Anarchistyczna. (lewica.pl) P",umap_backup_1-maja_warszawa9.umap#7
2006,PL,11:00,,,,SLD,,korpus,,,Trasaalt:: Ruchu Nowa Generacja – inicjatywa działaczy SLD rozczarowanych partią i zatraceniem lewicowych wartości – organizuje krótki pochód. O godz. 11 wyruszą także pod Sejm z pl. Zamkowego.,PL_1990-2019.md:3404
2007,PL,05:40,,Śródmieście Południowe,,PPS,centralna,mapa (opis wspolny dla lat),Lewica radykalna,2007_PL_demonstracja_NIEZNANY,"2007 Nowa Lewica | Manifestanci (ok. 300 osób m. in. z Nowej Lewicy, Komunistycznej Partii Polski, Polskiej Partii Socjalistycznej, Pracowniczej Demokracji, Młodych Socjalistów) pod hasłami obrony świata pracy przed kapitalistycznym wyzyskiem przemaszerowali przez Śródmieście, skandowali hasła antywojenne i krytykowali politykę PiS (""Kodeks pracy, a nie kod",umap_backup_1-maja_warszawa9.umap#8
2007,PL,10:00,,Stary Żoliborz,,Solidarność,dzielnicowa,mapa (opis wspolny dla lat),Solidarność,2007_PL_demonstracja_Solidarnosc,"1990-1996; 1998; 2000; 2003; 2007; 2009 Msza święta z okazji | Coroczna msza pierwszomajowa Solidarności regionu Mazowsze w kościele św. Stanisława Kostki na Żoliborzu, organizowana nieprzerwanie od 1981 roku (parafia ks. Popiełuszki) (TVP 1991) 1990 Kilka tysięcy osób uczestniczyło w tradycyjnej uroczystej mszy w kościele św. Stanisława Kostki. Rok temu podobna msza zakończyła się 100-tysięcz-nym po",umap_backup_1-maja_warszawa9.umap#1
2007,PL,12:00,,Śródmieście Północne,,Anarchiści,centralna,mapa (opis wspolny dla lat),Anarchistyczny 1. Maja,2007_PL_demonstracja_Anarchisci,"2007. 1 Maja – Odzyskaj swoje życie! | 121 lat temu, pracownicy walczyli o 8 godzinny dzień pracy. CZY JUŻ NIE MASZ DOŚĆ PRACY W NADGODZINACH? Start: godz. 12:00 pod PkiN od strony ul. Świętokrzyskiej KONIEC WYZYSKU! - ZA GODNYMI I SPRAWIEDLIWYMI WARUNKAMI PRACY - ZA PRACĄ BEZ WYZYSKU - ZA WSPÓŁPRACĄ PRACOWNIKÓW - ZA ODDOLNYM KIEROWANIEM MIEJSCAMI PRACY Trasa: Złożymy wizytę w",umap_backup_1-maja_warszawa9.umap#6
2008,PL,05:25,,,,,,korpus,Ikonowicz przemówienie 2008,,05:25,PL_1990-2019.md:3824
2008,PL,06:42,,,,,,korpus,Ikonowicz przemówienie 2008,,06:42,PL_1990-2019.md:3828
2008,PL,07:32,,,,,,korpus,Ikonowicz przemówienie 2008,,07:32,PL_1990-2019.md:3832
2008,PL,08:20,,,,,,korpus,Ikonowicz przemówienie 2008,,08:20,PL_1990-2019.md:3836
2008,PL,10:00,,,,,,korpus,,,"Trasaalt:: 1. Nowa Lewica, Kancelaria Sprawiedliwości Społecznej, Komunistyczna Partia Polski, Młodzi Socjaliści, Towarzystwo Przyjaźni Polsko-Wenezuelskiej oraz Lewica Bez Cenzury organizują pochód z Ronda De Gaulla o godz. 10.00.",PL_1990-2019.md:3776
2008,PL,10:00,,,,,,korpus,Ikonowicz przemówienie 2008,,"The march began at 10:00 AM at Rond de Gaulle in Warsaw.Participants included members of various leftist organizations: Nowa Lewica, Młodzi Socjaliści, Pracownicza Demokracja, and the Komunistyczna Partia Polski.",PL_1990-2019.md:3843
2008,PL,10:00,,Śródmieście Północne,,,centralna,mapa (opis wspolny dla lat),Lewica radykalna,2008_PL_demonstracja_NIEZNANY,"2008 Nowa Lewica | 1 maja o godzinie 10.00 na Rondzie de Gaullea rozpoczął się pochód radykalnej lewicy. Wzięli w nim udział działacze i sympatycy Nowej Lewicy, Młodych Socjalistów, Pracowniczej Demokracji i Komunistycznej Partii Polski. W tym roku w pochodzie nie wzięły udziału środowiska anarchistyczne, które zorganizowały własny pochód. Obchody 1-majoweg",umap_backup_1-maja_warszawa9.umap#9
2008,PL,12:00,,,,Solidarność,,korpus,,,"Trasaalt:: Lewicowa Alternatywa, Ogólnopolski Związek Zawodowy Inicjatywa Pracownicza, Warszawska Grupa Anarchistyczna, stowarzyszenie ""Wolność-Równość-Solidarność"" oraz Zielonych 2004 organizują pochód pod hasłem ""Przeciwko dyskryminacji i prześladowaniom w miejscu pracy!"". Uczestnicy tej akcji chcą przeciwstawić się się promocji ""elastycznych form zatrudnienia"". Pochód wyrusza z pod Ministerstwa",PL_1990-2019.md:3778
2008,PL,12:00,,,,Solidarność;PPS,,korpus,,,"Wydarzeniainne:: W 2008 roku przez Warszawę przechodzą jednocześnie dwa inne marsze: Lewicowa Alternatywa, Ogólnopolski Związek Zawodowy Inicjatywa Pracownicza, Warszawska Grupa Anarchistyczna, stowarzyszenie ""Wolność-Równość-Solidarność"" oraz Zielonych 2004 organizują pochód pod hasłem ""Przeciwko dyskryminacji i prześladowaniom w miejscu pracy!"". Uczestnicy tej akcji chcą przeciwstawić się się pr",PL_1990-2019.md:3786
2008,PL,12:00,,,,Sierpień 80,,korpus,Anarchistyczny 1 maja – opis trasy,,"| 1 maja. Przeciwko dyskryminacji i prześladowaniom w miejscu pracy!<br<br1 maja nie musi być nudnym rytuałem rodem z PRL. To okazja, aby w dniu święta ludzi pracy zaprotestować przeciwko codziennemu wyzyskowi w miejscu pracy. Dlatego też środowisko anarchistyczne w Warszawie proponuje zorganizowanie 1 maja 2008 r. demonstracji tematycznej pod hasłami:<br<brPrzeciwko dyskryminacji w miejscu pracy!",PL_1990-2019.md:3921
2008,PL,12:00,,Śródmieście Południowe,,Anarchiści,centralna,mapa (opis wspolny dla lat),Anarchistyczny 1. Maja,2008_PL_demonstracja_Anarchisci,"2008 – Lewicowa Alternatywa / OZZ IP – „Przeciwko dyskrymina | 12:00. Pochód Lewicowej Alternatywy, OZZ Inicjatywa Pracownicza, Warszawskiej Grupy Anarchistycznej, „Wolność-Równość-Solidarność” i Zielonych 2004. Hasło: „Przeciwko dyskryminacji i prześladowaniom w miejscu pracy!” Fragment apelu 1 maja. Przeciwko dyskryminacji i prześladowaniom w miejscu pracy! 1 maja nie musi być nudnym rytuałem rodem",umap_backup_1-maja_warszawa9.umap#7
2008,PL,18:00,,,,,,korpus,Debata o 1. Maja w Krytyce Politycznej,,Spotkanie odbędzie się 30 kwietnia o godzinie 18.00 w lokalu Krytyki,PL_1990-2019.md:3914
2009,PL,09:30,,,,OPZZ;PPS,,korpus,,,"Wydarzeniaalt:: 2 kwietnia 2009 roku w warszawskiej siedzibie OPZZ na zaproszenie przewodniczącego OPZZ Jana Guza odbyło się spotkanie w sprawie tegorocznych obchodów Święta Pracy. W spotkaniu wzięli udział przedstawiciele OPZZ, Sojuszu Lewicy Demokratycznej, Socjaldemokracji Polskiej, Unii Pracy, Polskiej Partii Socjalistycznej, RACJI Polskiej Lewicy, Unii Lewicy i Centralnego Klubu Weteranów Lew",PL_1990-2019.md:4100
2009,PL,11:00,,Śródmieście Południowe,,Solidarność,centralna,mapa (opis wspolny dla lat),Lewica radykalna,2009_PL_demonstracja_NIEZNANY,"2009. Nowa Lewica | Około godziny 11.00 pod budynkiem giełdy rozpoczęła się demonstracja zorganizowana przez Lewicową Alternatywę, Nową Lewicę, Komunistyczną Partię Polski, Pracowniczą Demokrację i Stowarzyszenie ""Wolność - Równość - Solidarność"". Wzięło w niej udział ponad 300 osób. (lewica.pl) Trasa: Rondo de Gaulle'a Aleje Ujazdowskie siedziba KPP Lewiata",umap_backup_1-maja_warszawa9.umap#10
2009,PL,14:00,,Stara Praga,,Anarchiści,dzielnicowa,mapa (opis wspolny dla lat),Anarchistyczny 1. Maja,2009_PL_demonstracja_Anarchisci,"2009. ZSP. Nic o nas bez nas! | 14:00 Wydarzenie organizowane przez ZSP oraz OZZ IP. Trasa przebiega od szpiala praskiego, obok poczty polskiej, siedziby PKP, bazaru Różyckiego i pod dwoma supermarketami. W każdym z tych miejsc demonstracja zatrzymuje się, odbywają się przemówienia poświęcone symbolizowanym przez te miejsca problemom Demonstracja udała się na piknik w P",umap_backup_1-maja_warszawa9.umap#8
2009,PL,19:30,,,,OPZZ;SLD,,korpus,,,"TVP:: W Wiadomościach z 19:30 świąteczne wiadomości, ale zaczyna się od tragedii na Bałtyku ponownie. Na pl. Piłsudskiego dziennikarz, bo 5 lat temu wciągnięto tam flagę europejską – znów temat wcześniej niż transmisja z obchodów Święta Pracy. I znowu opowieści o tym, co się stało i co się zmieniło przez ostatnie 5 lat. Mowa o dopłatach i wielkich zmianach, do jakich dochodzi w tym czasie w kraju.",PL_1990-2019.md:4110
2011,PL,05:40,,Śródmieście Północne,,Sierpień 80;PPS,centralna,mapa (opis wspolny dla lat),Lewica radykalna,2011_PL_demonstracja_NIEZNANY,"2011 – Marsz Pustych Garnków (KSS, KPP, Racja, PD, NLR) | Marsz Pustych Garnków – KSS we współpracy z KPP, Racją Polskiej Lewicy, Pracowniczą Demokracją i Nurtem Lewicy Rewolucyjnej. Udział też Polska Partia Pracy – Sierpień 80, OZB, Lewicowa Alternatywa, Inicjatywa Stop Wojnie i społeczność syryjska. Zebrani przeszli głównymi ulicami Warszawy pod kamień upamiętniający walkę rewolucyjną bojowców",umap_backup_1-maja_warszawa9.umap#12
2011,PL,13:00,,,,,,korpus,Papamobile zamiast pochodu?,,"Wydarzeniaalt:: O godz. 13 przed Świątynię przyjechała z pl. Piłsudskiego replika pierwszego papamobile z 1979 r. Ale wszyscy czekali na kulminacyjny moment, czyli odsłonięcie wielkiego obrazu Jana Pawła II zrobionego ze zdjęć nadesłanych przez Internet do Centrum Opatrzności Bożej. (RP 2011)",PL_1990-2019.md:4314
2011,PL,21:37,,,,OPZZ;SLD,,korpus,Papamobile zamiast pochodu?,,"TVP:: Panorama o 18 też nadawana z Watykanu, o papieżu. Ale dają powiedzieć 2 słowa Janu Hartmannowi. Po pół godzinie papieżowania pojawia się relacja z wiecu warszawskiego OPZZ. Guz mówi o prawie do godnej pracy, godnego wynagrodzenia, zabezpieczanie emerytalno-rentowego. SLD przenosi się do Szczecina, o czym też jest w programie. O 21:37 wezwanie, by Polacy znów byli razem xdd",PL_1990-2019.md:4320
2012,PL,09:00,,Śródmieście Północne,,,centralna,mapa (opis wspolny dla lat),Lewica radykalna,2012_PL_demonstracja_NIEZNANY," | Z kolei o godz. 9 przed pomnikiem Partyzanta przy ul. Smolnej rozpocznie się manifestacja organizowana przez Kancelarię Sprawiedliwości Społecznej. Uczestnicy tej manifestacji przemaszerują Al. Jerozolimskimi, ul. Emilii Plater na pl. Grzybowski. Zakończenie przewidziano na godz. 12. (Onet) https://www.youtube.com/watch?v=kTIoPsWSDbg",umap_backup_1-maja_warszawa9.umap#0
2012,PL,13:00,,,,,,korpus,,,"Trasaalt:: ""Młoda lewica"" i anarchiści, tym razem pod nazwą Zmowa Powszechna przeciwko Władzy"", spotkają się o godz. 13 na placu Bankowym. Pójdą w stronę Karowej, gdzie przy skwerze Prusa o godz. 15.30 powstanie ""miasteczko antykryzysowe""",PL_1990-2019.md:4503
2012,PL,14:30,,Ujazdów,,,dzielnicowa,mapa (opis wspolny dla lat),Right-wing May Day,2012_PL_demonstracja_NIEZNANY_a,"2012-2013. Marsz Autonomicznych Nacjonalistów | 2012 14:30 Podczas ponad godzinnego przemarszu uczestnicy skandowali m.in. ""Nadchodzą, nadchodzą nacjonaliści"". Pochód nacjonalistów wyruszył ok. godz. 14.30 z placu Na Rozdrożu, sprzed pomnika Romana Dmowskiego i przeszedł Al. Ujazdowskimi, Nowym Światem, Al. Jerozolimskimi, Marszałkowską do Placu Konstytucji. Pochód otaczał kordon polic",umap_backup_1-maja_warszawa9.umap#2
2012,PL,19:30,,,,SLD;OPZZ,,korpus,,,"TVP:: Wiadomości o 19:30. Znów podział lewicowy symbolizowany przez kontrast między kongresem Palikota a pochodem SLD-owskim, OPZZ gdzieśtam znika. Miał być pochód całej lewicy, ale ostatecznie widoczny podział – jak mówi Miller osią podziału stosunek do podwyższenia wieku emerytalnego. Śpiewano Międzynarodówkę. Miało być ponad 20 tysięcy ludzi. Wuwuzele, klaskacze, hasła o podatkach dla najbogats",PL_1990-2019.md:4521
2013,PL,14:30,,Ujazdów,,,dzielnicowa,mapa (opis wspolny dla lat),Right-wing May Day,2013_PL_demonstracja_NIEZNANY_a,"2012-2013. Marsz Autonomicznych Nacjonalistów | 2012 14:30 Podczas ponad godzinnego przemarszu uczestnicy skandowali m.in. ""Nadchodzą, nadchodzą nacjonaliści"". Pochód nacjonalistów wyruszył ok. godz. 14.30 z placu Na Rozdrożu, sprzed pomnika Romana Dmowskiego i przeszedł Al. Ujazdowskimi, Nowym Światem, Al. Jerozolimskimi, Marszałkowską do Placu Konstytucji. Pochód otaczał kordon polic",umap_backup_1-maja_warszawa9.umap#2
2013,PL,19:30,,,,OPZZ;SLD,,korpus,,,"TVP:: Wiadomości 19:30. Z wizualnych elementów pojawiają się czapeczki plastikowe OPZZ, ale zaczyna się od krzykliwego przemówienia Guza. To w krótszej zapowiedzi. Nie ma zgody na głodowe emerytury i umowy śmieciowe. Inna oprawa, i mniej liczne, ale wciąż świeto lewicy. Znowu, świętować nie ma czego. Miller mówi, że obchodzi się Święto Pracy bez pracy. 2 miliony bez pracy, 2,5 miliona wyjechało mó",PL_1990-2019.md:4687
2014,PL,06:50,,,,SLD,,korpus,,,"TVP:: Po Przecinku, tam dyskusja Gawkowskiego z SLD i Bosaka z RN. Dyskutują o bilansie wejścia Polski do Unii Europejskiej. Gawkowskiego pyta prowadzący o straty związane z wejściem do UE (miliony emigrantów), a Bosaka o sukcesy (fundusze spójności, brak kompleksów). Potem Bosak opowiada o długiej liście rzeczy, które są wielkimi problemami dla polskiej gospodarki. Gawkowski przedstawia lewicową ",PL_1990-2019.md:4938
2014,PL,10:00,,,,Zieloni,,korpus,,,"Wydarzeniaalt:: o godz. 10 happening przed siedzibą Komisji Europejskiej przy ul. Jasnej 14/16a organizują Zieloni. Przedstawiciele tej partii zapowiadają symboliczne przybicie ""do drzwi Unii Europejskiej"" swoich postulatów dotyczących pracy i praw pracowniczych w Polsce i w Europie oraz wprowadzania w Polsce europejskich standardów zatrudnienia. Literatura/@1MajaNa2014|@1MajaNa2014",PL_1990-2019.md:4928
2014,PL,10:00,,Śródmieście Północne,,Zieloni,centralna,mapa (opis wspolny dla lat),Inne wydarzenia,2014_PL_wiec_Zieloni-Partia-Zieloni-happening,"2014. Partia Zieloni happening | o godz. 10, happening przed siedzibą Komisji Europejskiej przy ul. Jasnej organizują Zieloni. Przedstawiciele tej partii zapowiadają symboliczne przybicie ""do drzwi Unii Europejskiej"" swoich postulatów dotyczących pracy i praw pracowniczych w Polsce i w Europie oraz wprowadzania w Polsce europejskich standardów zatrudnienia. (dzieje.pl)",umap_backup_1-maja_warszawa9.umap#4
2014,PL,11:00,,Śródmieście Północne,,Samoobrona;Zieloni;Razem,centralna,mapa (opis wspolny dla lat),Lewica radykalna,2014_PL_demonstracja_NIEZNANY,"2014-2015. Marsz Sprawiedliwości Społecznej (RSS Ikonowicza) | 2014 Marsz Sprawiedliwości Społecznej – RSS, KPP, Pracownicza Demokracja, OZZ Inicjatywa Pracownicza, Samoobrona RP, WSL, Zieloni. Start: rondo de Gaulle'a (godz. 11), zakończenie pod KPRM. Hasło OZZ IP: „Walcz, protestuj, stawiaj opór. Strajk generalny teraz!” Około 400 osób przeszło 1 maja ulicami Warszawy w demonstracji pierwszomajowej",umap_backup_1-maja_warszawa9.umap#14
2014,PL,15:00,,Ujazdów,,,dzielnicowa,mapa (opis wspolny dla lat),Right-wing May Day,2014_PL_demonstracja_NIEZNANY_a,"2014. Marsz Autonomicznych Nacjonalistów | 2014 15:00 Jako miejsce zbiórki wyznaczono tradycyjnie pl. na Rozdrożu, pod pomnikiem Romana Dmowskiego. Start pochodu był zaplanowany na godzinę 15, nie obyło się jednak bez opóźnień spowodowanych częściowo przez policjantów, którzy w spisywaniu i najzwyklejszym czepianiu się ludzi znajdują wyjątkową satysfakcję. Warto w tym miejscu wspo",umap_backup_1-maja_warszawa9.umap#3
2014,PL,19:30,,,,OPZZ;SLD,,korpus,,,"TVP:: Wiadomości o 19:30. Tu znowu bardzo dużo o Unii Europejskiej – wiadomości zaczynają się od europejskiego intro. Autostrady, pociągi, parki, remonty, oświetlony Pałac Prezydencki. Rzadko się zdarza, żeby w jakiejś sparawie bylibyśmy aż tak zgodni, mówi Piotr Kraśko. Wiadomości obiecują pokazanie, jak przez ten czas zmieniała się Polska. Na Podzamczu ma być specjalny koncert, a warszawiacy o ś",PL_1990-2019.md:4940
2015,PL,07:42,,,,SLD,,korpus,PArtia Zmiana pod OPZZ,,"Następnie przemarsz przez Krakowskie Przedmieście pod Pałac Prezydencki. 3 banery, każdy (prawie) nesie czerwoną flagę z logiem Zmiany (niektórzy białą), są też pojedyncze flagi biało-czerwone. Przemarsz zatrzymuje się przed Pałacem prezydenckim, gdzie wykrzykiwane są hasła Banderosław Komorowski oraz precz z dyktatem kapitału. Składane są kwiaty przy pustym, drewnianym krześle. Mateusz Piskorski ",PL_1990-2019.md:5033
2015,PL,11:00,,Śródmieście Północne,,Samoobrona;Zieloni;Razem,centralna,mapa (opis wspolny dla lat),Lewica radykalna,2015_PL_demonstracja_NIEZNANY,"2014-2015. Marsz Sprawiedliwości Społecznej (RSS Ikonowicza) | 2014 Marsz Sprawiedliwości Społecznej – RSS, KPP, Pracownicza Demokracja, OZZ Inicjatywa Pracownicza, Samoobrona RP, WSL, Zieloni. Start: rondo de Gaulle'a (godz. 11), zakończenie pod KPRM. Hasło OZZ IP: „Walcz, protestuj, stawiaj opór. Strajk generalny teraz!” Około 400 osób przeszło 1 maja ulicami Warszawy w demonstracji pierwszomajowej",umap_backup_1-maja_warszawa9.umap#14
2015,PL,19:30,,,,SLD,,korpus,,,"TVP:: Wiadomości z 19:30. Do wyborów 10 dni, zaczynamy od sondażu poparcia (Komorowski wciąż ma 39%, Duda 25%). Z 1 maja mamy przede wszystkim Leszka Millera z Pikniku Europejskiego. Święto Pracy (2:50) bez wielkich demonstracji. Zabrakło manifestantów, a jego przemówieniu przysłuchiwała się niewielka grupka osób. Zestawione z pochodem w Moskwie, ze starciami w Turcji, czy z pokojowymi pochodami w",PL_1990-2019.md:5021
2016,PL,11:00,,,,OPZZ,,korpus,Zaproszenie Radzikowskiego na pochód OPZZ,,"to edukacji o tych problemach chcemy mówić dniu pierwszego maja naszych sercach i manifestacja Negatywna ocena sytuacji pracowniczej przyczyniła się do zmiany koalicji rządzącej. Rozbudzone zostały nadzieje i oczekiwania. Dlatego też, my jako Ogólnopolskie Porozumienie Związków Zawodowych mówimy, że dobra zmiana to godna praca, płaca i emerytura. Pod tym hasłem będziemy prowadzili tegoroczne obcho",PL_1990-2019.md:5144
2016,PL,11:30,,Śródmieście Północne,,,centralna,mapa (opis wspolny dla lat),Lewica radykalna,2016_PL_demonstracja_NIEZNANY,"2016-2018 RSS / KPP / Partia Socjaliści / WSL | 2016 Ikonowicz spod ronda de Gaulle'a do Kancelarii Premiera. 2017 Przedstawiciele Ruchu Sprawiedliwości Społecznej, Komunistycznej Partii Polski, Partii Socjaliści, Warszawskiego Stowarzyszenia Lokatorów. Start: rondo de Gaulle'a, zakończenie: KPRM. 2018 RSS Ikonowicza. Start: rondo de Gaulle'a (11:30), Nowy Świat – pl. Trzech Krzyży – A",umap_backup_1-maja_warszawa9.umap#16
2016,PL,15:00,,Śródmieście Północne,,UP,centralna,mapa (opis wspolny dla lat),Right-wing May Day,2016_PL_demonstracja_UP,"2016. Wyzysk? Imigracja? Upadek wartości? Nacjonalizm jest o | 15:00 (trasa na podstawie https://www.youtube.com/watch?v=zKlHbEXimR8) Uczestnicy akcji zebrali się o godzinie 15:00 przy wejściu do Ogrodu Saskiego, skąd po kilku minutach wyruszono głównymi ulicami miasta prezentując (okrzykami oraz transparentami) korzystającym z wolnego dnia spacerowiczom nacjonalistyczne hasła. Przed wymarszem ulicam",umap_backup_1-maja_warszawa9.umap#6
2016,PL,19:30,,,,OPZZ;SLD;Razem,,korpus,,,"TVP:: Wiadomości 19:30. Zaczynamy od straszenia nieprzyjmowaniem uchodźców. Święto Pracy kojarzone z komunizmem. Największe obchody zorganizowało po raz kolejny OPZZ z SLD w Warszawie. Zarówno chodziło o pracę, jak i przeciwko władzy. Guz mówi o różnych wariantach Święta Pracy – najpierw nasze hasła, a potem pójdziemy na grilla (chodzimy, bo musimy?). Jest to też nawiązanie do tradycji, jak mówił ",PL_1990-2019.md:5137
2017,PL,11:30,,Śródmieście Północne,,,centralna,mapa (opis wspolny dla lat),Lewica radykalna,2017_PL_demonstracja_NIEZNANY,"2016-2018 RSS / KPP / Partia Socjaliści / WSL | 2016 Ikonowicz spod ronda de Gaulle'a do Kancelarii Premiera. 2017 Przedstawiciele Ruchu Sprawiedliwości Społecznej, Komunistycznej Partii Polski, Partii Socjaliści, Warszawskiego Stowarzyszenia Lokatorów. Start: rondo de Gaulle'a, zakończenie: KPRM. 2018 RSS Ikonowicza. Start: rondo de Gaulle'a (11:30), Nowy Świat – pl. Trzech Krzyży – A",umap_backup_1-maja_warszawa9.umap#16
2017,PL,19:30,,,,SLD,,korpus,,,"TVP:: Wiadomości 19:30. Sytuacja pracowników miałaby być najlepsza od lat. 13 lat po wejściu do UE polskie granice są szczelne. Święto Pracy lewicowi świętują. Pochód jest niby jak za dawnych czasów – tutaj Czarzasty z pochodu, który miałby tą ciągłość reprezentować. Poza tym właściwie nie ma Potem słuchamy o uwłaszczeniu elit, tragicznej sytuacji w Polsce. Ale w tym roku pracownicy naprawdę mają ",PL_1990-2019.md:5255
2018,PL,11:30,,Śródmieście Północne,,,centralna,mapa (opis wspolny dla lat),Lewica radykalna,2018_PL_demonstracja_NIEZNANY,"2016-2018 RSS / KPP / Partia Socjaliści / WSL | 2016 Ikonowicz spod ronda de Gaulle'a do Kancelarii Premiera. 2017 Przedstawiciele Ruchu Sprawiedliwości Społecznej, Komunistycznej Partii Polski, Partii Socjaliści, Warszawskiego Stowarzyszenia Lokatorów. Start: rondo de Gaulle'a, zakończenie: KPRM. 2018 RSS Ikonowicza. Start: rondo de Gaulle'a (11:30), Nowy Świat – pl. Trzech Krzyży – A",umap_backup_1-maja_warszawa9.umap#16
2018,PL,16:00,,Śródmieście Północne,,,centralna,mapa (opis wspolny dla lat),Right-wing May Day,2018_PL_demonstracja_NIEZNANY_b,"2018. Szturmowe Święto Pracy | 16:00 Marsz pierwszomajowy organizacji narodowych. Zatrzymany przy Pałacu Staszica blokadą Obywateli RP / Strajku Kobiet / Pracowniczej Demokracji. Pomimo problemów, jakie na trasie sprawiali policjanci usiłujący namawiać organizatorów do rozwiązania zgromadzenia, pochód przeszedł reprezentatywnymi ulicami Warszawy – Nowym Światem i ul. Ś",umap_backup_1-maja_warszawa9.umap#7
2018,PL,19:30,,,,OPZZ,,korpus,,,"TVP:: Wiadomości o 19:30. Zaczyna się od dobrych informacji o europejskim budżecie, jest cała ta suwerennościowa narracja: Polska zaczęła mówić innym głosem, przeciwko Niemcom. 14 lat temu Polska witała UE, i to się opłacało – mamy pozytywny bilans wymiany handlowej, korzystamy. Polacy są nadal za UE, w tym Karnowski, ale żeby ta UE nie popadala w ideologiczne szaleństwo. W Łazienkach festiwal eur",PL_1990-2019.md:5376
2019,PL,05:06,,,,,,korpus,,,"- Mamy przed sobą jeszcze wiele wyzwań. Musimy zawalczyć o prawa do emerytur stażowych i o niewygasający charakter emerytur pomostowych. Musimy zawalczyć o wyższe wynagrodzenia, niższe podatki dla najmniej zarabiających, większą progresję podatkową. Większy urlop, krótszy czas pracy. Minimalny dochód gwarantowany, równe traktowanie pracowników, w tym imigrantów ze wschodu. To dzisiaj rosnące wyzwa",PL_1990-2019.md:5552
2019,PL,06:13,,,,,,korpus,,,"- Rząd ucieka od podejmowania decyzji na forum dialogu społecznego. Ostatnim wymownym przykładem jest przeniesienie rozmów o oświacie z RDS na Stadion Narodowy. Jako związki zawodowe nie chcemy rządzić, ale chcemy być dobrze rządzeni, tak, by stać nas było na godne życie i godną pracę. (6:13)",PL_1990-2019.md:5556
2019,PL,06:30,,,,,,korpus,,,"- Nie może być tak, że praca nie chroni przed biedą. Nie może być grup zapomnianych pracowników, jakimi w ostatnich czasach stali się pracujący w sferze finansów publicznych, których wynagrodzenia nie były waloryzowane od kilku lat. A dzisiaj protestującym i strajkującym mówi się, że muszą jeszcze poczekać, bo są pilniejsze i ważniejsze wydatki (6:30)",PL_1990-2019.md:5560
2019,PL,07:43,,,,,,korpus,,,"- Drodzy przyjaciele, 1 maja mija 15 lat od naszego wstąpienia do Unii Europejskiej. Decyzja polskiego społeczeństwa, którą dzisiaj popiera zdecydowana większość Polek i Polaków. Dlatego nigdy nie pomyślałem, że przyjdzie nam bronic się przed Polexitem. Dzisiaj wszystkie liczące się siły polityczne w Polsce popierają nasze członkostwo w UE, ale jeszcze niedawno posunięcia władzy poddawły to w wątp",PL_1990-2019.md:5565
2019,PL,09:15,,,,,,korpus,,,- Nasz kraj dokonał dzięki Unii cywilizacyjnego i gospodarczego awansu. (9:15),PL_1990-2019.md:5569
2019,PL,09:30,,,,Razem,,korpus,,,"- Życzenia. Wiele dokonaliśmy, sporo jeszcze przed nami. Osiągneliśmy sukces i osiągniemy, tylko jeśli będziemy wspólnie działać. Razem jesteśmy silniejsi (9:30)",PL_1990-2019.md:5573
2019,PL,11:00,,,,,,korpus,,,"Trasaalt:: O godz. 11 na rondzie de Gaulle’a Społeczne Forum Wymiany Myśli, Studencki Komitet Antyfaszystowski, Historia Czerwona, Fundacja Naprzód, Uniwersytet Zaangażowany oraz redakcja Portalu Strajk organizuje demonstrację z okazji Święta Pracy. Uczestnicy przejdą na plac Bankowy.",PL_1990-2019.md:5498
2019,PL,11:00,,Śródmieście Południowe,,,centralna,mapa (opis wspolny dla lat),Lewica radykalna,2019_PL_demonstracja_NIEZNANY,"2019 – Demonstracja społeczna (Strajk / Naprzód / SFWM / UZ) | Społeczne Forum Wymiany Myśli, Studencki Komitet Antyfaszystowski, Historia Czerwona, Fundacja Naprzód, Uniwersytet Zaangażowany, redakcja Strajk. Start: rondo de Gaulle'a (11:00), zakończenie: plac Bankowy.",umap_backup_1-maja_warszawa9.umap#18
2019,PL,12:30,,,,,,korpus,,,"Trasaalt:: O godz. 12.30 Polska Partia Socjalistyczna organizuje na placu Grzybowskim Międzynarodowy Dzień Solidarności Ludzi Pracy, który - jak zapowiadają organizatorzy - ma być ""wspólną manifestacją lewicy"".",PL_1990-2019.md:5500
2019,PL,13:30,,,,SLD,,korpus,,,Wydarzeniaalt:: Marsz Suwerenności planuje Konfederacja KORWiN Braun Liroy Narodowcy. O godz. 13.30 uczestnicy chcą przejść z pl. Zamkowego przed budynek Komisji Europejskiej przy skrzyżowaniu ul. Jasnej i Świętokrzyskiej. Ma to być swoista kontrmanifestacja dla obchodów 15-lecia członkostwa Polski w UE.; OPPZ wraz z SLD uczestniczy w pikniku Europejskim pod pomnikiem Daszyńskiego na placu na Rozd,PL_1990-2019.md:5505
2019,PL,13:30,,Śródmieście Północne,,,centralna,mapa (opis wspolny dla lat),Right-wing May Day,2019_PL_demonstracja_NIEZNANY_a,"2019 – Marsz Suwerenności. Stop dyktatowi Berlina i Brukseli | Marsz Suwerenności – Konfederacja KORWiN Braun Liroy Narodowcy (13:30). Trasa: pl. Zamkowy – Komisja Europejska (ul. Jasna/Świętokrzyska). - 1 maja to dzień, który nie niesie ze sobą dobrych skojarzeń. Komunistyczne święto wraz z organizowanymi przez lata pochodami pierwszomajowymi oraz wejście Polski do eurokołchozu, to dwa wydarzenia, k",umap_backup_1-maja_warszawa9.umap#8
2019,PL,14:00,,Nowe Miasto,,,centralna,mapa (opis wspolny dla lat),European Union accession anniversary,2019_PL_festyn_NIEZNANY_a,"Festiwal Europejski 2019 | Wczoraj stołeczni radni wspólnie z warszawiankami i warszawiakami radośnie świętowali 15-lecie Polski w Unii Europejskiej, podczas festiwalu przygotowanego specjalnie z tej okazji. O godz. 14.00, na rogu Karowej i Krakowskiego Przedmieścia, uczestnicy Festiwalu Europejskiego, wspólnie z artystami operowymi, którzy wzorem Jana Kiepury śpie",umap_backup_1-maja_warszawa9.umap#1
2024,PL,09:30,,,,,,korpus,Przebieg wydarzeń – własne sprawozdanie z Warszawy,,9:30 – rozpoczynają się obchody na placu Grzybowskim z lekkim opóźnieniem,PL_1990-2019.md:5712
2024,PL,10:43,,,,,,korpus,Przebieg wydarzeń – własne sprawozdanie z Warszawy,,"10:43 – przed pałacem kultury. Leci muzyka popowa, rytmiczna i wesoła; nie słychać utworów nawiązujących do tradycji robotniczych.",PL_1990-2019.md:5732
2024,PL,11:00,,,,OPZZ,,korpus,Przebieg wydarzeń – własne sprawozdanie z Warszawy,,"11:00 Pochód rozpoczyna się z opóźnieniem – tym razem kończy się pod siedzibą OPZZ, a zaczyna pod pałacem kultury. Czyli odwrotnie niż za PRL.",PL_1990-2019.md:5736
2024,PL,11:12,,,,,,korpus,Przebieg wydarzeń – własne sprawozdanie z Warszawy,,"11:12 Orkiestra gra, ze sceny pozdrowienia dla obecnych związków zawodowych. Pojawiają się okrzyki ""Godna Praca, Godne Życie"" i z nieco większą werwą, wielki hałas dla Unii Europejskiej",PL_1990-2019.md:5743
2024,PL,11:15,,,,,,korpus,Przebieg wydarzeń – własne sprawozdanie z Warszawy,,"11:15 Odniesienie do socjalistycznej historii pierwszego maja (wielu z was urodziło się jak chodziłam na pochody), ale wymijająco, jako dodatek.",PL_1990-2019.md:5745
2024,PL,11:17,,,,OPZZ,,korpus,Przebieg wydarzeń – własne sprawozdanie z Warszawy,,"11:17 Kolor czerwony raczej się nie pojawia. Ciepłe przywitanie pojedynczego górnika, który na obchody przyszedł w stroju galowym. Dominuje kolor OPZZ – niebieski",PL_1990-2019.md:5747
2024,PL,11:23,,,,,,korpus,Przebieg wydarzeń – własne sprawozdanie z Warszawy,,11:23 Po raz kolejny leci Bella Ciao,PL_1990-2019.md:5749
2024,PL,11:28,,,,,,korpus,Przebieg wydarzeń – własne sprawozdanie z Warszawy,,11:28 wchodzą liderzy polityczni i związkowi,PL_1990-2019.md:5753
2024,PL,11:32,,,,,,korpus,Przebieg wydarzeń – własne sprawozdanie z Warszawy,,"11:32 pokazanie się ze strona rządowa, wspomnienie ze liczymy na dobry dialog społeczny",PL_1990-2019.md:5765
2024,PL,11:32,,,,,,korpus,Przebieg wydarzeń – własne sprawozdanie z Warszawy,,"11:32 Piotr Ostrowski przemawia, najpierw hymn",PL_1990-2019.md:5767
2024,PL,11:37,,,,,,korpus,Przebieg wydarzeń – własne sprawozdanie z Warszawy,,11:37 ostrowski,PL_1990-2019.md:5771
2024,PL,11:43,,,,,,korpus,Przebieg wydarzeń – własne sprawozdanie z Warszawy,,11:43,PL_1990-2019.md:5786
2024,PL,11:50,,,,,,korpus,Przebieg wydarzeń – własne sprawozdanie z Warszawy,,11:50 Przemówienie Mirosława Grzybka (Metalowcy i Hutnicy),PL_1990-2019.md:5800
2024,PL,11:52,,,,,,korpus,Przebieg wydarzeń – własne sprawozdanie z Warszawy,,"11:52 Robert Biedron, ważny aspekt europejski. Przedstawia kandydata na komisarza europejskiego propracowniczego, Nicolasa Schmitta",PL_1990-2019.md:5806
2024,PL,11:58,,,,,,korpus,Przebieg wydarzeń – własne sprawozdanie z Warszawy,,11:58 N schmitt - najlepsze miejsce by być na świecie pracy niż Warszawa,PL_1990-2019.md:5812
2024,PL,12:17,,,,OPZZ,,korpus,Przebieg wydarzeń – własne sprawozdanie z Warszawy,,"12:17, idziemy w stronę OPZZ na kopernika.",PL_1990-2019.md:5837
2024,PL,12:57,,,,PPS,,korpus,Przebieg wydarzeń – własne sprawozdanie z Warszawy,,"12:57 PPS śpiewa czerwony standar, jesteśmy już pod siedziba opzz",PL_1990-2019.md:5860
2024,PL,12:59,,,,,,korpus,Przebieg wydarzeń – własne sprawozdanie z Warszawy,,"12:59 Rozpoczyna się przemówienie, znowu artykulacja oczekiwań wobec rządowej lewicy:",PL_1990-2019.md:5862
2024,PL,13:10,,,,,,korpus,Przebieg wydarzeń – własne sprawozdanie z Warszawy,,"13:10 Maciej Konieczny - tez mówi o walce o prawa pracownicze, ale ważna jest tez rocznica wejścia do UE",PL_1990-2019.md:5869
2024,PL,13:15,,,,,,korpus,Przebieg wydarzeń – własne sprawozdanie z Warszawy,,13:15 kolejne odwołanie do minionej walki o prawa pracownicze. Musimy tak jak oni spojrzeć s przyszłość,PL_1990-2019.md:5877
2024,PL,13:24,,,,Razem,,korpus,Przebieg wydarzeń – własne sprawozdanie z Warszawy,,13:24 trochę bardziej radykalny przekaz z Partii Razem oparty na własnych złych doświadczeniach z polskim rynkiem pracy,PL_1990-2019.md:5878
2024,PL,13:26,,,,,,korpus,Przebieg wydarzeń – własne sprawozdanie z Warszawy,,"13:26 Adam Olejniczak święto ludzi pracy, cieszmy się s nie politykujmy. No ale – zadamy dialogu, doszliście dzięki nam ludowi do władzy",PL_1990-2019.md:5885
2024,PL,13:30,,,,,,korpus,Przebieg wydarzeń – własne sprawozdanie z Warszawy,,"13:30 szefowa młodzieżówki - dość historyczne, odwołania. Przedstawicielka nowego pokolenia zamyka swoim przemówieniem.",PL_1990-2019.md:5900
