rok,godzina_od,godzina_do,dzielnica,dzielnice_wszystkie,aktor_zgadniety,sekcja,tekst,wiersz_zrodlowy
1987,02:00,,,,,Opis wydarzeń za stroną ruchu autonomicznych anarchistów,Erst ab ca. 2.00 Uhr nachts greift die Polizei wieder massiv ein. Mit Wasserwerfern und Räumfahrzeugen rückt sie gegen die brennenden Barrikaden und die noch verbliebenen Demonstranten vor.,23
1987,04:45,,,,,Opis wydarzeń za stroną ruchu autonomicznych anarchistów,"Um 4.45 Uhr riegeln zehn Mannschaftswagen der Polizei das Gelände des Mehringhofes ab, brechen mehrere Tore und Türen auf und durchsuchen das Volkszählungsinformations-Büro.",12
1990,04:14,,,,PDS,Przebieg DGB / rbb – małe gwizdy na wchodzący na plac PDS?,"Najlepsze miejsca w pierwszym rzędzie już 1,5h przed demonstracją zajęła grupa PDS!! (4:14)",186
1990,04:58,,,,DGB;PDS,Przebieg DGB / rbb – małe gwizdy na wchodzący na plac PDS?,"Gdy na placu Republiki pojawia się blok PDS, którego członkowie przynieśli ze sobą wiele flag NRD. Jak donosi reporter rbb, es gibt kleine Rangeleien vor Beginn der Veranstaltung, und immer scheint, gibt es im Augenblick auch einige, den als die Gruppe des PDS auf dem Platz erschien, gab es einige kleine Pfeiffkonzerte (4:58, Sondersendung) eastwest/DGB/1990",185
1990,11:00,,,,,Aufruf zur 1. Mai-Demo in Ostberlin,Beginn: 11 Uhr,230
1990,11:10,,,,DGB;SPD,Prasa / taz / Vereinter Ruf in Berlin: „Heraus zum 1. Mai“,"Opis:: First joint May Day demonstration of East and West since 1947. Among important characteristics of this years' holiday is de-partisanship of the holiday – no SED tribune, no SPD party event. The main actor would be DGB, which sets the tone for the celebrations just as they were in 1982 – trade union event on the Platz der Republik. The schedule of all the demonstrations is presented and the ",552
1990,18:00,,,,,Aufruf zur 1. Mai-Demo in Ostberlin / Wydarzenia," (taz 2.05.1990) Zum 100 jährigen Jubiläum des 1.Mai zeigt das Haus am Lützowplatz eine Ausstellung zur Geschichte des Feiertages. Die Präsentation der Kunstwerke dokumentiere die Höhen und Tiefen dieses internationalen Kampftages. Die Hälfte der Exponate kommt aus dem Osten. Gezeigt werden Festzeitschriften, Karikaturen und Plakate sowie eine Fotoausstellung zu den Mai-Veranstaltungen aus beiden ",237
1990,18:00,,,,,Prasa / taz / Ausstellung zu 100 Jahre 1. Mai,"Opis:: Zum 100jährigen Jubiläum des 1.Mai zeigt das Haus am Lützowplatz eine Ausstellung zur Geschichte des Feiertages. Die Präsentation der Kunstwerke dokumentiere die Höhen und Tiefen dieses internationalen Kampftages. Die Hälfte der Exponate kommt aus dem Osten. Gezeigt werden Festzeitschriften, Karikaturen und Plakate sowie eine Fotoausstellung zu den Mai-Veranstaltungen aus beiden Teilen Berl",658
1990,19:30,,Wedding,Wedding,FDGB;PDS,Aufruf zur 1. Mai-Demo in Ostberlin / Wydarzenia," (BZ 30.04.90) Als Beitrag zur 100jährigen Geschichte des Arbeiterkampftages 1. Mai wurde gestern abend im Heimatmuseum Wedding, Pank-straise 47, eine Ausstellung -„100Jahre Berliner Maifeiern 1890 bis 1990"" eröffnet. Zusammengestellt wurde sie vom „Verein zum Studium sozialer Bewegungen e. V."". Leihgaben stammen aus privaten Beständen, Archiven, Museen, darunter auch aus dem Museum für Deutsche G",235
1990,20:00,,,,,Revolutionäre 1. Mai / Przebieg,"Wir rufen Frauen und Männer aus Ost und West auf, sich diese Häuser zu nehmen, bevor es zu spät ist. Bilder Gruppenzusammenhänge und beendet Eure Wohnungsnot! Wir schlagen Euch eın gemeinsames Treffen vor, um konkrete Schritte und Vorbereitungen zu besprechen. Dies soll in der ""Kirche von Unten"", Elisabethkirchsir. 21, Berlin, 1040, am 29.04.1950 um 20.00 Uhr stattfinden.",211
1991,08:30,,,,DGB,Scenariusz,"- 8:30 - DGB-Haus, Wallstr 61-65, Berlin 30 - Treffpunkt",836
1991,08:30,,,,ÖTV,Scenariusz,"- 8:30 - ÖTV-Haus,",837
1991,08:45,,Kreuzberg,Kreuzberg,,Prasa / taz / Polizei de­mo­lier­te tür­ki­sches Lokal,"Opis:: Despite assurances from police chief Schertz that force would be used proportionately, there were several instances of police brutality on that May night in Kreuzberg. At around 8:45 p.m., ten officers stormed into the Turkish restaurant ""Kösk"" on Lausitzer Platz in pursuit of young people – they beat peacefully seated guests with batons, overturned tables and chairs, and knocked over glass",1228
1991,09:30,,,,IG Metall,Scenariusz,"- 9:30 - IG Metall Hays-Haus in der Alte Jakob-/Lindenstraße, 1090 Berlin 61",838
1991,11:00,,,,,Scenariusz,11:00 - Kundgebung (Sternmarsch endet vor dem Reichstag),839
1991,12:00,,,,,Scenariusz,12:00-17:30 - Straßenfest in der Friedrichshainer Koppenstraße,841
1991,13:00,,Kreuzberg,Kreuzberg,Revolutionäre 1. Mai,Scenariusz,13:00 - Revolutionäre 1. Mai-Demo vom Oranienplatz in Kreuzberg,843
1991,13:00,,,,,Scenariusz,13:00 - Maifeier hinter der Gethsemanekirche,844
1991,13:00,,Marzahn,Marzahn,,Scenariusz,13:00 - Maibaumklettern vor der FDJS-Geschäftsstelle Alt-Marzahn 64,845
1991,13:00,,,,,Scenariusz,13:00-24:00 - Hauptstadt-Bummel auf dem Ritzplatz und der Heinrich-Heine-Straße,846
1991,14:00,,,,,Scenariusz,"14:00 – Berliner Prater, folk festical",830
1991,14:00,,Müggelheim,Müggelheim,,Scenariusz,14:00– Maifete w klubie wiejskim w Müggelheim,831
1991,14:00,,,,,Scenariusz,14:00-24:00 – from Marx-Engels-Platz through Unter den Linden stage programm in the city center (za ND),832
1991,14:00,,,,,Scenariusz,14:00 - Tag der offenen Tür im und um das Karl-Liebknecht-Haus am Rosa-Luxemburg-Platz (bis 18 Uhr),847
1991,14:00,,,,,Scenariusz,"14:00 - Haus der jungen Talente, Klosterstraße 68-70 - Kunstmarkt",848
1991,14:00,,Hohenschönhausen,Hohenschönhausen,,Scenariusz,"14:00-20:00 - Maifest ""von unten"", Zinglster Str/Am Berg Ahornhausen, Hohenschönhausen (mit Kulturprogramm, Kinderfest, Infostände)",849
1991,14:00,,,,,Scenariusz,14:00-18:00 - Kinder- und Familienfest in der Jungfernheide (Eingang Heckerdamm),850
1991,14:00,,Prenzlauer Berg,Prenzlauer Berg,,Scenariusz,"14:00-20:00 - Tanz unterm Maibaum in Prenzlauer Berg, Kastanienallee 7-9",851
1991,14:00,,,,,Prasa / Berliner Zeitung / 30.04.1991,14:00-24:00 – from Marx-Engels-Platz through Unter den Linden stage programm in the city center,1005
1991,14:30,,Köpenick,Köpenick,,Scenariusz,"14:30-18:00 - Maifeier auf der Schönbörse in Köpenick (mit Kinderfest, Kunsthandwerk, Infos, Gesprächen)",852
1991,15:00,,Schöneberg,Schöneberg,,Scenariusz,"15:00 - Rosa-Luxemburg-Haus in Schöneberg, Kurze Str 11 - Diskussion ""Was erwartet die Arbeitnehmerinnen in der Region Berlin/Brandenburg""",853
1991,15:00,,Hellersdorf,Hellersdorf,,Scenariusz,15:00 - Maifeier in Hellersdorf (mit viel Musik),854
1991,15:00,,,,,Scenariusz,"15:00 – Lausitzer Platz festival, pod hasłem Gegen Rassismus und die Zerstörung Kreuzbergs (BZ)",855
1991,15:00,,,,,Prasa / Berliner Zeitung / 30.04.1991,"15:00 – Lausitzer Platz festival, pod hasłem Gegen Rassismus und die Zerstörung Kreuzbergs",1004
1991,15:35,,,,,Prasa / Sprawozdanie z dokumentów wewnętrznych DGB," Als besonderer Höhepunkt wurde der Auftritt des sowjetischen Musik-Gesangs-Ensembles empfunden, der zum Abschluss noch eine erfreulich grosse Zahl zu ZuhörinnerInnen vor die Hauptbühne lockte, so dass der Kulturprogramm durch Zugaben bis 15:35 Uhr verlängert werden musste",904
1991,15:45,,Kreuzberg,Kreuzberg,,Prasa / Berliner Zeitung / 2.05.1991," 15:45– na rogu Bänsch i PRoskauer Strasse dochodzi do zamieszek, wywołanych blokadą dojścia w stronę Rigaer Strasse riots/Kreuzberg/1991",1043
1991,18:00,,,,,Scenariusz,"18:00 – w Alten TU-Mensa kobieca demonstracja, rozpoczyna się w Kleistparku",826
1991,18:00,,,,,Scenariusz,18:00 – ZASILO wspólnie z Bündnis Kritischer GewerkschafterInnen organizują Tanz in den Mai w Haus der Demokratie,827
1991,19:00,,,,,Prasa / taz / LE­SUN­GUND­VI­DEO  ■  ANARCHIE IN MOABIT,"Opis:: Anarchist events post-May Day: - 19:00 - Ralf Landmesser, anarchistische Polit-Lyrik, Kulturfabrik Lehrter Straße 35 - 20:00 - Horst Stohwasser, Videovortrag ""Die Utopie lebt noch"" über ""Projekt A"", A-Laden Rathenower Straße 22",1133
1991,20:00,,,,,Scenariusz,"20:00 - ""Wer jetzt nicht tanzt"" - Konzert mit Franz-Josef Degenhardt, Haus der Kultobchen Park",856
1991,20:30,,,,,Scenariusz,20:30 - Hofgarten-Wirtz-Platz - Klubgespräch mit Michael Brie und Reinhold Andert,857
1992,07:45,,,,DGB;IG Metall,Events description / taz / 1. Mai in Senftenberg,"Opis:: Für den 1. Mai organisiert der DGB gemeinsam mit den Mitgliedsgewerkschaften die Mai-Kundgebung in Senftenberg. Dazu fährt ein Sonderzug 7.45 Uhr ab Senftenberg eine »Ehrenrunde durch die Niederlausitz« über Ruhland, Lauchammer-West, Elsterwerda-Biehla, Bad Liebenwerda, Schönborn, Doberlug-Kirchhain, Finsterwalde und Großräschen zurück nach Senftenberg. Nach der Kundgebung und dem anschließ",1715
1992,08:30,,,,DGB;IG Metall;ÖTV;FDGB,Events description,"8:30-9:30 (?) – 5 separate rallies: DGB, IG Metall, former FDGB, ÖTV and Alexanderplatz towards Lustgarten",1396
1992,08:30,,,,DGB;IG Metall;ÖTV,Events description / taz / Der Tag der Arbeit wird im Lust­gar­ten gefeiert,"Opis:: Plans of DGB for May 1st in Berlin. Main event at Lustgarten. Accoring to Christine Bretz, trade unions will protest the shifting the costs of transformation onto employees, protest against abolishment of continued payment of wages in the event of illness for workers. Bretz says that employees will also need to 'practice restraint' when it comes to rebuilding of the East, as many of them mi",1655
1992,09:00,,,,DGB,Events description,9:00 – DGB Haus demonstration beginning,1392
1992,09:00,,,,ÖTV;GEW,Events description,9:00 – ÖTV/GEW demonstration beginning,1393
1992,09:30,,,,IGM,Events description,9:30 – IGM/IG Medien demonstration beginning,1394
1992,10:00,,,,DGB,Events description,10:00 – DGB Wallstrasse demonstration beginning,1395
1992,11:00,,,,DGB,Events description,"11:00 – DGB rally at Lustgarten – why Lustagarten, the same place as in GDR? Some reason behind it?",1397
1992,11:00,,,,DGB;ÖTV;Revolutionäre 1. Mai,Events description / taz / Demos am 1. Mai,"Opis:: Folgende Demos werden am 1. Mai stattfinden: DGB-Abschlußkundgebung um 11 Uhr im Lustgarten. Start: DGB-Haus, Keith-/Kleiststraße (8.30); IG-Metall-Haus, Alte Jakob-/Lindenstraße (9.00), ÖTV- Haus, Joachimsthaler Straße 20 (8.30) sowie am Gewerkschaftshaus, Wallstraße 61-65 (9.30). Kritische Gewerkschafter marschieren getrennt ab 10 Uhr vom Alex zum Lustgarten. Und: »Revolutionäre 1. Mai- D",1686
1992,13:00,,Kreuzberg,Kreuzberg,,Events description,13:00 – R1M at Kreuzberg,1398
1992,13:00,,Mitte,Mitte;Kreuzberg;Neukölln;Prenzlauer Berg,,Events description / taz / Die Re­vo­lu­ti­on in Block­for­ma­ti­on,"Opis:: Western Groups' Plans:  RIM (Revolutionary Internationalist Movement): Dogmatic ML group calling for a demo to Brandenburg Gate starting 13:00 from Oranienplatz Independent autonomous groups: Organizing a separate march through Mitte, Kreuzberg, and Neukölln to Kottbusser Tor Both routes start from the same place (Oranienplatz) at the same time - whoever leaves first determines the actual r",1700
1992,13:00,,,,,Events description / Spiegel / Offene Hand statt geballter Faust,"12.04.1992, 13.00 Uhr • aus DER SPIEGEL 16/1992(https://www.spiegel.de/spiegel/print/index-1992-16.html ""DER SPIEGEL 16/1992"")",1810
1992,15:00,,Prenzlauer Berg,Prenzlauer Berg,Antifa;FAP,Events description,"15:00 – FAP demonstration at Prenzlauer Berg, Ernst-Thälmann Platz. 50 attendees, 200 counterprotesters from Antifa",1399
1992,15:00,,Kreuzberg,Kreuzberg,FAP,Events description / taz / Krawall in SO 36 FAP-Demo ver­hin­dert,"Opis:: Not many were masked. Slogans about LA riots. Clashes between autonomen and RIM+turiksh communists. No route towards Brandenburg, everything stayed in Kreuzberg. 15:00 – Ernst-Thälmann-Platz FAP demonstration, hindered by autonomen and anti-fassits – only 3 to 5k were there.",1761
1992,20:00,,,,,Events description,20:00 – Der Osten schlägt zurück,1403
1992,20:00,,Prenzlauer Berg,Prenzlauer Berg,,"Events description / z 5DGBG000656, nie wiem jaki tytuł prasowy. Wszystko 2.05 / Hauke/Rechenberg","Gegen 20 Uhr weiteten sich die Ausschreitungen auf Prenzlauer Berg aus. Unter dem Motto „DerOsten schlägt zurück"" randaliertenrund 500 Autonome rund um den Kollwitzplatz. Sie demoliertenSchaufenster, errichteten Barrika-den und attackierten Polizisten",1529
1992,20:00,,Prenzlauer Berg,Prenzlauer Berg,,Events description / taz / Die Re­vo­lu­ti­on in Block­for­ma­ti­on,"Cytaty:: Zu weiteren Streitigkeiten im Vorfeld kam es zwischen Autonomen aus Ost und West. Es gebe einen »Abstand in der Art, mit Konflikten umzugehen«, bemerkt der Aufruf zum eigenen »revolutionären Ostblock«: »Während wir uns aus unserer Geschichte heraus kein Zusammengehen mit doktrinären ML-Sekten wie RIM oder TKP/ML vorstellen können, beschwert sich ein großer Teil der Wessis maximal über nic",1701
1993,09:00,,,,ÖTV,Scenariusz / 1. Mai,"9:00 - ÖTV Haus, Joachimstaler Strasse 20",1935
1993,09:15,,,,DGB;PDS;BKG,Scenariusz / 1. Mai,"9:15 - PDS Auftaktkundgebung Rosa-Luxemburg-Platz Kundgebung, danach ""Zug der Widerspenstigen"" zur DGB-Kundgebung PDS BKG",1936
1993,09:15,,,,DGB;PDS,Prasa / taz / Rot ist der Maien — und sehr som­mer­lich,"PDS - Auftaktkundgebung 9:15 Uhr, Rosa-Luxemburg-Platz Kundgebung, danach ""Zug der Widerspenstigen"" zur DGB-Kundgebung",2289
1993,09:30,,,,IG Metall,Scenariusz / 1. Mai,9:30 - IG Metall Haus,1937
1993,09:30,,,,BKG,Scenariusz / 1. Mai,"9:30 - BKG (Bündnis Kritischer Gewerkschaften) march von Luxemburg Platz zu Marx-Engels-Forum Motto: ""Solidarität statt Solidarpakt"" slogan/main BKG",1939
1993,09:30,,Mitte,Mitte;Prenzlauer Berg,DGB;IGM;BKG,Prasa / taz / 1. Mai: DGB,"Opis:: DGB-Haus at 9AM, IGM Haus at 9:30AM, Gewerkschafthaus Mitte 10AM — all go to Lustgarten for 11AM. Speakers  – Yilmaz Karahasan (Vorstandsmitglied IGM), Burgunde Grosse (Kreisvorsitzende Berlin-Nord) und Ursula Schäfer (Kreisvorsitzende Berlin-Süd). 1PM – Oranienplatz-Rosenthalerplatz for those who are 'protest and demonstration willing' – as if trade union demonstration wasn't for those who",2277
1993,10:00,,Mitte,Mitte,,Scenariusz / 1. Mai,10:00 - Gewerkschaftshaus Mitte,1941
1993,10:45,,,,DGB;BKG,Scenariusz / 1. Mai,10:45 - BKG short end-rally Marx-Engels-Forum danach Anschluss an die Demonstration des DGB BKG DGB route,1943
1993,11:00,,,,DGB,Scenariusz / 1. Mai,11:00 - Hauptveranstaltung DGB Lustgarten (Familienfest),1944
1993,12:00,,Prenzlauer Berg,Prenzlauer Berg,,Scenariusz / 1. Mai,12:00 - Helmholtzplatz in Prenzlauer Berg Bezirksfest,1945
1993,12:30,,,,DAG,Scenariusz / 1. Mai,"12:30 - DAG (Deutsche Angestellten-Gewerkschaft) ""Hof-Info-Fest"" DAG-Haus, Blissestraße (Umbenennung in ""Siegfried-Aufhäuser-Haus"") Motto: ""Gegen Sozialabbau – für soziale Gerechtigkeit"" Informationen mit musikalischem Programm",1946
1993,12:30,,,,DAG,Prasa / taz / Rot ist der Maien — und sehr som­mer­lich,"DAG (Deutsche Angestellten-Gewerkschaft) - ""Hof-Info-Fest"" ab 12:30 Uhr, DAG-Haus, Blissestraße (Umbenennung in ""Siegfried-Aufhäuser-Haus"") Motto: ""Gegen Sozialabbau – für soziale Gerechtigkeit"" Informationen mit musikalischem Programm",2294
1993,13:00,,,,,Scenariusz / 1. Mai,13:00 - Revolutionary 1st of May Demonstration Oranienplatz,1947
1993,13:00,,Marzahn,Marzahn,PDS,Scenariusz / 1. Mai,"13:00 - PDS Marzahn ""Rot ist der Mai"" Geschäftsstelle Alt-Marzahn 64 Organisiert vom Marzahner Bezirk, ""Einheitskomitee""",1948
1993,13:00,,Marzahn,Marzahn,PDS,Prasa / taz / Rot ist der Maien — und sehr som­mer­lich,"PDS Marzahn - ""Rot ist der Mai"" ab 13:00 Uhr, Geschäftsstelle Alt-Marzahn 64 Organisiert vom Marzahner Bezirk, ""Einheitskomitee""",2291
1993,14:00,,Friedrichshain,Friedrichshain,PDS,Scenariusz / 1. Mai,14:00 - PDS Friedrichshain Verlag des Neuen Deutschland Einladung der Friedrichshainer GenossInnen (Franz-Mehring Platz) PDS festival script,1949
1993,14:00,,Friedrichshain,Friedrichshain,FAP,Scenariusz / 1. Mai,"14:00 – FAP nazi demonstration in Friedrichshain, attempts of antifascists to block their march",1951
1993,14:00,,Friedrichshain,Friedrichshain,PDS,Prasa / taz / Rot ist der Maien — und sehr som­mer­lich,"PDS Friedrichshain 14:00 Uhr, Verlag des Neuen Deutschland Einladung der Friedrichshainer GenossInnen",2292
1993,15:00,,Kreuzberg,Kreuzberg,,Scenariusz / 1. Mai,"15:00-19:00 - Arbeiterwohlfahrt Kreuzberg ""Begegnung der Generationen"" Seniorenheim, Stallschreiberstraße Erwachsenen- und Kinderfest",1952
1993,18:00,,,,,Scenariusz / 30. April,"18:00 - Protest against violence against women on the night of Walpurgie (going strong since 1977). From Nolendorfplatz to Zoo (BZ 30.04, 15)",1927
1994,09:30,,,,ÖTV,Scenariusz,"9:30 – Demonstracja spod ÖTV-Haus, Engeldamm",2523
1994,09:30,,,,IG Metall,Scenariusz,"9:30 – Demonstracja spod IG Metall-Haus, Alte Jakobstrasse",2524
1994,09:45,,,,,Scenariusz,"9:45 – Demonstracja spod Wallstrasse, Haus der Gewerkschaften",2525
1994,10:00,,Kreuzberg,Kreuzberg,,R1M,Unterdessen wird in Kreuzberg gefeiert statt demonstriert. Zum ersten Mal seit sechs Jahren wird es am 1. Mai keine „revolutionäre Demonstration“ geben. Nachdem bereits im vergangenen Jahr der Kreuzberger Scherbenlauf von mehreren autonomen Gruppen als „Ritual“ und „ohne Inhalt“ kritisiert worden war und sich im Vorbereitungskreis organisierte K-Gruppen mit undogmatischen Gruppen gestritten hatten,2541
1994,10:15,,,,PDS,Scenariusz,"Die PDS Berlin ruft ihre Mitglieder und Sympathisanten auf, an den Maiveranstaltungen der Gewerkschaften teilzunehmen. Um 10.15 Uhr ist Treffpunkt vor dem Karl-Liebknecht-Haus.",2498
1994,10:15,,,,DGB;PDS,Scenariusz,10:15 – zaproszenie berlińskiego PDS do udziału w 1. Maja DGB – zbiórka przed Karl-Liebknecht Haus; stamtąd rusza demonstracja do Lustgarten (nd 27.04),2526
1994,11:00,,,,ÖTV,Scenariusz,"Die zentrale Gewerkschaftskundgebung beginnt um 11 Uhr im Lustgarten am Berliner Dom. In drei Zügen werden sich Gewerkschafter vom ÖTV-Haus (Engeldamm, 9.30 Uhr), IG-Metall-Haus (Alte Jakobstraße, 9.30) und vom Haus der Gewerkschaften (Wallstraße 9 45) zum Kundgebungsplatz begeben. Die einzelnen Gewerkschaften haben ihre Stände aufgestellt, ein Kulturprogramm wird das Fest umrahmen.",2496
1994,11:00,,,,,Scenariusz,11:00 – Lustgarten trade union rally,2527
1994,12:00,,Friedrichshain,Friedrichshain;Lichtenberg,PDS,Scenariusz,"Die PDS von Friedrichshain und Lichtenberg begrüßen ihre Gäste ab 12 Uhr vor und im ND-Gebäude am Franz-Mehring-Platz 1. Dabei sind Prof. Dr Christa Luft, der Regisseur Günter Reisch, ein Ensemble aus Wünsdorf, der Ernst-Busch-Chor, Zauberer, Puppenspieler und Musikanten.",2504
1994,12:00,,Friedrichshain,Friedrichshain;Lichtenberg,PDS,Scenariusz,"12:00 – PDS z Friedrichshain i Lichtenberg zapraszają do budynku ND na Frank-Mehring Platz. Wśród gości Christa Luft, Günter Reisch, zespół z Wünsdorf i innr atrakcje (nd 27.04)",2530
1994,12:30,,,,,Scenariusz,"Demo startet am 1. Mai um 12.30 Uhr vom Altonaer Bahnhof zu Planten un Blomen. Parallel dazu gibt es am Fernsehturm eine Veranstaltung des Internationalen Blocks. Weitere Aktionen finden in Bergedorf und Harburg statt, Treffpunkte sind 9.30 Uhr auf dem Lohbrügger Markt und um 10 Uhr auf dem Sand in Harburg. (taz 26.04.1994)",2522
1994,13:00,,Kreuzberg,Kreuzberg,,Scenariusz,"Um 13 Uhr beginnt auf dem Oranienplatz in Kreuzberg das internationalistische Straßenfest. Unter anderem wird dort kurdische, afrikanische und russische Musik zu hören sein.",2506
1994,13:00,,,,,Scenariusz,"13:00 – RIM. Die Demo führte zum Brandenburger Tor, es nahmen anfangs knapp 1000, später nur noch einige hundert Menschen daran teil. @gluckspilzArchiv1MaiBerlin2000.",2529
1994,13:00,,,,,Scenariusz,"13:00 – Oranienplatz, internationalistisches Strassenfest (nd 27.04.94)",2531
1994,13:15,,,,,Scenariusz,13:15 Demonstracja Marchstrasse 23- UBahn Ernst Reuter Platz Walpurgisnacht,2512
1994,14:00,,Köpenick,Köpenick;Pankow,SPD,Scenariusz,"14:00 – Volksfest SPD w Köpenick, Schlosshof SPD i Pankow, Breite Strasse (BZ 28.04.1994)",2532
1994,14:00,,,,,Scenariusz,14:00-18:00 Oberseepark am Wasserturm;,2533
1994,14:00,,,,,Scenariusz,14:00 – Demokraten für Deutschland organizują spotkanie pod hasłem Vollendung der Einheit und für den sofortigen Regierungsumzug nach Berlin. Towarzyszy temu parada samochodowa z Grünewald do Strausberger Platz ??? eastwest,2535
1994,14:00,,,,SPD,Scenariusz,14:00-18:00 – SPD z Hochenschönhauser robi własny Maifeier w Orankebad (nd 27.04),2536
1994,14:00,,,,PDS,Scenariusz,14:00-18:00 – Köpenicker PDS lädt ein zu einer Maifeier im Luisenhain von 14 bis 18 Uhr. (nd 27.04),2537
1994,18:00,,Hohenschönhausen,Hohenschönhausen,PDS;SPD,Scenariusz,"Das „Aktionsbündnis für Soziale Verantwortung“, dem 20 Vereine und Projekte in Hohenschönhausen angehören, veranstaltet ein 1. Mai-Fest zwischen 14 und 18 Uhr im Oberseepark am Wasserturm. Das Motto der Veranstaltung: Statt Wahlkampfschlachten konstruktive Sachpolitik aus sozialem Verantwortungsgefühl. Es werden sich Kandidaten von SPD, PDS, CDU, Bündnis 90/Die Grünen vorstellen, ein Kinderprogram",2500
1994,18:00,,,,SPD,Scenariusz,Die Hohenschönhausener SPD macht bei Musik und Freibier ihre eigene Maifeier. Zwischen 14 und 18 Uhr am Orankebad.,2502
1994,18:00,,,,PDS,Scenariusz,Die Köpenicker PDS lädt ein zu einer Maifeier im Luisenhain von 14 bis 18 Uhr. Es,2507
1994,18:00,,Spandau,Spandau,SPD,Scenariusz,"18:00 Tanz in den Mai SPD, Spandau (BZ 28.04.1994)",2513
1994,19:00,,,,DGB,Scenariusz,"19:00 – Abschlussfest der Aktionswochen gegen Rassismus und Naziterror & Tanz in den Mai im BKA-Zelt. Konerty, taniec, dobra zabawa, organizowane przez DGB Jugend (DGBG6664, s. 37) DGBJugend",2514
1994,19:30,,,,PDS,Scenariusz,Schon am Vorabend ist etwas los. Am 30. April lädt die PDS um 19.30 Uhr in die Kongreßhalle am Alex ein. Reinhold Ändert sowie der Gewerkschafter und Bundestagskandidat Manfred Müller werden dabei sein. Es wird eine Versteigerung geben und Musik für den Tanz in den Mai.,2494
1994,19:30,,,,PDS,Scenariusz,19:30 PDS zaprasza do swojej hali Kongresowej na Alexanderplatz. PDS,2515
1994,20:00,,Prenzlauer Berg,Prenzlauer Berg,SPD,Scenariusz,"20:00 Tanz in den Mai SPD, Prenzlauer Berg (BZ 28.04.1994)",2518
1994,20:36,,,,,Scenariusz,"20:36 – Kreuzberger Patriotischen Demokraten/Realistisches Zentrum (KPD/RZ) at Mahreinekeplatz.  Under the slogan ""against night-time disturbances and senseless violence"". 2500 at attendance, ca.",2538
1995,01:33,,,,DGB,Prasa / Tagesschau," Zaczyna się od relacji z centralnego wydarzenia DGB w Köln, głównym tematem bezrobocie. Wycinki z przemówienia Schulte (1:33), widać jak stoi Schulte i Rau obok siebie",3064
1995,01:45,,,,DAG,Prasa / Tagesschau," 1:45 – krótkie nagranie z 1. Maja DAG, spotkanie w sali. Ale nie może chodzić o likwidację miejsc pracy",3066
1995,02:29,,,,ÖTV,Prasa / Tagesschau, 2:29 – w Monachium głównym tematem negocjacje strajkowe ÖTV,3067
1995,02:45,,,,,Zdjęcia / Tagesschau,2:45 staging iconography staging/czerwony,3050
1995,02:49,,,,,Zdjęcia / Tagesschau,2:49 !1995TagesschauDGBFahrradkorso.png  form/Rowery,3052
1995,09:30,,,,DGB,Scenariusz,"- 09:30 – Bicycle Corso: Organized by the DGB, starting from the DGB-Haus at Keithstraße.",3013
1995,09:30,,Mitte,Mitte;Lichtenberg;Pankow;Köpenick;Treptow;Kreuzberg;Prenzlauer Berg,DGB;PDS;SPD,Prasa / Neues Deutschland / 2. Mai: Mit Herz und Solidarge fühl,"Opis:: (ND-Kirschey). Ein Herz hat der DGB zum Symbol der diesjährigen Maifeiern und als Losung „geliebt, gehaßt, gebraucht - Die Arbeit“ gewählt. Damit soll auf eines der Hauptübel der kapitalistischen Marktwirtschaft, die Arbeitslosigkeit, aufmerksam gemacht werden.  In Berlin und Brandenburg fehlen 640 000 Arbeitsplätze, rund 21 000 Schulabsolventen in der Region werden ohne Ausbildungsplatz bl",3236
1995,10:00,,,,DGB,Scenariusz,- 10:00 – DGB Demonstration: Gathering at Moritzplatz.,3014
1995,10:00,,,,,Scenariusz,"- 10:00-19:00 – Pod hasłem Widerspenstig & Lebendig odbywa się antyfaszystowskie wydarzenie, wymierzone w planowany przez nazistów zgromadzenie, zdaje mi się że chodzi o 8. Maja",3015
1995,11:00,,Mitte,Mitte,DGB,Scenariusz,"- 11:00 – Main Rally and Festival: DGB rally at Köllnischer Park in Mitte, followed by a May Day festival at the same location.",3017
1995,13:00,,,,PDS,Scenariusz,- 13:00 – PDS May Party (Maifete): Held around the Karl-Liebknecht-Haus. It includes:,3019
1995,13:00,,Kreuzberg,Kreuzberg,Antifa,Scenariusz,"- 13:00 – Revolutionary May 1st Demonstration: Starting at Oranienplatz in Kreuzberg towards Brandenburger Tor. Organized by a coalition of anarchists, feminists, maoists, autonomists, Antifa, and squatters.",3023
1995,13:00,,,,,Scenariusz,"- 13:00-18:00, Treptower Park, Rosengarten",3025
1995,13:00,,,,,Scenariusz,"- 13:00-18:00,  Pankower Bürgerpark",3026
1995,13:00,,Buch,Buch,,Scenariusz,"- 13:00-18:00, Buch, Schloßpark",3027
1995,14:00,,Hohenschönhausen,Hohenschönhausen,,Scenariusz,"- 14:00-18:00, Hohenschönhausen, Orankeba",3028
1995,15:00,,,,,Scenariusz,"Wir wollen dieser Entwicklung entgegentreten"", heisst es in einem Aufruf. Neben tuerkischer und lateinamerikanischer Musik gibt es Punk aus Bernau, internationales Essen und Informationsstaende. Im Diskussionszelt finden u.a. Gespraechsrunden zur Lage der vietnamesischen VertragsarbeiterInnen (15 Uhr) statt. Um 14 Uhr berichten Antifaschistische Widerstandskaempfer, danach informiert die Vorbereit",3016
1995,18:00,,,,,Scenariusz,"18:00 Frauen Walpurgisnacht, Tacheles/Oranienburgerstrassse",3005
1995,22:30,,,,,Prasa / taz / Revolution fällt aus," Do 4 rano trwają zamieszki na Kollwitzplatz. Interwencja rozpoczęła się o 22:30, gdy policja zgasiła ogniska, wokół których zgromadziło się około 150 osób. Były tańczące wiedźmy, muzyka na bębnach. staging music",3276
1996,03:30,,,,,Prasa / [[@JungeWelt1996|junge Welt]]," Mimo planów uspokojenia obchodów przez organizatorów. 10 000 osób tańczy wokół (tym razem dozwolonych) ognisk attendance/Walpurgisnacht/1996. Wydawało się że będzie spokojnie, ale po godzinie w bocznej ulice dochodzi do starć policjantów z grupką ludzi próbującą postawić na ulicy barykadę. Przy przyzwoleniu organizatorów, policja przeszła do działania. Do godziny 3:30 festyn został ogłoszony jako",3696
1996,10:00,,,,DGB,Scenariusz,10:00 - Sternmarsch des DGB zum Roten Rathaus (verschiedene Sammelpunkte),3405
1996,10:00,,Prenzlauer Berg,Prenzlauer Berg,,Scenariusz,10:00-19:00 - Straßenfest am Humann-Platz in Prenzlauer Berg (veranstaltet von Stadtteilinitiativen und linken Gruppen),3410
1996,10:00,,,,NGG,Scenariusz,"10:00 IG Bau, GTB, GdED und NGG sammeln sich vor der Infobox am Potsdamer Platz",3558
1996,10:00,,,,IG Metall,Scenariusz,"10:00 IG Metall, IG Medien und GHK treffen sich vor dem IG- Metall-Haus in der Alten Jakobstraße",3559
1996,10:00,,,,DGB,Scenariusz,10:00 die DGB-Jugend startet ihren Technozug am Oranienburger Tor,3560
1996,10:00,,,,DGB;ÖTV;HBV;GEW,Scenariusz,"10:00 ÖTV, HBV, DPG, GEW und CPK klumpen sich vor dem ÖTV- Haus am Engeldamm zusammen. Dortselbst wird auch das „Bündnis gegen Sozialkürzung und Ausgrenzung“ mitmarschieren, das auf einem Flugblatt harsche Kritik an der DGB-Strategie für ein „Bündnis für Arbeit“ übt. – to jest to wydarzenie Renate Hürtgen",3561
1996,10:00,,Prenzlauer Berg,Prenzlauer Berg,,Scenariusz,10:00-21:00 – Straßenfest am Humann-Platz in Prenzlauer Berg,3563
1996,10:00,,,,DGB;IG Metall;ÖTV;HBV;GEW;NGG,Prasa / taz / Demos im Dop­pel­pack,"Mit Müden und Armen kennt der 1. Mai kein Erbarmen. Zu nachtschlafender Zeit müssen sich unsere BerufschaotInnen aus dem Bett quälen, denn der Sternmarsch des DGB zum Roten Rathaus beginnt um 10 Uhr. IG Bau, GTB, GdED und NGG sammeln sich vor der Infobox am Potsdamer Platz; IG Metall, IG Medien und GHK treffen sich vor dem IG- Metall-Haus in der Alten Jakobstraße; die DGB-Jugend startet ihren Tech",3617
1996,11:00,,,,PDS,Scenariusz,"11:00 – Centralny wiec PDS w Poczdamie, pod hasłem Sozial und Solidarisch",3411
1996,11:30,,,,DGB,Scenariusz,11:30 - Zentrale Kundgebung des DGB 1996 am Roten Rathaus,3412
1996,11:30,,,,DGB,Scenariusz,11:30 – rozpoczyna się Maifest DGB,3562
1996,11:30,,Prenzlauer Berg,Prenzlauer Berg,DGB,Prasa / taz / Demos im Dop­pel­pack,"Egal wie: Gesamtchaot und Gesamtchaotin machen, daß sie zum Roten Rathaus kommen, denn dort beginnt um 11.30 Uhr die zentrale Kundgebung des DGB 1996. Danach gibt es ein DGB-Familienfest am Rathaus, ein DGB-Kinderfest in der Spandauer Straße und eine DGB-Talkrunde zur Länderfusion. Doch der Herr Berufsdemonstrant würde statt Fusion Selbstteilung bevorzugen. Denn ab 13 Uhr wollen die Linksradikalen",3619
1996,12:02,,,,,Kontrowersje i wydarzenia / R1M i odrodzenie tradycji demonstracji / 370. 04.04.1996, 2026-02-0312:02 pm,3468
1996,12:03,,,,,Kontrowersje i wydarzenia / R1M i odrodzenie tradycji demonstracji / 370. 04.04.1996, 2026-02-0312:03 pm,3472
1996,12:06,,,,,Kontrowersje i wydarzenia / R1M i odrodzenie tradycji demonstracji / 370. 04.04.1996, 2026-02-0312:06 pm,3480
1996,12:11,,,,,Kontrowersje i wydarzenia / R1M i odrodzenie tradycji demonstracji / 370. 04.04.1996, 2026-02-0312:11 pm,3486
1996,12:13,,,,,Kontrowersje i wydarzenia / R1M i odrodzenie tradycji demonstracji / 370. 04.04.1996, 2026-02-0312:13 pm,3490
1996,12:14,,,,,Kontrowersje i wydarzenia / R1M i odrodzenie tradycji demonstracji / 370. 04.04.1996, 2026-02-0312:14 pm,3494
1996,12:15,,,,HBV;PDS,Scenariusz,"12:15 – PDS organizuje własny wiec na Alexanderplatz; jak pisze BZ, Erstmals seit langem werden fast zeitgelich zwei Kundgebungen stattfinden. Jednocześnie berliński PDS zachęca do udziału w demonstracji HBV",3417
1996,12:15,,,,DGB,Scenariusz,"12:15 – po wiecu DGB na własny wiec na Alexanderplatz zaprasza Ostdeutsches Kuratorium von Verbänden. Co to za organizacja? (BZ, s. 3)",3564
1996,12:15,,,,DGB,Scenariusz,12:15 – Gegen Sozialabbau und Ausgrenzung. Alexanderplatz (nach der DGB-Kundgebung). Veranst.: Ostdeutsches Kuratorium von Verbänden Kultur (JW 1996),3565
1996,13:00,,,,Revolutionäre 1. Mai,Scenariusz,13:00 - Revolutionäre 1. Mai-Demo (Linksradikale) vom Rosa-Luxemburg-Platz,3418
1996,13:00,,Kreuzberg,Kreuzberg,Revolutionäre 1. Mai,Scenariusz,13:00 - Revolutionäre 1. Mai-Demo (Linksradikale) vom Oranienplatz in Kreuzberg,3419
1996,13:00,,,,,Scenariusz,13:00  –  Linksradikalen an zwei Orten gleichzeitig demonstrieren: am Rosa-Luxemburg-Platz und am Oranienplatz,3566
1996,13:00,,Prenzlauer Berg,Prenzlauer Berg,,Prasa / Interim / Relacje między grupami – spór o 1. Mai 1996 w Berlinie / Tożsamości,"| Organizatorzy demo, środowisko mieszane Ost/West    | PRO – demo przez Prenzlauer Berg, start Rosa-Luxemburg-Platz 13:00 | Twierdzą, że RK nie brały udziału w przygotowaniach | Atakują jako grupę działającą wyłącznie sabotażowo, podejrzewają o prowokację lub agentów        | Sami są tą grupą                                                             |",3763
1996,14:00,,,,PDS,Scenariusz,"14:00-22:00 Festyn organizowany przez PDS. Strassenfest mit Diskussionsrunden, Strassenmarkt, Musik und Kinderprogramm. Pistoriusplatz (JW 1996)",3551
1996,18:00,,,,,Scenariusz,18:00 - Frauendemonstration zur Walpurgisnacht (Start am Alexanderplatz),3398
1996,18:00,,Prenzlauer Berg,Prenzlauer Berg,,Scenariusz,18:00 - Walpurgisnachtfest am Kollwitzplatz in Prenzlauer Berg,3399
1996,18:00,,,,,Scenariusz,18:00. Frauendemonstration am Alexanderplatz,3552
1996,18:00,,Prenzlauer Berg,Prenzlauer Berg,,Scenariusz,18:00. Walpurgisnachtfest am Kollwitzplatz in Prenzlauer Berg.,3553
1996,18:00,,Prenzlauer Berg,Prenzlauer Berg,,Scenariusz,"Was machen ideelle GesamtchaotInnen in den nächsten beiden Tagen? Sie kaufen sich neue Wanderschuhe, verstauen die Stullen, Eier und Tomaten im Rucksack und spitzen die Lippen zu einem fröhlichen Wanderliedchen. Die ideelle Gesamtdemonstrantin packt zusätzlich eine Salbe gegen Blasenbildung ein, denn selbst als Berufsdemonstrantin ist frau doppelbelastet und muß heute abend schon zur Walpurgisnach",3568
1997,10:00,,,,DGB;SPD,Scenariusz,"- 10:00 – DGB-Demonstration – trzy punkty startowe: Engeldamm 70, IG-Metall-Haus (Alte Jakobstraße), Info-Box am Potsdamer Platz. SPD-Spitze demonstriert gemeinsam mit Gewerkschaften ab IG-Metall-Haus.",3922
1997,10:00,,Prenzlauer Berg,Prenzlauer Berg,PDS,Scenariusz,"- 10:00 – Straßenfest, Husemannplatz – Prenzlauer Berg współorganizowany przez PDS",3923
1997,11:00,,Prenzlauer Berg,Prenzlauer Berg,,Scenariusz,"- 11:00 – Straßenfest, Kastanienallee – Prenzlauer Berg.",3924
1997,11:30,,Wannsee,Wannsee,DGB,Scenariusz,- 11:30 – Zentrale Abschlußkundgebung DGB – vor dem Roten Rathaus. (Diepgen sitzt wie immer am 1. Mai mit seiner Mutter auf den Wannsee-Terrassen.),3925
1997,12:00,,,,DGB;PDS,Scenariusz,"- 12:00 – PDS-Kundgebung – vor dem Roten Rathaus, direkt nach DGB-Kundgebung.",3926
1997,12:00,,,,HBV;PDS,Scenariusz,"- Um 12 Uhr beginnt die Kundgebung »sozial und solidarisch«, auf der u.a. Lothar Bisky, Petra Pau, Christa Luft und Elke Breitenbach (HBV) sprechen. Im Karl-Liebknecht-Haus, Kleine Alexanderstraße 28, werden um 14 Uhr mit einer Ausstellung die »Rosa-Luxemburg-Aktionswochen« der PDS eröffnet. Anteilscheine für »Ein Denkmal für Rosa« können dabei erworben werden(ND 30.04.1997)",3927
1997,12:15,,Pankow,Pankow;Reinickendorf,DAG;SPD,Scenariusz,- 12:15 – Mai-Fest SPD und DAG – Bürgerpark Pankow. Zorganizowane przez SPD-Kreisverbände Reinickendorf und Pankow oraz DAG.,3928
1997,12:15,,Reinickendorf,Reinickendorf;Pankow;Kreuzberg;Prenzlauer Berg;Tiergarten,DAG;SPD,Scenariusz,In den Bezirken finden verschiedene Mai-Feste statt: Ab 12.15 Uhr treffen sich die SPD-Kreisverbände Reinickendorf und Pankow sowie die DAG im Bürgerpark Pankow. Am Mariannenplatz in Kreuzberg beginnt ab 15 Uhr ein Multikulti-Programm. Auch in Prenzlauer Berg gibt es Straßenfeste ab 10 Uhr am Husemannplatz und ab 11 auf der Kastanienallee. Verschiedene Obdachlosen-Initiativen treffen sich an der S,3942
1997,13:00,,Mitte,Mitte;Prenzlauer Berg,,Scenariusz,"- 13:00 – Revolutionäre 1.-Mai-Demo – Rosa-Luxemburg-Platz, Mitte. Zorganizowana przez Kreuzberger Autonomen. Route ograniczona do Mitte po konfliktzie z Ostautonomen. Endpunkt Rosenthaler Platz (Westautonomen called it „in Prenzlauer Berg"" um das Gesicht zu wahren).",3929
1997,13:00,,Kreuzberg,Kreuzberg,,Scenariusz,"- 13:00 – Demo turkish left / Revolutionäre Demo – Oranienplatz, Kreuzberg.",3930
1997,13:00,,Mitte,Mitte;Prenzlauer Berg,,Prasa / taz / Mutter aller Demos,"Als dann auch noch das Anti- Olympia-Komitee West sich mit dem Ostlerwunsch solidarisierte, wurde die Route auf Mitte beschränkt. Um das Gesicht zu wahren, bezeichneten die Westautonomen ihren Demo-Endpunkt Rosenthaler Platz jedoch als in Prenzlauer Berg gelegen. Die türkische Linke hatte sich da längst für eine Demo vom Oranienplatz aus (um 13 Uhr) entschieden. Einige Westautonome bedauern in der",3993
1997,15:00,,Kreuzberg,Kreuzberg,PDS,Scenariusz,"- 15:00 – Multikulti-Programm – Mariannenplatz, Kreuzberg, współorganizowany przez PDS – po raz pierwszy",3932
1997,18:00,,,,,Scenariusz,"- 18:00 – Demo „Frauen Lesben Mädchen"" – Sophie-Charlotte-Platz, West-Berlin. Zamiast tradycyjnej Walpurgisnacht-Randale na Kollwitzplatz (która tego roku oficjalnie nie będzie), wszystkie uczestniczki mają przyjechać U2.",3915
1997,18:00,,Mitte,Mitte;Kreuzberg,DGB;IG Metall;PDS;SPD,Scenariusz,"Zum „Tag der Arbeit“ sind verschiedene Veranstaltungen und Demonstrationen geplant. Heute abend treffen sich Frauen, Lesben und Mädchen ab 18 Uhr zur Walpurgisnacht am Sophie-Charlotte- Platz. Die DGB-Demonstration beginnt morgen um 10 Uhr am Engeldamm 70, am Haus der IG Metall in der Alten Jakobstraße und an der Info-Box am Potsdamer Platz. Die SPD-Spitze demonstriert gemeinsam mit den Gewerkscha",3940
1998,00:40,,,,,Konteksty i wydarzenia,"Ciekawą informacją co do 1. Maja 1998 jest to, że w Berlinie, jak relacjonuje rbb, immer wieder skandierte Forderung ""Kohl muss weg"" (19985102 1. Mai 1998 - Zusammenfassung.mov; 00:40)",4065
1998,09:30,,,,ÖTV,Scenariusz,- 9:30 – początek przemarszu spod siedziby ÖTV; udział biorą w nim B90/Grünen,4090
1998,10:00,,Prenzlauer Berg,Prenzlauer Berg,,Scenariusz,"- 10:00 – Humannplatzfest, Prenzlauer Berg",4089
1998,11:30,,,,DGB;DAG,Scenariusz,"- 11:30 – Abschlußkundgebung des Sternmarsches (DGB/DAG), Rotes Rathaus",4091
1998,12:00,,,,,Scenariusz,"- 12:00 – Fest des Obdachlosenmagazins Straßenfeger, Rosa-Luxemburg-Platz, vor der Volksbühne",4092
1998,13:00,,Kreuzberg,Kreuzberg,,Scenariusz,"- 13:00 – Revolutionäre 1.-Mai-Demo, Oranienplatz, Kreuzberg",4093
1998,14:00,,Kreuzberg,Kreuzberg,,Scenariusz,"- 14:00 – Mariannenplatzfest, Kreuzberg (bis 21 Uhr)",4094
1998,14:00,,Tempelhof,Tempelhof,,Scenariusz,"- 14:00 – Fest in der Ufa-Fabrik, Viktoriastraße, Tempelhof",4095
1998,17:00,,,,,Scenariusz,"- 17:00 – Demo „Freiheit ist immer auch die Freiheit des Andersdenkenden"", U-Bahnhof Eberswalder Straße",4085
1998,18:00,,Prenzlauer Berg,Prenzlauer Berg,,Scenariusz,"- 18:00 – Kundgebung der Jungdemokraten gegen Polizeiabsperrungen, Kollwitz-/Knaakstraße, Prenzlauer Berg (szczegóły przebiegu w BZ 2/3.05.1998)",4086
1998,18:00,,Mitte,Mitte,,Scenariusz,"- 18:00 – Revolutionäre Mai-Demo, Rosa-Luxemburg-Platz, Mitte",4096
1999,03:45,,,,DGB,Przemówienia," otwiera część wiecową Ursula Schäfer z DGB Kreis-Nord (Neues Handel Berichterstattung, 03:45)",4168
1999,07:12,,,,,Przemówienia," z oklaskami spotyka się oznajmienie, którego również nie ma w przemówieniu: (7:12)",4176
1999,10:00,,Prenzlauer Berg,Prenzlauer Berg,,Scenariusz,"- 10:00 – Straßenfest na Humanplatz, Prenzlauer Berg. Żywe i ""Widerspensigste"" uliczne święto. Kinderprogramm od 12 do 15, muzyka od 14 (Raggatacke, Mothers Pride). Jedzenie i napoje na miejscu.",4208
1999,10:00,,,,IG Metall;ÖTV,Scenariusz,"- 10:00 – początek gwiaździstego przemarszu spod siedzib ÖTV, IG Metall i Potsdamer Platz",4209
1999,10:00,,Prenzlauer Berg,Prenzlauer Berg,DGB;PDS;SPD;Grüne,"Scenariusz / Feiern, Re­vo­lu­ti­on etc.","1. Mai ist morgen: Ab 10 Uhr tanzt ein widerspenstiges und lebendiges Straßenfest auf dem Humanplatz, inklusive Kinderprogramm von 12 bis 15 Uhr. Musik bringen ab 14 Uhr Raggatacke und Mothers pride u. a. Leib und Seele werden von Essens- und Getränkeständen zusammengehalten. Gegen den Krieg wird am Mariannenplatz angefeiert. Von 14 bis 21 Uhr wird Kultur geboten, u. a. mit den Gruppen Yaam und Kr",4230
1999,11:00,,,,,Przemówienia,11:00 – przemówienia:,4167
1999,11:30,,,,DGB;SPD,Scenariusz,"- 11:30 – Volksfeststimmung przed Roten Rathaus – koniec Sternmarszów zorganizowanych przez DGB. Hasło tego roku: „Neues Handeln. Für unser Land"". Przemawia Detlef Hensche (Vorsitzender IG Medien). Dołącza się SPD z Walter Momper.",4210
1999,12:00,,,,,Przemówienia,12:00 początek festynu,4182
1999,12:00,,Prenzlauer Berg,Prenzlauer Berg,,Scenariusz,"- 12:00 – Fest „Draußen ohne Tür"" przed Volksbühne – świętowanie zorganizowane przez obdachlose (bezdomnych). 500 porcji Erbsensuppe z Gulaschkanone i 1000 litrów piwa. Grają Shepherd Laments, The Ruffians, Freygang. Przychody z sprzedaży napojów idą na budowę Selbsthilfetreffpunktes w Schliemannstraße, Prenzlauer Berg.",4211
1999,13:00,,,,,Scenariusz,- 13:00 – Demo na Oranienplatz – zorganizowana przez stalinistisch-maoistische Gruppierungen.,4212
1999,14:00,,Kreuzberg,Kreuzberg,PDS;Grüne,Scenariusz,"- 14:00–21:00 – Mariannenplatzfest, Kreuzberg – protest przeciwko wojnie. Kultura z grupami Yaam i Kreuzberger Musikalische Aktion. Przemawia Kreuzberger Bürgermeister Franz Schulz (Grüne) oraz kampania przeciwko Wehrpflicht. Dołącza się PDS z Christa Luft i Petra Pau z hasłem „Frieden schaffen ohne Waffen!"" SocialistLegacies",4214
1999,16:00,,,,,Scenariusz,"- 16:00 – Reclaim the Streets Party – Treffpunkt Weltzeituhr, Alexanderplatz. Teilnehmer przyciągają się z badmintonami, gwizdkami i innymi akcesoriami. Po raz pierwszy do Mauerparku, a nie na Kollwitzplatz",4202
1999,16:00,,Schöneberg,Schöneberg,DGB;Falken,Scenariusz,"- 16:00 – Weltbürgerfest 1999 – „Die Weiße Rose"", Jugendzentrum w Schöneberg. Organizatorzy: DGB-Jugend i Die Falken. Od 16 grali streetball, od 19 dyskusja na temat „Integration statt Haß und Gewalt"" z udziałem Ausländerbeauftragte des Senats Barbara John i Georgios Tsapanos z Bundesinnenministerium. Od 21 MultiKultiKonzert z bandami Fata Morgana, MephistosRap i DJami.",4203
1999,16:00,,,,DGB;Falken,"Scenariusz / Feiern, Re­vo­lu­ti­on etc.","Walpurgisnachmittag und -nacht ist heute: Einmal Weltzeituhr, immer Weltzeituhr. Um 16 Uhr heißt es wieder, mit Federballschlägern, Trillerpfeifen und anderem Freizeitzubehör sich dort einfinden. Wohin die Tanzveranstaltung vom Treffpunkt Alexanderplatz hinzieht, ist noch geheim. Sicher ist, daß Reclaim the Streets sich in gewohnt entspannter Manier öffentlichen Raum als Partyort aneignet. Ein Wel",4228
1999,18:00,,,,,Scenariusz,"- 18:00 – Demo Frauen, Lesben, Mädchen przeciwko przemocy wobec kobiet, lesbijki i dziewczynek – start od Karl-Marx-Platz (U7).",4204
1999,18:00,,,,,Scenariusz,"- 18:00 – Revolutionäre Demo, Oranienplatz – linksradikale demonstracja „ins nächste Jahrtausend"", zwołana przez Antifaschistische Aktion.",4215
1999,20:00,,,,,Scenariusz,- 20:00 – Party w SO 36 z DJanami Elvi i Almut – kontynuacja dzisiejszej demonstracji.,4205
2000,10:00,,Hellersdorf,Hellersdorf,PDS,Scenariusz,"- 10:00 – „Kulturfest gegen Rechts"" – Alice-Salomon-Platz, Hellersdorf. Sponsorowane przez PDS. Blokada demonstracji nazistowskiej. Przemawia Gregor Gysi",4348
2000,10:00,,,,DGB;ÖTV,Scenariusz,"- 10:00 – Demo DGB „Für mehr Beschäftigung"" – trzy punkty startowe: ÖTV-Haus (Engeldamm), IG-Metall-Haus (Alte Jakobstraße), DGB-Bundesvorstand (Burgstraße). Jednocześnie inline-skaterzy startują od Roten Rathaus i jadą na wiec",4349
2000,10:00,17:00,Marzahn,Marzahn;Biesdorf,PDS,Scenariusz,"10-17 Uhr Kundgebungen der PDS Mar zahn, Allee der Kosmonauten, Alt-Mar zahn, Freizeitforum Marzahn, S-Bahnhöfe Biesdorf, Poelchaustraße, Ahrensfelde",4354
2000,10:00,,Tempelhof,Tempelhof,,Scenariusz,"- 10:00–18:00 – Kinderbauernhof der ufa-fabrik – Victoriastraße, Tempelhof. Zabawa i spędzanie czasu dla rodzin.",4365
2000,10:00,,,,DGB;ÖTV,Scenariusz,"Die Gewerkschaftler brechen ab 10 Uhr zur Demonstration „Für mehr Beschäftigung“ auf. Treffpunkte: ÖTV-Haus (Engeldamm), IG-Metall-Haus (Alte Jakobstraße), DGB-Bundesvorstand (Burgstraße). Auch zahlreiche Inline-Skater wollen ab 10 Uhr vom Roten Rathaus aus zur Kundgebung des DGB anrollen (ab 11.30 Uhr, Platz vor dem Roten Rathaus).",4378
2000,10:00,,,,DGB,Prasa / Berliner Kurier / _DGB_ demonstriert auf Inline-Skates,"Berlin - Die Gewerkschaften demonstrieren am 1. Mai auch auf Inline-Skates: Die Roller-Demo startet um 10 Uhr am Roten Rathaus, über Brandenburger Tor und Großer Stern geht's dann wieder zurück (11 km). Dazu gibt's aber laut DGB auch drei Protest-Züge zu Fuß.",4458
2000,10:00,,,,DGB,Prasa / Berliner Kurier / Das Wichtigste auf einen Blick,"DGB-Demonstration, 10 Uhr: ab IG-Metall-Haus (über Alte Jakobstraße in",4468
2000,10:00,,Hellersdorf,Hellersdorf,,Prasa / Berliner Kurier / Das Wichtigste auf einen Blick,"l ""Kulturfest gegen Rechts"", 10 Uhr, Alice-Salomon-Platz in Hellersdorf l",4477
2000,11:00,,,,PDS,Scenariusz,Der politische Bär steppt am 1. Mai überall in der Stadt. Ab 11 Uhr findet auf dem Hellersdorfer Alice-Salomon-Platz ein „Kulturfest gegen Rechts“ statt. Hier und auf der PDS-Kundgebung auf dem Alexanderplatz (ab 12.30 Uhr) trifft man Spitzenmann Gregor Gysi.,4376
2000,11:30,,,,DGB,Scenariusz,"- 11:30 – Kundgebung DGB przed Roten Rathaus, następnie Maifest przy Neptunbrunnen. Atmosfera bratwurstu i Schalmeien. Przemawia m.in. Detlef Hensche.",4351
2000,12:00,,Mitte,Mitte,PDS,Prasa / Berliner Kurier / Das Wichtigste auf einen Blick,"PDS-Kundgebung, 12 Uhr, Alexanderplatz in Mitte (mit den PDS-Politikern",4478
2000,12:30,,,,PDS,Scenariusz,- 12:30 – PDS-Kundgebung na Alexanderplatz – z udziałem Gregor Gysi i Petra Pau.,4352
2000,12:30,,Mitte,Mitte,,Scenariusz,"- 12.30 Uhr Kundgebung auf dem Alexanderplatz, Mitte. Es sprechen Gregor Gysi, Christa Luft und Petra Pau.",4353
2000,13:00,18:00,Köpenick,Köpenick,PDS,Scenariusz,"13-18 Uhr PDS-Mai-Fest, Luisenhain, Köpenick",4358
2000,13:00,21:00,Kreuzberg,Kreuzberg,,Scenariusz,"13-21 Uhr Bündnis-Mai-Feier, Mariannenplatz, Kreuzberg",4359
2000,13:00,,Kreuzberg,Kreuzberg,PDS;Grüne,Scenariusz,"- 13:00–19:00 – Straßenfest PDS i Grüne – Mariannenplatz, Kreuzberg. Muzyka, program dla dzieci i „polityczna edukacja"".",4361
2000,13:00,,Kreuzberg,Kreuzberg,,Scenariusz,"- 13:00 – Pierwsza revolutionäre Mai-Demo – start Oranienplatz, Kreuzberg.",4362
2000,13:00,,,,,Scenariusz,- 13:00–18:00 – Erste Kreuzberger Sportmeile – Bergmannstraße. Policyjna inicjatywa dla dzieci i nastolatków – streetball jako alternatywa do awantur.,4363
2000,13:00,19:00,,,PDS,Prasa / Berliner Kurier / Das Wichtigste auf einen Blick,"Gregor Gysi und Petra Pau) l Straßenfest von PDS und Grünen, 13-19 Uhr,",4479
2000,13:30,,Marzahn,Marzahn;Biesdorf,,Scenariusz,"Mit Gregor Gysi gegen 13.30 Uhr und Petra Pau gegen 14 Uhr ab 9 Uhr Kundgebungen der BW Mar zahn, Eisenacher Straße, Wittenberger Straße, Marzahner Promenade, S-Bhf. Marzahn, Mehrower Allee, U-Bhf. Biesdorf-Süd",4356
2000,14:00,18:00,Treptow,Treptow;Johannisthal,PDS,Scenariusz,"14-18 Uhr, PDS-Mai-Fest, Springborn- Club, Treptow-Johannisthal",4360
2000,15:00,,Prenzlauer Berg,Prenzlauer Berg,,Scenariusz,"- 15:00 – Rockkonzert z Funmeile – Mauerpark, Prenzlauer Berg. Część policyjnego programu deeskalacji (Deeskalationsprogramm).",4340
2000,15:00,,,,,Scenariusz,"- 15:00 – Platzkonzert w Zoo – z „gwarantowanymi pokojowymi policjantami"".",4364
2000,15:00,,Prenzlauer Berg,Prenzlauer Berg,,Scenariusz,"Im Rahmen des polizeilichen Deeskalationsprogrammes gibt es am 30. April ab 15 Uhr ein Rockkonzert mit Funmeile im Mauerpark in Prenzlauer Berg. Auf einer Demonstration zur Walpurgisnacht wollen Frauen am Sonntag ab 18 Uhr auf dem Hermannplatz gegen Abschiebung, Frauenhandel und Prostitution protestieren.",4372
2000,15:00,,,,,Scenariusz,Ein Platzkonzert mit garantiert friedlichen Polizisten gibt es ab 15 Uhr im Zoo.,4384
2000,18:00,,,,,Scenariusz,"- 18:00 – Demo kobiet na Hermannplatz – protest przeciwko deportacjom, handlowi kobietami i prostytucji.",4341
2000,18:00,,Hohenschönhausen,Hohenschönhausen,,Scenariusz,"11 18 Uhr Bündnisfest, Am Obersee, Hohenschönhausen",4357
2000,18:00,,Kreuzberg,Kreuzberg,,Scenariusz,"- 18:00 – Druga revolutionäre Mai-Demo – start Oranienplatz, Kreuzberg.",4366
2000,18:00,,Kreuzberg,Kreuzberg,,Scenariusz,Gleich zwei revolutionäre Mai-Demos gibt es in Kreuzberg (13 und 18 Uhr). Beide starten am Oranienplatz. In gehöriger Entfernung davon versucht die Polizei mit der ersten Kreuzberger Sportmeile in der Bergmannstraße (13 bis 18 Uhr) Kids und Teenager mit Streetball vom Prügeln abzuhalten.,4380
2000,19:00,,,,PDS;Grüne,Scenariusz,"PDS und Grüne feiern den 1. Mai mit Musik, Kinderprogramm und „politischer Aufklärung“ von 13 bis 19 Uhr auf dem Kreuzberger Mariannenplatz.",4382
2000,19:00,,Kreuzberg,Kreuzberg,,Prasa / Berliner Kurier / Das Wichtigste auf einen Blick,"Uhr Treffpunkt Oranienplatz in Kreuzberg, 19 Uhr Start (über Wiener-,",4481
2000,20:00,,,,,Scenariusz,"- 20:00 – Walpurgisnacht „im Zeichen des Mittelalters"" – FEZ, Wuhlheide. Impreza w klimatie średniowiekowym. Wejście 15 Mark.",4342
2000,20:00,,Hellersdorf,Hellersdorf,,Scenariusz,"- 11 20 Uhr multikulturelles Bündnisfest gegen Rechts, Alice-Salomon-Platz, Hellersdorf.",4350
2000,20:00,,,,,Scenariusz,Fröhlicher wird die Walpurgisnacht ganz im Zeichen des Mittelalters ab 20 Uhr im FEZ in der Wuhlheide (Eintritt 15 Mark).,4374
2001,10:00,,,,ÖTV,Scenariusz / 1.05,10:00 ÖTV demonstration from ÖTV-Haus at Engeldamm 70,4630
2001,11:30,,Mitte,Mitte,,Przebieg za B.Z,"11.30 Uhr, Mitte, Rotes Rathaus",4649
2001,11:30,,Hohenschönhausen,Hohenschönhausen,,Przebieg za B.Z,"11.30 Uhr, Hohenschönhausen, S-Bahnhof Gehrenseestraße",4651
2001,12:00,,Mitte,Mitte;Tiergarten,,Przebieg za B.Z,"12 Uhr, Mitte, Tiergarten",4653
2001,13:30,,Prenzlauer Berg,Prenzlauer Berg,,Scenariusz / 30.04,"- 13:30 – Fußballturnier – Friedrich-Ludwig-Jahn-Sportpark, Prenzlauer Berg. Turnir dla zespołów z clubów młodzieży, zorganizowany jako część policyjnego programu deeskalacji (koncept „AHA"").",4620
2001,13:30,,,,,Przebieg za B.Z,"Rund 700 Neonazis marschieren. Die Demo, die Innensenator Werthebach verbieten wollte, das Verwaltungsgericht aber genehmigte. 300 Linke demonstrieren außerhalb des abgesperrten Kundgebungsplatzes. Triller-Pfeifen, ""Nazis raus""-Rufe. Um 13.30 Uhr fahren die Rechten in zwei Sonderzügen ab. 20 Festnahmen (12 Rechte, 8 Linke).",4652
2001,14:10,,Kreuzberg,Kreuzberg,,Przebieg za B.Z,"14.10 Uhr, Kreuzberg, Oranienplatz",4655
2001,14:30,,,,,Przebieg za B.Z,"2500 Demonstranten, darunter auch 60 bis 70 Autonome, starten zur ""Revolutionären 1. Mai-Demo"" zum Kottbusser Tor. Marschlied: ""Deutschland muss sterben, damit wir leben können."" 14.30 Uhr: Vermummte werden auf den Dächern entlang der Skalitzer Straße gesichtet.",4656
2001,15:00,,Prenzlauer Berg,Prenzlauer Berg,,Scenariusz / 30.04,"- 15:00 – Tanzimpreza na Kollwitzplatz, Prenzlauer Berg. Trzy sceny z młodymi bandami od ska do hip-hop. Miejsce przyciąga dużo młodzieży.",4621
2001,15:04,,,,,Przebieg za B.Z,"15.04 Uhr, Kottbusser Damm",4657
2001,15:29,,,,,Przebieg za B.Z,"15.29 Uhr, Adalbertstraße",4659
2001,15:34,,,,,Przebieg za B.Z,"Nackte bringen Müllcontainer auf die Straße. Drei Minuten später ist die Polizei da. Sofort Steinwürfe. 15.34 Uhr: An der Ecke Melchiorstraße werden Barrikaden gebaut. Wieder Steinwürfe. 150 Chaoten brechen durch, Richtung Michaelkirchplatz. Anweisung der Polizei: Keine Räumung, aber Zugriff! 15.40 Uhr: Verkehrspolizisten werden am Michaelkirchplatz angegriffen. Drei Minuten später: Pfefferspray g",4660
2001,16:00,,,,,Scenariusz / 30.04,- 16:00 – Kinderfest w Mauerpark – zorganizowane przez Turnerbund. Rodzinne świętowanie dla młodszych dzieci.,4622
2001,16:00,,,,,Przebieg za B.Z,"Vermummte graben Steine aus. Die Polizei fordert die Demonstranten am Oranienplatz auf, den Platz zu verlassen. Die Demo ist seit 16 Uhr offiziell zu Ende. Es gibt Rangeleien, Dosen fliegen.",4664
2001,16:05,,,,,Przebieg za B.Z,"16.05 Uhr, Skalitzer Straße",4661
2001,16:26,,,,,Przebieg za B.Z,Die ersten brennenden Gegenstände auf der Straße. 16.26 Uhr: Chaoten haben den Sperrriegel zwischen Oranienstraße und Adalbertstraße durchbrochen. Die Polizei drängt sie zurück.,4662
2001,16:31,,,,,Przebieg za B.Z,"16.31 Uhr, Heinrichplatz",4663
2001,16:35,,,,,Przebieg za B.Z,"16.35 Uhr, Oranienplatz",4665
2001,16:44,,,,,Przebieg za B.Z,"Vierte Aufforderung der Polizei, den Platz zu verlassen. 16.44 Uhr: An der Ecke Adalbertstraße/Oranienburger Straße der erste Verletzte, ein Chaot.",4666
2001,16:54,,,,,Przebieg za B.Z,"16.54 Uhr, Heinrichplatz",4667
2001,17:00,,,,DGB,Scenariusz / 30.04,"- 17:00-22:00 – DGB-Jugend Party – Platz vor dem Roten Rathaus. Hasło: przeciwko „Dummheit, Hass und Gewalt"". Muzyka od kult do techno. Wejście 2 Mark. Młodzież zamienia plac przed ratuszem w dancefloor na jedną noc.",4625
2001,17:49,,,,,Przebieg za B.Z,"17.49 Uhr, Waldemarstraße",4669
2001,17:52,,,,,Przebieg za B.Z,"17.52 Uhr, Mariannenplatz",4671
2001,17:59,,,,,Przebieg za B.Z,Autonome verstecken sich unter den Teilnehmern des Familienfestes. Drei Minuten später hageln auch hier die Steine gegen die Polizisten. Die Beamten ziehen sich zurück. Die Autonomen stürmen hinterher. 17.59 Uhr: Mehrere Polizisten sind verletzt. 18.01 Uhr: Autonome zerschlagen in der Waldemarstraße BVG-Häuschen und Autoscheiben. 18.09 Uhr: Das Fest auf dem Mariannenplatz ist beendet.,4672
2001,18:00,,,,,Scenariusz / 30.04,"- 18:00 – Reclaim the Streets – Treffpunkt Kollwitzplatz. Aktivisten ogłoszą miejsce spontanicznej Straßenparty, której lokalizacja jest utrzymana w tajemnicy do tego momentu. Tańcem zdobywają przestrzeń publiczną.",4623
2001,18:13,,,,,Przebieg za B.Z,Ein Wasserwerfer wird von den Chaoten fast völlig zerstört. Eine Polizistin schwer verletzt. 18.13 Uhr: Bauwagen werden auf die Straße gerollt.18.19 Uhr: Eine Hundertschaft muss sich mit etlichen Verletzten zurückziehen. 18.24 Uhr: Barrikaden werden auf der Wrangelstraße errichtet. Eine Minute später brennen sie. 18.33 Uhr: An der Köpenicker Straße werden Polizisten zusammen geschlagen. 18.34 Uhr:,4674
2001,19:05,,,,,Przebieg za B.Z,"19.05 Uhr, Wrangelstraße",4675
2001,19:44,,,,,Przebieg za B.Z,"19.44 Uhr, Mariannenplatz",4677
2001,19:50,,,,,Przebieg za B.Z,Die Polizei setzt Tränengas ein. 19.50 Uhr: Die Polizei stürmt voran. Mehrere hundert Autonome werden auf dem Platz eingekesselt.,4678
2001,20:00,,Friedrichshain,Friedrichshain,,Scenariusz / 30.04,"- 20:00 – „Spontane"" Walpurgisfeier – Volkspark Friedrichshain. Nieoficjalne, nieorganizowane świętowanie w tradycji Walpurgisnacht. Kolejna spontaniczna impreza zapowiedziana na Boxhagener Platz, Friedrichshain.",4624
2001,20:25,,,,,Przebieg za B.Z,"20.25 Uhr, Bethaniendamm",4679
2001,21:00,,,,Antifa,Scenariusz / 30.04,"- 21:00 – „Pop-Antifa!"" Soliparty – Pfefferberg, Schönhauser Allee. Organizator: „Pop-Antifa!"". Vystupuje Surrogat i notoryczny Technorevoluzzer Alec Empire. Solidarnościowa impreza jako wstęp do świąt 1. maja.",4627
2001,21:20,,,,,Przebieg za B.Z,"21.20 Uhr, Naunystraße",4683
2001,21:45,,,,,Przebieg za B.Z,"21.45 Uhr, Waldemarstraße",4681
2001,22:39,,,,,Przebieg za B.Z,"22.39 Uhr, Kottbusser Tor",4685
2001,23:30,,,,,Przebieg za B.Z,"Einige Demonstranten vom Bethaniendamm versammeln sich hier, Steinwürfe. Ab 23.30 Uhr werden die letzten Barrikaden weggeräumt, die Lage als ""vorerst beruhigt"" bezeichnet.",4686
2001,23:44,,,,,Przebieg za B.Z,"23.44 Uhr, Adalbertstraße",4687
2002,10:00,,,,,Scenariusz," Wspólna demonstracja jako pokaz związkowej jedności? Neu ist auch, dass die Einzelgewerkschaften gemeinsam vom Brandenburger Tor zum Rathaus ziehen (Start 10 Uhr). Bisher hatte es mehrere Sternmärsche dorthin gegeben. Scholz wertete dies als Zeichen der Geschlossenheit.@fritscheSparkursSchweisstGewerkschaften2002",4773
2002,10:00,,,,,"Scenariusz / Ze strony DGB BB, archiwalne",10.00 Uhr Pariser Platz (Brandenburger Tor),4802
2002,11:30,,,,,"Scenariusz / Ze strony DGB BB, archiwalne",Rotes Rathaus Berlin: Die Kundgebung um 11.30 Uhr,4790
2002,13:00,,,,,Scenariusz,Die 13-Uhr-Demo verlief wie immer friedlich mit 1.000 Menschen. Die autonom-kommunistischen Gruppen und die AAB zerstritten sich nach drei ruhigen Jahren wieder kurz vor dem 1. Mai wieder.,4783
2002,17:00,,,,,"Scenariusz / Ze strony DGB BB, archiwalne",Am 30. April 2002 ab 17.00 Uhr - 0.00 Uhr,4807
2002,18:00,,Mitte,Mitte,,Scenariusz,"Die 18-Uhr-Demo (AAB) wurde vom Oranienplatz zum Rosa-Luxemburg-Platz verlegt, damit um 16 Uhr dort die anderen Gruppen demonstrieren konnten. Diese zogen mit ca. 4.000 Menschen los, nachdem sie sich mit den Menschen der 13-Uhr-Demo zusammengeschlossen hatten und endeten wieder am Oranienplatz. -- policja, jak pisze Tagesspiegel, nie zgodziła się na demonstrację przez Mitte (27.04, Tagesspiegel)",4784
2002,18:00,,,,,Scenariusz,"Die 18-Uhr-Demo zog mit ca. 8.000 Teilnehmern (ohne Polizeispalier) zum Michaelkirchplatz, wo sie von der Polizei am Weitergehen gehindert wurde: Am Mariannenplatz brannten schon die Autos. @gluckspilzLOPABerlinRevolutionarer2007",4785
2002,22:00,,,,,Scenariusz,22:00 KPD/RZ organizuje przed strażą pożarną na Wiener Strasse demonstrację Mutter der 1. Mai Demos,4786
2003,01:31,,,,,"Kontest – powstanie ruchu protestu przeciwko Hartz IV / Znaczenie 1. Maja dla pracy organizacyjnej, integracji w ramach systemu politycznego","| Renate | 01:31:27,560 | 01:31:28,560 | Das war so viel Losungen. Vielleicht muss ich noch mal einsagen, weil du hattest, Paweł, neulich so bisschen danach gefragt so Ost-West und auch so... Das ganze war für mich, also diese Vorbereitungen zu solchen Demos und auch zu dieser, das war für mich so etwas natürlich Neues und teilweise auch etwas eigenartig, wie das ablief. Und ich glaube, dass wir a",4940
2003,09:30,,Kreuzberg,Kreuzberg,DGB,Prasa / labournet.archiv / **Berlin**,"- Das Berliner Bündnis für Soziale Grundrechte - Stoppt die Hartz-Pläne wird am ersten Mai auf der DGB-Demo als Block des konsequenten Widerstandes anzutreffen. Auch bei der nachmittäglichen Demonstration in Unterfriedrichshain (ehemaliges Kreuzberg) werden sie dabei sein. Treffpunkt auf der DGB-Demo: 9.30 Uhr, Brandenburger Tor, da wo sich auch der Block der Erwerbslosen sammelt (Pariser Platz/An",5061
2003,10:00,,Charlottenburg,Charlottenburg,NPD,Scenariusz,"- 10:00 – Kundgebung und Blockaden gegen NPD-Aufmarsch – Theodor-Heuss-Platz, Charlottenburg. Linke und linksradikale Gruppen versuchen den NPD-Marsch zu verhindern durch Kundgebung und Straßenblockaden.",4996
2003,10:00,,,,DGB;PDS,Scenariusz,"- 10:00 – DGB-Demozüge – Treff am Brandenburger Tor, Marsch zum Roten Rathaus. PDS beteiligt sich an DGB-Demo statt eigene Kundgebung zu veranstalten (Entscheidung von PDS-Landeschef Stefan Liebich). PDS betont soziale Gerechtigkeit trotz Sparmaßnahmen.",4997
2003,11:00,,,,NPD,Scenariusz,"- 11:00–15:00 – NPD-Aufmarsch „Wir sind das Volk"" – zwischen Raußendorffplatz und Coubertin-Platz am Olympiastadion. NPD feiern das Scheitern des NPD-Verbotes mit einem „Siegeszug"". ",4998
2003,11:30,,,,DGB,Scenariusz,- 11:30 – DGB-Kundgebung – vor dem Roten Rathaus.,4999
2003,13:30,,,,NPD,Scenariusz,"- 13:30 – Besendemo „Fegt die Nazis aus der Stadt"" – Start Raußendorffplatz. Veranstaltet von „Berliner Initiative: Europa ohne Rassismus"". Folgt der NPD-Route, fordert Bürger auf, Straßen zu verlassen damit NPD durch leere Straßen ziehen.",5000
2003,13:30,,Charlottenburg,Charlottenburg;Mitte,DGB;PDS;NPD,Prasa / Neues Deutschland,"65 Versammlungen, Demos und Straßenfeste werden rund um den 1. Mai in Berlin stattfinden. Wie PDS-Landeschef Stefan Liebich informierte, verzichte seine Partei auf eine eigene Kundgebung und werde sich an der DGB-Demo beteiligen. Die PDS unterstreiche damit ihren Willen, Sorge zu tragen, »dass es trotz der für das Überleben der Stadt notwendigen Sparmaßnahmen in Berlin insgesamt sozial gerecht zug",5072
2003,14:00,,Neukölln,Neukölln,,Scenariusz,"- 14:00–23:00 – Neuköllner Maientage – Volkspark Hasenheide, Neukölln. Achterbahnen, Autoscooter, Wurstbuden und Livemusik im Festzelt.",5001
2003,15:00,,Kreuzberg,Kreuzberg,,Scenariusz,"- 15:00 – Kreuzberg demo, ALB, wspólna demonstracja z ortodoksyjnymi grupami ML. Ok. 10 000 uczestników. Tym razem nie ma demonstracji o godzinie 13. (Glückspilz)",5002
2003,15:00,,Kreuzberg,Kreuzberg;Charlottenburg,NPD,Prasa / labournet.archiv / **Berlin**,"- Heraus zum revolutionären 1.Mai! Fight Capitalist War - Fight Capitalist Peace. 15.00 Uhr | Oranienplatz | Berlin-Kreuzberg, Kundgebung ab 13.00 Uhr. Thema der 1.Mai-Demo in diesem Jahr wird nicht nur der kapitalistische Krieg, sondern auch der kaptialistische ""Frieden"" sein. Deutschland beteiligt sich an der neoliberalen Neuaufteilung der Welt auf seine Weise. Es ist Zeit unseren Widerstand auf",5067
2003,17:00,,,,,Scenariusz,- 17:00 – Friedensfest – entlang der Oranienstraße. Bis in den nächsten Morgen.,5003
2003,17:00,,Kreuzberg,Kreuzberg,,Scenariusz,"- 17:00 – „My-Fest"" Stadtteilfest – rund um die Oranienstraße, Kreuzberg. 11 Orte, 13 Bands auf zwei Bühnen. Unter anderem: IG Blech (17 Uhr, Heinrichplatz), Jaylan (19:45, Oranien-/Manteuffelstr.), Tundra Bikini (20:30, Kottbusser Tor), Havanna Heat Club (21:45, Oranienplatz). Kinoprogramm ab 19 Uhr, Video-Performance zu Mao Tse Tung (21 Uhr). Auch öffentlicher Friseursalon „Haarschlächterei"" ab ",5004
2003,18:00,,,,,Scenariusz,"- 18:00 – Rosa-Luxemburg-Platz demo, na nim Israel-Solidaritäts-Block. W jej organizacji biorą udział członkowie Kritik & Praxis Berlin, rozłamowcy z AAB. Ok 3,5k uczestników.  Route: Mollstraße → Otto-Braun-Straße → Karl-Marx-Allee → Schilling-Brücke → Köpenicker Straße → Lausitzer Platz.",5005
2003,18:30,,Kreuzberg,Kreuzberg,IG Metall,Kalendarium," Am Abend wird es vor dem Haus der IG Metall in der Alten Jacobstraße 149 in Berlin-Kreuzberg – Nähe U-Bahnhof Hallesches Tor – ein Konzert geben. Es treten u. a. auf: Hans, der Kleingärtner, die Klaus Renft Combo, gegen 18.30 Uhr, Konstantin Wecker und Band, etwa 19.45 Uhr, Skills en Masse & Germ sowie die Bösen Mädchen. Alle Interessierten sind zum Mitdiskutieren und Zuhören eingeladen @Sprachro",4950
2004,00:05,,,,,Scenariusz / taz / Der Mai ist gekommen,"00:05, Oranienstraße: Auf der Bühne am Oranienplatz sorgt eine Hardcore-Band für entspannte Partystimmung. 50 Meter weiter brennen Müllcontainer. Jubelnde Jugendliche. Dahinter vier Wasserwerfer und zwei Räumpanzer. Es dauert einige Minuten, bis das Feuer gelöscht ist. Immer wieder greifen schwarz behelmte Stoßtrupps der Polizei gezielt Leute aus der Menschenmenge.",5217
2004,00:15,,,,,Scenariusz / taz / Der Mai ist gekommen,"00:15, Eberswalder Straße: Nach einem Wortgefecht mit der Polizei und einem Flaschenwurf beginnt die von allen erwartete Randale. Die Polizei bildet keine Fronten, sondern zieht mit kleinen Greiftrupps durch die Menge, angelt sich immer wieder gezielt Einzelne heraus.",5187
2004,00:50,,,,,Wydarzenia, https://www.youtube.com/watch?v=YQ9V4rzKqgU 0:50,5148
2004,01:20,,,,,Scenariusz / taz / Der Mai ist gekommen,"01:20, Mauerpark: Der Park ist geräumt, die Lage beruhigt. Die Massen flanieren über die dank Parkverbot wunderbar autofreie Oderberger Straße und genießen ein spätes Bier.",5188
2004,08:30,,,,,Scenariusz,"Die Gewerkschaften eröffnen am morgigen Tag der Arbeit den Demoreigen. Sie treffen sich bereits um 8.30 Uhr am Brandenburger Tor und ziehen dann gemächlich über Wilhelm- und Oranienburger Straße zur Abschlusskundgebung um 12 Uhr am Roten Rathaus. (?) Wilhelm (30.04 taz) – nieco inna trasa, niewyjaśnione czemu mieli by iśc tak długo, i spotykać się tak wcześnie. Pewnie jest jakiś Auftaktskundgebung",5160
2004,10:00,,Charlottenburg,Charlottenburg,DGB,Scenariusz,"| zentraler Veranstaltungsort am 01. Mai 2004 ist Berlin:<br<br  <brSTART DEMOZUG  <br10.00 Uhr Brandenburger Tor (Platz d. 18. März)  <br  <brTREFF MOTORRAD-CORSO  <br10.00 Uhr Charlottenburg Olympischer Platz  <br  <brKUNDGEBUNG  <br11.30 Uhr Platz vor dem Roten Rathaus  <br  <brBegrüßung:  <brBernd Rissmann, stellvertretender Vorsitzender des DGB Berlin-Brandenburg  <br  <brGrußwort:  <brTony J",5164
2004,10:30,,,,PDS,Wydarzenia," 10:30 – PDS organizuje demonstrację antyfaszystowską przeciwko nazistom, ruszającą ze Staufberger Platz nazi PDS",5155
2004,10:30,,Lichtenberg,Lichtenberg,,Scenariusz / taz / Der Mai ist gekommen,"SAMSTAG 10:30, Strausberger Platz: Zwei Bamberger Polizisten starren auf den halb entblößten Hintern einer Punker-Lady. Sie möchte, dass der Demozug der Gegendemo endlich losgeht. „Den Nazis auf die Fresse hauen“, grölt sie mit Bier in der Hand in Richtung Lichtenberg.",5189
2004,11:00,,,,,Scenariusz / taz / Der Mai ist gekommen,"Sonntag, 11 Uhr: Eine Frau im kurzen Kleid trägt ein Molotowcocktail durch die Überbleibsel der Revolution. Ein Video wird gedreht. AW, FLEE, GA, ROT",5218
2004,11:05,,,,DGB;SPD;Grüne,Scenariusz / taz / Der Mai ist gekommen,"11:05, Oranienburger Straße: Angeführt von der IG-BAU ist der Demo-Zug der Gewerkschaften auf über 10.000 Menschen angewachsen. „Nichts ist gut so – schon gar nicht in Berlin. Gemeinsam gestalten nur mit uns!“, sagt das Fronttransparent. Dahinter laufen Wolfgang Wieland (Grüne), Michael Müller (SPD), Bernd Rissmann (DGB-Landesvize). FramePolitics/DGB/2004 actors/DGB/politycy/2004 report/DGB/2004",5190
2004,11:15,,,,,Scenariusz / taz / Der Mai ist gekommen,"11:15, Oranienburger Straße: Der Demoblock der BSR-Beschäftigten fegt die Straße und rollt Mülltonnen hinterher. Das Plakat: „Mit den Arbeitnehmern der BSR ist immer zu rechnen. Und das ist nicht gut so.“ FramePolitics/BRG/2004",5191
2004,11:30,,,,DGB,Wydarzenia," Statt Gäste aus Osteuropa am Rednerpult zu begrüßen, funktioniert der traditionelle internationale Redner-Austausch zum 1. Mai in diesem Jahr noch innerhalb alter Grenzen. So wird neben Rissmann und dem DGB-Bundesvorsitzenden Michael Sommer der Präsident des Europäischen Metallgewerkschaftsbundes, Tony Janssen, aus Brüssel die Berliner bei der Kundgebung um 11.30 Uhr vor dem Roten Rathaus begrüße",5153
2004,11:40,,,,,Scenariusz / taz / Der Mai ist gekommen,11:40. Hackescher Markt: Ein paar Attac-Jugendliche skandieren: „Neoliberal ist asozial.“ Sie erhalten als Einzige den Geleitschutz der Polizei. FramePolitics/attac/2004,5192
2004,12:05,,,,DGB,Scenariusz / taz / Der Mai ist gekommen,"12:05, Rotes Rathaus: Die zentrale Kundgebung des DGB: Landesvize Bernd Rissmann wirft dem rot-roten Senat „Wahlbetrug“ vor. 530.000 Berliner lebten bereits unter der Armutsgrenze: „Das ist die Realität.“ DGB/speech/Berlin/2004",5193
2004,12:25,,,,DGB,Scenariusz / taz / Der Mai ist gekommen,"12:25: Michael Sommer, DGB-Chef, legt los. Sommer schließt seine Rede mit dem Zitat: „Wenn wir schreiten Seit an Seit.“",5194
2004,13:00,,,,,Scenariusz / taz / Der Mai ist gekommen,"13:00, Frankfurter Allee: Während am Roten Rathaus das Volksfest beginnt, heißt es auf der Frankfurter Allee warten. Am U-Bahnhof Magdalenenstraße sperrt die Polizei die Straße ab.",5195
2004,14:00,,Lichtenberg,Lichtenberg,,Scenariusz / taz / Der Mai ist gekommen,"14:00, Bahnhof Lichtenberg: 2.300 Nazis grillen auf ihrem Abmarschplatz schon seit vier Stunden in der Sonne. Sie fordern „Straße frei für nationale Sozialisten“. Auf der Lichtenberger Brücke sind hunderte von Gegendemonstranten zu sehen.",5196
2004,14:30,,,,NPD,Scenariusz / taz / Der Mai ist gekommen,"14:30: „Offensichtlich will die politische Führung auch Randale mit der NPD“, ruft ihr Sprecher über Megafon. Kameradschaftsmitglieder drängeln nach vorne. Nach Rangeleien geht die Polizei mit Schlagstöcken auf die Nazis los. „Das hat es noch nie gegeben“, sagt ein Polizeisprecher.",5197
2004,15:10,,,,,Scenariusz / taz / Der Mai ist gekommen,"15:10: Die Nazis setzen sich tatsächlich in Bewegung, müssen nach 150 Metern aber wieder anhalten. Flaschen fliegen, über die Polizeiketten hinweg, zwischen NPDlern und Gegendemonstranten hin und her.",5198
2004,15:30,,,,,Scenariusz / taz / Der Mai ist gekommen,"15:30, Frankfurter Allee, Rosenfelder Straße: Die Polizei räumt eine Blockade von mehrern hundert Gegendemonstranten. Dabei wird versehentlich auch ein Zivilpolizist verprügelt. „Wenn wir in dem Tempo weiter kommen, sind wir am 3. Mai fertig“, stöhnt der Polizeisprecher.",5199
2004,15:50,,,,,Scenariusz / taz / Der Mai ist gekommen,"15:50: „Ich hatte gehofft, dass die Nazis gleich wieder in die S-Bahn gesetzt werden“, sagt Grünen-Politiker Christian Ströbele. Angesichts tausender Gegendemonstranten sei es unverständlich, dass die Route jetzt von der Polizei freigekämpft werde.",5200
2004,16:00,,Kreuzberg,Kreuzberg,,Scenariusz / Berliner Morgenpost / Mai_-Demo führt doch durch Mitte,"Berlin - Die ""Revolutionäre 1.-Mai-Demo"" darf jetzt doch durch die Innenstadt ziehen. Nachdem die Polizei die vom Veranstalter beantragte Route vom Potsdamer Platz über die Leipziger Straße nach Kreuzberg wegen befürchteter Sachbeschädigungen untersagt und eine nur auf Kreuzberg beschränkte Strecke angeboten hatte, kam es jetzt zu einem Kompromiss. Die Demonstranten werden am 1. Mai ab 16 Uhr vom ",5229
2004,16:15,,,,NPD,Scenariusz / taz / Der Mai ist gekommen,"16:15: „Das sind die rechtsextremen Kameradschaften, die hatten mit der NPD bisher wenig zu tun“, meint eine Szenekennerin. Sie ist überrascht, dass auch viele junge Frauen bei den Nazis mitmarschieren.",5201
2004,16:30,,,,,Scenariusz / taz / Der Mai ist gekommen,"16:30, Kottbusser Tor: Alles ist ruhig. Unter dem Neuen Kreuzberger Zentrum demonstriert auf der Adalbertstraße eine Handvoll Maoisten. Einer schwenkt eine rote Fahne mit dem Mao-Konterfei, ein anderer wettert mit sich überschlagender Stimme gegen den Kapitalismus.",5202
2004,16:30,,,,PDS;NPD,Scenariusz / taz / Der Mai ist gekommen,"16:30, Frankfurter Allee, Aral-Tankstelle: Rund 350 Gegendemonstranten werden am Rande der NPD-Demo seit mehreren Stunden von der Polizei eingekesselt. Der PDS-Abgeordnete Freke Over klagt später, man habe selbst ihn festgehalten, sein Fahrrad beschädigt und sein Ohrläppchen verdreht, bis es blutete. Over stellt Strafanzeige. Auch andere PDS-Politiker werden festgehalten, der stellvertretende Bezi",5203
2004,16:45,,Prenzlauer Berg,Prenzlauer Berg,,Wydarzenia," 16.45 Uhr, Senefelder Platz (Prenzlauer Berg).",5143
2004,16:45,,Friedrichshain,Friedrichshain,,Scenariusz / taz / Der Mai ist gekommen,"16:45, S-Bahnhof Frankfurter Allee: Die Gegendemonstranten sind mit Schubsen, Schlagstöcken und Wasserwerfern weit nach Friedrichshain zurückgedrängt worden. Dort brennen mehrere Müllcontainer und ein Auto, dichter Qualm steigt auf. „Es geht weiter“, verkündet die Polizei. „So was hab ich schon lang nicht mehr gesehen“, meint ein bayrischer Polizist. Die Nazis müssen gut 300 Meter vor dem S-Bahnho",5204
2004,17:00,,,,,Scenariusz / taz / Der Mai ist gekommen,"17:00, U-Bahnhof Samariterstraße: Auf der Frankfurter Allee liegen Bauzäune, Schutt und ausgebrannte Mülltonnen. „Maidemonstrationen in der Innenstadt. Erhebliche Behinderungen!“, verkündet eine einsame Leuchtanzeige.",5205
2004,17:15,,Lichtenberg,Lichtenberg,NPD,Scenariusz / taz / Der Mai ist gekommen,"17:15, S-Bahnhof Frankfurter Allee: Die Wasserwerfer fahren zurück. Die NPD-Demo soll nach einer Zwischenkundgebung zurück nach Lichtenberg, verordnet die Polizei. Weil es so spät ist und wegen der Gegendemonstranten. Die Nazis haben nach sechs Stunden gerade mal ein Siebtel der geplanten Strecke geschafft.",5206
2004,17:30,,Kreuzberg,Kreuzberg,Antifa,Scenariusz / taz / Der Mai ist gekommen,"17:30, Leipziger Platz: Die knapp 5.000 Teilnehmenden der Revolutionären 1. ACT-Demo ziehen mit viel Getöse, drei Moderatoren und Antifa-Groupies Richtung Kreuzberg. „Alles für Alle“, gegen Kapitalismus und den neoliberalen Umverteilungsprozess, ziehen sie an den glänzenden Prachtbauten auf der Leipziger- und Kochstraße vorbei. Alles bleibt heil.",5207
2004,17:30,,,,MyFest,Scenariusz / taz / Der Mai ist gekommen,"17:30, Mariannenplatz, MyFest: Die Grills der PKK-Stände qualmen, Schriften wie „Sozialismus in Mesopotamien“ werden verteilt, Aleviten tanzen. Vor der Thomaskirche verwummern die türkischen Hardrocker „Stoneheads“ auf einer der Bühnen ein altes anatolisches Lied. Der Abgeordnete Freke Over, ehemaliger Hausbesetzer, erinnert die Picknickenden auf der Mariannen-Wiese daran, dass „seit Donnerstag – ",5208
2004,18:15,,Kreuzberg,Kreuzberg,,Scenariusz / taz / Der Mai ist gekommen,"18:15, Oberbaumbrücke: Die Polizei fährt Kolonne, die Antifas fahren Fahrrad. Alle nach Kreuzberg. An der Brücke trifft man sich wieder, zur Taschenkontrolle.",5209
2004,19:00,,,,,Scenariusz / taz / Der Mai ist gekommen,"FREITAG 19:00, S-Bahnhof Friedrichstraße: Ein Sprecher begrüßt die rund 1.500 Anwesenden zur ersten Demo des 1. Mai unter dem Motto „Kommunismus statt Europa“. Er erklärt die EU zum Zusammenschluss kapitalistischer Nationalstaaten, die Weltmacht spielen wollen.",5183
2004,19:00,,,,,Scenariusz / taz / Der Mai ist gekommen,"19:00, Kottbusser Tor: Die revolutionäre Demo endet mit einer Modenschau: Wendejacken und Perücken, um die angekündigte „Manndeckung“ der Polizei zu irritieren. Jutta Ditfurth steht mit einer alten Spiegelreflexkamera um den Hals am U-Bahn-Eingang. „Na ja, bis jetzt verlief alles gut“, findet die ehemalige Frontfrau der Grünen. Türkische Kinder fotografieren mit ihren Handys einzelne Polizisten un",5210
2004,19:15,,,,,Scenariusz / taz / Der Mai ist gekommen,"19:15, Skalitzer Straße: Eine lange Reihe parkender Polizeiwannen. In einer von ihnen filzen Polizisten einen jungen Mann mit schwarzem Kapuzenshirt. Nebenan, auf dem Bürgersteig, juxen drei Jungs, einer stülpt sich die Kapuze seines himmelblauen Shirts über den Kopf. Ein schwitzender Polizeibeamter faucht ihn an: „Det is echt nich lustig, Mann, nich an so eenem Tach wie heute!“",5211
2004,19:30,,,,NPD,Scenariusz / taz / Der Mai ist gekommen,"19:30, Tucholskystraße: Der DJ der Kommunistendemo ist versiert. Nach der Warnung vor Festnahmen läuft „They won’t gonna get us“, nach der Anti- NPD-Rede „This is not a love song“.",5184
2004,20:00,,,,,Scenariusz / taz / Der Mai ist gekommen,"20:00, Rosenthaler Platz: Die Demo endet friedlich. Ein Polizeisprecher erklärt zwei Touristinnen: „They want to do something with the police, throwing stones.“",5185
2004,20:04,,,,,Scenariusz / taz / Der Mai ist gekommen,"20:04, Heinrichplatz: Plötzlich donnern einige Leuchrakten. „Das Signal“ wissen einige Kneipenbesucher vor dem „Bateau Ivre“. Tatsächlich stehen minuten später Kapuzenträger auf dem Platz und halten ein Banner hoch. Plötzlich setzt sich der Block aus Autonomen Kommunisten, maoistischen RIMs und Mitläufern Richtung Oranienplatz in Bewegung. „Wir wollen keine Bullenschweine“, rufen die Krawallsüchti",5212
2004,20:45,,,,,Scenariusz / taz / Der Mai ist gekommen,"20:45: Die Randalierer entdecken Polizisten auf der Skalitzer Straße. Erst fliegt ein Ball, dann hageln Raketen, Flaschen und zum Schluss Steine. Die Polizei rückt erst nach rund zehn Minuten langsam vor –und zurück. Dann Tränengas. Dann ist erst mal wieder Ruhe. Ein etwa 20-Jähriger bittet einen Fotografen, ein Bild von ihm und seiner Freundin zu machen, mit Polizei im Hintergrund: „Das ist unser",5213
2004,21:00,,Prenzlauer Berg,Prenzlauer Berg,,Wydarzenia,"Am 30. April, der Walpurgisnacht, wird sich die EU-Kommission mit ihrem Vorsitzenden Prodi in Berlin treffen. Ab 21.00 Uhr werden dann die HERRschenden am Gendarmenmarkt mal wieder so richtig feiern. Anlass ist die zum 1. Mai 2004 vollzogene Osterweiterung der Europäischen Union um die zehn Beitrittskandidaten aus Ost- und Südosteuropa. Zu der Feier werden auch hochrangige Vertreter aus Wirtschaft",5146
2004,21:15,,,,,Scenariusz / taz / Der Mai ist gekommen,"21:15, Eberswalder Straße: Mitarbeiter von Alba füllen mitgebrachtes Bier der Mauerparkbesucher in Plastikbecher. Am Parkeingang steht eine Polizeikette, die niemanden mit Flaschen hereinlässt.",5186
2004,21:15,,,,,Scenariusz / taz / Der Mai ist gekommen,"21:15, Naunynstraße: „Hast du gerade die Flasche geworfen, fragt ein türkischer Händler. „Ja“, antwortet der junge Migrant. „Warum?“ – „Hm“. – „Du kannst die doch nicht bewerfen, wenn die direkt zu dir gucken. Jetzt haben die ein Auge auf dich. In fünf Minuten landest du im Knast“. Der junge Türke verlässt irritiert und schnell die Straßenecke.",5214
2004,21:53,,,,,Scenariusz / taz / Der Mai ist gekommen,"21:53, Mariannenstraße: Fast leer gefegt, nur an den Häuserwänden lehnen Schaulustige. Die Polizei steht in Trauben zusammen. Zwei junge Männer tanzen betrunken mitten auf der Straße. Plötzlich sprinten 20 Polizisten auf sie zu. Rempeln einen zur Seite und ergreifen den mit dem schwarzen Kapuzenshirt. Zappelnd wird er mitgeschleift. Eine Viertelstunde lang umstehen ihn nahezu 30 Polizisten.",5215
2004,22:30,,,,,Scenariusz / taz / Der Mai ist gekommen,"22:30, Heinrichplatz: Im „Bateau Ivre“ gibt es plötzlich Blut. Ein Mann und eine Frau hauen zwei Gästen Flaschen auf den Kopf. „Lasst sie nicht gehen!“, brüllen Geistesgegenwärtige. Doch die beiden Angreifer werden vor die Tür geschubst – kurz darauf stürmen ein Dutzend Männer und Frauen die Kneipe und versuchen sich erneut auf die Verletzten zu stürzen. Die Angreifer werden rausgeschmissen. Ein p",5216
2005,00:04,,,,,Scenariusz / Przebieg DGB / ZMiana formalna – utrata znaczenia i nowe elementy scenariusza," RBB – Angeblich sind 1. Mai Umzüge ja out. Doch dann waren heute morgen 8 Tausend Berliner völlig unmodern, denn so viele kamen zu Demo (rbb 0:04) ritual/anachronism ; Przemówienia związkowe dotyczyć miały 600 000 brakujących miejsc pracy w regionie i 3 milionach ludzi, którzy zmuszeni są pracować na drugim etacie",5432
2005,09:00,,Friedrichshain,Friedrichshain,,Scenariusz / 30. April (Walpurgisnacht) / 1. Mai / Inne festy 1. Maja (PDS),"- Bötzow-Eiche, Bötzowstraße, Friedrichshain (9:00–20:00)",5360
2005,09:00,,,,,Scenariusz / MyFest i pokojowy przebieg / Wydarzenia w Berlinie DGB,| Berlin / Spandauer Straße  <brStart: 09.00 Uhr                        |                                                                                                                                                           | 1. Mai-Lauf zum Großen Stern und zurück zum Platz vor dem Roten Rathaus  <brAnmeldung: www.erstermai.dgb.de(https://web.archive.org/web/20081001160403/http://www.ersterma,5457
2005,10:00,,,,DGB,Scenariusz / 30. April (Walpurgisnacht) / 1. Mai,"10:00 – DGB-Demo: Brandenburger Tor → Rotes Rathaus Kundgebung 11:00. Motorradfahrer, Skater, Läufer auf Strecken durch die Innenstadt am Vormittag. 11:00–18:00 – Kinderfest am Neptunbrunnen. DGB demo",5349
2005,10:00,,,,,Scenariusz / MyFest i pokojowy przebieg / Wydarzenia w Berlinie DGB,| Berlin / Platz des 18. März  <brEbertstraße  <brStart: 10.00 Uhr |                                                                                                                                                           | Demonstration                                                                                                                                                                  ,5455
2005,10:15,,,,,Scenariusz / MyFest i pokojowy przebieg / Wydarzenia w Berlinie DGB,| Berlin / Olympischer Platz  <brStart: 10.15 Uhr                       |                                                                                                                                                           | 1. Mai-Motorrad-Korso zum Platz vor dem Roten Rathaus  <brAnmeldung: www.erstermai.dgb.de(https://web.archive.org/web/20081001160403/http://www.erstermai.dgb.de/)        ,5458
2005,10:35,,,,,Scenariusz / MyFest i pokojowy przebieg / Wydarzenia w Berlinie DGB,| Berlin / Olympischer Platz  <brStart: 10.35 Uhr                       |                                                                                                                                                           | 1. Mai-Skating zum Platz vor dem Roten Rathaus  <brAnmeldung: www.erstermai.dgb.de(https://web.archive.org/web/20081001160403/http://www.erstermai.dgb.de/)               ,5459
2005,11:00,,Kreuzberg,Kreuzberg,MyFest,Scenariusz / 30. April (Walpurgisnacht) / 1. Mai,"11:00 – MyFest: Kreuzberg, zwischen Oranienplatz und Mariannenplatz 19 Bühnen, bis in den 2. Mai. Oranienplatz liegt im Festgebiet — niegenehmigter Protest dort durch Polizei unterbunden. MyFest Kreuzberg",5350
2005,11:00,,Hohenschönhausen,Hohenschönhausen,,Scenariusz / 30. April (Walpurgisnacht) / 1. Mai / Inne festy 1. Maja (PDS),"- Falkenberger Chaussee, Hohenschönhausen (11:00–18:00)",5358
2005,11:30,,,,DGB;IG Metall,Scenariusz / MyFest i pokojowy przebieg / Wydarzenia w Berlinie DGB,"| Berlin / Platz vor dem Roten Rathaus   <brca. 11.30 Uhr               | Begrüßung:  <brHeidi Jockel, DGB Region Berlin  <brHauptredner:  <brOlivier Höbel, Bezirksleiter der IG Metall  <brBerlin-Brandenburg-Sachsen | Kundgebung   <branschließend  <brMaifest u. Kinderfest                                                                                                                                ",5456
2005,13:00,,Kreuzberg,Kreuzberg,,Scenariusz / 30. April (Walpurgisnacht) / 1. Mai,"13:00 – R1M-Demo: Kreuzberg Motto: „International kämpfen gegen Ausbeutung und Unterdrückung – keine Befreiung ohne Revolution"". Zielpunkt Heinrichplatz nicht genehmigt → Ende am Kottbusser Tor. R1M demo Kreuzberg",5351
2005,13:00,,,,,Scenariusz / 30. April (Walpurgisnacht) / 1. Mai,13:00 – Demo: Yorckstraße → Waldemarskiez Erhalt des Wohn- und Sozialprojekts Yorckstr. 59. demo Gentrifizierung,5353
2005,13:00,,,,,Scenariusz / 30. April (Walpurgisnacht) / 1. Mai / Inne festy 1. Maja (PDS),- Köpenicker Schlossplatz (13:00–18:00),5359
2005,14:00,,,,,Scenariusz / 30. April (Walpurgisnacht) / 1. Mai / Inne festy 1. Maja (PDS),"- Springbornclub, Johannisthaler Springbornstraße (14:00–18:00)",5361
2005,16:00,,Friedrichshain,Friedrichshain,,Scenariusz / 30. April (Walpurgisnacht),"16:00 – Boxhagener Platz, Friedrichshain Walpurgisnacht-Demo „Mai-Steine 2005"", Bündnis gegen Yuppiesierung und Umstrukturierung. Infostände, Diskussionen, Musik. Walpurgisnacht Friedrichshain Gentrifizierung",5344
2005,16:00,,,,,Scenariusz / 30. April (Walpurgisnacht),"16:00 – Demo: Frankfurter Tor → Prenzlauer Allee Motto: „Berlin protestiert friedlich – Für friedlichen Protest gegen Gewalt"" demo Walpurgisnacht",5345
2005,16:30,,Prenzlauer Berg,Prenzlauer Berg,,Scenariusz / 30. April (Walpurgisnacht),"16:30 – Mauerpark, Prenzlauer Berg (zwischen Eberswalder und Gleimstraße) Friedliche Walpurgisnacht — tanzen, Friedensgebet (18:30), Helmi-Theater „Der Schweinehirt"" (18:45), Überraschungen (22:15). Flaschen- und Dosenverbot. Walpurgisnacht Mauerpark",5346
2005,18:00,,,,MyFest,Scenariusz / 30. April (Walpurgisnacht) / 1. Mai,"18:00 – Oranienplatz (ungenehmigte Kundgebung) AAB/Bündnis linksradikaler und autonomer Gruppen — abgesagte Demo, próba nieanonsowanej akcji na Oranienplatz (w środku MyFestu). Konflikt z policją zapowiadany. R1M Spontan MyFest conflict",5354
2006,01:05,,,,,"Scenariusz, za taz","1:05, Boxhagener Platz: Die Polizei will offenbar Feierabend machen. Per Lautsprecheransage fordert ein Sprecher die verbliebenen 300 Teilnehmer auf, den Platz zu verlassen. Als diese dem nicht nachkommen, beginnen die Beamten, die Feiernden zu verjagen. Am frühen Morgen zieht die Polizei eine positive Bilanz der Walpurgisnacht: 48 Festgenommene, die meisten, weil sie kleine Mengen Drogen bei sich",5566
2006,06:00,,,,,"Scenariusz, za taz","6:00 Uhr: „Schlimmster 1. Mai befürchtet“, titelt die Haudraufschmonzette BZ. Offenbar will das Springerblatt die müde Szene ein wenig anfeuern.",5544
2006,10:25,,,,DGB,"Scenariusz, za taz","10:25, Potsdamer Straße: Gewerkschafter sind schnelle Marschierer. Der DGB-Demonstrationszug, um 10 Uhr am Wittenbergplatz gestartet, erreicht mit rund 10.000 Teilnehmern die Potsdamer Straße. Sein Motto: „Berlin braucht seine Plätze – Arbeits- und Ausbildungsplätze“.",5570
2006,11:05,,,,,"Scenariusz, za taz","11:05, Unter den Linden: 23 Jogger in roten Ver.di-T-Shirts überqueren die Friedrichstraße. Die Solidargemeinschaft bröckelt: Zwei Läufer wurden von der Gruppe bereits deutlich abgehängt.",5572
2006,11:45,,,,,"Scenariusz, za taz","11:45, Brandenburger Tor: Ver.di-Chef Frank Bsirske rechnet in seiner Rede mit der Politik der großen Koaltion ab. Diese belaste Arbeitnehmer, Arbeitslose und Rentner. Bsirske fordert einen gesetzlichen Mindestlohn von 7,50 Euro pro Stunde.",5574
2006,12:30,,,,DGB,"Scenariusz, za taz","12:30, Brandenburger Tor: Das DGB-Volksfest mit Bier und Bratwurst beginnt. Mit 3 Euro ist die Wurst hier so teuer wie kaum anderswo in Berlin. Wie viel sie verdient, möchte die Verkäuferin aber nicht verraten. Der Mindestlohn wird es hoffentlich sein. „Wenn’s sich nicht lohnen würde, würde ich nicht hier stehen“, sagt sie.",5576
2006,13:10,,,,,"Scenariusz, za taz","13:10, Oranienplatz: Die Kundgebung des maoistischen „Revolutionären 1.-Mai-Bündnisses“ beginnt. Das Motto: „Eine andere Welt ist möglich“. Noch sind mehr Menschen mit Kamera und Fotoapparat unterwegs als Demonstranten. An jeder Ecke stehen drei Polizisten, einige kontrollieren Passanten.",5578
2006,14:10,,,,,"Scenariusz, za taz","14:10, Oranienstraße: Türkischstämmige Familien verkaufen gegrillte Hackspieße. Am Heinrichplatz läuft der Soundcheck für ein Konzert. Familien mit Kindern schlendern über das Fest und kaufen Zuckerwatte.",5580
2006,14:30,,,,,"Scenariusz, za taz","14:30, Oranienplatz: Die Einsatzhundertschaften der Polizei haben eine neue Kennzeichnung auf dem Rücken und neue Overalls bekommen. Das Grün ist jetzt etwas heller. Extra für den 1. Mai? „Nein, zur WM“, verrät ein Beamter. Aber heute werde sie zum ersten Mal ausgeführt.",5582
2006,14:35,,,,,"Scenariusz, za taz","14:35, Oranienstraße: Der Demonstrationszug der Maoisten setzt sich in Bewegung. „Viva la Revolución!“-Rufe ertönen.",5584
2006,14:45,,,,,"Scenariusz, za taz","14:45, Naunynstraße: Vor dem Jugendzentrum Naunynritze hat sich eine Traube von 100 Migrantenkids vor einer Bühne postiert. Auf deren Brettern wird ein Wettkampf in Head-Jumps ausgetragen. Im Klartext: eine Hand auf den Boden, Arm und Beine nach oben und dann so oft strampeln, wie möglich, ohne umzufallen. Ali schafft es 15-mal – bisher der Rekord.",5586
2006,14:55,,,,,"Scenariusz, za taz","14:55, Görlitzer Bahnhof: Die Lautsprecherstimme stoppt den Demozug. „Das ist die falsche Richtung.“ Die ersten machen kehrt. Dann heißt es: „War doch richtig, weiter geradeaus.“",5588
2006,15:00,,,,PDS;Linkspartei,"Scenariusz, za taz","15:00, Checkpoint Charlie: Die Jungen Liberalen wollen gegen Berlins Kultursenator Thomas Flierl (Linkspartei) und den PDS-Ehrenvorsitzenden Hans Modrow demonstrieren. Beide seien „Stasi-Ideologen“. 50 Teilnehmer sind angemeldet. Die zuständigen Polizisten suchen – und finden fünf JuLis an der Ecke. „Wir haben auch überlegt, näher an die linken Demos zu gehen, aber das war uns dann doch zu gefährl",5590
2006,15:20,,,,,"Scenariusz, za taz","15:20, Mariannenplatz: Der Platz ist in Rauchschwaden von Würstchen- und Dönergrills getaucht, unzählige Menschen sitzen auf dem Rasen, essen, trinken, schlafen und telefonieren zu den Klängen von türkischer Folkloremusik. Es gibt nur ein Problem: Sobald die Sonne weg ist, wird es ungemütlich kalt. Insgesamt feiern auf dem Myfest weit über 10.000 Menschen.",5592
2006,16:00,,,,,"Scenariusz, za taz","16:00, Reuterplatz: Polizeipräsident Dieter Glietsch beobachtet den vorbeiziehenden Demozug der Maoisten. „Ich bin mit dem Verlauf des 1. Mai sehr zufrieden.“ Zur aktuellen BZ-Schlagzeile meint er: „Ich frage mich, wo die das hernehmen.“",5594
2006,16:27,,,,,"Scenariusz, za taz","16:27, Speewaldplatz: Ein drei Meter großer Krake aus Pappmaché namens „Superprekaria“ mit einer alten Badezimmermatte auf dem Kopf winkt mit seinen Fühlern die Demoteilnehmer herbei. Es funktioniert: Mindestens 4.000 Menschen kommen zum Startpunkt der ersten Berliner Mayday-Parade.",5596
2006,16:40,,,,,"Scenariusz, za taz","16:40, Eberswalder Ecke Oderberger Straße: Business as usual am Mauerpark: Metallgitter sperren den Eingang ab, Brandenburger PolizistInnen kontrollieren die Besucher. Die Willkommensfrage: „Haben Sie irgendwelche gefährlichen Gegenstände, Waffen oder Flaschen mit dabei?“ Erstaunlich: Niemand antwortet mit Ja. Trotzdem werden Taschen gründlich durchwühlt und die meisten Personen abgetastet. Die Po",5546
2006,17:15,,,,Jusos,"Scenariusz, za taz","17:15, Spreewaldplatz: Die Parade beginnt mit Grußbeiträgen unter anderem aus Paris. Das Motto der Demo: „Für soziale Rechte weltweit“. Beteiligt sind auch viele Flüchtlingsinitiativen, Kreuzberger Musikinitiativen, Arbeitslosengruppen, Attac, die Jusos sowie autonome und andere linke Gruppen.",5598
2006,17:30,,,,,"Scenariusz, za taz","17:30, Warschauer Straße: Trotz des Feiertags staut sich der Verkehr, genauso eng geht es auf der Frankfurter Allee zu. Grund: Hunderte von Polizeiwannen stehen entlang den großen Straßen und erschweren den Verkehrsfluss.",5548
2006,17:35,,,,,"Scenariusz, za taz","17:35, Flohmarkt am Mauerpark: Für die meisten Besucher hier sind die Walpurgisnachtkrawalle Geschichten aus einer anderen Welt: Viele sind über 30, nicht wenige mittelmäßig gestylt, die meisten Frauen schieben Kinderwagen vor sich her. (Junge) Krawallmacher? Nicht in Sicht. „Mein Publikum kommt jetzt erst“, glaubt der Verkäufer stylischer Sonnenbrillen.",5550
2006,17:40,,,,,"Scenariusz, za taz","17:40, Oranienplatz: Elf junge Männer und Frauen nähern sich dem Platz, wo eine nicht angemeldete, aber angekündigte Demo beginnen soll. Die Zivilpolizisten tragen noch ihre Westen mit „Polizei“-Aufschrift. Von einer Ecke aus beobachten sie den Platz. Auf Nachfrage sagen sie, dass sie nach „relevanten Jugendlichen“ Ausschau halten sollen. Auf dem fast vollen Platz spielt eine Reggaeband. Es riecht",5600
2006,17:45,,,,,"Scenariusz, za taz","17:45, Naunynstraße: Türkische Kids wollen mit einem Rapper ein Musikvideo in einem Hinterhof in der Naunynstraße drehen. Der ist aber schon besetzt – von einer Gruppe grillender Polizisten. Sie weisen die Jugendlichen ab, die Stimmung wird aggressiv: Über 100 Migrantenkids rennen daraufhin durch die Straße und brüllen: „Fickt die Polizei!“ Später dürfen sie dann in der Naunynritze drehen.",5602
2006,17:50,,,,,"Scenariusz, za taz","17:50, Durchgang vom Flohmarkt zum Mauerpark: Auch hier kontrollieren die Brandenburger Polizisten auf „gefährliche Gegenstände“. Ein Pärchen hat auf dem Flohmarkt einen Beistelltisch mit abnehmbaren Metallbeinen erworben – und darf passieren.",5552
2006,18:00,,,,MyFest,"Scenariusz, za taz"," 18:00 spontaniczna, zakazana demonstracja o godzinie 18 przechodzi przez teren MyFest",5537
2006,18:00,,,,,"Scenariusz, za taz / PDS i grupy policyjne / EuroMayDay",Gegen 18 Uhr startete vom Spreewaldplatz erstmalig auch in Berlin eine Mayday-Parade mit einem bunten Umzug und mehreren Musikwägen für soziale Rechte weltweit @UmbruchBilderFotosVom2006,5633
2006,18:08,,,,,"Scenariusz, za taz","18:08, Oranienplatz: Vom Platz bricht die befürchtete Spontandemo mit anfangs rund 200 Teilnehmern mit schwarzen Kapuzen und roten Flaggen Richtung Mariannenplatz auf. An ihrer Spitze ein Transparent mit der Aufschrift: „Kein Krieg, kein Hartz, kein Demoverbot. 1. Mai – Straße frei“. Die Passanten räumen hektisch den Weg. Die Polizei ist nicht sichtbar.",5604
2006,18:20,,,,,"Scenariusz, za taz","18:20, Mariannenplatz: Berlins Verfassungsschutzchefin Claudia Schmid läuft in der Spontandemo mit, die laut Polizei auf bis zu 1.000 Teilnehmer angewachsen ist. „Für die interessiert sich sonst niemand“, freut sich Schmid. Insgesamt sei es „wunderbar friedlich“. Auch Polizeipräsident Dieter Glietsch wird in der Demo gesichtet. conflict",5606
2006,18:22,,,,,"Scenariusz, za taz","18:22, Rütlistraße, vor der Rütli-Schule: Redner des Maydaybündnisses kritisieren die „Verdrehung der Tatsachen, dass ausgerechnet die Menschen, die unter dem miserablen Bildungssystem am meisten zu leiden haben, zu Sündenböcken erklärt werden.“",5608
2006,18:30,,Kreuzberg,Kreuzberg,,"Scenariusz, za taz","18:30, Mariannenplatz: Zwei junge türkische Männer mit T-Shirts, auf denen „Protection Kreuzberg“ steht, bewachen ein Loch im Straßenpflaster, aus dem Steine ausgebuddelt worden sind. Im Hintergrund tanzen fast hundert türkische Jugendliche, zum Teil mit Kopftüchern, wild zu türkischer Folklore.",5610
2006,18:35,,,,,"Scenariusz, za taz","18:35, Mariannenplatz: Die Spontandemo von Autonomen löst sich wieder auf.",5612
2006,19:05,,,,,"Scenariusz, za taz","19:05, Boxhagener Platz: Hunderte von Polizisten haben den Platz von allen Seiten abgeriegelt. Wer dorthin will, muss Durchsuchungen über sich ergehen lassen. Alle Bierflaschen werden einkassiert. Es herrscht Flaschenverbot.",5554
2006,19:45,,,,,"Scenariusz, za taz","19:45, Oranienplatz: Innensenator Körting gibt eine spontane Pressekonferenz. Er ist hoch zufrieden mit dem bisherigen Verlauf des Fests und lobt vor allem die Zusammenarbeit mit den Verbänden der Migranten.",5614
2006,19:53,,,,,"Scenariusz, za taz","19:53, Hermannplatz: Aktivisten des Mayday-Bündnisses haben ein zehn Meter langes Umsonstbuffet aufgebaut mit Nusstorten und Lachsschnitten – „sponsored by yo mango“ (spanisch für „ich klaue“), steht auf einem Transparent. Fünf Minuten später endet hier die friedliche Demo.",5616
2006,20:05,,,,,"Scenariusz, za taz","20:05, Hermannplatz: Das Mayday-Buffet ist geräumt.",5618
2006,20:18,,,,,"Scenariusz, za taz","20:18, Waldemarstraße: Eine zweite Spontandemo zieht durch den Kiez. Auf dem Fronttransparent steht „Myfest ist scheiße. Für einen revolutionären 1. Mai“. Unter den mehreren hundert Teilnehmern sind viele junge und auch Migranten. Es werden Feuerswerkskörper geworfen.",5620
2006,20:49,,,,,"Scenariusz, za taz","20:49, Manteuffelstraße: Polizeipräsident Glietsch pirscht in einer Gruppe von sieben dunkel gekleideten Herren durch die Menge, vergeblich auf der Suche nach Krawall.",5622
2006,20:55,,,,,"Scenariusz, za taz","20:55, Mariannenplatz: Kreuzbergs CDU-Chef Kurt Wansner langweilt sich: „Früher war es interessanter“, meint er.",5624
2006,21:12,,,,,"Scenariusz, za taz","21:12, Heinrichplatz: Kleine Scharmützel mit der Polizei. Es fliegen Flaschen und Knaller. Die Polizei reagiert vorerst zurückhaltend und geht dann kurz gezielt gegen die Werfer vor. Die Atmosphäre ist gespannt. all, bis chs, flee, ga, plu, rot, sil",5626
2006,21:40,,,,,"Scenariusz, za taz","21:40, Boxhagener Platz: Auf dem Platz tobt die Party. Während die linksradikale Ska-Band „Tiefenrausch“ auf der Bühne rockt, lässt sich ein Stagediver zehn Minuten lang durch die Luft wirbeln. Irgendwann lassen die Zuschauer Gnade walten: Er wird runtergelassen.",5556
2006,21:40,,,,,"Scenariusz, za taz","21:40, Eberswalder Straße: Das Presseteam der Polizei besteht aus akribischen Beobachtern. „Sie waren doch vor drei Stunden schon mal hier – da trugen sie aber noch keine Mütze“, antwortet einer auf die Frage eines Journalisten und liegt damit ganz richtig. Ansonsten haben die Herren nicht viel zu tun: 500 Menschen seien im Park, besondere Vorkommnisse sind nicht zu vermelden.",5558
2006,23:15,,,,,"Scenariusz, za taz","23:15, Boxhagener Platz Ecke Grünberger Straße: Die Rockbühne wird weggefahren. Die meist alkoholisierten Jugendlichen wollen noch nicht nach Hause. Einzelne Polizisten werden angepöbelt. Bei den Beamten wächst die Nervosität.",5560
2006,23:20,,Wedding,Wedding,,"Scenariusz, za taz","23:20, im Mauerpark: Es fliegen vereinzelt Frisbeescheiben. Das ist nur möglich, weil die Scheinwerfer des benachbarten Jahn-Stadions auch den Park beleuchten. Überhaupt ist die Atmosphäre ziemlich ungemütlich: Die Polizei hat Glasflaschen verboten, der Bezirk offene Feuer, und die Nachbarn im Wedding haben sich über den Lärm der Trommler beschwert – also müssen auch die ruhig sein. Die rund 1.000",5562
2006,23:24,,,,,"Scenariusz, za taz","23:24, Boxhagener Platz Ecke Grünberger: Die ersten Gegenstände fliegen Richtung Polizeikette. Einzelne Beamte rennen in die Menge und beginnen, die Werfer gezielt herauszugreifen.",5564
2007,09:00,,,,DGB,Scenariusz,9:00 Uhr DGB-Gewerkschaftshaus am Wittenbergplatz Keithstraße/Ecke Kleiststraße,5692
2007,13:00,,,,,Scenariusz,"13:00 Demonstracja o 13 kończy się na Lausitzer Platz, tak, że jej uczestnicy moga uczestniczyć dalej w demonstracji, która rozpoczyna się tam o 18 – forma zjednoczenia obu demonstracji?",5707
2007,14:00,,Kreuzberg,Kreuzberg,,Scenariusz,"14:00 Mayday Parade – wyimki w 200751Einspieler: Kreuzberg demonstriert: impreza techno, ramowanie przeciwko Hartz IV, G8, antyimperializm",5708
2007,14:00,,Kreuzberg,Kreuzberg,,Scenariusz,"Angesichts des bevorstehenden G8-Gipfels in Heiligendamm beteiligten sich an diesem 1. Mai 2007 deutlich mehr Menschen sowohl an der Mayday Parade (14 Uhr) als auch an der revolutionären 1. Mai-Demonstration (18 Uhr), die jeweils vom Lausitzer Platz in Kreuzberg starteten. Da es sowohl thematisch als auch von den TeilnehmerInnen her zahlreiche Überschneidungen gab, stellt sich schlicht die Frage, ",5711
2007,18:00,,,,,Scenariusz,18:00 R1M Demonstration,5709
2008,09:00,17:00,Friedrichshain,Friedrichshain,,Scenariusz,"Ostbahnhof, Friedrichshain, 9-17 Uhr.",5827
2008,09:00,,,,DGB,Scenariusz / Scenariusz DGB,"Treff: 09:00 Uhr, DGB-Haus, Keithstraße 1-3, Ecke Kleiststraße Start: 10:00 Uhr, Kleiststraße Richtung Nollendorfplatz",5848
2008,09:00,,,,DGB,Scenariusz / Scenariusz DGB,"Treff: 09:00 Uhr, DGB-Haus, Keithstraße 1-3 Start: 10:00 Uhr, Kleiststraße Richtung Nollendorfplatz",5868
2008,09:00,,,,DGB,Scenariusz / Scenariusz DGB,"Treff: 09:00 Uhr, DGB-Haus, Keithstraße 1-3, Ecke Kleiststraße Start: 10:00 Uhr",5876
2008,10:00,22:00,Treptow,Treptow,,Scenariusz,"Puschkinallee, Treptow, 10-22 Uhr.",5804
2008,10:00,22:00,Biesdorf,Biesdorf,,Scenariusz,"Alt-Biesdorf 55, Biesdorf, 10-22 Uhr.",5810
2008,10:00,,Reinickendorf,Reinickendorf,,Scenariusz,"Alte Fasanerie 10, Reinickendorf, ab 10 Uhr.",5814
2008,10:00,18:00,Oberschöneweide,Oberschöneweide,,Scenariusz,"An der Wuhlheide 197, Oberschöneweide, 10-18 Uhr.",5825
2008,10:00,18:00,Niederschöneweide,Niederschöneweide,,Scenariusz,"Adlergestell Höhe Nr. 107, Niederschöneweide, 10-18 Uhr, 3, erm. 1,50 Euro.",5832
2008,10:00,,,,,Scenariusz / Scenariusz DGB,"10:00 Uhr, Treff Brandenburger Tor 11:30 Uhr, Kundgebung",5885
2008,10:00,,,,,Scenariusz / Scenariusz DGB,10:00 Uhr bis 18:00 Uhr,5907
2008,11:00,,Kreuzberg,Kreuzberg,,Scenariusz,"Zwischen Kottbusser Tor und Mariannenplatz, Kreuzberg, ab 11 Uhr.",5799
2008,11:00,23:00,Marzahn,Marzahn,,Scenariusz,"Vom Eastgate bis zum Freizeitforum, Marzahn, 11-23 Uhr.",5808
2008,11:00,,Friedrichsfelde,Friedrichsfelde,,Scenariusz,"Am Tierpark 125, Friedrichsfelde, ab 11 Uhr, 11, erm. 8 Euro.",5812
2008,11:00,19:00,Dahlem,Dahlem,,Scenariusz,"Königin-Luise-Straße 49, Dahlem, 11-19 Uhr.",5816
2008,11:00,23:00,Mariendorf,Mariendorf,,Scenariusz,"Mariendorfer Damm, Mariendorf, 11-23 Uhr, 1 Euro.",5822
2008,11:00,17:30,Prenzlauer Berg,Prenzlauer Berg,,Scenariusz,"Senefelderstraße 5, Prenzlauer Berg, 11-17.30 Uhr, 4,50, erm. 3 Euro.",5829
2008,11:30,,Schöneberg,Schöneberg,DGB,Scenariusz,"DGB: Der Gewerkschaftsbund hat seine zentrale Kundgebung um 11.30 Uhr am Brandenburger Tor unter das Motto ""Gute Arbeit muss drin sein"" gestellt. Zur Kundgebung führen auch Korsos mit Inline-Skates, Motorrad oder Fahrrad, ab 10 Uhr vom DGB-Haus in der Keithstraße 1-3 in Schöneberg.",5794
2008,12:00,17:00,Lichterfelde,Lichterfelde,,Scenariusz,"Ringstraße 76, Lichterfelde, 12-17 Uhr.",5806
2008,12:00,19:00,Karlshorst,Karlshorst,,Scenariusz,"Treskowallee 129, Karlshorst, 12-19 Uhr, 2, erm. 1 Euro.",5834
2008,13:00,,Kreuzberg,Kreuzberg,,Scenariusz,"13-Uhr-Demo: Die traditionelle ""Revolutionäre 1.-Mai-Demonstration"" des 1.-Mai-Bündnis gegen Ausbeutung, Unterdrückung und Krieg startet um 13 Uhr am Oranienplatz in Kreuzberg und führt vom Kottbusser Tor zum Heinrichplatz.",5787
2008,13:00,,Kreuzberg,Kreuzberg,,Scenariusz,"Mariannenplatz, Kreuzberg, ab 13 Uhr.",5797
2008,14:00,,Friedrichshain,Friedrichshain,,Scenariusz,"Mayday: Diese Parade mit ""Protest- und Tanzwütigen"" startet in Friedrichshain. Los geht's um 14 Uhr am Boxhagener Platz, die Demo führt zur Warschauer Brücke und endet am Spreewaldplatz. Kundgebungen richten sich unter anderem gegen Mediaspree.",5789
2008,14:00,,Prenzlauer Berg,Prenzlauer Berg,,Scenariusz,"Schönhauser Allee 36, Prenzlauer Berg, ab 14 Uhr.",5802
2008,14:00,,Charlottenburg,Charlottenburg,,Scenariusz,"Eingang Heckerdamm, Charlottenburg, ab 14 Uhr, Eintritt 2 Euro.",5818
2008,18:00,,Kreuzberg,Kreuzberg,,Scenariusz,"18-Uhr-Demo: Ein Bündnis linker Gruppen startet mit seiner Demo gegen soziale Ausgrenzung um 18 Uhr am Kottbusser Tor in Kreuzberg. Die Route führt über den Heinrichplatz und die Wrangelstraße zurück zum Kottbusser Tor. Auftakt bildet ein Konzert der französischen Rapperin Keny Arkana und der italienischen Rock-Ska-Band Banda Bassotti, ab 17 Uhr am Kottbusser Tor.",5788
2008,18:00,,,,,Scenariusz / Kontrowersje,The 18:00 Demonstration was registered(https://www.tagesspiegel.de/berlin/kreuzberg-hat-die-ruhe-weg-1643878.html) by a former terrorist Ralf Reinders RAF,5913
2008,20:00,,Mitte,Mitte,,Scenariusz,"Friedrichstraße 101, Mitte, ab 20 Uhr, 11 Euro.",5780
2008,20:00,,Tiergarten,Tiergarten,,Scenariusz,"Marlene-Dietrich-Platz 1, Tiergarten, ab 20 Uhr, 18 Euro.",5784
2008,21:00,,Mitte,Mitte,,Scenariusz,"Johannisstraße 2, Mitte, ab 21 Uhr, 9,50 Euro.",5782
2009,09:00,,,,DGB,Scenariusz,Der DGB zieht ab 9 Uhr vom Wittenbergplatz zum Brandenburger Tor - zu Fuß und auf Rädern.,5985
2009,09:00,,,,DGB,Scenariusz,"Berlin: Treffen aller DGB-Gewerkschaften zu den gemeinsamen Demonstrationszügen, Fahrrad-, Motorrad- und Skaterkorso geplant, 9 Uhr, Kleiststraße. (nd 30.04)",5993
2009,09:00,,Schöneberg,Schöneberg,DGB,Scenariusz,"9 Uhr Schöneberg: Treffen am DGB-Haus, Keithstraße 1-3. Ab 10 Uhr Motorrad-, Fahrrad- und Skaterkorso oder zu Fuß zum Brandenburger Tor. Kundgebung ab ca. 11.30 Uhr.",5996
2009,10:00,,Köpenick,Köpenick,NPD,Scenariusz,"1. Mai: Die NPD veranstaltet vor ihrer Zentrale in Köpenick ein ""Maifest"" mit bis zu 1.000 Nazis. Gegenkundgebung mit Demo ab 10 Uhr vom S-Bahnhof Köpenick.",5984
2009,10:00,,Köpenick,Köpenick,,Scenariusz,"10 Uhr Köpenick: Kundgebung am Forum Köpenick. Die Demo startet, wenn die Nazis über die Borgmannstraße zum Mandrellaplatz geleitet werden. Zugtreffpunkt für Antifas ist um 9.45 Uhr am Ostkreuz.",5997
2009,13:00,,Kreuzberg,Kreuzberg,Antifa,Scenariusz,In Kreuzberg ist den ganzen Tag Myfest auf 19 Bühnen. Um 13 Uhr demonstrieren türkischer Kommunisten vom Oranienplatz. Um 18 Uhr startet die Antifa am Kottbusser Tor.,5987
2009,13:30,,,,,Scenariusz,Die Mayday-Demo startet um 13.30 Uhr am Bebelplatz.,5986
2009,13:30,,,,,Scenariusz,"Berlin: May-Day-Parade. 13.30 Uhr, Unter den Linden (Höhe Bebelplatz).",5992
2009,13:30,,Mitte,Mitte;Kreuzberg,,Scenariusz,"13.30 Uhr Mitte: Mayday-Parade mit Auftaktkonzert, Unter den Linden Höhe Bebelplatz. Danach durch Mitte und Kreuzberg zum Moritzplatz.",5998
2009,18:00,,Kreuzberg,Kreuzberg;Neukölln,Revolutionäre 1. Mai,Scenariusz,18 Uhr Kreuzberg: Revolutionäre 1. Mai-Demo. Start am Kottbusser Tor mit Konzert. Ab ca. 19 Uhr durch Kreuzberg und Neukölln und zurück.,5999
2010,01:09,,,,,Prasa / Spiegel.tv,"1:09 – wywiad z uczestnikiem demonstracji nazistowskiej: DDR nicht funtioniert... Nationalsozialistischer Staat, kann man nicht sagen ob er funktionieren würde direkt damals einfach nur auf Krieg ausgelegt war, weil nicht die Grundidee dieser Politik ist im Prinzip dasselbe (?) wie am nationale Ebene, wie die Linken, also beide eilich Schrott",6199
2010,09:00,,,,DGB,Scenariusz / Scenariusz DGB,9:00 Uhr: Treffen aller DGB-Gewerkschaften zu den gemeinsamen Demonstrationszügen Aufstellung in der Kleiststraße zwischen Wittenbergplatz und Kreuzung An der Urania,6083
2010,09:00,,,,DGB,Scenariusz / Scenariusz DGB,"Treff: 09:00 Uhr, DGB-Haus, Keithstraße 1-3, Ecke Kleiststraße Start: 10:00 Uhr, Kleiststraße Richtung Nollendorfplatz Ziel: ca. 11:30 Uhr, Bühne am Brandenburger Tor",6089
2010,09:00,,,,DGB,Scenariusz / Scenariusz DGB,"Treff: 09:00 Uhr, DGB-Haus, Keithstraße 1-3 Start: 10:00 Uhr, Kleiststraße Richtung Nollendorfplatz Ziel: ca. 11:30 Uhr, Bühne am Brandenburger Tor",6107
2010,11:00,,,,,Scenariusz / Scenariusz DGB,11:00 Uhr bis 18:00 Uhr,6137
2010,11:30,,,,DGB,Scenariusz / Scenariusz DGB,"Beginn: ca. 11:30 Uhr Hauptrede: Doro Zinke, Vorsitzende des DGB Bezirk Berlin-Brandenburg Anschl. Bühnenprogramm bis 18:00 Uhr: Talk, Live-Musik, Dance, Kabarett, …",6123
2010,15:00,,Mitte,Mitte;Prenzlauer Berg,DGB,Scenariusz,"15.00 Uhr: Der Deutsche Gewerkschafts-Bund gibt die Teilnehmerzahlen seiner 1.-Mai-Demo durch Mitte bekannt - und zwar nach Verkehrsmitteln gestaffelt: Über 6000 Menschen haben sich beteiligt, darunter 100 Radler, über 80 Motorradfahrer und einige Inline-Skater. Beim Maifest auf der Straße des 17. Juni waren demnach 12.000 Menschen. Das Motto der Kundgebungen: „Wir gehen vor! Gute Arbeit – Gerecht",6074
2012,09:00,,,,,Wydarzenia / DGB / Europa spart falsch - Gewerkschaftsarbeit aktueller denn je! [@DGBRegionBerlin2012] / **Veranstaltungen in Berlin:**,"9:00 Uhr: Treffen zu den Demos, Auftakt, Musik",6363
2012,10:00,,,,,Wydarzenia / DGB / Europa spart falsch - Gewerkschaftsarbeit aktueller denn je! [@DGBRegionBerlin2012] / **Veranstaltungen in Berlin:**,10:00 Uhr: Start der Demos Hackescher Markt,6366
2012,11:30,,,,,Wydarzenia / DGB / Europa spart falsch - Gewerkschaftsarbeit aktueller denn je! [@DGBRegionBerlin2012] / **Veranstaltungen in Berlin:**,11:30 Uhr: Mai-Kundgebung Platz des 18. März,6370
2012,19:00,,,,,Wydarzenia / DGB / Europa spart falsch - Gewerkschaftsarbeit aktueller denn je! [@DGBRegionBerlin2012] / **Veranstaltungen in Berlin:**,bis 19:00 Uhr: Kinder- und Familienfest,6379
2013,09:00,,,,,Scenariusz,"9:00 Uhr: Treffen zu den Demos, Auftakt, Musik",6550
2013,10:00,,,,,Scenariusz,10:00 Uhr: Start der Demos Hackescher Markt,6553
2013,11:30,,,,,Scenariusz,11:30 Uhr: Mai-Kundgebung Platz des 18. März,6557
2013,19:00,,,,,Scenariusz,"bis 19:00 Uhr: Kinder-, Jugend- und Familienfest",6568
2015,10:00,,,,DGB;MyFest,Scenariusz,"Am kommenden Freitag wird - neben dem MyFest und den üblichen Demos - auch wieder der Tag der Arbeit begangen. Unter dem Motto ""Die Arbeit der Zukunft gestalten wir!"" mobilisiert der DGB um 10 Uhr zum Hackeschen Markt. Auf Motorrädern, Fahrrädern, Inlineskates oder zu Fuß geht es zum Brandenburger Tor, wo um 11.30 Uhr eine Kundgebung geplant ist. An Bratwürsten und Hüpfburgen dürfte es nicht mange",6721
2015,10:00,,Mitte,Mitte,DGB,Scenariusz,"Etwa 3000 Gewerkschafter zogen ab 10 Uhr durch Mitte, danach versammelten sie sich zur 1. Mai-Kundgebung des Deutschen Gewerkschaftsbundes (DGB) am Brandenburger Tor.",6723
2015,12:37,,,,,Młodzieżówka przygotowuje z okazji 1. Maja komiks o historii święta, 2026-08-1712:37 pm,6785
2015,12:46,,,,,Młodzieżówka przygotowuje z okazji 1. Maja komiks o historii święta, 2026-08-1712:46 pm,6792
2015,12:47,,,,,Młodzieżówka przygotowuje z okazji 1. Maja komiks o historii święta, 2026-08-1712:47 pm,6798
2015,12:48,,,,,Młodzieżówka przygotowuje z okazji 1. Maja komiks o historii święta, 2026-08-1712:48 pm,6803
2015,17:57,,Kreuzberg,Kreuzberg,,Scenariusz / TAZ relacja na żywo, 17.57 Uhr: Berlin – Spontandemo in Kreuzberg,6742
2015,18:00,,Kreuzberg,Kreuzberg,,Scenariusz / TAZ relacja na żywo,"Kurz vor Beginn der „Revolutionären 1. Mai-Demonstration“ in Berlin hat es am Freitag einen spontanen Aufzug linker Gruppen gegeben. Etwa 100 Teilnehmer zogen über das Gelände des Myfestes in Kreuzberg, wie ein Polizeisprecher sagte. Die Demonstranten hätten sich im Anschluss an den Startpunkt der Demonstration am Spreewaldplatz begeben. Dort solle um 18 Uhr der traditionelle Protestzug mit einer ",6744
2015,18:00,,,,,Młodzieżówka przygotowuje z okazji 1. Maja komiks o historii święta,- Rok 1987 i spalenie Bolle jako osobny punkt – początek 18 Uhr Demonstration,6780
2015,18:30,,Wedding,Wedding;Mitte;Kreuzberg,DGB,Scenariusz / TAZ relacja na żywo,"Aufruf beim KlassenkampfBlock Berlin(http://klassenkampfblock.blogsport.de/2015/04/07/1-mai-2015-wir-sind-ueberall-selbstorganisert-solidarisch-antikapitalistisch/) !externer Link(https://www.labournet.de/wp-content/uploads/2012/03/extern.gif ""externer Link"") mit folgenden Daten: 30.04. | Antikapitalistische-Demo »Organize!« 18.30 Uhr | Wedding | Leopoldplatz01.05. | DGB-Demo | Klassenkämpferische",6747
2015,18:31,,,,,Scenariusz / TAZ relacja na żywo, 18.31 Uhr: Berlin – Symbolort Gerhart-Hauptmann-Schule,6739
2016,09:00,,Mitte,Mitte,DGB,"Scenariusz / Kundgebungen zum 30. April 2016, Walpurgisnacht / Kundgebungen zum 1. Mai 2016 (B.Z)","Berlin-Mitte: Traditioneller DGB-Aufzug, DGB-Aufzug als Motorrad-Korso und DGB-Aufzug als Fahrrad- und Skater-Korso, Beginn 9 Uhr. Die Strecke: Spandauer Straße / Karl-Liebknecht-Straße – Spandauer Straße – Mühlendamm – Gertraudenstraße – Leipziger Straße – Potsdamer Platz – Platz des 18. März",6871
2016,10:00,,Mitte,Mitte,DGB,"Scenariusz / Kundgebungen zum 30. April 2016, Walpurgisnacht / Kundgebungen zum 1. Mai 2016 (B.Z)","Berlin-Mitte: DGB-Kundgebung, Beginn 10 Uhr. Die Strecke: Platz des 18. März, Straße des 17. Juni bis Yitzhak-Rabin-Straße und Ebetstraße bis Scheidemannstraße",6872
2016,10:00,,Pankow,Pankow,NPD,"Scenariusz / Kundgebungen zum 30. April 2016, Walpurgisnacht / Kundgebungen zum 1. Mai 2016 (B.Z)","Berlin-Pankow: Erste NPD-Kundgebung „Asylflut stoppen“ am Antonplatz, Beginn 10 Uhr",6873
2016,10:00,,Pankow,Pankow,,"Scenariusz / Kundgebungen zum 30. April 2016, Walpurgisnacht / Kundgebungen zum 1. Mai 2016 (B.Z)","Berlin-Pankow: Kundgebung Die Grünen „Pankow ist bunt und vielfältig“ auf der Berliner Allee, Beginn 10 Uhr",6874
2016,10:00,,Friedrichshain-Kreuzberg,Friedrichshain-Kreuzberg;Friedrichshain;Kreuzberg,,"Scenariusz / Kundgebungen zum 30. April 2016, Walpurgisnacht / Kundgebungen zum 1. Mai 2016 (B.Z)","Friedrichshain-Kreuzberg: Erste Myfest-Kundgebung auf der Oranienstraße inkl. Oranienplatz und Naunynstraße bis Adalsbertstraße, Zweite Myfest-Kundgebung von der Mariannenstraße / Naunynstraße bis Feuerwehrdenkmal, Dritte Myfest-Kundgebung auf der Waldemarstraße, zwischen Adalbertstraße und Mariannenplatz, Beginn jeweils 10 Uhr",6875
2016,10:00,,Friedrichshain-Kreuzberg,Friedrichshain-Kreuzberg;Friedrichshain;Kreuzberg,,"Scenariusz / Kundgebungen zum 30. April 2016, Walpurgisnacht / Kundgebungen zum 1. Mai 2016 (B.Z)","Friedrichshain-Kreuzberg: Kundgebung zur freien Musikäußerung, Beginn 10 Uhr",6876
2016,11:30,,Lichtenberg,Lichtenberg,,"Scenariusz / Kundgebungen zum 30. April 2016, Walpurgisnacht / Kundgebungen zum 1. Mai 2016 (B.Z)","Berlin-Lichtenberg: Kundgebung „Gemeinsam gegen Rassismus – Refugees Welcome“, Beginn 11.30 Uhr",6877
2016,12:00,,Lichtenberg,Lichtenberg,NPD,"Scenariusz / Kundgebungen zum 30. April 2016, Walpurgisnacht / Kundgebungen zum 1. Mai 2016 (B.Z)","Berlin-Lichtenberg: Zweite NPD-Kundgebung „Asylflut stoppen“ am Prerower Platz (Falkenberger Chaussee / Rüdickenstraße), Beginn 12 Uhr",6878
2016,13:00,,Treptow-Köpenick,Treptow-Köpenick;Treptow;Köpenick,,"Scenariusz / Kundgebungen zum 30. April 2016, Walpurgisnacht / Kundgebungen zum 1. Mai 2016 (B.Z)","Treptow-Köpenick: Kundgebung „1. Mai – Nazifrei!“ am Busbahnhof Schöneweide, Beginn 13 Uhr",6880
2016,13:00,,Friedrichshain-Kreuzberg,Friedrichshain-Kreuzberg;Friedrichshain;Kreuzberg,Die Linke,"Scenariusz / Kundgebungen zum 30. April 2016, Walpurgisnacht / Kundgebungen zum 1. Mai 2016 (B.Z)","Friedrichshain-Kreuzberg: Kundgebung Die Linke am Mariannenplatz, vom Rondell in Höhe der Muskauer Straße bis Ende der Grünfläche vor der St. Thomas-Kirche, in Höhe der Wranglerstraße, Beginn 13 Uhr",6881
2016,13:30,,Treptow,Treptow;Köpenick,,"Scenariusz / Kundgebungen zum 30. April 2016, Walpurgisnacht / Kundgebungen zum 1. Mai 2016 (B.Z)","Treptow Köpenick: Kundgebung „Schöner weiden ohne Nazis an der Brückenstraße / Schnellerstraße, Beginn 13.30 Uhr",6882
2016,13:30,,Treptow-Köpenick,Treptow-Köpenick;Treptow;Köpenick,,"Scenariusz / Kundgebungen zum 30. April 2016, Walpurgisnacht / Kundgebungen zum 1. Mai 2016 (B.Z)","Treptow-Köpenick: Kundgebung „1. Mai – Nazifreiheit!“ am Cajamarcaplatz auf dem Vorplatz des S-Bahnhof Schöneweide, Beginn 13.30 Uhr",6883
2016,15:00,,Neukölln,Neukölln,,"Scenariusz / Kundgebungen zum 30. April 2016, Walpurgisnacht","Berlin-Neukölln: Kundgebung gegen Verdrängung am Hermannplatz, Beginn 15 Uhr",6863
2016,16:30,,Wedding,Wedding,,"Scenariusz / Kundgebungen zum 30. April 2016, Walpurgisnacht","Berlin-Wedding: Aufzug durch Wedding, Beginn 16.30 Uhr. Die Strecke: U-Bahnhof Osloer Straße – Schwedenstraße – Badstraße – Buttmannstraße – Thumyssensstraße – Pankstraße – Badstraße – Stettiner Straße – Klever Straße – Jülicher Straße – Bellermannstraße – Swinemünder Straße – Ramlerstraße – Graunstraße – Gleimstraße – Swinemünder Straße – Demminer Straße – Brunnenstraße bis U-Bahnhof Bernauer Str",6865
2016,18:00,,Neukölln,Neukölln,,"Scenariusz / Kundgebungen zum 30. April 2016, Walpurgisnacht","Berlin-Neukölln: Kundgebung gegen Räumung eines Kiezladens am Reuterplatz/Reuterstraße, Beginn 18 Uhr",6867
2016,18:00,,,,,"Scenariusz / Kundgebungen zum 30. April 2016, Walpurgisnacht / Kundgebungen zum 1. Mai 2016 (B.Z)",18-Uhr-Aufzug am Moritzplatz,6885
2017,09:00,,,,DGB,Scenariusz / Lista wydarzeń w Berlinie,"Traditioneller DGB-Aufzug, Beginn 9 Uhr, Spandauer Straße/ Karl-Liebknecht-Straße, Spandauer Straße, Mühlendamm, Gertraudenstraße, Leipziger Straße, Potsdamer Platz, Ebertstraße, Platz 18. März",6972
2017,09:00,,,,DGB,Scenariusz / Lista wydarzeń w Berlinie,"DGB-Aufzug als Motorrad-Korso, 9 Uhr, Sammelplatz zwischen Spandauer Brücke und Anna-Louisa-Karsch-Straße",6973
2017,09:00,,Moabit,Moabit,DGB,Scenariusz / Lista wydarzeń w Berlinie,"DGB-Aufzug als Fahrrad- und Skater-Korso, 9 Uhr, Spandauer Straße, Karl-Liebknecht-Straße, Torstraße, Chausseestraße, Invalidenstraße, Luisenstraße, Schumannstraße, Charitéplatz, Alexanderstraße, Invalidenstraße, Alt-Moabit, Gotzkowskystraße, Gotzkowskybrücke, Franklinstraße, Marchstraße, Ernst-Reuter-Platz, Hardenbergstraße, Budapester Straße, Kurfürstenstraße, Potsdamer Straße, Potsdamer Platz, ",6974
2017,10:00,,,,DGB,Scenariusz / Lista wydarzeń w Berlinie,"DGB-Kundgebung, Beginn 10 Uhr, Platz des 18. März, Straße des 17. Juni bis Yitzhak-Rabin-Straße und Ebertstraße bis Scheidemannstraße",6975
2017,10:00,,,,,Scenariusz / Lista wydarzeń w Berlinie,"Kundgebung „Berlin solidarisch gegen Nazis“, 10 Uhr, Antonplatz",6976
2017,10:00,,Friedrichshain-Kreuzberg,Friedrichshain-Kreuzberg;Friedrichshain;Kreuzberg,,Scenariusz / Lista wydarzeń w Berlinie,"Erste Myfest-Kundgebung, Beginn 10 Uhr, Friedrichshain-Kreuzberg, von Görlitzer Bahnhof bis Oranienplatz einschließlich Oranienplatz und vom Oranienplatz bis einschließlich Naunystraße",6977
2017,10:00,,Friedrichshain-Kreuzberg,Friedrichshain-Kreuzberg;Friedrichshain;Kreuzberg,,Scenariusz / Lista wydarzeń w Berlinie,"Zweite Myfest-Kundgebung, Beginn 10 Uhr, Friedrichshain-Kreuzberg, von Mariannenplatz/ Mariannenstraße/ Waldemarstraße bis Heinrichplatz einschließlich Feuerwehrdenkmal und von Mariannenplatz bis Waldemarstraße/ Adalbertstraße",6978
2017,11:00,,,,,Scenariusz / Lista wydarzeń w Berlinie,"Kundgebung von HartzIV-Empfängern, Beginn 11 Uhr, Bethaniendamm, nordwestlicher Bürgersteig zwischen Köpenicker Straße und Mariannenplatz",6979
2017,12:30,,,,,Scenariusz / Lista wydarzeń w Berlinie,"Aufzug gegen Ausbeutung: Beginn 12.30 Uhr, Karl-Marx-Platz, Richardplatz, Schudomastraße, Braunschweiger Straße, Karl-Marx-Straße, Anzengruberstraße, Sonnenallee, Hermannplatz",6980
2017,13:00,,Friedrichshain-Kreuzberg,Friedrichshain-Kreuzberg;Friedrichshain;Kreuzberg,Die Linke,Scenariusz / Lista wydarzeń w Berlinie,"Kundgebung Die Linke, Beginn 13 Uhr, Friedrichshain-Kreuzberg, Mariannenplatz, vom Rondell vor dem Bethanien, Höhe Muskauer Straße, bis Ende Grünfläche vor der St. Thomas-Kirche, höhe Wrangelstraße",6981
2017,13:00,,,,AfD,Scenariusz / Lista wydarzeń w Berlinie,"Volksfest der AfD, 13 Uhr, Am Bürgerpark",6982
2017,15:30,,,,Revolutionäre 1. Mai,Scenariusz / Lista wydarzeń w Berlinie,"Aufzug „Solidarität, Befreiung International“, Beginn 15:30 Uhr, Aufzugstrecke befindet sich noch in der Abstimmung, Geplant: Lausitzerplatz bis Oranienplatz, hier Anschluss an Revolutionäre 1. Mai Demonstration",6987
2017,16:00,,,,,Scenariusz / Lista wydarzeń w Berlinie,"Aufzug „Jugend kämpft“, Beginn 16 Uhr, Michaelkirchplatz, Heinrich-Heine-Platz, Annenstraße, Heinrich-Heine-Straße, Prinzenstraße, Moritzplatz, Prinzenstraße, Gitschiner Straße, Wassertorplatz",6983
2017,18:00,,,,,Konteksty i wydarzenia," W tym roku obok demonstracji R1M, organizowana jest również tzw. demonstracja młodzieżowa. Według organizatorki, została zarejestrowana, ponieważ nie było wiadomo długo, czy uda się zarejestrować 18Uhr demo; dlatego też, nie chcąc odstraszać młodzieży i osób, które niekoniecznie chodzą na demonstracje regularnie, organizują własne demo @GesamtausgabeWochenendausgabe2017",6949
2017,18:00,,,,Revolutionäre 1. Mai,Scenariusz / Lista wydarzeń w Berlinie,"Revolutionäre 1. Mai-Demonstration, 18 Uhr, geplant ist: Oranienplatz, Oranienstraße, Adalbertstraße, Naunynstraße, Manteuffelstraße, Reichenberger Straße, Ohlauer Straße, Friedelstraße, Weserstraße, Pannierstraße, Glogauer Straße, Reichenberger Straße, Ohlauer Straße, Spreewaldplatz",6988
2017,18:30,,,,Bärgida,Scenariusz / Lista wydarzeń w Berlinie,"Bärgida, 18.30 Uhr, Washingtonplatz, Aufzug ab 19.15 Uhr über S-Bahnhof Sayignyplatz, Schlüterstraße, Niebuhrstraße, Bleibtreustraße, Kurfürstendamm, Breitscheidplatz, Tauentzienstraße, Wittenbergplatz",6985
2017,18:30,,,,Bärgida,Scenariusz / Lista wydarzeń w Berlinie,"Aufzug „Gegen Bärgida“, 18.30 Uhr, mögliche Aufzugstrecke: Washingtonplatz, Rahel-Hirsch-Straße, Hugo-Preuß-Brücke, Kapelleufer, Kronprinzenbrücke, Reinhardtstraße, Luisenstraße, Marschallbrücke, Wilhelmstraße, Dorotheenstraße, Ebertstraße, Platz des 18. März, Potsdamer Platz",6986
2017,22:00,,,,,Scenariusz / Lista wydarzeń w Berlinie,"Antikapitalistische Demonstration, 16 bis 22 Uhr, U-Bahnhof Leopoldplatz, Ende Ramlerstraße, u.a. über See-, Amsterdamer, Turiner und Badstraße",6970
2018,14:00,,Grunewald,Grunewald,MyGruni,Scenariusz,14:00 Demonstracja satyryczna MyGruni w zachodnioberlińskiej dzielnicy Grunewald,7110
2019,09:00,,,,DGB,Scenariusz," 9 Uhr: Den Auftakt der Demonstrationen zum Tag der Arbeit macht der DGB. Mit Musik sammelt man sich hier schon ab 9 Uhr am Hackeschen Markt und startet um 10 Uhr unter dem Motto »Europa. Jetzt aber richtig!« per Motorrad- und Fahrradkorso, Skatingdemonstration und Demonstrationszug zum Brandenburger Tor.",7245
2019,09:48,,,,,Scenariusz / Trasa pochodu DGB 1 maja 2019 (na podst. twittera) / Źródła,"- @DGBBerlinBRB (1 maja 2019, 09:48 GMT): „Die 1Mai-Demonstration erreicht das Brandenburger Tor” (zdjęcia z trasy i Bramy)",7275
2019,10:00,,,,,Scenariusz / Trasa pochodu DGB 1 maja 2019 (na podst. twittera),- Godzina: 10:00,7258
2019,10:00,,Friedrichshain,Friedrichshain;Pankow;Grunewald;Kreuzberg,DGB;SPD;AfD,"Prasa / Berliner Kurier / “Wehe, wenn es dunkel wird 15 Protestzüge marschieren am Feiertag durch die Stadt. Einer macht der Polizei besonders Sorgen”","“Berlin - 5500 Beamte, die für Sicherheit sorgen, rund 15 angemeldete Demonstrationen in allen Ecken der Stadt und ein ""revolutionärer"" 1. Mai-Zug, dessen Veranstalter seine endgültige Route durch Friedrichshain bis zuletzt nicht preisgeben wollte. Die Nacht zum 2. Mai - sie könnte noch einmal richtig heiß werden in Berlin. Friedlich in den Tag startete der DGB. Los ging der Marsch mit mehr als 80",7317
2019,10:15,,,,,Scenariusz / Trasa pochodu DGB 1 maja 2019 (na podst. twittera),- Godzina: 10:15–10:30,7261
2019,10:30,,,,,Scenariusz / Trasa pochodu DGB 1 maja 2019 (na podst. twittera),- Godzina: 10:30–11:00 (Brandenburger Tor osiągnięte ok. 10:48),7264
2019,10:30,13:00,,,,Prasa / Berliner Morgenpost / So startet Berlin in den _Mai_,"1. Mai, 10.30-13 Uhr, Naturschutzzentrum Ökowerk Berlin, Teufelsseechaussee 22, Treffpunkt vor dem Haupttor, Erwachsene zahlen 8 Euro plus 1 Euro für Material",7364
2019,10:30,,Neukölln,Neukölln,,Prasa / Berliner Morgenpost / So startet Berlin in den _Mai_,"Neukölln:  Am 1. Mai wird traditionell auf der Festplatzbühne am See im Britzer Garten getanzt. Ab 10.30 Uhr tanzen rund 100 Tänzer in traditionellen Kostümen der Tanzgruppe "" LAG Tanz"" . Die Tänzer kommen unter anderem aus Israel, Griechenland, aber auch Deutschland. Sie führen internationale Volkstänze -  teilweise in Originaltrachten -  vor. Aber keine Sorge: Wer es moderner mag, wird nicht ent",7374
2019,11:00,,,,,Scenariusz / Trasa pochodu DGB 1 maja 2019 (na podst. twittera),- Godzina: 11:00–14:00 (centralna konferencja),7267
2019,11:00,20:00,,,,Prasa / Berliner Morgenpost / So startet Berlin in den _Mai_,"1. Mai, 11-20 Uhr. Brandenburger Tor und Straße des 17. Juni. Eintritt: frei.",7360
2019,11:00,18:00,Hohenschönhausen,Hohenschönhausen,,Prasa / Berliner Morgenpost / So startet Berlin in den _Mai_,"1. Mai, 11-18 Uhr, Familienfest "" Bunte Platte""  in Hohenschönhausen, Falkenberger Chaussee, Ecke Vincent-van-Gogh-Straße, Eintritt frei.",7384
2019,12:00,22:00,Hellersdorf,Hellersdorf,,Prasa / Berliner Morgenpost / So startet Berlin in den _Mai_,"1. Mai, 12-22 Uhr, Alice-Salomon-Platz, Hellersdorf, Eintritt frei, www.laubinger.de/termine/tanzfest-in-hellersdorf(http://www.laubinger.de/termine/tanzfest-in-hellersdorf)",7372
2019,12:00,,Spandau,Spandau;Gatow,,Prasa / Berliner Morgenpost / So startet Berlin in den _Mai_,"Spandau:  Auf dem Vierfelderhof in Gatow wird am 1. Mai ein Familienfest gefeiert. Los geht es um 12 Uhr mit dem Schmücken einer Birke als Maibaum, die anschließend aufgestellt wird. Am Nachmittag können Besucher bei einer Bauernhof-Olympiade antreten, mit Disziplinen wie Hufeisen-Werfen, Eierlauf oder dem Erkennen von Getreide. Hobby-Gärtner haben die Möglichkeit, Saatbälle zu basteln, Kinder kön",7378
2019,12:30,,Wedding,Wedding,,Scenariusz," 12.30 Uhr: Im Wedding beginnt um 12.30 Uhr am Nettelbeckplatz ein politischer Stadtspaziergang zum 90. Jahrestag des sogenannten Blutmai 1929, an dem die Polizei hart gegen ungenehmigte, von der KPD organisierte Demonstrationen vorging und 33 Zivilisten tötete.",7246
2019,13:00,,Grunewald,Grunewald,,Scenariusz, 13 Uhr: Andere fahren gegen Mittag in den Grunewald: Die Hedonistische Internationale hat für ihre Demonstration das Motto »Miteinander gegen ein Gegeneinander im Grunewald« gewählt. In gewohnt satirischer Manier sollen im »sozial abgehängten Bezirk Begegnungszonen ermöglicht werden«. Der Demonstrationszug trifft sich um 13 Uhr am S-Bahnhof Grunewald. Zur gemeinsamen Anreise kann man sich bereits,7247
2019,13:00,,Prenzlauer Berg,Prenzlauer Berg,,Scenariusz, 13 Uhr: Die Demonstration zum Internationalen »Kampf- und Feiertag der Arbeitslosen« beginnt um 13 Uhr am Senefelderplatz in Prenzlauer Berg. Weiter geht es über die Schwedter Straße und die Kastanienallee bis zu den Schönhauser-Allee-Arcaden zur Kundgebung »mit Gebet«.,7252
2019,13:30,,Grunewald,Grunewald,,"Prasa / taz / ""Wir kommen in Frieden""","Cytaty:: “Wir beginnen um 13.30 Uhr am S-Bahnhof Grunewald mit einem Stadteilfest, ""My-Gruni"" genannt. Es gibt eine Kundgebung und Stände. Danach ziehen die autonomen StreetworkerInnen durch die Straßen. Mit Informationsbroschüren werden sie auf die AnwohnerInnen zuzugehen. Alles wird in eine Stadtteilfestatmosphäre eingebettet sein.”",7452
2019,14:00,18:00,Tempelhof,Tempelhof,,Prasa / Berliner Morgenpost / So startet Berlin in den _Mai_,"1. Mai, 14-18 Uhr, Kinderbauernhof, Viktoriastraße 13, Tempelhof, Eintritt frei www.nusz.de(http://www.nusz.de/), Tel. 030 / 75 50 30",7368
2019,14:00,,,,,Prasa / Berliner Morgenpost / So startet Berlin in den _Mai_,"1. Mai, 10.30 bis 14 Uhr. Bühne Festplatz am See, Britzer Garten, Sangerhauser Weg 5. Park-Eintritt 3 Euro, ermäßigt 1,50 Euro.",7376
2019,14:45,,Grunewald,Grunewald,MyGruni,Prasa / taz / Grunewald ist das neue Kreuzberg,"“Das ""Quartiersmanagement Grunewald"" hat eingeladen - und rund 4.000 sind am Mittwoch der Einladung dieses fiktiven ""Sozialraummanagements"" in den gut betuchten Südwesten gefolgt. Nach den Szenen bei der Erstauflage im vergangenen Jahr - Sticker auf Klingelschildern und Porsche-Heckscheiben, Konfetti in gepflegten Vorgärten - wollten die Organisatoren, die Hedonistische Internationale, diese ""Mai-",7471
2019,15:00,,Steglitz-Zehlendorf,Steglitz-Zehlendorf;Steglitz;Zehlendorf;Dahlem,,Prasa / Berliner Morgenpost / So startet Berlin in den _Mai_,"Steglitz-Zehlendorf:  In der Eierschale in Dahlem ist am 1. Mai von 9 bis 15 Uhr Brunch. Bei schönem Wetter sind auch die Tische auf der großen Terrasse gedeckt, Kinder können nebenan im Park spielen. Ab 11 Uhr spielt eine Live-Band, wer will kann auch zur frühen Stunde schon tanzen.",7354
2019,16:00,,,,,Scenariusz," 16 Uhr: In der Berliner Innenstadt geht es um 16 Uhr weiter. Unter dem Motto »Unser Kiez, nicht ihr Profit!« zieht eine Jugenddemonstration vom Schlesischen Tor über die Warschauer Straße, Revaler Straße und Simon-Dach-Straße bis zum Wismarplatz.",7248
2019,16:00,,Friedrichshain,Friedrichshain,,Prasa / Berliner Morgenpost / So startet Berlin in den _Mai_,"30. April, ab 16 Uhr, Zukunft am Ostkreuz, Laskerstraße 5, Friedrichshain, Eintritt frei, mehr Infos unter www.zukunft-ostkreuz.de(http://www.zukunft-ostkreuz.de/)",7344
2019,16:00,,Pankow,Pankow;Prenzlauer Berg,,Prasa / Berliner Morgenpost / So startet Berlin in den _Mai_,"Pankow :  Zum ersten Mal seit 15 Jahren fällt die friedvolle Walpurgisnacht im Mauerpark wegen eines Streits über strengere Auflagen  aus. Wer in Prenzlauer Berg trotzdem feiern will, für den empfiehlt sich in der Nähe des Parks die Walpurgisnacht der Kulturbrauerei. Um 16 Uhr entzünden die Veranstalter eines der größten Maifeuer Berlins. Später lassen Feuerartisten die Besucher am dunklen Zauber ",7346
2019,16:00,,,,,Prasa / Berliner Morgenpost / So startet Berlin in den _Mai_,"30. April, Beginn 16 Uhr, Kulturbrauerei, Schönhauser Allee 36, Karten an der Abendkasse kosten 12 Euro.",7348
2019,17:00,,Wedding,Wedding,,Scenariusz,"17 Uhr: Im Wedding wird mietenpolitisch in den 1. Mai hinein demonstriert. Um 17 Uhr startet die Demonstration »Unsere Häuser, unsere Kieze - Gegen die Stadt der Reichen!« vom Bündnis »Hände weg vom Wedding!« am Leopoldplatz.",7241
2019,17:00,,Gatow,Gatow,,Prasa / Berliner Morgenpost / So startet Berlin in den _Mai_,"1. Mai, 12 bis 17 Uhr, Vierfelderhof Gatow, Groß-Glienicker Weg 30 Eintritt frei, Saatball-Werkstatt und Kinderschminken gegen einen kleinen Kostenbeitrag.",7380
2019,18:00,,Kreuzberg,Kreuzberg;Friedrichshain,,Scenariusz," 18 Uhr: Ebenfalls am Wismarplatz soll um 18 Uhr auch die »Revolutionäre 1.-Mai-Demonstration«, die bisher traditionell in Kreuzberg stattfand, beginnen. Unter dem Motto »Gegen die Stadt der Reichen« will sie durch Friedrichshain ziehen.",7249
2019,18:00,,Treptow-Köpenick,Treptow-Köpenick;Treptow;Köpenick,,Prasa / Berliner Morgenpost / So startet Berlin in den _Mai_,"Treptow-Köpenick:  Auch in der Köpenicker Wuhlheide sind die Hexen los. Ein Sonderzug startet vom Hauptbahnhof der kleinen Parkbahn gegen 18 Uhr zur Fahrt durch die Wuhlheide. Zwischendurch heißt es aussteigen, dann gibt es einen Spaziergang durch den dunklen Wald, der von Hexen und Geistern begleitet wird. Zur Stärkung gibt es eine Rostbratwurst, Geisterpunsch und Stockbrot frisch vom Scheiterhau",7350
2019,18:00,22:00,,,,Prasa / Berliner Morgenpost / So startet Berlin in den _Mai_,"30. April, 18-22 Uhr, An der Wuhlheide 189, 12459 Berlin, Karten kosten 11, ermäßigt 9 Euro, im Preis enthalten sind eine Bratwurst und ein Heißgetränk. Die nötige Reservierung ist online auf www.parkeisenbahn.de(http://www.parkeisenbahn.de/) oder telefonisch unter 030 / 53 89 26 60 möglich.",7352
2019,18:00,,Lichtenberg,Lichtenberg;Hohenschönhausen,,Prasa / Berliner Morgenpost / So startet Berlin in den _Mai_,"Lichtenberg:   Mit Dixieland eröffnet "" Papa Binnes Jazzband""  das traditionelle Familienfest "" Bunte Platte""  am 1. Mai in Hohenschönhausen. Auf der Bühne folgen bis 18 Uhr multikulturelle Tanz- und Musikaufführungen. In Polittalks dürfen sich die im Bezirk agierenden Parteien präsentieren: In jeweils drei Minuten können sie verkünden, was ihnen an Europa wichtig ist. Zudem gibt es ein kulinarisc",7382
2019,18:00,,Friedrichshain,Friedrichshain;Kreuzberg;Wedding,,Prasa / taz / was macht die bewegung?,"Opis:: Es gibt in Berlin immer wieder Kontroversen um diesen Termin, der von einigen erstarrt und ritualisiert wahrgenommen wird. Die revolutionäre 1.-Mai-Demo um 18 Uhr startet dieses Jahr in Friedrichshain und nicht in Kreuzberg. Also was nun? Auf die Straße gehen oder nicht? Hierzu gibt es im Bandito Rosso den Perspektive-Tresen. Dort soll, unter anderem auch mit den Genossinnen von ""Hände weg ",7414
