id,rok,rok_zrodlo,miasto,warstwa,typ,typ_zrodlo,aktor,aktor_zgadniety,charakter,nazwa,opis,haslo,frekwencja_mapa,frekwencja_mapa_num,geom_typ,dlugosc_trasy_m,punkt_start,punkt_koniec,id_geo,plik_zrodlowy,postcovid,wymaga_weryfikacji,zrodlo_zlaczenia,poziom_zlaczenia,trasa_rocznik,haslo_rocznik,frekwencja_rocznik,klucze_rocznik,frekwencja_zrodlo,frekwencja_n_odczytow,frekwencja_wydarzenie
1991_PL_demonstracja_PPS,1991,Lata,PL,PPS,demonstracja,warstwa,PPS,False,niezwiazkowe,1991 PPS,"*W manifestacji wzięło udział prawie 200 osób, w większości członków PPS (wśród których wyróżniał się sekretarz generalny partii Andrzej Malanowski w czerwonym krawacie). Dołączyli do nich idący z placu Konstytucji zwolennicy Komitetu Współpracy ""Na Lewo od PPS"" (udzielający licznych wywiadów), Ruchu ""Wolność i Pokój"" (z transparentem ,,Jesteśmy za aborcją parlamentu""), ""Solidarności Socjalistycznej"" (w pełnym siedmioosobowym składzie) oraz Ruch Społeczeństwa Alternatywnego z Międzymiastówką Anarchistyczną (czarno-kolorowi) _ w sumie ok. 30 osób, ochranianych przez 18 policjantów i obserwowanych przez 40 dziennikarzy.* (Wyborcza)",,200,200,LineString,2418.5,"52.236711,21.01645","52.221781,21.016528",0,umap_backup_1-maja_warszawa9.umap,,False,tylko mapa,,,,,,,,
1991_PL_demonstracja_PPS_a,1991,Lata,PL,PPS,demonstracja,name,PPS,False,niezwiazkowe,1991 PPS distributing leaflets along the route of the demonstration,"Z budynku na Krakowskim Przedmieściu 6 przedstawiciele PPS rozrzucają ulotki i wywieszają swoje czerwone flagi (TVP, RP 2000)",,,,Point,,"52.238664,21.017703","52.238664,21.017703",1,umap_backup_1-maja_warszawa9.umap,,False,tylko mapa,,,,,,,,
1992_PL_demonstracja_PPS,1992,Lata,PL,PPS,demonstracja,warstwa,PPS,False,niezwiazkowe,1992 PPS,"*Pierwszomajowa manifestacja, zorganizowana w Warszawie przez PPS, najdobitniej świadczy o słabości tzw. lewicy postsolidarnościowej. Zaledwie stokilkadziesiąt osób przemaszerowało z ronda de Gaulle'a na ul. Warecką (do historycznej siedziby centralnych władz PPS), a następnie pod Ministerstwo Finansów.* (Dziennik Trybuna)

*Uczestniczyli młodzi anarchiści* (Wyborcza)",,200,200,LineString,819.3,"52.236711,21.01645","52.231696,21.020751",2,umap_backup_1-maja_warszawa9.umap,,False,tylko mapa,,,,,,,,
1993_PL_demonstracja_PPS,1993,Lata,PL,PPS,demonstracja,warstwa,PPS,False,niezwiazkowe,1993 PPS,"Brak informacji o osobnym wiecu lub demonstracji w GW, ŻW, NTP, DT",,,,MultiLineString,1268.3,"52.2317,21.020801","52.237884,21.020476",3,umap_backup_1-maja_warszawa9.umap,,False,tylko mapa,,,,,,,,
1994_PL_demonstracja_PPS,1994,Lata,PL,PPS,demonstracja,warstwa,PPS,False,niezwiazkowe,1994 PPS,"9:30 – pochód PPS rusza z de Gaulle'a i dołącza do OPZZ przed siedzibą związku (ŻW); pod pomnikiem Kopernika zorganizowany jest krótki wiec (TVP 1994)
Razem z nim szło kilkunastu młodych ludzi z warszawskiego środowiska anarcho-syndykalistycznego (GW 1994)",,100,100,MultiLineString,1268.3,"52.2317,21.020801","52.237884,21.020476",4,umap_backup_1-maja_warszawa9.umap,,False,tylko mapa,,,,,,,,
1995_PL_demonstracja_PPS,1995,Lata,PL,PPS,demonstracja,warstwa,PPS,False,niezwiazkowe,1995 PPS,"*Pierwsi zebrali się PPS-owcy. O godz. 9 kilkadziesiąt osób z czerwonymi opaskami na rękach i transparentami ""Reprywatyzacji - nie"", ""Spółdzielczość - szkołą samorządności"" ruszyło z ronda de Gaulle'a w Nowy Świat.* (Wyborcza)",,80,80,MultiLineString,1268.3,"52.2317,21.020801","52.237884,21.020476",5,umap_backup_1-maja_warszawa9.umap,,False,mapa+rocznik,bez typu,,"Reprywatyzacji - nie"", ""Spółdzielczość - szkołą samorządności",,Hasła_PPS,,,
1996_PL_demonstracja_PPS,1996,Lata,PL,PPS,demonstracja,warstwa,PPS,False,niezwiazkowe,1996 PPS,"*PPS - o godz. 9.30 złożenie kwiatów przy pamiątkowym kamieniu przy ul. Wareckiej, gdzie mieściła się redakcja ""Robotnika"". O godz. 10 zbiórka pod pomnikiem Kopernika i tu spotkanie z pochodem OPZZ* (Wyborcza)
*Pochód organizowany przez PPS przejdzie ul. Kubusia Puchatka, Świętokrzyską i pod pomnikiem Kopernika połączy się z manifestacją OPZZ* (rzeczpospolita)",,100,100,MultiLineString,469.5,"52.233595,21.019292","52.238369,21.017742",6,umap_backup_1-maja_warszawa9.umap,,False,tylko mapa,,,,,,,,
1997_PL_demonstracja_PPS,1997,Lata,PL,PPS,demonstracja,warstwa,PPS,False,niezwiazkowe,1997 PPS,"*Działacze PPS spotkają się o 9 na rondzie de Gaulle'a i pomaszerują Nowym Światem w kierunku Świętokrzyskiej. Po drodze delegacja skręci w ul. Warecką i złoży kwiaty pod tablicą upamiętniającą miejsce, gdzie przed wojną była redakcja ""Robotnika"". Ok. 10 pepeesowcy dołączą do ogólnego pochodu SLD przed siedzibą OPZZ przy ul. Kopernika.* (Wyborcza)",,150,150,MultiLineString,1268.3,"52.2317,21.020801","52.237884,21.020476",7,umap_backup_1-maja_warszawa9.umap,,False,mapa+rocznik,bez typu,,"- ""Precz z faszyzmem i antysemityzmem""
- ""Brunatni faszyści""",,Hasła_PPS,,,
1998_PL_demonstracja_PPS,1998,Lata,PL,PPS,demonstracja,warstwa,PPS,False,niezwiazkowe,1998 PPS,"*Już o dziewiątej rano 120 sympatyków PPS zjej liderem, posłem SLD Piotrem Ikonowiczem na czele, zbierało się na warszawskim rondzie de Gaulle'a, słuchając piosenek propagandowych zlat 60. i 70. Z""Międzynarodówką"" na ustach przemaszerowali na ulicę Warecką, niosąc flagę Kuby, czerwone transparenty i podobizny Che Guevary. Złożyli wieniec pod tablicą upamiętniającą przedwojenną PPS. * (Rzeczpospolita)",,150,150,MultiLineString,1268.3,"52.2317,21.020801","52.237884,21.020476",8,umap_backup_1-maja_warszawa9.umap,,False,tylko mapa,,,,,,,,
1999_PL_demonstracja_PPS,1999,Lata,PL,PPS,demonstracja,warstwa,PPS,False,niezwiazkowe,1999 PPS,"*(...) Wcześniej, na rondzie de Gaulle'a zebrali się członkowie PPS, którzy następnie przyłączyli się do sympatyków SdRP i OPZZ * (ŻW)",,150,150,MultiLineString,1268.3,"52.2317,21.020801","52.237884,21.020476",9,umap_backup_1-maja_warszawa9.umap,,False,mapa+rocznik,bez typu,,"Będą hasła pacyfistyczne, związane z wojną w Kosowie, a także ""Balcerowicz musi odejść"" i ""Wieś -- Warszawa: w spólna sprawa"" -- zapowiada szef PPS Piotr Ikonowicz (RP 1999)",,Hasła_PPS,,,
2000_PL_demonstracja_PPS,2000,Lata,PL,PPS,demonstracja,warstwa,PPS,False,niezwiazkowe,2000 PPS,"*Pochód rusza o 9:30 z ronda de Gaulle'a; ceremonia składania kwiatów na Wareckiej, następnie spotkanie z pochodem OPZZ i SdRP pod pomnikiem Kopernika* (ŻW)",,150,150,MultiLineString,1268.3,"52.2317,21.020801","52.237884,21.020476",10,umap_backup_1-maja_warszawa9.umap,,False,mapa+rocznik,bez typu,,"Buzek ty zmoro, zdechniesz jak Aldo Moro",,Hasła_PPS,,,
2001_PL_demonstracja_PPS,2001,Lata,PL,PPS,demonstracja,warstwa,PPS,False,niezwiazkowe,2001 PPS,"*Po drodze do manifestacji (według policji szło w niej ok. 6 tys. osób) dołączył się PPS z transparentem ""Cuba si, Yankee no"".* (Wyborcza)",,150,150,MultiLineString,1268.3,"52.2317,21.020801","52.237884,21.020476",11,umap_backup_1-maja_warszawa9.umap,,False,tylko mapa,,,,,,,,
1990_PL_upamiętnienie_Brama-Stracen,1990,Lata,PL,Upamiętnienia,upamiętnienie,warstwa,,True,niezwiazkowe,Brama Straceń,"1990:	O 12, delegacje uczestników pochodu składają kwiaty (DT), Jaruzelski składa kwiaty w asyście wojskowej. Sam? (DT)
1991:	delegacja SLD i OPZZ składa kwiaty pod Bramą Straceń (DT)
1992:	*Delegacje uczestników manifestacji złożyły kwiaty przy Bramie Straceń na Warszawskiej Cytadeli (DT)
1993:	delegacje SLD i OPZZ składają po wiecu kwiaty (DT), UP samodzielnie składa kwiaty o 11; zebrało się kilkadziesiąt osób (GW)
1994:	PPS udaje się w delegację do Bramy Straceń, gdzie składane są kwiaty (DT), Samodzielny wiec i składanie kwiatów przez UP (TVP)
1995:	po pochodzie, o 12 delegacje SLD i OPZZ składają kwiaty pod Cytadelą (DT), UP – odrębny wiec i składanie kwiatów (ŻW)
1996:	UP składa kwiaty o 11 (GW), Po manifestacji delegacje uczestników składają kwiaty (DT)
1997:	Oddzielne uroczystości organizuje Unia Pracy. Unici zaczynają od złożenia wieńca przy Bramie Straceń o 11.  ... O 12 działacze SLD złożą wieńce pod Ścianą Straceń na stokach Cytadeli. Pół godziny później SdRP organizuje w swojej siedzibie konferencję prasową. GW 1997
1998:	""Pod Cytadelą samodzielny wiec UP, połączony z ceremonią składania kwiatów (TVP), Delegacje """"lewicy"""" składają kwiaty pod Cytadelą przed pochodem (RP)""
1999:	UP samodzielnie składa kwiaty. Podejrzewam, że możliwe, że później również SLD i OPZZ (DT)
2000:	Przedstawiciele UP składają wieniec przed tablicą, i kwiaty na grobach samodzielnie, o 11. O 12 przedstawiciele SLD i OPZZ w tym samym miejscu (DT 2000)
2001:	Po raz pierwszy w wiecu przy Cytadeli do UP dołączają przedstawiciele SLD i PPS (DT). 
2002:	Wspólne składanie wieńców przez Millera, i Marka Belkę z UP. W delegacji również OPZZ (TVP)
2003:	delegacje OPZZ (i pewnie innych, tak jak UP) składają kwiaty (KZ)
2004:	Pochód zaczyna się o 9:30 – kiedy składanie wieńców? NA pewno była delegacja OPZZ, w jej składzie Wiesława Taranowska (NTP, KZ), Jeszcze przed pochodem Oleksy i Jaruga-Nowacka złożyli kwiaty pod Bramą Straceń Warszawskiej Cytadeli (DT, 4.05)
2005:	Najpewniej UP sklada kwiaty na Cytadeli (skoro w 2006 było napisane że zgodnie z tradycją delegacja OPZZ tam jest)
2006:	delegacje OPZZ i NTP składają kwiaty (pewnie UP też) (NTP)
2007:	brak informacji o UP, najpiewniej odbyło się skladanie kwiatów
2008:	“Przed rozpoczęciem pochodu członkowie Unii Pracy, OPZZ i przedstawiciele innych organizacji lewicowych złożyli wieńce pod Bramą Straceń warszawskiej Cytadeli. Co roku 1 maja UP upamiętnia w ten sposób bojowników o wolność Polski, więzionych w murach Cytadeli w latach 1834-1918.” ([“Aby Polacy mogli godniej żyć”, 2008]
2009:	Gospodarzem UP, wśród gości ceremoni składania kwiatów OPZZ i SLD(TV SLD; PS),  
2010:	UP i delegacja PPS, SdPL oraz OPZZ składają kwiaty pod Bramą Straceń (dzieje.pl)
2011:	delegacja UP z  PPS, OPZZ i SLD składa kwiaty (PS, Związkowiec)
2012:	delegacje UP i OPZZ (przegladsocjalistyczny.org), Jeszcze przed rozpoczęciem uroczystości przed budynkiem OPZZ, delegacje OPZZ złożyły wieńce przed miejscami pamięci, niezwykle ważnymi dla tożsamości związków zawodowych i lewicy w Polsce (KZ 63/2012)
2013:	?
2014:	?
2015:	Unia Pracy gospodarzem, delegacja OPZZ dda hołd ponad  60 tysięcy więźniom - bojowników o wyzwolenie narodowe i przemiany społeczne (opzz.org.pl archiwalne)
2016:	""""""Okolicznościowe przemówienia"""", składanie kwiatów. Pojawiają się delegacje SLD i OPZZ(uniapracy.org)""
2017:	gospodarzem UP, gośćmi PPS i OPZZ (uniapracy.org)
2018:	delegacje UP, SLD i OPZZ składają kwiaty przed pochodem (Trybuna)
2019:	wiec OPZZ i UP, następuje składanie wieńców (opzz.org.pl)",,,,Point,,"52.2651492,21.0023019","52.2651492,21.0023019",0,umap_backup_1-maja_warszawa9.umap,,True,tylko mapa,,,,,,,,
1991_PL_upamiętnienie_Brama-Stracen,1991,Lata,PL,Upamiętnienia,upamiętnienie,warstwa,,True,niezwiazkowe,Brama Straceń,"1990:	O 12, delegacje uczestników pochodu składają kwiaty (DT), Jaruzelski składa kwiaty w asyście wojskowej. Sam? (DT)
1991:	delegacja SLD i OPZZ składa kwiaty pod Bramą Straceń (DT)
1992:	*Delegacje uczestników manifestacji złożyły kwiaty przy Bramie Straceń na Warszawskiej Cytadeli (DT)
1993:	delegacje SLD i OPZZ składają po wiecu kwiaty (DT), UP samodzielnie składa kwiaty o 11; zebrało się kilkadziesiąt osób (GW)
1994:	PPS udaje się w delegację do Bramy Straceń, gdzie składane są kwiaty (DT), Samodzielny wiec i składanie kwiatów przez UP (TVP)
1995:	po pochodzie, o 12 delegacje SLD i OPZZ składają kwiaty pod Cytadelą (DT), UP – odrębny wiec i składanie kwiatów (ŻW)
1996:	UP składa kwiaty o 11 (GW), Po manifestacji delegacje uczestników składają kwiaty (DT)
1997:	Oddzielne uroczystości organizuje Unia Pracy. Unici zaczynają od złożenia wieńca przy Bramie Straceń o 11.  ... O 12 działacze SLD złożą wieńce pod Ścianą Straceń na stokach Cytadeli. Pół godziny później SdRP organizuje w swojej siedzibie konferencję prasową. GW 1997
1998:	""Pod Cytadelą samodzielny wiec UP, połączony z ceremonią składania kwiatów (TVP), Delegacje """"lewicy"""" składają kwiaty pod Cytadelą przed pochodem (RP)""
1999:	UP samodzielnie składa kwiaty. Podejrzewam, że możliwe, że później również SLD i OPZZ (DT)
2000:	Przedstawiciele UP składają wieniec przed tablicą, i kwiaty na grobach samodzielnie, o 11. O 12 przedstawiciele SLD i OPZZ w tym samym miejscu (DT 2000)
2001:	Po raz pierwszy w wiecu przy Cytadeli do UP dołączają przedstawiciele SLD i PPS (DT). 
2002:	Wspólne składanie wieńców przez Millera, i Marka Belkę z UP. W delegacji również OPZZ (TVP)
2003:	delegacje OPZZ (i pewnie innych, tak jak UP) składają kwiaty (KZ)
2004:	Pochód zaczyna się o 9:30 – kiedy składanie wieńców? NA pewno była delegacja OPZZ, w jej składzie Wiesława Taranowska (NTP, KZ), Jeszcze przed pochodem Oleksy i Jaruga-Nowacka złożyli kwiaty pod Bramą Straceń Warszawskiej Cytadeli (DT, 4.05)
2005:	Najpewniej UP sklada kwiaty na Cytadeli (skoro w 2006 było napisane że zgodnie z tradycją delegacja OPZZ tam jest)
2006:	delegacje OPZZ i NTP składają kwiaty (pewnie UP też) (NTP)
2007:	brak informacji o UP, najpiewniej odbyło się skladanie kwiatów
2008:	“Przed rozpoczęciem pochodu członkowie Unii Pracy, OPZZ i przedstawiciele innych organizacji lewicowych złożyli wieńce pod Bramą Straceń warszawskiej Cytadeli. Co roku 1 maja UP upamiętnia w ten sposób bojowników o wolność Polski, więzionych w murach Cytadeli w latach 1834-1918.” ([“Aby Polacy mogli godniej żyć”, 2008]
2009:	Gospodarzem UP, wśród gości ceremoni składania kwiatów OPZZ i SLD(TV SLD; PS),  
2010:	UP i delegacja PPS, SdPL oraz OPZZ składają kwiaty pod Bramą Straceń (dzieje.pl)
2011:	delegacja UP z  PPS, OPZZ i SLD składa kwiaty (PS, Związkowiec)
2012:	delegacje UP i OPZZ (przegladsocjalistyczny.org), Jeszcze przed rozpoczęciem uroczystości przed budynkiem OPZZ, delegacje OPZZ złożyły wieńce przed miejscami pamięci, niezwykle ważnymi dla tożsamości związków zawodowych i lewicy w Polsce (KZ 63/2012)
2013:	?
2014:	?
2015:	Unia Pracy gospodarzem, delegacja OPZZ dda hołd ponad  60 tysięcy więźniom - bojowników o wyzwolenie narodowe i przemiany społeczne (opzz.org.pl archiwalne)
2016:	""""""Okolicznościowe przemówienia"""", składanie kwiatów. Pojawiają się delegacje SLD i OPZZ(uniapracy.org)""
2017:	gospodarzem UP, gośćmi PPS i OPZZ (uniapracy.org)
2018:	delegacje UP, SLD i OPZZ składają kwiaty przed pochodem (Trybuna)
2019:	wiec OPZZ i UP, następuje składanie wieńców (opzz.org.pl)",,,,Point,,"52.2651492,21.0023019","52.2651492,21.0023019",0,umap_backup_1-maja_warszawa9.umap,,True,tylko mapa,,,,,,,,
1992_PL_upamiętnienie_Brama-Stracen,1992,Lata,PL,Upamiętnienia,upamiętnienie,warstwa,,True,niezwiazkowe,Brama Straceń,"1990:	O 12, delegacje uczestników pochodu składają kwiaty (DT), Jaruzelski składa kwiaty w asyście wojskowej. Sam? (DT)
1991:	delegacja SLD i OPZZ składa kwiaty pod Bramą Straceń (DT)
1992:	*Delegacje uczestników manifestacji złożyły kwiaty przy Bramie Straceń na Warszawskiej Cytadeli (DT)
1993:	delegacje SLD i OPZZ składają po wiecu kwiaty (DT), UP samodzielnie składa kwiaty o 11; zebrało się kilkadziesiąt osób (GW)
1994:	PPS udaje się w delegację do Bramy Straceń, gdzie składane są kwiaty (DT), Samodzielny wiec i składanie kwiatów przez UP (TVP)
1995:	po pochodzie, o 12 delegacje SLD i OPZZ składają kwiaty pod Cytadelą (DT), UP – odrębny wiec i składanie kwiatów (ŻW)
1996:	UP składa kwiaty o 11 (GW), Po manifestacji delegacje uczestników składają kwiaty (DT)
1997:	Oddzielne uroczystości organizuje Unia Pracy. Unici zaczynają od złożenia wieńca przy Bramie Straceń o 11.  ... O 12 działacze SLD złożą wieńce pod Ścianą Straceń na stokach Cytadeli. Pół godziny później SdRP organizuje w swojej siedzibie konferencję prasową. GW 1997
1998:	""Pod Cytadelą samodzielny wiec UP, połączony z ceremonią składania kwiatów (TVP), Delegacje """"lewicy"""" składają kwiaty pod Cytadelą przed pochodem (RP)""
1999:	UP samodzielnie składa kwiaty. Podejrzewam, że możliwe, że później również SLD i OPZZ (DT)
2000:	Przedstawiciele UP składają wieniec przed tablicą, i kwiaty na grobach samodzielnie, o 11. O 12 przedstawiciele SLD i OPZZ w tym samym miejscu (DT 2000)
2001:	Po raz pierwszy w wiecu przy Cytadeli do UP dołączają przedstawiciele SLD i PPS (DT). 
2002:	Wspólne składanie wieńców przez Millera, i Marka Belkę z UP. W delegacji również OPZZ (TVP)
2003:	delegacje OPZZ (i pewnie innych, tak jak UP) składają kwiaty (KZ)
2004:	Pochód zaczyna się o 9:30 – kiedy składanie wieńców? NA pewno była delegacja OPZZ, w jej składzie Wiesława Taranowska (NTP, KZ), Jeszcze przed pochodem Oleksy i Jaruga-Nowacka złożyli kwiaty pod Bramą Straceń Warszawskiej Cytadeli (DT, 4.05)
2005:	Najpewniej UP sklada kwiaty na Cytadeli (skoro w 2006 było napisane że zgodnie z tradycją delegacja OPZZ tam jest)
2006:	delegacje OPZZ i NTP składają kwiaty (pewnie UP też) (NTP)
2007:	brak informacji o UP, najpiewniej odbyło się skladanie kwiatów
2008:	“Przed rozpoczęciem pochodu członkowie Unii Pracy, OPZZ i przedstawiciele innych organizacji lewicowych złożyli wieńce pod Bramą Straceń warszawskiej Cytadeli. Co roku 1 maja UP upamiętnia w ten sposób bojowników o wolność Polski, więzionych w murach Cytadeli w latach 1834-1918.” ([“Aby Polacy mogli godniej żyć”, 2008]
2009:	Gospodarzem UP, wśród gości ceremoni składania kwiatów OPZZ i SLD(TV SLD; PS),  
2010:	UP i delegacja PPS, SdPL oraz OPZZ składają kwiaty pod Bramą Straceń (dzieje.pl)
2011:	delegacja UP z  PPS, OPZZ i SLD składa kwiaty (PS, Związkowiec)
2012:	delegacje UP i OPZZ (przegladsocjalistyczny.org), Jeszcze przed rozpoczęciem uroczystości przed budynkiem OPZZ, delegacje OPZZ złożyły wieńce przed miejscami pamięci, niezwykle ważnymi dla tożsamości związków zawodowych i lewicy w Polsce (KZ 63/2012)
2013:	?
2014:	?
2015:	Unia Pracy gospodarzem, delegacja OPZZ dda hołd ponad  60 tysięcy więźniom - bojowników o wyzwolenie narodowe i przemiany społeczne (opzz.org.pl archiwalne)
2016:	""""""Okolicznościowe przemówienia"""", składanie kwiatów. Pojawiają się delegacje SLD i OPZZ(uniapracy.org)""
2017:	gospodarzem UP, gośćmi PPS i OPZZ (uniapracy.org)
2018:	delegacje UP, SLD i OPZZ składają kwiaty przed pochodem (Trybuna)
2019:	wiec OPZZ i UP, następuje składanie wieńców (opzz.org.pl)",,,,Point,,"52.2651492,21.0023019","52.2651492,21.0023019",0,umap_backup_1-maja_warszawa9.umap,,True,tylko mapa,,,,,,,,
1993_PL_upamiętnienie_Brama-Stracen,1993,Lata,PL,Upamiętnienia,upamiętnienie,warstwa,,True,niezwiazkowe,Brama Straceń,"1990:	O 12, delegacje uczestników pochodu składają kwiaty (DT), Jaruzelski składa kwiaty w asyście wojskowej. Sam? (DT)
1991:	delegacja SLD i OPZZ składa kwiaty pod Bramą Straceń (DT)
1992:	*Delegacje uczestników manifestacji złożyły kwiaty przy Bramie Straceń na Warszawskiej Cytadeli (DT)
1993:	delegacje SLD i OPZZ składają po wiecu kwiaty (DT), UP samodzielnie składa kwiaty o 11; zebrało się kilkadziesiąt osób (GW)
1994:	PPS udaje się w delegację do Bramy Straceń, gdzie składane są kwiaty (DT), Samodzielny wiec i składanie kwiatów przez UP (TVP)
1995:	po pochodzie, o 12 delegacje SLD i OPZZ składają kwiaty pod Cytadelą (DT), UP – odrębny wiec i składanie kwiatów (ŻW)
1996:	UP składa kwiaty o 11 (GW), Po manifestacji delegacje uczestników składają kwiaty (DT)
1997:	Oddzielne uroczystości organizuje Unia Pracy. Unici zaczynają od złożenia wieńca przy Bramie Straceń o 11.  ... O 12 działacze SLD złożą wieńce pod Ścianą Straceń na stokach Cytadeli. Pół godziny później SdRP organizuje w swojej siedzibie konferencję prasową. GW 1997
1998:	""Pod Cytadelą samodzielny wiec UP, połączony z ceremonią składania kwiatów (TVP), Delegacje """"lewicy"""" składają kwiaty pod Cytadelą przed pochodem (RP)""
1999:	UP samodzielnie składa kwiaty. Podejrzewam, że możliwe, że później również SLD i OPZZ (DT)
2000:	Przedstawiciele UP składają wieniec przed tablicą, i kwiaty na grobach samodzielnie, o 11. O 12 przedstawiciele SLD i OPZZ w tym samym miejscu (DT 2000)
2001:	Po raz pierwszy w wiecu przy Cytadeli do UP dołączają przedstawiciele SLD i PPS (DT). 
2002:	Wspólne składanie wieńców przez Millera, i Marka Belkę z UP. W delegacji również OPZZ (TVP)
2003:	delegacje OPZZ (i pewnie innych, tak jak UP) składają kwiaty (KZ)
2004:	Pochód zaczyna się o 9:30 – kiedy składanie wieńców? NA pewno była delegacja OPZZ, w jej składzie Wiesława Taranowska (NTP, KZ), Jeszcze przed pochodem Oleksy i Jaruga-Nowacka złożyli kwiaty pod Bramą Straceń Warszawskiej Cytadeli (DT, 4.05)
2005:	Najpewniej UP sklada kwiaty na Cytadeli (skoro w 2006 było napisane że zgodnie z tradycją delegacja OPZZ tam jest)
2006:	delegacje OPZZ i NTP składają kwiaty (pewnie UP też) (NTP)
2007:	brak informacji o UP, najpiewniej odbyło się skladanie kwiatów
2008:	“Przed rozpoczęciem pochodu członkowie Unii Pracy, OPZZ i przedstawiciele innych organizacji lewicowych złożyli wieńce pod Bramą Straceń warszawskiej Cytadeli. Co roku 1 maja UP upamiętnia w ten sposób bojowników o wolność Polski, więzionych w murach Cytadeli w latach 1834-1918.” ([“Aby Polacy mogli godniej żyć”, 2008]
2009:	Gospodarzem UP, wśród gości ceremoni składania kwiatów OPZZ i SLD(TV SLD; PS),  
2010:	UP i delegacja PPS, SdPL oraz OPZZ składają kwiaty pod Bramą Straceń (dzieje.pl)
2011:	delegacja UP z  PPS, OPZZ i SLD składa kwiaty (PS, Związkowiec)
2012:	delegacje UP i OPZZ (przegladsocjalistyczny.org), Jeszcze przed rozpoczęciem uroczystości przed budynkiem OPZZ, delegacje OPZZ złożyły wieńce przed miejscami pamięci, niezwykle ważnymi dla tożsamości związków zawodowych i lewicy w Polsce (KZ 63/2012)
2013:	?
2014:	?
2015:	Unia Pracy gospodarzem, delegacja OPZZ dda hołd ponad  60 tysięcy więźniom - bojowników o wyzwolenie narodowe i przemiany społeczne (opzz.org.pl archiwalne)
2016:	""""""Okolicznościowe przemówienia"""", składanie kwiatów. Pojawiają się delegacje SLD i OPZZ(uniapracy.org)""
2017:	gospodarzem UP, gośćmi PPS i OPZZ (uniapracy.org)
2018:	delegacje UP, SLD i OPZZ składają kwiaty przed pochodem (Trybuna)
2019:	wiec OPZZ i UP, następuje składanie wieńców (opzz.org.pl)",,,,Point,,"52.2651492,21.0023019","52.2651492,21.0023019",0,umap_backup_1-maja_warszawa9.umap,,True,tylko mapa,,,,,,,,
1994_PL_upamiętnienie_Brama-Stracen,1994,Lata,PL,Upamiętnienia,upamiętnienie,warstwa,,True,niezwiazkowe,Brama Straceń,"1990:	O 12, delegacje uczestników pochodu składają kwiaty (DT), Jaruzelski składa kwiaty w asyście wojskowej. Sam? (DT)
1991:	delegacja SLD i OPZZ składa kwiaty pod Bramą Straceń (DT)
1992:	*Delegacje uczestników manifestacji złożyły kwiaty przy Bramie Straceń na Warszawskiej Cytadeli (DT)
1993:	delegacje SLD i OPZZ składają po wiecu kwiaty (DT), UP samodzielnie składa kwiaty o 11; zebrało się kilkadziesiąt osób (GW)
1994:	PPS udaje się w delegację do Bramy Straceń, gdzie składane są kwiaty (DT), Samodzielny wiec i składanie kwiatów przez UP (TVP)
1995:	po pochodzie, o 12 delegacje SLD i OPZZ składają kwiaty pod Cytadelą (DT), UP – odrębny wiec i składanie kwiatów (ŻW)
1996:	UP składa kwiaty o 11 (GW), Po manifestacji delegacje uczestników składają kwiaty (DT)
1997:	Oddzielne uroczystości organizuje Unia Pracy. Unici zaczynają od złożenia wieńca przy Bramie Straceń o 11.  ... O 12 działacze SLD złożą wieńce pod Ścianą Straceń na stokach Cytadeli. Pół godziny później SdRP organizuje w swojej siedzibie konferencję prasową. GW 1997
1998:	""Pod Cytadelą samodzielny wiec UP, połączony z ceremonią składania kwiatów (TVP), Delegacje """"lewicy"""" składają kwiaty pod Cytadelą przed pochodem (RP)""
1999:	UP samodzielnie składa kwiaty. Podejrzewam, że możliwe, że później również SLD i OPZZ (DT)
2000:	Przedstawiciele UP składają wieniec przed tablicą, i kwiaty na grobach samodzielnie, o 11. O 12 przedstawiciele SLD i OPZZ w tym samym miejscu (DT 2000)
2001:	Po raz pierwszy w wiecu przy Cytadeli do UP dołączają przedstawiciele SLD i PPS (DT). 
2002:	Wspólne składanie wieńców przez Millera, i Marka Belkę z UP. W delegacji również OPZZ (TVP)
2003:	delegacje OPZZ (i pewnie innych, tak jak UP) składają kwiaty (KZ)
2004:	Pochód zaczyna się o 9:30 – kiedy składanie wieńców? NA pewno była delegacja OPZZ, w jej składzie Wiesława Taranowska (NTP, KZ), Jeszcze przed pochodem Oleksy i Jaruga-Nowacka złożyli kwiaty pod Bramą Straceń Warszawskiej Cytadeli (DT, 4.05)
2005:	Najpewniej UP sklada kwiaty na Cytadeli (skoro w 2006 było napisane że zgodnie z tradycją delegacja OPZZ tam jest)
2006:	delegacje OPZZ i NTP składają kwiaty (pewnie UP też) (NTP)
2007:	brak informacji o UP, najpiewniej odbyło się skladanie kwiatów
2008:	“Przed rozpoczęciem pochodu członkowie Unii Pracy, OPZZ i przedstawiciele innych organizacji lewicowych złożyli wieńce pod Bramą Straceń warszawskiej Cytadeli. Co roku 1 maja UP upamiętnia w ten sposób bojowników o wolność Polski, więzionych w murach Cytadeli w latach 1834-1918.” ([“Aby Polacy mogli godniej żyć”, 2008]
2009:	Gospodarzem UP, wśród gości ceremoni składania kwiatów OPZZ i SLD(TV SLD; PS),  
2010:	UP i delegacja PPS, SdPL oraz OPZZ składają kwiaty pod Bramą Straceń (dzieje.pl)
2011:	delegacja UP z  PPS, OPZZ i SLD składa kwiaty (PS, Związkowiec)
2012:	delegacje UP i OPZZ (przegladsocjalistyczny.org), Jeszcze przed rozpoczęciem uroczystości przed budynkiem OPZZ, delegacje OPZZ złożyły wieńce przed miejscami pamięci, niezwykle ważnymi dla tożsamości związków zawodowych i lewicy w Polsce (KZ 63/2012)
2013:	?
2014:	?
2015:	Unia Pracy gospodarzem, delegacja OPZZ dda hołd ponad  60 tysięcy więźniom - bojowników o wyzwolenie narodowe i przemiany społeczne (opzz.org.pl archiwalne)
2016:	""""""Okolicznościowe przemówienia"""", składanie kwiatów. Pojawiają się delegacje SLD i OPZZ(uniapracy.org)""
2017:	gospodarzem UP, gośćmi PPS i OPZZ (uniapracy.org)
2018:	delegacje UP, SLD i OPZZ składają kwiaty przed pochodem (Trybuna)
2019:	wiec OPZZ i UP, następuje składanie wieńców (opzz.org.pl)",,,,Point,,"52.2651492,21.0023019","52.2651492,21.0023019",0,umap_backup_1-maja_warszawa9.umap,,True,tylko mapa,,,,,,,,
1995_PL_upamiętnienie_Brama-Stracen,1995,Lata,PL,Upamiętnienia,upamiętnienie,warstwa,,True,niezwiazkowe,Brama Straceń,"1990:	O 12, delegacje uczestników pochodu składają kwiaty (DT), Jaruzelski składa kwiaty w asyście wojskowej. Sam? (DT)
1991:	delegacja SLD i OPZZ składa kwiaty pod Bramą Straceń (DT)
1992:	*Delegacje uczestników manifestacji złożyły kwiaty przy Bramie Straceń na Warszawskiej Cytadeli (DT)
1993:	delegacje SLD i OPZZ składają po wiecu kwiaty (DT), UP samodzielnie składa kwiaty o 11; zebrało się kilkadziesiąt osób (GW)
1994:	PPS udaje się w delegację do Bramy Straceń, gdzie składane są kwiaty (DT), Samodzielny wiec i składanie kwiatów przez UP (TVP)
1995:	po pochodzie, o 12 delegacje SLD i OPZZ składają kwiaty pod Cytadelą (DT), UP – odrębny wiec i składanie kwiatów (ŻW)
1996:	UP składa kwiaty o 11 (GW), Po manifestacji delegacje uczestników składają kwiaty (DT)
1997:	Oddzielne uroczystości organizuje Unia Pracy. Unici zaczynają od złożenia wieńca przy Bramie Straceń o 11.  ... O 12 działacze SLD złożą wieńce pod Ścianą Straceń na stokach Cytadeli. Pół godziny później SdRP organizuje w swojej siedzibie konferencję prasową. GW 1997
1998:	""Pod Cytadelą samodzielny wiec UP, połączony z ceremonią składania kwiatów (TVP), Delegacje """"lewicy"""" składają kwiaty pod Cytadelą przed pochodem (RP)""
1999:	UP samodzielnie składa kwiaty. Podejrzewam, że możliwe, że później również SLD i OPZZ (DT)
2000:	Przedstawiciele UP składają wieniec przed tablicą, i kwiaty na grobach samodzielnie, o 11. O 12 przedstawiciele SLD i OPZZ w tym samym miejscu (DT 2000)
2001:	Po raz pierwszy w wiecu przy Cytadeli do UP dołączają przedstawiciele SLD i PPS (DT). 
2002:	Wspólne składanie wieńców przez Millera, i Marka Belkę z UP. W delegacji również OPZZ (TVP)
2003:	delegacje OPZZ (i pewnie innych, tak jak UP) składają kwiaty (KZ)
2004:	Pochód zaczyna się o 9:30 – kiedy składanie wieńców? NA pewno była delegacja OPZZ, w jej składzie Wiesława Taranowska (NTP, KZ), Jeszcze przed pochodem Oleksy i Jaruga-Nowacka złożyli kwiaty pod Bramą Straceń Warszawskiej Cytadeli (DT, 4.05)
2005:	Najpewniej UP sklada kwiaty na Cytadeli (skoro w 2006 było napisane że zgodnie z tradycją delegacja OPZZ tam jest)
2006:	delegacje OPZZ i NTP składają kwiaty (pewnie UP też) (NTP)
2007:	brak informacji o UP, najpiewniej odbyło się skladanie kwiatów
2008:	“Przed rozpoczęciem pochodu członkowie Unii Pracy, OPZZ i przedstawiciele innych organizacji lewicowych złożyli wieńce pod Bramą Straceń warszawskiej Cytadeli. Co roku 1 maja UP upamiętnia w ten sposób bojowników o wolność Polski, więzionych w murach Cytadeli w latach 1834-1918.” ([“Aby Polacy mogli godniej żyć”, 2008]
2009:	Gospodarzem UP, wśród gości ceremoni składania kwiatów OPZZ i SLD(TV SLD; PS),  
2010:	UP i delegacja PPS, SdPL oraz OPZZ składają kwiaty pod Bramą Straceń (dzieje.pl)
2011:	delegacja UP z  PPS, OPZZ i SLD składa kwiaty (PS, Związkowiec)
2012:	delegacje UP i OPZZ (przegladsocjalistyczny.org), Jeszcze przed rozpoczęciem uroczystości przed budynkiem OPZZ, delegacje OPZZ złożyły wieńce przed miejscami pamięci, niezwykle ważnymi dla tożsamości związków zawodowych i lewicy w Polsce (KZ 63/2012)
2013:	?
2014:	?
2015:	Unia Pracy gospodarzem, delegacja OPZZ dda hołd ponad  60 tysięcy więźniom - bojowników o wyzwolenie narodowe i przemiany społeczne (opzz.org.pl archiwalne)
2016:	""""""Okolicznościowe przemówienia"""", składanie kwiatów. Pojawiają się delegacje SLD i OPZZ(uniapracy.org)""
2017:	gospodarzem UP, gośćmi PPS i OPZZ (uniapracy.org)
2018:	delegacje UP, SLD i OPZZ składają kwiaty przed pochodem (Trybuna)
2019:	wiec OPZZ i UP, następuje składanie wieńców (opzz.org.pl)",,,,Point,,"52.2651492,21.0023019","52.2651492,21.0023019",0,umap_backup_1-maja_warszawa9.umap,,True,tylko mapa,,,,,,,,
1996_PL_upamiętnienie_Brama-Stracen,1996,Lata,PL,Upamiętnienia,upamiętnienie,warstwa,,True,niezwiazkowe,Brama Straceń,"1990:	O 12, delegacje uczestników pochodu składają kwiaty (DT), Jaruzelski składa kwiaty w asyście wojskowej. Sam? (DT)
1991:	delegacja SLD i OPZZ składa kwiaty pod Bramą Straceń (DT)
1992:	*Delegacje uczestników manifestacji złożyły kwiaty przy Bramie Straceń na Warszawskiej Cytadeli (DT)
1993:	delegacje SLD i OPZZ składają po wiecu kwiaty (DT), UP samodzielnie składa kwiaty o 11; zebrało się kilkadziesiąt osób (GW)
1994:	PPS udaje się w delegację do Bramy Straceń, gdzie składane są kwiaty (DT), Samodzielny wiec i składanie kwiatów przez UP (TVP)
1995:	po pochodzie, o 12 delegacje SLD i OPZZ składają kwiaty pod Cytadelą (DT), UP – odrębny wiec i składanie kwiatów (ŻW)
1996:	UP składa kwiaty o 11 (GW), Po manifestacji delegacje uczestników składają kwiaty (DT)
1997:	Oddzielne uroczystości organizuje Unia Pracy. Unici zaczynają od złożenia wieńca przy Bramie Straceń o 11.  ... O 12 działacze SLD złożą wieńce pod Ścianą Straceń na stokach Cytadeli. Pół godziny później SdRP organizuje w swojej siedzibie konferencję prasową. GW 1997
1998:	""Pod Cytadelą samodzielny wiec UP, połączony z ceremonią składania kwiatów (TVP), Delegacje """"lewicy"""" składają kwiaty pod Cytadelą przed pochodem (RP)""
1999:	UP samodzielnie składa kwiaty. Podejrzewam, że możliwe, że później również SLD i OPZZ (DT)
2000:	Przedstawiciele UP składają wieniec przed tablicą, i kwiaty na grobach samodzielnie, o 11. O 12 przedstawiciele SLD i OPZZ w tym samym miejscu (DT 2000)
2001:	Po raz pierwszy w wiecu przy Cytadeli do UP dołączają przedstawiciele SLD i PPS (DT). 
2002:	Wspólne składanie wieńców przez Millera, i Marka Belkę z UP. W delegacji również OPZZ (TVP)
2003:	delegacje OPZZ (i pewnie innych, tak jak UP) składają kwiaty (KZ)
2004:	Pochód zaczyna się o 9:30 – kiedy składanie wieńców? NA pewno była delegacja OPZZ, w jej składzie Wiesława Taranowska (NTP, KZ), Jeszcze przed pochodem Oleksy i Jaruga-Nowacka złożyli kwiaty pod Bramą Straceń Warszawskiej Cytadeli (DT, 4.05)
2005:	Najpewniej UP sklada kwiaty na Cytadeli (skoro w 2006 było napisane że zgodnie z tradycją delegacja OPZZ tam jest)
2006:	delegacje OPZZ i NTP składają kwiaty (pewnie UP też) (NTP)
2007:	brak informacji o UP, najpiewniej odbyło się skladanie kwiatów
2008:	“Przed rozpoczęciem pochodu członkowie Unii Pracy, OPZZ i przedstawiciele innych organizacji lewicowych złożyli wieńce pod Bramą Straceń warszawskiej Cytadeli. Co roku 1 maja UP upamiętnia w ten sposób bojowników o wolność Polski, więzionych w murach Cytadeli w latach 1834-1918.” ([“Aby Polacy mogli godniej żyć”, 2008]
2009:	Gospodarzem UP, wśród gości ceremoni składania kwiatów OPZZ i SLD(TV SLD; PS),  
2010:	UP i delegacja PPS, SdPL oraz OPZZ składają kwiaty pod Bramą Straceń (dzieje.pl)
2011:	delegacja UP z  PPS, OPZZ i SLD składa kwiaty (PS, Związkowiec)
2012:	delegacje UP i OPZZ (przegladsocjalistyczny.org), Jeszcze przed rozpoczęciem uroczystości przed budynkiem OPZZ, delegacje OPZZ złożyły wieńce przed miejscami pamięci, niezwykle ważnymi dla tożsamości związków zawodowych i lewicy w Polsce (KZ 63/2012)
2013:	?
2014:	?
2015:	Unia Pracy gospodarzem, delegacja OPZZ dda hołd ponad  60 tysięcy więźniom - bojowników o wyzwolenie narodowe i przemiany społeczne (opzz.org.pl archiwalne)
2016:	""""""Okolicznościowe przemówienia"""", składanie kwiatów. Pojawiają się delegacje SLD i OPZZ(uniapracy.org)""
2017:	gospodarzem UP, gośćmi PPS i OPZZ (uniapracy.org)
2018:	delegacje UP, SLD i OPZZ składają kwiaty przed pochodem (Trybuna)
2019:	wiec OPZZ i UP, następuje składanie wieńców (opzz.org.pl)",,,,Point,,"52.2651492,21.0023019","52.2651492,21.0023019",0,umap_backup_1-maja_warszawa9.umap,,True,tylko mapa,,,,,,,,
1997_PL_upamiętnienie_Brama-Stracen,1997,Lata,PL,Upamiętnienia,upamiętnienie,warstwa,,True,niezwiazkowe,Brama Straceń,"1990:	O 12, delegacje uczestników pochodu składają kwiaty (DT), Jaruzelski składa kwiaty w asyście wojskowej. Sam? (DT)
1991:	delegacja SLD i OPZZ składa kwiaty pod Bramą Straceń (DT)
1992:	*Delegacje uczestników manifestacji złożyły kwiaty przy Bramie Straceń na Warszawskiej Cytadeli (DT)
1993:	delegacje SLD i OPZZ składają po wiecu kwiaty (DT), UP samodzielnie składa kwiaty o 11; zebrało się kilkadziesiąt osób (GW)
1994:	PPS udaje się w delegację do Bramy Straceń, gdzie składane są kwiaty (DT), Samodzielny wiec i składanie kwiatów przez UP (TVP)
1995:	po pochodzie, o 12 delegacje SLD i OPZZ składają kwiaty pod Cytadelą (DT), UP – odrębny wiec i składanie kwiatów (ŻW)
1996:	UP składa kwiaty o 11 (GW), Po manifestacji delegacje uczestników składają kwiaty (DT)
1997:	Oddzielne uroczystości organizuje Unia Pracy. Unici zaczynają od złożenia wieńca przy Bramie Straceń o 11.  ... O 12 działacze SLD złożą wieńce pod Ścianą Straceń na stokach Cytadeli. Pół godziny później SdRP organizuje w swojej siedzibie konferencję prasową. GW 1997
1998:	""Pod Cytadelą samodzielny wiec UP, połączony z ceremonią składania kwiatów (TVP), Delegacje """"lewicy"""" składają kwiaty pod Cytadelą przed pochodem (RP)""
1999:	UP samodzielnie składa kwiaty. Podejrzewam, że możliwe, że później również SLD i OPZZ (DT)
2000:	Przedstawiciele UP składają wieniec przed tablicą, i kwiaty na grobach samodzielnie, o 11. O 12 przedstawiciele SLD i OPZZ w tym samym miejscu (DT 2000)
2001:	Po raz pierwszy w wiecu przy Cytadeli do UP dołączają przedstawiciele SLD i PPS (DT). 
2002:	Wspólne składanie wieńców przez Millera, i Marka Belkę z UP. W delegacji również OPZZ (TVP)
2003:	delegacje OPZZ (i pewnie innych, tak jak UP) składają kwiaty (KZ)
2004:	Pochód zaczyna się o 9:30 – kiedy składanie wieńców? NA pewno była delegacja OPZZ, w jej składzie Wiesława Taranowska (NTP, KZ), Jeszcze przed pochodem Oleksy i Jaruga-Nowacka złożyli kwiaty pod Bramą Straceń Warszawskiej Cytadeli (DT, 4.05)
2005:	Najpewniej UP sklada kwiaty na Cytadeli (skoro w 2006 było napisane że zgodnie z tradycją delegacja OPZZ tam jest)
2006:	delegacje OPZZ i NTP składają kwiaty (pewnie UP też) (NTP)
2007:	brak informacji o UP, najpiewniej odbyło się skladanie kwiatów
2008:	“Przed rozpoczęciem pochodu członkowie Unii Pracy, OPZZ i przedstawiciele innych organizacji lewicowych złożyli wieńce pod Bramą Straceń warszawskiej Cytadeli. Co roku 1 maja UP upamiętnia w ten sposób bojowników o wolność Polski, więzionych w murach Cytadeli w latach 1834-1918.” ([“Aby Polacy mogli godniej żyć”, 2008]
2009:	Gospodarzem UP, wśród gości ceremoni składania kwiatów OPZZ i SLD(TV SLD; PS),  
2010:	UP i delegacja PPS, SdPL oraz OPZZ składają kwiaty pod Bramą Straceń (dzieje.pl)
2011:	delegacja UP z  PPS, OPZZ i SLD składa kwiaty (PS, Związkowiec)
2012:	delegacje UP i OPZZ (przegladsocjalistyczny.org), Jeszcze przed rozpoczęciem uroczystości przed budynkiem OPZZ, delegacje OPZZ złożyły wieńce przed miejscami pamięci, niezwykle ważnymi dla tożsamości związków zawodowych i lewicy w Polsce (KZ 63/2012)
2013:	?
2014:	?
2015:	Unia Pracy gospodarzem, delegacja OPZZ dda hołd ponad  60 tysięcy więźniom - bojowników o wyzwolenie narodowe i przemiany społeczne (opzz.org.pl archiwalne)
2016:	""""""Okolicznościowe przemówienia"""", składanie kwiatów. Pojawiają się delegacje SLD i OPZZ(uniapracy.org)""
2017:	gospodarzem UP, gośćmi PPS i OPZZ (uniapracy.org)
2018:	delegacje UP, SLD i OPZZ składają kwiaty przed pochodem (Trybuna)
2019:	wiec OPZZ i UP, następuje składanie wieńców (opzz.org.pl)",,,,Point,,"52.2651492,21.0023019","52.2651492,21.0023019",0,umap_backup_1-maja_warszawa9.umap,,True,tylko mapa,,,,,,,,
1998_PL_upamiętnienie_Brama-Stracen,1998,Lata,PL,Upamiętnienia,upamiętnienie,warstwa,,True,niezwiazkowe,Brama Straceń,"1990:	O 12, delegacje uczestników pochodu składają kwiaty (DT), Jaruzelski składa kwiaty w asyście wojskowej. Sam? (DT)
1991:	delegacja SLD i OPZZ składa kwiaty pod Bramą Straceń (DT)
1992:	*Delegacje uczestników manifestacji złożyły kwiaty przy Bramie Straceń na Warszawskiej Cytadeli (DT)
1993:	delegacje SLD i OPZZ składają po wiecu kwiaty (DT), UP samodzielnie składa kwiaty o 11; zebrało się kilkadziesiąt osób (GW)
1994:	PPS udaje się w delegację do Bramy Straceń, gdzie składane są kwiaty (DT), Samodzielny wiec i składanie kwiatów przez UP (TVP)
1995:	po pochodzie, o 12 delegacje SLD i OPZZ składają kwiaty pod Cytadelą (DT), UP – odrębny wiec i składanie kwiatów (ŻW)
1996:	UP składa kwiaty o 11 (GW), Po manifestacji delegacje uczestników składają kwiaty (DT)
1997:	Oddzielne uroczystości organizuje Unia Pracy. Unici zaczynają od złożenia wieńca przy Bramie Straceń o 11.  ... O 12 działacze SLD złożą wieńce pod Ścianą Straceń na stokach Cytadeli. Pół godziny później SdRP organizuje w swojej siedzibie konferencję prasową. GW 1997
1998:	""Pod Cytadelą samodzielny wiec UP, połączony z ceremonią składania kwiatów (TVP), Delegacje """"lewicy"""" składają kwiaty pod Cytadelą przed pochodem (RP)""
1999:	UP samodzielnie składa kwiaty. Podejrzewam, że możliwe, że później również SLD i OPZZ (DT)
2000:	Przedstawiciele UP składają wieniec przed tablicą, i kwiaty na grobach samodzielnie, o 11. O 12 przedstawiciele SLD i OPZZ w tym samym miejscu (DT 2000)
2001:	Po raz pierwszy w wiecu przy Cytadeli do UP dołączają przedstawiciele SLD i PPS (DT). 
2002:	Wspólne składanie wieńców przez Millera, i Marka Belkę z UP. W delegacji również OPZZ (TVP)
2003:	delegacje OPZZ (i pewnie innych, tak jak UP) składają kwiaty (KZ)
2004:	Pochód zaczyna się o 9:30 – kiedy składanie wieńców? NA pewno była delegacja OPZZ, w jej składzie Wiesława Taranowska (NTP, KZ), Jeszcze przed pochodem Oleksy i Jaruga-Nowacka złożyli kwiaty pod Bramą Straceń Warszawskiej Cytadeli (DT, 4.05)
2005:	Najpewniej UP sklada kwiaty na Cytadeli (skoro w 2006 było napisane że zgodnie z tradycją delegacja OPZZ tam jest)
2006:	delegacje OPZZ i NTP składają kwiaty (pewnie UP też) (NTP)
2007:	brak informacji o UP, najpiewniej odbyło się skladanie kwiatów
2008:	“Przed rozpoczęciem pochodu członkowie Unii Pracy, OPZZ i przedstawiciele innych organizacji lewicowych złożyli wieńce pod Bramą Straceń warszawskiej Cytadeli. Co roku 1 maja UP upamiętnia w ten sposób bojowników o wolność Polski, więzionych w murach Cytadeli w latach 1834-1918.” ([“Aby Polacy mogli godniej żyć”, 2008]
2009:	Gospodarzem UP, wśród gości ceremoni składania kwiatów OPZZ i SLD(TV SLD; PS),  
2010:	UP i delegacja PPS, SdPL oraz OPZZ składają kwiaty pod Bramą Straceń (dzieje.pl)
2011:	delegacja UP z  PPS, OPZZ i SLD składa kwiaty (PS, Związkowiec)
2012:	delegacje UP i OPZZ (przegladsocjalistyczny.org), Jeszcze przed rozpoczęciem uroczystości przed budynkiem OPZZ, delegacje OPZZ złożyły wieńce przed miejscami pamięci, niezwykle ważnymi dla tożsamości związków zawodowych i lewicy w Polsce (KZ 63/2012)
2013:	?
2014:	?
2015:	Unia Pracy gospodarzem, delegacja OPZZ dda hołd ponad  60 tysięcy więźniom - bojowników o wyzwolenie narodowe i przemiany społeczne (opzz.org.pl archiwalne)
2016:	""""""Okolicznościowe przemówienia"""", składanie kwiatów. Pojawiają się delegacje SLD i OPZZ(uniapracy.org)""
2017:	gospodarzem UP, gośćmi PPS i OPZZ (uniapracy.org)
2018:	delegacje UP, SLD i OPZZ składają kwiaty przed pochodem (Trybuna)
2019:	wiec OPZZ i UP, następuje składanie wieńców (opzz.org.pl)",,,,Point,,"52.2651492,21.0023019","52.2651492,21.0023019",0,umap_backup_1-maja_warszawa9.umap,,True,tylko mapa,,,,,,,,
1999_PL_upamiętnienie_Brama-Stracen,1999,Lata,PL,Upamiętnienia,upamiętnienie,warstwa,,True,niezwiazkowe,Brama Straceń,"1990:	O 12, delegacje uczestników pochodu składają kwiaty (DT), Jaruzelski składa kwiaty w asyście wojskowej. Sam? (DT)
1991:	delegacja SLD i OPZZ składa kwiaty pod Bramą Straceń (DT)
1992:	*Delegacje uczestników manifestacji złożyły kwiaty przy Bramie Straceń na Warszawskiej Cytadeli (DT)
1993:	delegacje SLD i OPZZ składają po wiecu kwiaty (DT), UP samodzielnie składa kwiaty o 11; zebrało się kilkadziesiąt osób (GW)
1994:	PPS udaje się w delegację do Bramy Straceń, gdzie składane są kwiaty (DT), Samodzielny wiec i składanie kwiatów przez UP (TVP)
1995:	po pochodzie, o 12 delegacje SLD i OPZZ składają kwiaty pod Cytadelą (DT), UP – odrębny wiec i składanie kwiatów (ŻW)
1996:	UP składa kwiaty o 11 (GW), Po manifestacji delegacje uczestników składają kwiaty (DT)
1997:	Oddzielne uroczystości organizuje Unia Pracy. Unici zaczynają od złożenia wieńca przy Bramie Straceń o 11.  ... O 12 działacze SLD złożą wieńce pod Ścianą Straceń na stokach Cytadeli. Pół godziny później SdRP organizuje w swojej siedzibie konferencję prasową. GW 1997
1998:	""Pod Cytadelą samodzielny wiec UP, połączony z ceremonią składania kwiatów (TVP), Delegacje """"lewicy"""" składają kwiaty pod Cytadelą przed pochodem (RP)""
1999:	UP samodzielnie składa kwiaty. Podejrzewam, że możliwe, że później również SLD i OPZZ (DT)
2000:	Przedstawiciele UP składają wieniec przed tablicą, i kwiaty na grobach samodzielnie, o 11. O 12 przedstawiciele SLD i OPZZ w tym samym miejscu (DT 2000)
2001:	Po raz pierwszy w wiecu przy Cytadeli do UP dołączają przedstawiciele SLD i PPS (DT). 
2002:	Wspólne składanie wieńców przez Millera, i Marka Belkę z UP. W delegacji również OPZZ (TVP)
2003:	delegacje OPZZ (i pewnie innych, tak jak UP) składają kwiaty (KZ)
2004:	Pochód zaczyna się o 9:30 – kiedy składanie wieńców? NA pewno była delegacja OPZZ, w jej składzie Wiesława Taranowska (NTP, KZ), Jeszcze przed pochodem Oleksy i Jaruga-Nowacka złożyli kwiaty pod Bramą Straceń Warszawskiej Cytadeli (DT, 4.05)
2005:	Najpewniej UP sklada kwiaty na Cytadeli (skoro w 2006 było napisane że zgodnie z tradycją delegacja OPZZ tam jest)
2006:	delegacje OPZZ i NTP składają kwiaty (pewnie UP też) (NTP)
2007:	brak informacji o UP, najpiewniej odbyło się skladanie kwiatów
2008:	“Przed rozpoczęciem pochodu członkowie Unii Pracy, OPZZ i przedstawiciele innych organizacji lewicowych złożyli wieńce pod Bramą Straceń warszawskiej Cytadeli. Co roku 1 maja UP upamiętnia w ten sposób bojowników o wolność Polski, więzionych w murach Cytadeli w latach 1834-1918.” ([“Aby Polacy mogli godniej żyć”, 2008]
2009:	Gospodarzem UP, wśród gości ceremoni składania kwiatów OPZZ i SLD(TV SLD; PS),  
2010:	UP i delegacja PPS, SdPL oraz OPZZ składają kwiaty pod Bramą Straceń (dzieje.pl)
2011:	delegacja UP z  PPS, OPZZ i SLD składa kwiaty (PS, Związkowiec)
2012:	delegacje UP i OPZZ (przegladsocjalistyczny.org), Jeszcze przed rozpoczęciem uroczystości przed budynkiem OPZZ, delegacje OPZZ złożyły wieńce przed miejscami pamięci, niezwykle ważnymi dla tożsamości związków zawodowych i lewicy w Polsce (KZ 63/2012)
2013:	?
2014:	?
2015:	Unia Pracy gospodarzem, delegacja OPZZ dda hołd ponad  60 tysięcy więźniom - bojowników o wyzwolenie narodowe i przemiany społeczne (opzz.org.pl archiwalne)
2016:	""""""Okolicznościowe przemówienia"""", składanie kwiatów. Pojawiają się delegacje SLD i OPZZ(uniapracy.org)""
2017:	gospodarzem UP, gośćmi PPS i OPZZ (uniapracy.org)
2018:	delegacje UP, SLD i OPZZ składają kwiaty przed pochodem (Trybuna)
2019:	wiec OPZZ i UP, następuje składanie wieńców (opzz.org.pl)",,,,Point,,"52.2651492,21.0023019","52.2651492,21.0023019",0,umap_backup_1-maja_warszawa9.umap,,True,tylko mapa,,,,,,,,
2000_PL_upamiętnienie_Brama-Stracen,2000,Lata,PL,Upamiętnienia,upamiętnienie,warstwa,,True,niezwiazkowe,Brama Straceń,"1990:	O 12, delegacje uczestników pochodu składają kwiaty (DT), Jaruzelski składa kwiaty w asyście wojskowej. Sam? (DT)
1991:	delegacja SLD i OPZZ składa kwiaty pod Bramą Straceń (DT)
1992:	*Delegacje uczestników manifestacji złożyły kwiaty przy Bramie Straceń na Warszawskiej Cytadeli (DT)
1993:	delegacje SLD i OPZZ składają po wiecu kwiaty (DT), UP samodzielnie składa kwiaty o 11; zebrało się kilkadziesiąt osób (GW)
1994:	PPS udaje się w delegację do Bramy Straceń, gdzie składane są kwiaty (DT), Samodzielny wiec i składanie kwiatów przez UP (TVP)
1995:	po pochodzie, o 12 delegacje SLD i OPZZ składają kwiaty pod Cytadelą (DT), UP – odrębny wiec i składanie kwiatów (ŻW)
1996:	UP składa kwiaty o 11 (GW), Po manifestacji delegacje uczestników składają kwiaty (DT)
1997:	Oddzielne uroczystości organizuje Unia Pracy. Unici zaczynają od złożenia wieńca przy Bramie Straceń o 11.  ... O 12 działacze SLD złożą wieńce pod Ścianą Straceń na stokach Cytadeli. Pół godziny później SdRP organizuje w swojej siedzibie konferencję prasową. GW 1997
1998:	""Pod Cytadelą samodzielny wiec UP, połączony z ceremonią składania kwiatów (TVP), Delegacje """"lewicy"""" składają kwiaty pod Cytadelą przed pochodem (RP)""
1999:	UP samodzielnie składa kwiaty. Podejrzewam, że możliwe, że później również SLD i OPZZ (DT)
2000:	Przedstawiciele UP składają wieniec przed tablicą, i kwiaty na grobach samodzielnie, o 11. O 12 przedstawiciele SLD i OPZZ w tym samym miejscu (DT 2000)
2001:	Po raz pierwszy w wiecu przy Cytadeli do UP dołączają przedstawiciele SLD i PPS (DT). 
2002:	Wspólne składanie wieńców przez Millera, i Marka Belkę z UP. W delegacji również OPZZ (TVP)
2003:	delegacje OPZZ (i pewnie innych, tak jak UP) składają kwiaty (KZ)
2004:	Pochód zaczyna się o 9:30 – kiedy składanie wieńców? NA pewno była delegacja OPZZ, w jej składzie Wiesława Taranowska (NTP, KZ), Jeszcze przed pochodem Oleksy i Jaruga-Nowacka złożyli kwiaty pod Bramą Straceń Warszawskiej Cytadeli (DT, 4.05)
2005:	Najpewniej UP sklada kwiaty na Cytadeli (skoro w 2006 było napisane że zgodnie z tradycją delegacja OPZZ tam jest)
2006:	delegacje OPZZ i NTP składają kwiaty (pewnie UP też) (NTP)
2007:	brak informacji o UP, najpiewniej odbyło się skladanie kwiatów
2008:	“Przed rozpoczęciem pochodu członkowie Unii Pracy, OPZZ i przedstawiciele innych organizacji lewicowych złożyli wieńce pod Bramą Straceń warszawskiej Cytadeli. Co roku 1 maja UP upamiętnia w ten sposób bojowników o wolność Polski, więzionych w murach Cytadeli w latach 1834-1918.” ([“Aby Polacy mogli godniej żyć”, 2008]
2009:	Gospodarzem UP, wśród gości ceremoni składania kwiatów OPZZ i SLD(TV SLD; PS),  
2010:	UP i delegacja PPS, SdPL oraz OPZZ składają kwiaty pod Bramą Straceń (dzieje.pl)
2011:	delegacja UP z  PPS, OPZZ i SLD składa kwiaty (PS, Związkowiec)
2012:	delegacje UP i OPZZ (przegladsocjalistyczny.org), Jeszcze przed rozpoczęciem uroczystości przed budynkiem OPZZ, delegacje OPZZ złożyły wieńce przed miejscami pamięci, niezwykle ważnymi dla tożsamości związków zawodowych i lewicy w Polsce (KZ 63/2012)
2013:	?
2014:	?
2015:	Unia Pracy gospodarzem, delegacja OPZZ dda hołd ponad  60 tysięcy więźniom - bojowników o wyzwolenie narodowe i przemiany społeczne (opzz.org.pl archiwalne)
2016:	""""""Okolicznościowe przemówienia"""", składanie kwiatów. Pojawiają się delegacje SLD i OPZZ(uniapracy.org)""
2017:	gospodarzem UP, gośćmi PPS i OPZZ (uniapracy.org)
2018:	delegacje UP, SLD i OPZZ składają kwiaty przed pochodem (Trybuna)
2019:	wiec OPZZ i UP, następuje składanie wieńców (opzz.org.pl)",,,,Point,,"52.2651492,21.0023019","52.2651492,21.0023019",0,umap_backup_1-maja_warszawa9.umap,,True,tylko mapa,,,,,,,,
2001_PL_upamiętnienie_Brama-Stracen,2001,Lata,PL,Upamiętnienia,upamiętnienie,warstwa,,True,niezwiazkowe,Brama Straceń,"1990:	O 12, delegacje uczestników pochodu składają kwiaty (DT), Jaruzelski składa kwiaty w asyście wojskowej. Sam? (DT)
1991:	delegacja SLD i OPZZ składa kwiaty pod Bramą Straceń (DT)
1992:	*Delegacje uczestników manifestacji złożyły kwiaty przy Bramie Straceń na Warszawskiej Cytadeli (DT)
1993:	delegacje SLD i OPZZ składają po wiecu kwiaty (DT), UP samodzielnie składa kwiaty o 11; zebrało się kilkadziesiąt osób (GW)
1994:	PPS udaje się w delegację do Bramy Straceń, gdzie składane są kwiaty (DT), Samodzielny wiec i składanie kwiatów przez UP (TVP)
1995:	po pochodzie, o 12 delegacje SLD i OPZZ składają kwiaty pod Cytadelą (DT), UP – odrębny wiec i składanie kwiatów (ŻW)
1996:	UP składa kwiaty o 11 (GW), Po manifestacji delegacje uczestników składają kwiaty (DT)
1997:	Oddzielne uroczystości organizuje Unia Pracy. Unici zaczynają od złożenia wieńca przy Bramie Straceń o 11.  ... O 12 działacze SLD złożą wieńce pod Ścianą Straceń na stokach Cytadeli. Pół godziny później SdRP organizuje w swojej siedzibie konferencję prasową. GW 1997
1998:	""Pod Cytadelą samodzielny wiec UP, połączony z ceremonią składania kwiatów (TVP), Delegacje """"lewicy"""" składają kwiaty pod Cytadelą przed pochodem (RP)""
1999:	UP samodzielnie składa kwiaty. Podejrzewam, że możliwe, że później również SLD i OPZZ (DT)
2000:	Przedstawiciele UP składają wieniec przed tablicą, i kwiaty na grobach samodzielnie, o 11. O 12 przedstawiciele SLD i OPZZ w tym samym miejscu (DT 2000)
2001:	Po raz pierwszy w wiecu przy Cytadeli do UP dołączają przedstawiciele SLD i PPS (DT). 
2002:	Wspólne składanie wieńców przez Millera, i Marka Belkę z UP. W delegacji również OPZZ (TVP)
2003:	delegacje OPZZ (i pewnie innych, tak jak UP) składają kwiaty (KZ)
2004:	Pochód zaczyna się o 9:30 – kiedy składanie wieńców? NA pewno była delegacja OPZZ, w jej składzie Wiesława Taranowska (NTP, KZ), Jeszcze przed pochodem Oleksy i Jaruga-Nowacka złożyli kwiaty pod Bramą Straceń Warszawskiej Cytadeli (DT, 4.05)
2005:	Najpewniej UP sklada kwiaty na Cytadeli (skoro w 2006 było napisane że zgodnie z tradycją delegacja OPZZ tam jest)
2006:	delegacje OPZZ i NTP składają kwiaty (pewnie UP też) (NTP)
2007:	brak informacji o UP, najpiewniej odbyło się skladanie kwiatów
2008:	“Przed rozpoczęciem pochodu członkowie Unii Pracy, OPZZ i przedstawiciele innych organizacji lewicowych złożyli wieńce pod Bramą Straceń warszawskiej Cytadeli. Co roku 1 maja UP upamiętnia w ten sposób bojowników o wolność Polski, więzionych w murach Cytadeli w latach 1834-1918.” ([“Aby Polacy mogli godniej żyć”, 2008]
2009:	Gospodarzem UP, wśród gości ceremoni składania kwiatów OPZZ i SLD(TV SLD; PS),  
2010:	UP i delegacja PPS, SdPL oraz OPZZ składają kwiaty pod Bramą Straceń (dzieje.pl)
2011:	delegacja UP z  PPS, OPZZ i SLD składa kwiaty (PS, Związkowiec)
2012:	delegacje UP i OPZZ (przegladsocjalistyczny.org), Jeszcze przed rozpoczęciem uroczystości przed budynkiem OPZZ, delegacje OPZZ złożyły wieńce przed miejscami pamięci, niezwykle ważnymi dla tożsamości związków zawodowych i lewicy w Polsce (KZ 63/2012)
2013:	?
2014:	?
2015:	Unia Pracy gospodarzem, delegacja OPZZ dda hołd ponad  60 tysięcy więźniom - bojowników o wyzwolenie narodowe i przemiany społeczne (opzz.org.pl archiwalne)
2016:	""""""Okolicznościowe przemówienia"""", składanie kwiatów. Pojawiają się delegacje SLD i OPZZ(uniapracy.org)""
2017:	gospodarzem UP, gośćmi PPS i OPZZ (uniapracy.org)
2018:	delegacje UP, SLD i OPZZ składają kwiaty przed pochodem (Trybuna)
2019:	wiec OPZZ i UP, następuje składanie wieńców (opzz.org.pl)",,,,Point,,"52.2651492,21.0023019","52.2651492,21.0023019",0,umap_backup_1-maja_warszawa9.umap,,True,tylko mapa,,,,,,,,
2002_PL_upamiętnienie_Brama-Stracen,2002,Lata,PL,Upamiętnienia,upamiętnienie,warstwa,,True,niezwiazkowe,Brama Straceń,"1990:	O 12, delegacje uczestników pochodu składają kwiaty (DT), Jaruzelski składa kwiaty w asyście wojskowej. Sam? (DT)
1991:	delegacja SLD i OPZZ składa kwiaty pod Bramą Straceń (DT)
1992:	*Delegacje uczestników manifestacji złożyły kwiaty przy Bramie Straceń na Warszawskiej Cytadeli (DT)
1993:	delegacje SLD i OPZZ składają po wiecu kwiaty (DT), UP samodzielnie składa kwiaty o 11; zebrało się kilkadziesiąt osób (GW)
1994:	PPS udaje się w delegację do Bramy Straceń, gdzie składane są kwiaty (DT), Samodzielny wiec i składanie kwiatów przez UP (TVP)
1995:	po pochodzie, o 12 delegacje SLD i OPZZ składają kwiaty pod Cytadelą (DT), UP – odrębny wiec i składanie kwiatów (ŻW)
1996:	UP składa kwiaty o 11 (GW), Po manifestacji delegacje uczestników składają kwiaty (DT)
1997:	Oddzielne uroczystości organizuje Unia Pracy. Unici zaczynają od złożenia wieńca przy Bramie Straceń o 11.  ... O 12 działacze SLD złożą wieńce pod Ścianą Straceń na stokach Cytadeli. Pół godziny później SdRP organizuje w swojej siedzibie konferencję prasową. GW 1997
1998:	""Pod Cytadelą samodzielny wiec UP, połączony z ceremonią składania kwiatów (TVP), Delegacje """"lewicy"""" składają kwiaty pod Cytadelą przed pochodem (RP)""
1999:	UP samodzielnie składa kwiaty. Podejrzewam, że możliwe, że później również SLD i OPZZ (DT)
2000:	Przedstawiciele UP składają wieniec przed tablicą, i kwiaty na grobach samodzielnie, o 11. O 12 przedstawiciele SLD i OPZZ w tym samym miejscu (DT 2000)
2001:	Po raz pierwszy w wiecu przy Cytadeli do UP dołączają przedstawiciele SLD i PPS (DT). 
2002:	Wspólne składanie wieńców przez Millera, i Marka Belkę z UP. W delegacji również OPZZ (TVP)
2003:	delegacje OPZZ (i pewnie innych, tak jak UP) składają kwiaty (KZ)
2004:	Pochód zaczyna się o 9:30 – kiedy składanie wieńców? NA pewno była delegacja OPZZ, w jej składzie Wiesława Taranowska (NTP, KZ), Jeszcze przed pochodem Oleksy i Jaruga-Nowacka złożyli kwiaty pod Bramą Straceń Warszawskiej Cytadeli (DT, 4.05)
2005:	Najpewniej UP sklada kwiaty na Cytadeli (skoro w 2006 było napisane że zgodnie z tradycją delegacja OPZZ tam jest)
2006:	delegacje OPZZ i NTP składają kwiaty (pewnie UP też) (NTP)
2007:	brak informacji o UP, najpiewniej odbyło się skladanie kwiatów
2008:	“Przed rozpoczęciem pochodu członkowie Unii Pracy, OPZZ i przedstawiciele innych organizacji lewicowych złożyli wieńce pod Bramą Straceń warszawskiej Cytadeli. Co roku 1 maja UP upamiętnia w ten sposób bojowników o wolność Polski, więzionych w murach Cytadeli w latach 1834-1918.” ([“Aby Polacy mogli godniej żyć”, 2008]
2009:	Gospodarzem UP, wśród gości ceremoni składania kwiatów OPZZ i SLD(TV SLD; PS),  
2010:	UP i delegacja PPS, SdPL oraz OPZZ składają kwiaty pod Bramą Straceń (dzieje.pl)
2011:	delegacja UP z  PPS, OPZZ i SLD składa kwiaty (PS, Związkowiec)
2012:	delegacje UP i OPZZ (przegladsocjalistyczny.org), Jeszcze przed rozpoczęciem uroczystości przed budynkiem OPZZ, delegacje OPZZ złożyły wieńce przed miejscami pamięci, niezwykle ważnymi dla tożsamości związków zawodowych i lewicy w Polsce (KZ 63/2012)
2013:	?
2014:	?
2015:	Unia Pracy gospodarzem, delegacja OPZZ dda hołd ponad  60 tysięcy więźniom - bojowników o wyzwolenie narodowe i przemiany społeczne (opzz.org.pl archiwalne)
2016:	""""""Okolicznościowe przemówienia"""", składanie kwiatów. Pojawiają się delegacje SLD i OPZZ(uniapracy.org)""
2017:	gospodarzem UP, gośćmi PPS i OPZZ (uniapracy.org)
2018:	delegacje UP, SLD i OPZZ składają kwiaty przed pochodem (Trybuna)
2019:	wiec OPZZ i UP, następuje składanie wieńców (opzz.org.pl)",,,,Point,,"52.2651492,21.0023019","52.2651492,21.0023019",0,umap_backup_1-maja_warszawa9.umap,,True,tylko mapa,,,,,,,,
2003_PL_upamiętnienie_Brama-Stracen,2003,Lata,PL,Upamiętnienia,upamiętnienie,warstwa,,True,niezwiazkowe,Brama Straceń,"1990:	O 12, delegacje uczestników pochodu składają kwiaty (DT), Jaruzelski składa kwiaty w asyście wojskowej. Sam? (DT)
1991:	delegacja SLD i OPZZ składa kwiaty pod Bramą Straceń (DT)
1992:	*Delegacje uczestników manifestacji złożyły kwiaty przy Bramie Straceń na Warszawskiej Cytadeli (DT)
1993:	delegacje SLD i OPZZ składają po wiecu kwiaty (DT), UP samodzielnie składa kwiaty o 11; zebrało się kilkadziesiąt osób (GW)
1994:	PPS udaje się w delegację do Bramy Straceń, gdzie składane są kwiaty (DT), Samodzielny wiec i składanie kwiatów przez UP (TVP)
1995:	po pochodzie, o 12 delegacje SLD i OPZZ składają kwiaty pod Cytadelą (DT), UP – odrębny wiec i składanie kwiatów (ŻW)
1996:	UP składa kwiaty o 11 (GW), Po manifestacji delegacje uczestników składają kwiaty (DT)
1997:	Oddzielne uroczystości organizuje Unia Pracy. Unici zaczynają od złożenia wieńca przy Bramie Straceń o 11.  ... O 12 działacze SLD złożą wieńce pod Ścianą Straceń na stokach Cytadeli. Pół godziny później SdRP organizuje w swojej siedzibie konferencję prasową. GW 1997
1998:	""Pod Cytadelą samodzielny wiec UP, połączony z ceremonią składania kwiatów (TVP), Delegacje """"lewicy"""" składają kwiaty pod Cytadelą przed pochodem (RP)""
1999:	UP samodzielnie składa kwiaty. Podejrzewam, że możliwe, że później również SLD i OPZZ (DT)
2000:	Przedstawiciele UP składają wieniec przed tablicą, i kwiaty na grobach samodzielnie, o 11. O 12 przedstawiciele SLD i OPZZ w tym samym miejscu (DT 2000)
2001:	Po raz pierwszy w wiecu przy Cytadeli do UP dołączają przedstawiciele SLD i PPS (DT). 
2002:	Wspólne składanie wieńców przez Millera, i Marka Belkę z UP. W delegacji również OPZZ (TVP)
2003:	delegacje OPZZ (i pewnie innych, tak jak UP) składają kwiaty (KZ)
2004:	Pochód zaczyna się o 9:30 – kiedy składanie wieńców? NA pewno była delegacja OPZZ, w jej składzie Wiesława Taranowska (NTP, KZ), Jeszcze przed pochodem Oleksy i Jaruga-Nowacka złożyli kwiaty pod Bramą Straceń Warszawskiej Cytadeli (DT, 4.05)
2005:	Najpewniej UP sklada kwiaty na Cytadeli (skoro w 2006 było napisane że zgodnie z tradycją delegacja OPZZ tam jest)
2006:	delegacje OPZZ i NTP składają kwiaty (pewnie UP też) (NTP)
2007:	brak informacji o UP, najpiewniej odbyło się skladanie kwiatów
2008:	“Przed rozpoczęciem pochodu członkowie Unii Pracy, OPZZ i przedstawiciele innych organizacji lewicowych złożyli wieńce pod Bramą Straceń warszawskiej Cytadeli. Co roku 1 maja UP upamiętnia w ten sposób bojowników o wolność Polski, więzionych w murach Cytadeli w latach 1834-1918.” ([“Aby Polacy mogli godniej żyć”, 2008]
2009:	Gospodarzem UP, wśród gości ceremoni składania kwiatów OPZZ i SLD(TV SLD; PS),  
2010:	UP i delegacja PPS, SdPL oraz OPZZ składają kwiaty pod Bramą Straceń (dzieje.pl)
2011:	delegacja UP z  PPS, OPZZ i SLD składa kwiaty (PS, Związkowiec)
2012:	delegacje UP i OPZZ (przegladsocjalistyczny.org), Jeszcze przed rozpoczęciem uroczystości przed budynkiem OPZZ, delegacje OPZZ złożyły wieńce przed miejscami pamięci, niezwykle ważnymi dla tożsamości związków zawodowych i lewicy w Polsce (KZ 63/2012)
2013:	?
2014:	?
2015:	Unia Pracy gospodarzem, delegacja OPZZ dda hołd ponad  60 tysięcy więźniom - bojowników o wyzwolenie narodowe i przemiany społeczne (opzz.org.pl archiwalne)
2016:	""""""Okolicznościowe przemówienia"""", składanie kwiatów. Pojawiają się delegacje SLD i OPZZ(uniapracy.org)""
2017:	gospodarzem UP, gośćmi PPS i OPZZ (uniapracy.org)
2018:	delegacje UP, SLD i OPZZ składają kwiaty przed pochodem (Trybuna)
2019:	wiec OPZZ i UP, następuje składanie wieńców (opzz.org.pl)",,,,Point,,"52.2651492,21.0023019","52.2651492,21.0023019",0,umap_backup_1-maja_warszawa9.umap,,True,tylko mapa,,,,,,,,
2004_PL_upamiętnienie_Brama-Stracen,2004,Lata,PL,Upamiętnienia,upamiętnienie,warstwa,,True,niezwiazkowe,Brama Straceń,"1990:	O 12, delegacje uczestników pochodu składają kwiaty (DT), Jaruzelski składa kwiaty w asyście wojskowej. Sam? (DT)
1991:	delegacja SLD i OPZZ składa kwiaty pod Bramą Straceń (DT)
1992:	*Delegacje uczestników manifestacji złożyły kwiaty przy Bramie Straceń na Warszawskiej Cytadeli (DT)
1993:	delegacje SLD i OPZZ składają po wiecu kwiaty (DT), UP samodzielnie składa kwiaty o 11; zebrało się kilkadziesiąt osób (GW)
1994:	PPS udaje się w delegację do Bramy Straceń, gdzie składane są kwiaty (DT), Samodzielny wiec i składanie kwiatów przez UP (TVP)
1995:	po pochodzie, o 12 delegacje SLD i OPZZ składają kwiaty pod Cytadelą (DT), UP – odrębny wiec i składanie kwiatów (ŻW)
1996:	UP składa kwiaty o 11 (GW), Po manifestacji delegacje uczestników składają kwiaty (DT)
1997:	Oddzielne uroczystości organizuje Unia Pracy. Unici zaczynają od złożenia wieńca przy Bramie Straceń o 11.  ... O 12 działacze SLD złożą wieńce pod Ścianą Straceń na stokach Cytadeli. Pół godziny później SdRP organizuje w swojej siedzibie konferencję prasową. GW 1997
1998:	""Pod Cytadelą samodzielny wiec UP, połączony z ceremonią składania kwiatów (TVP), Delegacje """"lewicy"""" składają kwiaty pod Cytadelą przed pochodem (RP)""
1999:	UP samodzielnie składa kwiaty. Podejrzewam, że możliwe, że później również SLD i OPZZ (DT)
2000:	Przedstawiciele UP składają wieniec przed tablicą, i kwiaty na grobach samodzielnie, o 11. O 12 przedstawiciele SLD i OPZZ w tym samym miejscu (DT 2000)
2001:	Po raz pierwszy w wiecu przy Cytadeli do UP dołączają przedstawiciele SLD i PPS (DT). 
2002:	Wspólne składanie wieńców przez Millera, i Marka Belkę z UP. W delegacji również OPZZ (TVP)
2003:	delegacje OPZZ (i pewnie innych, tak jak UP) składają kwiaty (KZ)
2004:	Pochód zaczyna się o 9:30 – kiedy składanie wieńców? NA pewno była delegacja OPZZ, w jej składzie Wiesława Taranowska (NTP, KZ), Jeszcze przed pochodem Oleksy i Jaruga-Nowacka złożyli kwiaty pod Bramą Straceń Warszawskiej Cytadeli (DT, 4.05)
2005:	Najpewniej UP sklada kwiaty na Cytadeli (skoro w 2006 było napisane że zgodnie z tradycją delegacja OPZZ tam jest)
2006:	delegacje OPZZ i NTP składają kwiaty (pewnie UP też) (NTP)
2007:	brak informacji o UP, najpiewniej odbyło się skladanie kwiatów
2008:	“Przed rozpoczęciem pochodu członkowie Unii Pracy, OPZZ i przedstawiciele innych organizacji lewicowych złożyli wieńce pod Bramą Straceń warszawskiej Cytadeli. Co roku 1 maja UP upamiętnia w ten sposób bojowników o wolność Polski, więzionych w murach Cytadeli w latach 1834-1918.” ([“Aby Polacy mogli godniej żyć”, 2008]
2009:	Gospodarzem UP, wśród gości ceremoni składania kwiatów OPZZ i SLD(TV SLD; PS),  
2010:	UP i delegacja PPS, SdPL oraz OPZZ składają kwiaty pod Bramą Straceń (dzieje.pl)
2011:	delegacja UP z  PPS, OPZZ i SLD składa kwiaty (PS, Związkowiec)
2012:	delegacje UP i OPZZ (przegladsocjalistyczny.org), Jeszcze przed rozpoczęciem uroczystości przed budynkiem OPZZ, delegacje OPZZ złożyły wieńce przed miejscami pamięci, niezwykle ważnymi dla tożsamości związków zawodowych i lewicy w Polsce (KZ 63/2012)
2013:	?
2014:	?
2015:	Unia Pracy gospodarzem, delegacja OPZZ dda hołd ponad  60 tysięcy więźniom - bojowników o wyzwolenie narodowe i przemiany społeczne (opzz.org.pl archiwalne)
2016:	""""""Okolicznościowe przemówienia"""", składanie kwiatów. Pojawiają się delegacje SLD i OPZZ(uniapracy.org)""
2017:	gospodarzem UP, gośćmi PPS i OPZZ (uniapracy.org)
2018:	delegacje UP, SLD i OPZZ składają kwiaty przed pochodem (Trybuna)
2019:	wiec OPZZ i UP, następuje składanie wieńców (opzz.org.pl)",,,,Point,,"52.2651492,21.0023019","52.2651492,21.0023019",0,umap_backup_1-maja_warszawa9.umap,,True,tylko mapa,,,,,,,,
2005_PL_upamiętnienie_Brama-Stracen,2005,Lata,PL,Upamiętnienia,upamiętnienie,warstwa,,True,niezwiazkowe,Brama Straceń,"1990:	O 12, delegacje uczestników pochodu składają kwiaty (DT), Jaruzelski składa kwiaty w asyście wojskowej. Sam? (DT)
1991:	delegacja SLD i OPZZ składa kwiaty pod Bramą Straceń (DT)
1992:	*Delegacje uczestników manifestacji złożyły kwiaty przy Bramie Straceń na Warszawskiej Cytadeli (DT)
1993:	delegacje SLD i OPZZ składają po wiecu kwiaty (DT), UP samodzielnie składa kwiaty o 11; zebrało się kilkadziesiąt osób (GW)
1994:	PPS udaje się w delegację do Bramy Straceń, gdzie składane są kwiaty (DT), Samodzielny wiec i składanie kwiatów przez UP (TVP)
1995:	po pochodzie, o 12 delegacje SLD i OPZZ składają kwiaty pod Cytadelą (DT), UP – odrębny wiec i składanie kwiatów (ŻW)
1996:	UP składa kwiaty o 11 (GW), Po manifestacji delegacje uczestników składają kwiaty (DT)
1997:	Oddzielne uroczystości organizuje Unia Pracy. Unici zaczynają od złożenia wieńca przy Bramie Straceń o 11.  ... O 12 działacze SLD złożą wieńce pod Ścianą Straceń na stokach Cytadeli. Pół godziny później SdRP organizuje w swojej siedzibie konferencję prasową. GW 1997
1998:	""Pod Cytadelą samodzielny wiec UP, połączony z ceremonią składania kwiatów (TVP), Delegacje """"lewicy"""" składają kwiaty pod Cytadelą przed pochodem (RP)""
1999:	UP samodzielnie składa kwiaty. Podejrzewam, że możliwe, że później również SLD i OPZZ (DT)
2000:	Przedstawiciele UP składają wieniec przed tablicą, i kwiaty na grobach samodzielnie, o 11. O 12 przedstawiciele SLD i OPZZ w tym samym miejscu (DT 2000)
2001:	Po raz pierwszy w wiecu przy Cytadeli do UP dołączają przedstawiciele SLD i PPS (DT). 
2002:	Wspólne składanie wieńców przez Millera, i Marka Belkę z UP. W delegacji również OPZZ (TVP)
2003:	delegacje OPZZ (i pewnie innych, tak jak UP) składają kwiaty (KZ)
2004:	Pochód zaczyna się o 9:30 – kiedy składanie wieńców? NA pewno była delegacja OPZZ, w jej składzie Wiesława Taranowska (NTP, KZ), Jeszcze przed pochodem Oleksy i Jaruga-Nowacka złożyli kwiaty pod Bramą Straceń Warszawskiej Cytadeli (DT, 4.05)
2005:	Najpewniej UP sklada kwiaty na Cytadeli (skoro w 2006 było napisane że zgodnie z tradycją delegacja OPZZ tam jest)
2006:	delegacje OPZZ i NTP składają kwiaty (pewnie UP też) (NTP)
2007:	brak informacji o UP, najpiewniej odbyło się skladanie kwiatów
2008:	“Przed rozpoczęciem pochodu członkowie Unii Pracy, OPZZ i przedstawiciele innych organizacji lewicowych złożyli wieńce pod Bramą Straceń warszawskiej Cytadeli. Co roku 1 maja UP upamiętnia w ten sposób bojowników o wolność Polski, więzionych w murach Cytadeli w latach 1834-1918.” ([“Aby Polacy mogli godniej żyć”, 2008]
2009:	Gospodarzem UP, wśród gości ceremoni składania kwiatów OPZZ i SLD(TV SLD; PS),  
2010:	UP i delegacja PPS, SdPL oraz OPZZ składają kwiaty pod Bramą Straceń (dzieje.pl)
2011:	delegacja UP z  PPS, OPZZ i SLD składa kwiaty (PS, Związkowiec)
2012:	delegacje UP i OPZZ (przegladsocjalistyczny.org), Jeszcze przed rozpoczęciem uroczystości przed budynkiem OPZZ, delegacje OPZZ złożyły wieńce przed miejscami pamięci, niezwykle ważnymi dla tożsamości związków zawodowych i lewicy w Polsce (KZ 63/2012)
2013:	?
2014:	?
2015:	Unia Pracy gospodarzem, delegacja OPZZ dda hołd ponad  60 tysięcy więźniom - bojowników o wyzwolenie narodowe i przemiany społeczne (opzz.org.pl archiwalne)
2016:	""""""Okolicznościowe przemówienia"""", składanie kwiatów. Pojawiają się delegacje SLD i OPZZ(uniapracy.org)""
2017:	gospodarzem UP, gośćmi PPS i OPZZ (uniapracy.org)
2018:	delegacje UP, SLD i OPZZ składają kwiaty przed pochodem (Trybuna)
2019:	wiec OPZZ i UP, następuje składanie wieńców (opzz.org.pl)",,,,Point,,"52.2651492,21.0023019","52.2651492,21.0023019",0,umap_backup_1-maja_warszawa9.umap,,True,tylko mapa,,,,,,,,
2006_PL_upamiętnienie_Brama-Stracen,2006,Lata,PL,Upamiętnienia,upamiętnienie,warstwa,,True,niezwiazkowe,Brama Straceń,"1990:	O 12, delegacje uczestników pochodu składają kwiaty (DT), Jaruzelski składa kwiaty w asyście wojskowej. Sam? (DT)
1991:	delegacja SLD i OPZZ składa kwiaty pod Bramą Straceń (DT)
1992:	*Delegacje uczestników manifestacji złożyły kwiaty przy Bramie Straceń na Warszawskiej Cytadeli (DT)
1993:	delegacje SLD i OPZZ składają po wiecu kwiaty (DT), UP samodzielnie składa kwiaty o 11; zebrało się kilkadziesiąt osób (GW)
1994:	PPS udaje się w delegację do Bramy Straceń, gdzie składane są kwiaty (DT), Samodzielny wiec i składanie kwiatów przez UP (TVP)
1995:	po pochodzie, o 12 delegacje SLD i OPZZ składają kwiaty pod Cytadelą (DT), UP – odrębny wiec i składanie kwiatów (ŻW)
1996:	UP składa kwiaty o 11 (GW), Po manifestacji delegacje uczestników składają kwiaty (DT)
1997:	Oddzielne uroczystości organizuje Unia Pracy. Unici zaczynają od złożenia wieńca przy Bramie Straceń o 11.  ... O 12 działacze SLD złożą wieńce pod Ścianą Straceń na stokach Cytadeli. Pół godziny później SdRP organizuje w swojej siedzibie konferencję prasową. GW 1997
1998:	""Pod Cytadelą samodzielny wiec UP, połączony z ceremonią składania kwiatów (TVP), Delegacje """"lewicy"""" składają kwiaty pod Cytadelą przed pochodem (RP)""
1999:	UP samodzielnie składa kwiaty. Podejrzewam, że możliwe, że później również SLD i OPZZ (DT)
2000:	Przedstawiciele UP składają wieniec przed tablicą, i kwiaty na grobach samodzielnie, o 11. O 12 przedstawiciele SLD i OPZZ w tym samym miejscu (DT 2000)
2001:	Po raz pierwszy w wiecu przy Cytadeli do UP dołączają przedstawiciele SLD i PPS (DT). 
2002:	Wspólne składanie wieńców przez Millera, i Marka Belkę z UP. W delegacji również OPZZ (TVP)
2003:	delegacje OPZZ (i pewnie innych, tak jak UP) składają kwiaty (KZ)
2004:	Pochód zaczyna się o 9:30 – kiedy składanie wieńców? NA pewno była delegacja OPZZ, w jej składzie Wiesława Taranowska (NTP, KZ), Jeszcze przed pochodem Oleksy i Jaruga-Nowacka złożyli kwiaty pod Bramą Straceń Warszawskiej Cytadeli (DT, 4.05)
2005:	Najpewniej UP sklada kwiaty na Cytadeli (skoro w 2006 było napisane że zgodnie z tradycją delegacja OPZZ tam jest)
2006:	delegacje OPZZ i NTP składają kwiaty (pewnie UP też) (NTP)
2007:	brak informacji o UP, najpiewniej odbyło się skladanie kwiatów
2008:	“Przed rozpoczęciem pochodu członkowie Unii Pracy, OPZZ i przedstawiciele innych organizacji lewicowych złożyli wieńce pod Bramą Straceń warszawskiej Cytadeli. Co roku 1 maja UP upamiętnia w ten sposób bojowników o wolność Polski, więzionych w murach Cytadeli w latach 1834-1918.” ([“Aby Polacy mogli godniej żyć”, 2008]
2009:	Gospodarzem UP, wśród gości ceremoni składania kwiatów OPZZ i SLD(TV SLD; PS),  
2010:	UP i delegacja PPS, SdPL oraz OPZZ składają kwiaty pod Bramą Straceń (dzieje.pl)
2011:	delegacja UP z  PPS, OPZZ i SLD składa kwiaty (PS, Związkowiec)
2012:	delegacje UP i OPZZ (przegladsocjalistyczny.org), Jeszcze przed rozpoczęciem uroczystości przed budynkiem OPZZ, delegacje OPZZ złożyły wieńce przed miejscami pamięci, niezwykle ważnymi dla tożsamości związków zawodowych i lewicy w Polsce (KZ 63/2012)
2013:	?
2014:	?
2015:	Unia Pracy gospodarzem, delegacja OPZZ dda hołd ponad  60 tysięcy więźniom - bojowników o wyzwolenie narodowe i przemiany społeczne (opzz.org.pl archiwalne)
2016:	""""""Okolicznościowe przemówienia"""", składanie kwiatów. Pojawiają się delegacje SLD i OPZZ(uniapracy.org)""
2017:	gospodarzem UP, gośćmi PPS i OPZZ (uniapracy.org)
2018:	delegacje UP, SLD i OPZZ składają kwiaty przed pochodem (Trybuna)
2019:	wiec OPZZ i UP, następuje składanie wieńców (opzz.org.pl)",,,,Point,,"52.2651492,21.0023019","52.2651492,21.0023019",0,umap_backup_1-maja_warszawa9.umap,,True,tylko mapa,,,,,,,,
2007_PL_upamiętnienie_Brama-Stracen,2007,Lata,PL,Upamiętnienia,upamiętnienie,warstwa,,True,niezwiazkowe,Brama Straceń,"1990:	O 12, delegacje uczestników pochodu składają kwiaty (DT), Jaruzelski składa kwiaty w asyście wojskowej. Sam? (DT)
1991:	delegacja SLD i OPZZ składa kwiaty pod Bramą Straceń (DT)
1992:	*Delegacje uczestników manifestacji złożyły kwiaty przy Bramie Straceń na Warszawskiej Cytadeli (DT)
1993:	delegacje SLD i OPZZ składają po wiecu kwiaty (DT), UP samodzielnie składa kwiaty o 11; zebrało się kilkadziesiąt osób (GW)
1994:	PPS udaje się w delegację do Bramy Straceń, gdzie składane są kwiaty (DT), Samodzielny wiec i składanie kwiatów przez UP (TVP)
1995:	po pochodzie, o 12 delegacje SLD i OPZZ składają kwiaty pod Cytadelą (DT), UP – odrębny wiec i składanie kwiatów (ŻW)
1996:	UP składa kwiaty o 11 (GW), Po manifestacji delegacje uczestników składają kwiaty (DT)
1997:	Oddzielne uroczystości organizuje Unia Pracy. Unici zaczynają od złożenia wieńca przy Bramie Straceń o 11.  ... O 12 działacze SLD złożą wieńce pod Ścianą Straceń na stokach Cytadeli. Pół godziny później SdRP organizuje w swojej siedzibie konferencję prasową. GW 1997
1998:	""Pod Cytadelą samodzielny wiec UP, połączony z ceremonią składania kwiatów (TVP), Delegacje """"lewicy"""" składają kwiaty pod Cytadelą przed pochodem (RP)""
1999:	UP samodzielnie składa kwiaty. Podejrzewam, że możliwe, że później również SLD i OPZZ (DT)
2000:	Przedstawiciele UP składają wieniec przed tablicą, i kwiaty na grobach samodzielnie, o 11. O 12 przedstawiciele SLD i OPZZ w tym samym miejscu (DT 2000)
2001:	Po raz pierwszy w wiecu przy Cytadeli do UP dołączają przedstawiciele SLD i PPS (DT). 
2002:	Wspólne składanie wieńców przez Millera, i Marka Belkę z UP. W delegacji również OPZZ (TVP)
2003:	delegacje OPZZ (i pewnie innych, tak jak UP) składają kwiaty (KZ)
2004:	Pochód zaczyna się o 9:30 – kiedy składanie wieńców? NA pewno była delegacja OPZZ, w jej składzie Wiesława Taranowska (NTP, KZ), Jeszcze przed pochodem Oleksy i Jaruga-Nowacka złożyli kwiaty pod Bramą Straceń Warszawskiej Cytadeli (DT, 4.05)
2005:	Najpewniej UP sklada kwiaty na Cytadeli (skoro w 2006 było napisane że zgodnie z tradycją delegacja OPZZ tam jest)
2006:	delegacje OPZZ i NTP składają kwiaty (pewnie UP też) (NTP)
2007:	brak informacji o UP, najpiewniej odbyło się skladanie kwiatów
2008:	“Przed rozpoczęciem pochodu członkowie Unii Pracy, OPZZ i przedstawiciele innych organizacji lewicowych złożyli wieńce pod Bramą Straceń warszawskiej Cytadeli. Co roku 1 maja UP upamiętnia w ten sposób bojowników o wolność Polski, więzionych w murach Cytadeli w latach 1834-1918.” ([“Aby Polacy mogli godniej żyć”, 2008]
2009:	Gospodarzem UP, wśród gości ceremoni składania kwiatów OPZZ i SLD(TV SLD; PS),  
2010:	UP i delegacja PPS, SdPL oraz OPZZ składają kwiaty pod Bramą Straceń (dzieje.pl)
2011:	delegacja UP z  PPS, OPZZ i SLD składa kwiaty (PS, Związkowiec)
2012:	delegacje UP i OPZZ (przegladsocjalistyczny.org), Jeszcze przed rozpoczęciem uroczystości przed budynkiem OPZZ, delegacje OPZZ złożyły wieńce przed miejscami pamięci, niezwykle ważnymi dla tożsamości związków zawodowych i lewicy w Polsce (KZ 63/2012)
2013:	?
2014:	?
2015:	Unia Pracy gospodarzem, delegacja OPZZ dda hołd ponad  60 tysięcy więźniom - bojowników o wyzwolenie narodowe i przemiany społeczne (opzz.org.pl archiwalne)
2016:	""""""Okolicznościowe przemówienia"""", składanie kwiatów. Pojawiają się delegacje SLD i OPZZ(uniapracy.org)""
2017:	gospodarzem UP, gośćmi PPS i OPZZ (uniapracy.org)
2018:	delegacje UP, SLD i OPZZ składają kwiaty przed pochodem (Trybuna)
2019:	wiec OPZZ i UP, następuje składanie wieńców (opzz.org.pl)",,,,Point,,"52.2651492,21.0023019","52.2651492,21.0023019",0,umap_backup_1-maja_warszawa9.umap,,True,tylko mapa,,,,,,,,
2008_PL_upamiętnienie_Brama-Stracen,2008,Lata,PL,Upamiętnienia,upamiętnienie,warstwa,,True,niezwiazkowe,Brama Straceń,"1990:	O 12, delegacje uczestników pochodu składają kwiaty (DT), Jaruzelski składa kwiaty w asyście wojskowej. Sam? (DT)
1991:	delegacja SLD i OPZZ składa kwiaty pod Bramą Straceń (DT)
1992:	*Delegacje uczestników manifestacji złożyły kwiaty przy Bramie Straceń na Warszawskiej Cytadeli (DT)
1993:	delegacje SLD i OPZZ składają po wiecu kwiaty (DT), UP samodzielnie składa kwiaty o 11; zebrało się kilkadziesiąt osób (GW)
1994:	PPS udaje się w delegację do Bramy Straceń, gdzie składane są kwiaty (DT), Samodzielny wiec i składanie kwiatów przez UP (TVP)
1995:	po pochodzie, o 12 delegacje SLD i OPZZ składają kwiaty pod Cytadelą (DT), UP – odrębny wiec i składanie kwiatów (ŻW)
1996:	UP składa kwiaty o 11 (GW), Po manifestacji delegacje uczestników składają kwiaty (DT)
1997:	Oddzielne uroczystości organizuje Unia Pracy. Unici zaczynają od złożenia wieńca przy Bramie Straceń o 11.  ... O 12 działacze SLD złożą wieńce pod Ścianą Straceń na stokach Cytadeli. Pół godziny później SdRP organizuje w swojej siedzibie konferencję prasową. GW 1997
1998:	""Pod Cytadelą samodzielny wiec UP, połączony z ceremonią składania kwiatów (TVP), Delegacje """"lewicy"""" składają kwiaty pod Cytadelą przed pochodem (RP)""
1999:	UP samodzielnie składa kwiaty. Podejrzewam, że możliwe, że później również SLD i OPZZ (DT)
2000:	Przedstawiciele UP składają wieniec przed tablicą, i kwiaty na grobach samodzielnie, o 11. O 12 przedstawiciele SLD i OPZZ w tym samym miejscu (DT 2000)
2001:	Po raz pierwszy w wiecu przy Cytadeli do UP dołączają przedstawiciele SLD i PPS (DT). 
2002:	Wspólne składanie wieńców przez Millera, i Marka Belkę z UP. W delegacji również OPZZ (TVP)
2003:	delegacje OPZZ (i pewnie innych, tak jak UP) składają kwiaty (KZ)
2004:	Pochód zaczyna się o 9:30 – kiedy składanie wieńców? NA pewno była delegacja OPZZ, w jej składzie Wiesława Taranowska (NTP, KZ), Jeszcze przed pochodem Oleksy i Jaruga-Nowacka złożyli kwiaty pod Bramą Straceń Warszawskiej Cytadeli (DT, 4.05)
2005:	Najpewniej UP sklada kwiaty na Cytadeli (skoro w 2006 było napisane że zgodnie z tradycją delegacja OPZZ tam jest)
2006:	delegacje OPZZ i NTP składają kwiaty (pewnie UP też) (NTP)
2007:	brak informacji o UP, najpiewniej odbyło się skladanie kwiatów
2008:	“Przed rozpoczęciem pochodu członkowie Unii Pracy, OPZZ i przedstawiciele innych organizacji lewicowych złożyli wieńce pod Bramą Straceń warszawskiej Cytadeli. Co roku 1 maja UP upamiętnia w ten sposób bojowników o wolność Polski, więzionych w murach Cytadeli w latach 1834-1918.” ([“Aby Polacy mogli godniej żyć”, 2008]
2009:	Gospodarzem UP, wśród gości ceremoni składania kwiatów OPZZ i SLD(TV SLD; PS),  
2010:	UP i delegacja PPS, SdPL oraz OPZZ składają kwiaty pod Bramą Straceń (dzieje.pl)
2011:	delegacja UP z  PPS, OPZZ i SLD składa kwiaty (PS, Związkowiec)
2012:	delegacje UP i OPZZ (przegladsocjalistyczny.org), Jeszcze przed rozpoczęciem uroczystości przed budynkiem OPZZ, delegacje OPZZ złożyły wieńce przed miejscami pamięci, niezwykle ważnymi dla tożsamości związków zawodowych i lewicy w Polsce (KZ 63/2012)
2013:	?
2014:	?
2015:	Unia Pracy gospodarzem, delegacja OPZZ dda hołd ponad  60 tysięcy więźniom - bojowników o wyzwolenie narodowe i przemiany społeczne (opzz.org.pl archiwalne)
2016:	""""""Okolicznościowe przemówienia"""", składanie kwiatów. Pojawiają się delegacje SLD i OPZZ(uniapracy.org)""
2017:	gospodarzem UP, gośćmi PPS i OPZZ (uniapracy.org)
2018:	delegacje UP, SLD i OPZZ składają kwiaty przed pochodem (Trybuna)
2019:	wiec OPZZ i UP, następuje składanie wieńców (opzz.org.pl)",,,,Point,,"52.2651492,21.0023019","52.2651492,21.0023019",0,umap_backup_1-maja_warszawa9.umap,,True,tylko mapa,,,,,,,,
2009_PL_upamiętnienie_Brama-Stracen,2009,Lata,PL,Upamiętnienia,upamiętnienie,warstwa,,True,niezwiazkowe,Brama Straceń,"1990:	O 12, delegacje uczestników pochodu składają kwiaty (DT), Jaruzelski składa kwiaty w asyście wojskowej. Sam? (DT)
1991:	delegacja SLD i OPZZ składa kwiaty pod Bramą Straceń (DT)
1992:	*Delegacje uczestników manifestacji złożyły kwiaty przy Bramie Straceń na Warszawskiej Cytadeli (DT)
1993:	delegacje SLD i OPZZ składają po wiecu kwiaty (DT), UP samodzielnie składa kwiaty o 11; zebrało się kilkadziesiąt osób (GW)
1994:	PPS udaje się w delegację do Bramy Straceń, gdzie składane są kwiaty (DT), Samodzielny wiec i składanie kwiatów przez UP (TVP)
1995:	po pochodzie, o 12 delegacje SLD i OPZZ składają kwiaty pod Cytadelą (DT), UP – odrębny wiec i składanie kwiatów (ŻW)
1996:	UP składa kwiaty o 11 (GW), Po manifestacji delegacje uczestników składają kwiaty (DT)
1997:	Oddzielne uroczystości organizuje Unia Pracy. Unici zaczynają od złożenia wieńca przy Bramie Straceń o 11.  ... O 12 działacze SLD złożą wieńce pod Ścianą Straceń na stokach Cytadeli. Pół godziny później SdRP organizuje w swojej siedzibie konferencję prasową. GW 1997
1998:	""Pod Cytadelą samodzielny wiec UP, połączony z ceremonią składania kwiatów (TVP), Delegacje """"lewicy"""" składają kwiaty pod Cytadelą przed pochodem (RP)""
1999:	UP samodzielnie składa kwiaty. Podejrzewam, że możliwe, że później również SLD i OPZZ (DT)
2000:	Przedstawiciele UP składają wieniec przed tablicą, i kwiaty na grobach samodzielnie, o 11. O 12 przedstawiciele SLD i OPZZ w tym samym miejscu (DT 2000)
2001:	Po raz pierwszy w wiecu przy Cytadeli do UP dołączają przedstawiciele SLD i PPS (DT). 
2002:	Wspólne składanie wieńców przez Millera, i Marka Belkę z UP. W delegacji również OPZZ (TVP)
2003:	delegacje OPZZ (i pewnie innych, tak jak UP) składają kwiaty (KZ)
2004:	Pochód zaczyna się o 9:30 – kiedy składanie wieńców? NA pewno była delegacja OPZZ, w jej składzie Wiesława Taranowska (NTP, KZ), Jeszcze przed pochodem Oleksy i Jaruga-Nowacka złożyli kwiaty pod Bramą Straceń Warszawskiej Cytadeli (DT, 4.05)
2005:	Najpewniej UP sklada kwiaty na Cytadeli (skoro w 2006 było napisane że zgodnie z tradycją delegacja OPZZ tam jest)
2006:	delegacje OPZZ i NTP składają kwiaty (pewnie UP też) (NTP)
2007:	brak informacji o UP, najpiewniej odbyło się skladanie kwiatów
2008:	“Przed rozpoczęciem pochodu członkowie Unii Pracy, OPZZ i przedstawiciele innych organizacji lewicowych złożyli wieńce pod Bramą Straceń warszawskiej Cytadeli. Co roku 1 maja UP upamiętnia w ten sposób bojowników o wolność Polski, więzionych w murach Cytadeli w latach 1834-1918.” ([“Aby Polacy mogli godniej żyć”, 2008]
2009:	Gospodarzem UP, wśród gości ceremoni składania kwiatów OPZZ i SLD(TV SLD; PS),  
2010:	UP i delegacja PPS, SdPL oraz OPZZ składają kwiaty pod Bramą Straceń (dzieje.pl)
2011:	delegacja UP z  PPS, OPZZ i SLD składa kwiaty (PS, Związkowiec)
2012:	delegacje UP i OPZZ (przegladsocjalistyczny.org), Jeszcze przed rozpoczęciem uroczystości przed budynkiem OPZZ, delegacje OPZZ złożyły wieńce przed miejscami pamięci, niezwykle ważnymi dla tożsamości związków zawodowych i lewicy w Polsce (KZ 63/2012)
2013:	?
2014:	?
2015:	Unia Pracy gospodarzem, delegacja OPZZ dda hołd ponad  60 tysięcy więźniom - bojowników o wyzwolenie narodowe i przemiany społeczne (opzz.org.pl archiwalne)
2016:	""""""Okolicznościowe przemówienia"""", składanie kwiatów. Pojawiają się delegacje SLD i OPZZ(uniapracy.org)""
2017:	gospodarzem UP, gośćmi PPS i OPZZ (uniapracy.org)
2018:	delegacje UP, SLD i OPZZ składają kwiaty przed pochodem (Trybuna)
2019:	wiec OPZZ i UP, następuje składanie wieńców (opzz.org.pl)",,,,Point,,"52.2651492,21.0023019","52.2651492,21.0023019",0,umap_backup_1-maja_warszawa9.umap,,True,tylko mapa,,,,,,,,
2010_PL_upamiętnienie_Brama-Stracen,2010,Lata,PL,Upamiętnienia,upamiętnienie,warstwa,,True,niezwiazkowe,Brama Straceń,"1990:	O 12, delegacje uczestników pochodu składają kwiaty (DT), Jaruzelski składa kwiaty w asyście wojskowej. Sam? (DT)
1991:	delegacja SLD i OPZZ składa kwiaty pod Bramą Straceń (DT)
1992:	*Delegacje uczestników manifestacji złożyły kwiaty przy Bramie Straceń na Warszawskiej Cytadeli (DT)
1993:	delegacje SLD i OPZZ składają po wiecu kwiaty (DT), UP samodzielnie składa kwiaty o 11; zebrało się kilkadziesiąt osób (GW)
1994:	PPS udaje się w delegację do Bramy Straceń, gdzie składane są kwiaty (DT), Samodzielny wiec i składanie kwiatów przez UP (TVP)
1995:	po pochodzie, o 12 delegacje SLD i OPZZ składają kwiaty pod Cytadelą (DT), UP – odrębny wiec i składanie kwiatów (ŻW)
1996:	UP składa kwiaty o 11 (GW), Po manifestacji delegacje uczestników składają kwiaty (DT)
1997:	Oddzielne uroczystości organizuje Unia Pracy. Unici zaczynają od złożenia wieńca przy Bramie Straceń o 11.  ... O 12 działacze SLD złożą wieńce pod Ścianą Straceń na stokach Cytadeli. Pół godziny później SdRP organizuje w swojej siedzibie konferencję prasową. GW 1997
1998:	""Pod Cytadelą samodzielny wiec UP, połączony z ceremonią składania kwiatów (TVP), Delegacje """"lewicy"""" składają kwiaty pod Cytadelą przed pochodem (RP)""
1999:	UP samodzielnie składa kwiaty. Podejrzewam, że możliwe, że później również SLD i OPZZ (DT)
2000:	Przedstawiciele UP składają wieniec przed tablicą, i kwiaty na grobach samodzielnie, o 11. O 12 przedstawiciele SLD i OPZZ w tym samym miejscu (DT 2000)
2001:	Po raz pierwszy w wiecu przy Cytadeli do UP dołączają przedstawiciele SLD i PPS (DT). 
2002:	Wspólne składanie wieńców przez Millera, i Marka Belkę z UP. W delegacji również OPZZ (TVP)
2003:	delegacje OPZZ (i pewnie innych, tak jak UP) składają kwiaty (KZ)
2004:	Pochód zaczyna się o 9:30 – kiedy składanie wieńców? NA pewno była delegacja OPZZ, w jej składzie Wiesława Taranowska (NTP, KZ), Jeszcze przed pochodem Oleksy i Jaruga-Nowacka złożyli kwiaty pod Bramą Straceń Warszawskiej Cytadeli (DT, 4.05)
2005:	Najpewniej UP sklada kwiaty na Cytadeli (skoro w 2006 było napisane że zgodnie z tradycją delegacja OPZZ tam jest)
2006:	delegacje OPZZ i NTP składają kwiaty (pewnie UP też) (NTP)
2007:	brak informacji o UP, najpiewniej odbyło się skladanie kwiatów
2008:	“Przed rozpoczęciem pochodu członkowie Unii Pracy, OPZZ i przedstawiciele innych organizacji lewicowych złożyli wieńce pod Bramą Straceń warszawskiej Cytadeli. Co roku 1 maja UP upamiętnia w ten sposób bojowników o wolność Polski, więzionych w murach Cytadeli w latach 1834-1918.” ([“Aby Polacy mogli godniej żyć”, 2008]
2009:	Gospodarzem UP, wśród gości ceremoni składania kwiatów OPZZ i SLD(TV SLD; PS),  
2010:	UP i delegacja PPS, SdPL oraz OPZZ składają kwiaty pod Bramą Straceń (dzieje.pl)
2011:	delegacja UP z  PPS, OPZZ i SLD składa kwiaty (PS, Związkowiec)
2012:	delegacje UP i OPZZ (przegladsocjalistyczny.org), Jeszcze przed rozpoczęciem uroczystości przed budynkiem OPZZ, delegacje OPZZ złożyły wieńce przed miejscami pamięci, niezwykle ważnymi dla tożsamości związków zawodowych i lewicy w Polsce (KZ 63/2012)
2013:	?
2014:	?
2015:	Unia Pracy gospodarzem, delegacja OPZZ dda hołd ponad  60 tysięcy więźniom - bojowników o wyzwolenie narodowe i przemiany społeczne (opzz.org.pl archiwalne)
2016:	""""""Okolicznościowe przemówienia"""", składanie kwiatów. Pojawiają się delegacje SLD i OPZZ(uniapracy.org)""
2017:	gospodarzem UP, gośćmi PPS i OPZZ (uniapracy.org)
2018:	delegacje UP, SLD i OPZZ składają kwiaty przed pochodem (Trybuna)
2019:	wiec OPZZ i UP, następuje składanie wieńców (opzz.org.pl)",,,,Point,,"52.2651492,21.0023019","52.2651492,21.0023019",0,umap_backup_1-maja_warszawa9.umap,,True,tylko mapa,,,,,,,,
2011_PL_upamiętnienie_Brama-Stracen,2011,Lata,PL,Upamiętnienia,upamiętnienie,warstwa,,True,niezwiazkowe,Brama Straceń,"1990:	O 12, delegacje uczestników pochodu składają kwiaty (DT), Jaruzelski składa kwiaty w asyście wojskowej. Sam? (DT)
1991:	delegacja SLD i OPZZ składa kwiaty pod Bramą Straceń (DT)
1992:	*Delegacje uczestników manifestacji złożyły kwiaty przy Bramie Straceń na Warszawskiej Cytadeli (DT)
1993:	delegacje SLD i OPZZ składają po wiecu kwiaty (DT), UP samodzielnie składa kwiaty o 11; zebrało się kilkadziesiąt osób (GW)
1994:	PPS udaje się w delegację do Bramy Straceń, gdzie składane są kwiaty (DT), Samodzielny wiec i składanie kwiatów przez UP (TVP)
1995:	po pochodzie, o 12 delegacje SLD i OPZZ składają kwiaty pod Cytadelą (DT), UP – odrębny wiec i składanie kwiatów (ŻW)
1996:	UP składa kwiaty o 11 (GW), Po manifestacji delegacje uczestników składają kwiaty (DT)
1997:	Oddzielne uroczystości organizuje Unia Pracy. Unici zaczynają od złożenia wieńca przy Bramie Straceń o 11.  ... O 12 działacze SLD złożą wieńce pod Ścianą Straceń na stokach Cytadeli. Pół godziny później SdRP organizuje w swojej siedzibie konferencję prasową. GW 1997
1998:	""Pod Cytadelą samodzielny wiec UP, połączony z ceremonią składania kwiatów (TVP), Delegacje """"lewicy"""" składają kwiaty pod Cytadelą przed pochodem (RP)""
1999:	UP samodzielnie składa kwiaty. Podejrzewam, że możliwe, że później również SLD i OPZZ (DT)
2000:	Przedstawiciele UP składają wieniec przed tablicą, i kwiaty na grobach samodzielnie, o 11. O 12 przedstawiciele SLD i OPZZ w tym samym miejscu (DT 2000)
2001:	Po raz pierwszy w wiecu przy Cytadeli do UP dołączają przedstawiciele SLD i PPS (DT). 
2002:	Wspólne składanie wieńców przez Millera, i Marka Belkę z UP. W delegacji również OPZZ (TVP)
2003:	delegacje OPZZ (i pewnie innych, tak jak UP) składają kwiaty (KZ)
2004:	Pochód zaczyna się o 9:30 – kiedy składanie wieńców? NA pewno była delegacja OPZZ, w jej składzie Wiesława Taranowska (NTP, KZ), Jeszcze przed pochodem Oleksy i Jaruga-Nowacka złożyli kwiaty pod Bramą Straceń Warszawskiej Cytadeli (DT, 4.05)
2005:	Najpewniej UP sklada kwiaty na Cytadeli (skoro w 2006 było napisane że zgodnie z tradycją delegacja OPZZ tam jest)
2006:	delegacje OPZZ i NTP składają kwiaty (pewnie UP też) (NTP)
2007:	brak informacji o UP, najpiewniej odbyło się skladanie kwiatów
2008:	“Przed rozpoczęciem pochodu członkowie Unii Pracy, OPZZ i przedstawiciele innych organizacji lewicowych złożyli wieńce pod Bramą Straceń warszawskiej Cytadeli. Co roku 1 maja UP upamiętnia w ten sposób bojowników o wolność Polski, więzionych w murach Cytadeli w latach 1834-1918.” ([“Aby Polacy mogli godniej żyć”, 2008]
2009:	Gospodarzem UP, wśród gości ceremoni składania kwiatów OPZZ i SLD(TV SLD; PS),  
2010:	UP i delegacja PPS, SdPL oraz OPZZ składają kwiaty pod Bramą Straceń (dzieje.pl)
2011:	delegacja UP z  PPS, OPZZ i SLD składa kwiaty (PS, Związkowiec)
2012:	delegacje UP i OPZZ (przegladsocjalistyczny.org), Jeszcze przed rozpoczęciem uroczystości przed budynkiem OPZZ, delegacje OPZZ złożyły wieńce przed miejscami pamięci, niezwykle ważnymi dla tożsamości związków zawodowych i lewicy w Polsce (KZ 63/2012)
2013:	?
2014:	?
2015:	Unia Pracy gospodarzem, delegacja OPZZ dda hołd ponad  60 tysięcy więźniom - bojowników o wyzwolenie narodowe i przemiany społeczne (opzz.org.pl archiwalne)
2016:	""""""Okolicznościowe przemówienia"""", składanie kwiatów. Pojawiają się delegacje SLD i OPZZ(uniapracy.org)""
2017:	gospodarzem UP, gośćmi PPS i OPZZ (uniapracy.org)
2018:	delegacje UP, SLD i OPZZ składają kwiaty przed pochodem (Trybuna)
2019:	wiec OPZZ i UP, następuje składanie wieńców (opzz.org.pl)",,,,Point,,"52.2651492,21.0023019","52.2651492,21.0023019",0,umap_backup_1-maja_warszawa9.umap,,True,tylko mapa,,,,,,,,
2012_PL_upamiętnienie_Brama-Stracen,2012,Lata,PL,Upamiętnienia,upamiętnienie,warstwa,,True,niezwiazkowe,Brama Straceń,"1990:	O 12, delegacje uczestników pochodu składają kwiaty (DT), Jaruzelski składa kwiaty w asyście wojskowej. Sam? (DT)
1991:	delegacja SLD i OPZZ składa kwiaty pod Bramą Straceń (DT)
1992:	*Delegacje uczestników manifestacji złożyły kwiaty przy Bramie Straceń na Warszawskiej Cytadeli (DT)
1993:	delegacje SLD i OPZZ składają po wiecu kwiaty (DT), UP samodzielnie składa kwiaty o 11; zebrało się kilkadziesiąt osób (GW)
1994:	PPS udaje się w delegację do Bramy Straceń, gdzie składane są kwiaty (DT), Samodzielny wiec i składanie kwiatów przez UP (TVP)
1995:	po pochodzie, o 12 delegacje SLD i OPZZ składają kwiaty pod Cytadelą (DT), UP – odrębny wiec i składanie kwiatów (ŻW)
1996:	UP składa kwiaty o 11 (GW), Po manifestacji delegacje uczestników składają kwiaty (DT)
1997:	Oddzielne uroczystości organizuje Unia Pracy. Unici zaczynają od złożenia wieńca przy Bramie Straceń o 11.  ... O 12 działacze SLD złożą wieńce pod Ścianą Straceń na stokach Cytadeli. Pół godziny później SdRP organizuje w swojej siedzibie konferencję prasową. GW 1997
1998:	""Pod Cytadelą samodzielny wiec UP, połączony z ceremonią składania kwiatów (TVP), Delegacje """"lewicy"""" składają kwiaty pod Cytadelą przed pochodem (RP)""
1999:	UP samodzielnie składa kwiaty. Podejrzewam, że możliwe, że później również SLD i OPZZ (DT)
2000:	Przedstawiciele UP składają wieniec przed tablicą, i kwiaty na grobach samodzielnie, o 11. O 12 przedstawiciele SLD i OPZZ w tym samym miejscu (DT 2000)
2001:	Po raz pierwszy w wiecu przy Cytadeli do UP dołączają przedstawiciele SLD i PPS (DT). 
2002:	Wspólne składanie wieńców przez Millera, i Marka Belkę z UP. W delegacji również OPZZ (TVP)
2003:	delegacje OPZZ (i pewnie innych, tak jak UP) składają kwiaty (KZ)
2004:	Pochód zaczyna się o 9:30 – kiedy składanie wieńców? NA pewno była delegacja OPZZ, w jej składzie Wiesława Taranowska (NTP, KZ), Jeszcze przed pochodem Oleksy i Jaruga-Nowacka złożyli kwiaty pod Bramą Straceń Warszawskiej Cytadeli (DT, 4.05)
2005:	Najpewniej UP sklada kwiaty na Cytadeli (skoro w 2006 było napisane że zgodnie z tradycją delegacja OPZZ tam jest)
2006:	delegacje OPZZ i NTP składają kwiaty (pewnie UP też) (NTP)
2007:	brak informacji o UP, najpiewniej odbyło się skladanie kwiatów
2008:	“Przed rozpoczęciem pochodu członkowie Unii Pracy, OPZZ i przedstawiciele innych organizacji lewicowych złożyli wieńce pod Bramą Straceń warszawskiej Cytadeli. Co roku 1 maja UP upamiętnia w ten sposób bojowników o wolność Polski, więzionych w murach Cytadeli w latach 1834-1918.” ([“Aby Polacy mogli godniej żyć”, 2008]
2009:	Gospodarzem UP, wśród gości ceremoni składania kwiatów OPZZ i SLD(TV SLD; PS),  
2010:	UP i delegacja PPS, SdPL oraz OPZZ składają kwiaty pod Bramą Straceń (dzieje.pl)
2011:	delegacja UP z  PPS, OPZZ i SLD składa kwiaty (PS, Związkowiec)
2012:	delegacje UP i OPZZ (przegladsocjalistyczny.org), Jeszcze przed rozpoczęciem uroczystości przed budynkiem OPZZ, delegacje OPZZ złożyły wieńce przed miejscami pamięci, niezwykle ważnymi dla tożsamości związków zawodowych i lewicy w Polsce (KZ 63/2012)
2013:	?
2014:	?
2015:	Unia Pracy gospodarzem, delegacja OPZZ dda hołd ponad  60 tysięcy więźniom - bojowników o wyzwolenie narodowe i przemiany społeczne (opzz.org.pl archiwalne)
2016:	""""""Okolicznościowe przemówienia"""", składanie kwiatów. Pojawiają się delegacje SLD i OPZZ(uniapracy.org)""
2017:	gospodarzem UP, gośćmi PPS i OPZZ (uniapracy.org)
2018:	delegacje UP, SLD i OPZZ składają kwiaty przed pochodem (Trybuna)
2019:	wiec OPZZ i UP, następuje składanie wieńców (opzz.org.pl)",,,,Point,,"52.2651492,21.0023019","52.2651492,21.0023019",0,umap_backup_1-maja_warszawa9.umap,,True,tylko mapa,,,,,,,,
2013_PL_upamiętnienie_Brama-Stracen,2013,Lata,PL,Upamiętnienia,upamiętnienie,warstwa,,True,niezwiazkowe,Brama Straceń,"1990:	O 12, delegacje uczestników pochodu składają kwiaty (DT), Jaruzelski składa kwiaty w asyście wojskowej. Sam? (DT)
1991:	delegacja SLD i OPZZ składa kwiaty pod Bramą Straceń (DT)
1992:	*Delegacje uczestników manifestacji złożyły kwiaty przy Bramie Straceń na Warszawskiej Cytadeli (DT)
1993:	delegacje SLD i OPZZ składają po wiecu kwiaty (DT), UP samodzielnie składa kwiaty o 11; zebrało się kilkadziesiąt osób (GW)
1994:	PPS udaje się w delegację do Bramy Straceń, gdzie składane są kwiaty (DT), Samodzielny wiec i składanie kwiatów przez UP (TVP)
1995:	po pochodzie, o 12 delegacje SLD i OPZZ składają kwiaty pod Cytadelą (DT), UP – odrębny wiec i składanie kwiatów (ŻW)
1996:	UP składa kwiaty o 11 (GW), Po manifestacji delegacje uczestników składają kwiaty (DT)
1997:	Oddzielne uroczystości organizuje Unia Pracy. Unici zaczynają od złożenia wieńca przy Bramie Straceń o 11.  ... O 12 działacze SLD złożą wieńce pod Ścianą Straceń na stokach Cytadeli. Pół godziny później SdRP organizuje w swojej siedzibie konferencję prasową. GW 1997
1998:	""Pod Cytadelą samodzielny wiec UP, połączony z ceremonią składania kwiatów (TVP), Delegacje """"lewicy"""" składają kwiaty pod Cytadelą przed pochodem (RP)""
1999:	UP samodzielnie składa kwiaty. Podejrzewam, że możliwe, że później również SLD i OPZZ (DT)
2000:	Przedstawiciele UP składają wieniec przed tablicą, i kwiaty na grobach samodzielnie, o 11. O 12 przedstawiciele SLD i OPZZ w tym samym miejscu (DT 2000)
2001:	Po raz pierwszy w wiecu przy Cytadeli do UP dołączają przedstawiciele SLD i PPS (DT). 
2002:	Wspólne składanie wieńców przez Millera, i Marka Belkę z UP. W delegacji również OPZZ (TVP)
2003:	delegacje OPZZ (i pewnie innych, tak jak UP) składają kwiaty (KZ)
2004:	Pochód zaczyna się o 9:30 – kiedy składanie wieńców? NA pewno była delegacja OPZZ, w jej składzie Wiesława Taranowska (NTP, KZ), Jeszcze przed pochodem Oleksy i Jaruga-Nowacka złożyli kwiaty pod Bramą Straceń Warszawskiej Cytadeli (DT, 4.05)
2005:	Najpewniej UP sklada kwiaty na Cytadeli (skoro w 2006 było napisane że zgodnie z tradycją delegacja OPZZ tam jest)
2006:	delegacje OPZZ i NTP składają kwiaty (pewnie UP też) (NTP)
2007:	brak informacji o UP, najpiewniej odbyło się skladanie kwiatów
2008:	“Przed rozpoczęciem pochodu członkowie Unii Pracy, OPZZ i przedstawiciele innych organizacji lewicowych złożyli wieńce pod Bramą Straceń warszawskiej Cytadeli. Co roku 1 maja UP upamiętnia w ten sposób bojowników o wolność Polski, więzionych w murach Cytadeli w latach 1834-1918.” ([“Aby Polacy mogli godniej żyć”, 2008]
2009:	Gospodarzem UP, wśród gości ceremoni składania kwiatów OPZZ i SLD(TV SLD; PS),  
2010:	UP i delegacja PPS, SdPL oraz OPZZ składają kwiaty pod Bramą Straceń (dzieje.pl)
2011:	delegacja UP z  PPS, OPZZ i SLD składa kwiaty (PS, Związkowiec)
2012:	delegacje UP i OPZZ (przegladsocjalistyczny.org), Jeszcze przed rozpoczęciem uroczystości przed budynkiem OPZZ, delegacje OPZZ złożyły wieńce przed miejscami pamięci, niezwykle ważnymi dla tożsamości związków zawodowych i lewicy w Polsce (KZ 63/2012)
2013:	?
2014:	?
2015:	Unia Pracy gospodarzem, delegacja OPZZ dda hołd ponad  60 tysięcy więźniom - bojowników o wyzwolenie narodowe i przemiany społeczne (opzz.org.pl archiwalne)
2016:	""""""Okolicznościowe przemówienia"""", składanie kwiatów. Pojawiają się delegacje SLD i OPZZ(uniapracy.org)""
2017:	gospodarzem UP, gośćmi PPS i OPZZ (uniapracy.org)
2018:	delegacje UP, SLD i OPZZ składają kwiaty przed pochodem (Trybuna)
2019:	wiec OPZZ i UP, następuje składanie wieńców (opzz.org.pl)",,,,Point,,"52.2651492,21.0023019","52.2651492,21.0023019",0,umap_backup_1-maja_warszawa9.umap,,True,tylko mapa,,,,,,,,
2014_PL_upamiętnienie_Brama-Stracen,2014,Lata,PL,Upamiętnienia,upamiętnienie,warstwa,,True,niezwiazkowe,Brama Straceń,"1990:	O 12, delegacje uczestników pochodu składają kwiaty (DT), Jaruzelski składa kwiaty w asyście wojskowej. Sam? (DT)
1991:	delegacja SLD i OPZZ składa kwiaty pod Bramą Straceń (DT)
1992:	*Delegacje uczestników manifestacji złożyły kwiaty przy Bramie Straceń na Warszawskiej Cytadeli (DT)
1993:	delegacje SLD i OPZZ składają po wiecu kwiaty (DT), UP samodzielnie składa kwiaty o 11; zebrało się kilkadziesiąt osób (GW)
1994:	PPS udaje się w delegację do Bramy Straceń, gdzie składane są kwiaty (DT), Samodzielny wiec i składanie kwiatów przez UP (TVP)
1995:	po pochodzie, o 12 delegacje SLD i OPZZ składają kwiaty pod Cytadelą (DT), UP – odrębny wiec i składanie kwiatów (ŻW)
1996:	UP składa kwiaty o 11 (GW), Po manifestacji delegacje uczestników składają kwiaty (DT)
1997:	Oddzielne uroczystości organizuje Unia Pracy. Unici zaczynają od złożenia wieńca przy Bramie Straceń o 11.  ... O 12 działacze SLD złożą wieńce pod Ścianą Straceń na stokach Cytadeli. Pół godziny później SdRP organizuje w swojej siedzibie konferencję prasową. GW 1997
1998:	""Pod Cytadelą samodzielny wiec UP, połączony z ceremonią składania kwiatów (TVP), Delegacje """"lewicy"""" składają kwiaty pod Cytadelą przed pochodem (RP)""
1999:	UP samodzielnie składa kwiaty. Podejrzewam, że możliwe, że później również SLD i OPZZ (DT)
2000:	Przedstawiciele UP składają wieniec przed tablicą, i kwiaty na grobach samodzielnie, o 11. O 12 przedstawiciele SLD i OPZZ w tym samym miejscu (DT 2000)
2001:	Po raz pierwszy w wiecu przy Cytadeli do UP dołączają przedstawiciele SLD i PPS (DT). 
2002:	Wspólne składanie wieńców przez Millera, i Marka Belkę z UP. W delegacji również OPZZ (TVP)
2003:	delegacje OPZZ (i pewnie innych, tak jak UP) składają kwiaty (KZ)
2004:	Pochód zaczyna się o 9:30 – kiedy składanie wieńców? NA pewno była delegacja OPZZ, w jej składzie Wiesława Taranowska (NTP, KZ), Jeszcze przed pochodem Oleksy i Jaruga-Nowacka złożyli kwiaty pod Bramą Straceń Warszawskiej Cytadeli (DT, 4.05)
2005:	Najpewniej UP sklada kwiaty na Cytadeli (skoro w 2006 było napisane że zgodnie z tradycją delegacja OPZZ tam jest)
2006:	delegacje OPZZ i NTP składają kwiaty (pewnie UP też) (NTP)
2007:	brak informacji o UP, najpiewniej odbyło się skladanie kwiatów
2008:	“Przed rozpoczęciem pochodu członkowie Unii Pracy, OPZZ i przedstawiciele innych organizacji lewicowych złożyli wieńce pod Bramą Straceń warszawskiej Cytadeli. Co roku 1 maja UP upamiętnia w ten sposób bojowników o wolność Polski, więzionych w murach Cytadeli w latach 1834-1918.” ([“Aby Polacy mogli godniej żyć”, 2008]
2009:	Gospodarzem UP, wśród gości ceremoni składania kwiatów OPZZ i SLD(TV SLD; PS),  
2010:	UP i delegacja PPS, SdPL oraz OPZZ składają kwiaty pod Bramą Straceń (dzieje.pl)
2011:	delegacja UP z  PPS, OPZZ i SLD składa kwiaty (PS, Związkowiec)
2012:	delegacje UP i OPZZ (przegladsocjalistyczny.org), Jeszcze przed rozpoczęciem uroczystości przed budynkiem OPZZ, delegacje OPZZ złożyły wieńce przed miejscami pamięci, niezwykle ważnymi dla tożsamości związków zawodowych i lewicy w Polsce (KZ 63/2012)
2013:	?
2014:	?
2015:	Unia Pracy gospodarzem, delegacja OPZZ dda hołd ponad  60 tysięcy więźniom - bojowników o wyzwolenie narodowe i przemiany społeczne (opzz.org.pl archiwalne)
2016:	""""""Okolicznościowe przemówienia"""", składanie kwiatów. Pojawiają się delegacje SLD i OPZZ(uniapracy.org)""
2017:	gospodarzem UP, gośćmi PPS i OPZZ (uniapracy.org)
2018:	delegacje UP, SLD i OPZZ składają kwiaty przed pochodem (Trybuna)
2019:	wiec OPZZ i UP, następuje składanie wieńców (opzz.org.pl)",,,,Point,,"52.2651492,21.0023019","52.2651492,21.0023019",0,umap_backup_1-maja_warszawa9.umap,,True,tylko mapa,,,,,,,,
2015_PL_upamiętnienie_Brama-Stracen,2015,Lata,PL,Upamiętnienia,upamiętnienie,warstwa,,True,niezwiazkowe,Brama Straceń,"1990:	O 12, delegacje uczestników pochodu składają kwiaty (DT), Jaruzelski składa kwiaty w asyście wojskowej. Sam? (DT)
1991:	delegacja SLD i OPZZ składa kwiaty pod Bramą Straceń (DT)
1992:	*Delegacje uczestników manifestacji złożyły kwiaty przy Bramie Straceń na Warszawskiej Cytadeli (DT)
1993:	delegacje SLD i OPZZ składają po wiecu kwiaty (DT), UP samodzielnie składa kwiaty o 11; zebrało się kilkadziesiąt osób (GW)
1994:	PPS udaje się w delegację do Bramy Straceń, gdzie składane są kwiaty (DT), Samodzielny wiec i składanie kwiatów przez UP (TVP)
1995:	po pochodzie, o 12 delegacje SLD i OPZZ składają kwiaty pod Cytadelą (DT), UP – odrębny wiec i składanie kwiatów (ŻW)
1996:	UP składa kwiaty o 11 (GW), Po manifestacji delegacje uczestników składają kwiaty (DT)
1997:	Oddzielne uroczystości organizuje Unia Pracy. Unici zaczynają od złożenia wieńca przy Bramie Straceń o 11.  ... O 12 działacze SLD złożą wieńce pod Ścianą Straceń na stokach Cytadeli. Pół godziny później SdRP organizuje w swojej siedzibie konferencję prasową. GW 1997
1998:	""Pod Cytadelą samodzielny wiec UP, połączony z ceremonią składania kwiatów (TVP), Delegacje """"lewicy"""" składają kwiaty pod Cytadelą przed pochodem (RP)""
1999:	UP samodzielnie składa kwiaty. Podejrzewam, że możliwe, że później również SLD i OPZZ (DT)
2000:	Przedstawiciele UP składają wieniec przed tablicą, i kwiaty na grobach samodzielnie, o 11. O 12 przedstawiciele SLD i OPZZ w tym samym miejscu (DT 2000)
2001:	Po raz pierwszy w wiecu przy Cytadeli do UP dołączają przedstawiciele SLD i PPS (DT). 
2002:	Wspólne składanie wieńców przez Millera, i Marka Belkę z UP. W delegacji również OPZZ (TVP)
2003:	delegacje OPZZ (i pewnie innych, tak jak UP) składają kwiaty (KZ)
2004:	Pochód zaczyna się o 9:30 – kiedy składanie wieńców? NA pewno była delegacja OPZZ, w jej składzie Wiesława Taranowska (NTP, KZ), Jeszcze przed pochodem Oleksy i Jaruga-Nowacka złożyli kwiaty pod Bramą Straceń Warszawskiej Cytadeli (DT, 4.05)
2005:	Najpewniej UP sklada kwiaty na Cytadeli (skoro w 2006 było napisane że zgodnie z tradycją delegacja OPZZ tam jest)
2006:	delegacje OPZZ i NTP składają kwiaty (pewnie UP też) (NTP)
2007:	brak informacji o UP, najpiewniej odbyło się skladanie kwiatów
2008:	“Przed rozpoczęciem pochodu członkowie Unii Pracy, OPZZ i przedstawiciele innych organizacji lewicowych złożyli wieńce pod Bramą Straceń warszawskiej Cytadeli. Co roku 1 maja UP upamiętnia w ten sposób bojowników o wolność Polski, więzionych w murach Cytadeli w latach 1834-1918.” ([“Aby Polacy mogli godniej żyć”, 2008]
2009:	Gospodarzem UP, wśród gości ceremoni składania kwiatów OPZZ i SLD(TV SLD; PS),  
2010:	UP i delegacja PPS, SdPL oraz OPZZ składają kwiaty pod Bramą Straceń (dzieje.pl)
2011:	delegacja UP z  PPS, OPZZ i SLD składa kwiaty (PS, Związkowiec)
2012:	delegacje UP i OPZZ (przegladsocjalistyczny.org), Jeszcze przed rozpoczęciem uroczystości przed budynkiem OPZZ, delegacje OPZZ złożyły wieńce przed miejscami pamięci, niezwykle ważnymi dla tożsamości związków zawodowych i lewicy w Polsce (KZ 63/2012)
2013:	?
2014:	?
2015:	Unia Pracy gospodarzem, delegacja OPZZ dda hołd ponad  60 tysięcy więźniom - bojowników o wyzwolenie narodowe i przemiany społeczne (opzz.org.pl archiwalne)
2016:	""""""Okolicznościowe przemówienia"""", składanie kwiatów. Pojawiają się delegacje SLD i OPZZ(uniapracy.org)""
2017:	gospodarzem UP, gośćmi PPS i OPZZ (uniapracy.org)
2018:	delegacje UP, SLD i OPZZ składają kwiaty przed pochodem (Trybuna)
2019:	wiec OPZZ i UP, następuje składanie wieńców (opzz.org.pl)",,,,Point,,"52.2651492,21.0023019","52.2651492,21.0023019",0,umap_backup_1-maja_warszawa9.umap,,True,tylko mapa,,,,,,,,
2016_PL_upamiętnienie_Brama-Stracen,2016,Lata,PL,Upamiętnienia,upamiętnienie,warstwa,,True,niezwiazkowe,Brama Straceń,"1990:	O 12, delegacje uczestników pochodu składają kwiaty (DT), Jaruzelski składa kwiaty w asyście wojskowej. Sam? (DT)
1991:	delegacja SLD i OPZZ składa kwiaty pod Bramą Straceń (DT)
1992:	*Delegacje uczestników manifestacji złożyły kwiaty przy Bramie Straceń na Warszawskiej Cytadeli (DT)
1993:	delegacje SLD i OPZZ składają po wiecu kwiaty (DT), UP samodzielnie składa kwiaty o 11; zebrało się kilkadziesiąt osób (GW)
1994:	PPS udaje się w delegację do Bramy Straceń, gdzie składane są kwiaty (DT), Samodzielny wiec i składanie kwiatów przez UP (TVP)
1995:	po pochodzie, o 12 delegacje SLD i OPZZ składają kwiaty pod Cytadelą (DT), UP – odrębny wiec i składanie kwiatów (ŻW)
1996:	UP składa kwiaty o 11 (GW), Po manifestacji delegacje uczestników składają kwiaty (DT)
1997:	Oddzielne uroczystości organizuje Unia Pracy. Unici zaczynają od złożenia wieńca przy Bramie Straceń o 11.  ... O 12 działacze SLD złożą wieńce pod Ścianą Straceń na stokach Cytadeli. Pół godziny później SdRP organizuje w swojej siedzibie konferencję prasową. GW 1997
1998:	""Pod Cytadelą samodzielny wiec UP, połączony z ceremonią składania kwiatów (TVP), Delegacje """"lewicy"""" składają kwiaty pod Cytadelą przed pochodem (RP)""
1999:	UP samodzielnie składa kwiaty. Podejrzewam, że możliwe, że później również SLD i OPZZ (DT)
2000:	Przedstawiciele UP składają wieniec przed tablicą, i kwiaty na grobach samodzielnie, o 11. O 12 przedstawiciele SLD i OPZZ w tym samym miejscu (DT 2000)
2001:	Po raz pierwszy w wiecu przy Cytadeli do UP dołączają przedstawiciele SLD i PPS (DT). 
2002:	Wspólne składanie wieńców przez Millera, i Marka Belkę z UP. W delegacji również OPZZ (TVP)
2003:	delegacje OPZZ (i pewnie innych, tak jak UP) składają kwiaty (KZ)
2004:	Pochód zaczyna się o 9:30 – kiedy składanie wieńców? NA pewno była delegacja OPZZ, w jej składzie Wiesława Taranowska (NTP, KZ), Jeszcze przed pochodem Oleksy i Jaruga-Nowacka złożyli kwiaty pod Bramą Straceń Warszawskiej Cytadeli (DT, 4.05)
2005:	Najpewniej UP sklada kwiaty na Cytadeli (skoro w 2006 było napisane że zgodnie z tradycją delegacja OPZZ tam jest)
2006:	delegacje OPZZ i NTP składają kwiaty (pewnie UP też) (NTP)
2007:	brak informacji o UP, najpiewniej odbyło się skladanie kwiatów
2008:	“Przed rozpoczęciem pochodu członkowie Unii Pracy, OPZZ i przedstawiciele innych organizacji lewicowych złożyli wieńce pod Bramą Straceń warszawskiej Cytadeli. Co roku 1 maja UP upamiętnia w ten sposób bojowników o wolność Polski, więzionych w murach Cytadeli w latach 1834-1918.” ([“Aby Polacy mogli godniej żyć”, 2008]
2009:	Gospodarzem UP, wśród gości ceremoni składania kwiatów OPZZ i SLD(TV SLD; PS),  
2010:	UP i delegacja PPS, SdPL oraz OPZZ składają kwiaty pod Bramą Straceń (dzieje.pl)
2011:	delegacja UP z  PPS, OPZZ i SLD składa kwiaty (PS, Związkowiec)
2012:	delegacje UP i OPZZ (przegladsocjalistyczny.org), Jeszcze przed rozpoczęciem uroczystości przed budynkiem OPZZ, delegacje OPZZ złożyły wieńce przed miejscami pamięci, niezwykle ważnymi dla tożsamości związków zawodowych i lewicy w Polsce (KZ 63/2012)
2013:	?
2014:	?
2015:	Unia Pracy gospodarzem, delegacja OPZZ dda hołd ponad  60 tysięcy więźniom - bojowników o wyzwolenie narodowe i przemiany społeczne (opzz.org.pl archiwalne)
2016:	""""""Okolicznościowe przemówienia"""", składanie kwiatów. Pojawiają się delegacje SLD i OPZZ(uniapracy.org)""
2017:	gospodarzem UP, gośćmi PPS i OPZZ (uniapracy.org)
2018:	delegacje UP, SLD i OPZZ składają kwiaty przed pochodem (Trybuna)
2019:	wiec OPZZ i UP, następuje składanie wieńców (opzz.org.pl)",,,,Point,,"52.2651492,21.0023019","52.2651492,21.0023019",0,umap_backup_1-maja_warszawa9.umap,,True,tylko mapa,,,,,,,,
2017_PL_upamiętnienie_Brama-Stracen,2017,Lata,PL,Upamiętnienia,upamiętnienie,warstwa,,True,niezwiazkowe,Brama Straceń,"1990:	O 12, delegacje uczestników pochodu składają kwiaty (DT), Jaruzelski składa kwiaty w asyście wojskowej. Sam? (DT)
1991:	delegacja SLD i OPZZ składa kwiaty pod Bramą Straceń (DT)
1992:	*Delegacje uczestników manifestacji złożyły kwiaty przy Bramie Straceń na Warszawskiej Cytadeli (DT)
1993:	delegacje SLD i OPZZ składają po wiecu kwiaty (DT), UP samodzielnie składa kwiaty o 11; zebrało się kilkadziesiąt osób (GW)
1994:	PPS udaje się w delegację do Bramy Straceń, gdzie składane są kwiaty (DT), Samodzielny wiec i składanie kwiatów przez UP (TVP)
1995:	po pochodzie, o 12 delegacje SLD i OPZZ składają kwiaty pod Cytadelą (DT), UP – odrębny wiec i składanie kwiatów (ŻW)
1996:	UP składa kwiaty o 11 (GW), Po manifestacji delegacje uczestników składają kwiaty (DT)
1997:	Oddzielne uroczystości organizuje Unia Pracy. Unici zaczynają od złożenia wieńca przy Bramie Straceń o 11.  ... O 12 działacze SLD złożą wieńce pod Ścianą Straceń na stokach Cytadeli. Pół godziny później SdRP organizuje w swojej siedzibie konferencję prasową. GW 1997
1998:	""Pod Cytadelą samodzielny wiec UP, połączony z ceremonią składania kwiatów (TVP), Delegacje """"lewicy"""" składają kwiaty pod Cytadelą przed pochodem (RP)""
1999:	UP samodzielnie składa kwiaty. Podejrzewam, że możliwe, że później również SLD i OPZZ (DT)
2000:	Przedstawiciele UP składają wieniec przed tablicą, i kwiaty na grobach samodzielnie, o 11. O 12 przedstawiciele SLD i OPZZ w tym samym miejscu (DT 2000)
2001:	Po raz pierwszy w wiecu przy Cytadeli do UP dołączają przedstawiciele SLD i PPS (DT). 
2002:	Wspólne składanie wieńców przez Millera, i Marka Belkę z UP. W delegacji również OPZZ (TVP)
2003:	delegacje OPZZ (i pewnie innych, tak jak UP) składają kwiaty (KZ)
2004:	Pochód zaczyna się o 9:30 – kiedy składanie wieńców? NA pewno była delegacja OPZZ, w jej składzie Wiesława Taranowska (NTP, KZ), Jeszcze przed pochodem Oleksy i Jaruga-Nowacka złożyli kwiaty pod Bramą Straceń Warszawskiej Cytadeli (DT, 4.05)
2005:	Najpewniej UP sklada kwiaty na Cytadeli (skoro w 2006 było napisane że zgodnie z tradycją delegacja OPZZ tam jest)
2006:	delegacje OPZZ i NTP składają kwiaty (pewnie UP też) (NTP)
2007:	brak informacji o UP, najpiewniej odbyło się skladanie kwiatów
2008:	“Przed rozpoczęciem pochodu członkowie Unii Pracy, OPZZ i przedstawiciele innych organizacji lewicowych złożyli wieńce pod Bramą Straceń warszawskiej Cytadeli. Co roku 1 maja UP upamiętnia w ten sposób bojowników o wolność Polski, więzionych w murach Cytadeli w latach 1834-1918.” ([“Aby Polacy mogli godniej żyć”, 2008]
2009:	Gospodarzem UP, wśród gości ceremoni składania kwiatów OPZZ i SLD(TV SLD; PS),  
2010:	UP i delegacja PPS, SdPL oraz OPZZ składają kwiaty pod Bramą Straceń (dzieje.pl)
2011:	delegacja UP z  PPS, OPZZ i SLD składa kwiaty (PS, Związkowiec)
2012:	delegacje UP i OPZZ (przegladsocjalistyczny.org), Jeszcze przed rozpoczęciem uroczystości przed budynkiem OPZZ, delegacje OPZZ złożyły wieńce przed miejscami pamięci, niezwykle ważnymi dla tożsamości związków zawodowych i lewicy w Polsce (KZ 63/2012)
2013:	?
2014:	?
2015:	Unia Pracy gospodarzem, delegacja OPZZ dda hołd ponad  60 tysięcy więźniom - bojowników o wyzwolenie narodowe i przemiany społeczne (opzz.org.pl archiwalne)
2016:	""""""Okolicznościowe przemówienia"""", składanie kwiatów. Pojawiają się delegacje SLD i OPZZ(uniapracy.org)""
2017:	gospodarzem UP, gośćmi PPS i OPZZ (uniapracy.org)
2018:	delegacje UP, SLD i OPZZ składają kwiaty przed pochodem (Trybuna)
2019:	wiec OPZZ i UP, następuje składanie wieńców (opzz.org.pl)",,,,Point,,"52.2651492,21.0023019","52.2651492,21.0023019",0,umap_backup_1-maja_warszawa9.umap,,True,tylko mapa,,,,,,,,
2018_PL_upamiętnienie_Brama-Stracen,2018,Lata,PL,Upamiętnienia,upamiętnienie,warstwa,,True,niezwiazkowe,Brama Straceń,"1990:	O 12, delegacje uczestników pochodu składają kwiaty (DT), Jaruzelski składa kwiaty w asyście wojskowej. Sam? (DT)
1991:	delegacja SLD i OPZZ składa kwiaty pod Bramą Straceń (DT)
1992:	*Delegacje uczestników manifestacji złożyły kwiaty przy Bramie Straceń na Warszawskiej Cytadeli (DT)
1993:	delegacje SLD i OPZZ składają po wiecu kwiaty (DT), UP samodzielnie składa kwiaty o 11; zebrało się kilkadziesiąt osób (GW)
1994:	PPS udaje się w delegację do Bramy Straceń, gdzie składane są kwiaty (DT), Samodzielny wiec i składanie kwiatów przez UP (TVP)
1995:	po pochodzie, o 12 delegacje SLD i OPZZ składają kwiaty pod Cytadelą (DT), UP – odrębny wiec i składanie kwiatów (ŻW)
1996:	UP składa kwiaty o 11 (GW), Po manifestacji delegacje uczestników składają kwiaty (DT)
1997:	Oddzielne uroczystości organizuje Unia Pracy. Unici zaczynają od złożenia wieńca przy Bramie Straceń o 11.  ... O 12 działacze SLD złożą wieńce pod Ścianą Straceń na stokach Cytadeli. Pół godziny później SdRP organizuje w swojej siedzibie konferencję prasową. GW 1997
1998:	""Pod Cytadelą samodzielny wiec UP, połączony z ceremonią składania kwiatów (TVP), Delegacje """"lewicy"""" składają kwiaty pod Cytadelą przed pochodem (RP)""
1999:	UP samodzielnie składa kwiaty. Podejrzewam, że możliwe, że później również SLD i OPZZ (DT)
2000:	Przedstawiciele UP składają wieniec przed tablicą, i kwiaty na grobach samodzielnie, o 11. O 12 przedstawiciele SLD i OPZZ w tym samym miejscu (DT 2000)
2001:	Po raz pierwszy w wiecu przy Cytadeli do UP dołączają przedstawiciele SLD i PPS (DT). 
2002:	Wspólne składanie wieńców przez Millera, i Marka Belkę z UP. W delegacji również OPZZ (TVP)
2003:	delegacje OPZZ (i pewnie innych, tak jak UP) składają kwiaty (KZ)
2004:	Pochód zaczyna się o 9:30 – kiedy składanie wieńców? NA pewno była delegacja OPZZ, w jej składzie Wiesława Taranowska (NTP, KZ), Jeszcze przed pochodem Oleksy i Jaruga-Nowacka złożyli kwiaty pod Bramą Straceń Warszawskiej Cytadeli (DT, 4.05)
2005:	Najpewniej UP sklada kwiaty na Cytadeli (skoro w 2006 było napisane że zgodnie z tradycją delegacja OPZZ tam jest)
2006:	delegacje OPZZ i NTP składają kwiaty (pewnie UP też) (NTP)
2007:	brak informacji o UP, najpiewniej odbyło się skladanie kwiatów
2008:	“Przed rozpoczęciem pochodu członkowie Unii Pracy, OPZZ i przedstawiciele innych organizacji lewicowych złożyli wieńce pod Bramą Straceń warszawskiej Cytadeli. Co roku 1 maja UP upamiętnia w ten sposób bojowników o wolność Polski, więzionych w murach Cytadeli w latach 1834-1918.” ([“Aby Polacy mogli godniej żyć”, 2008]
2009:	Gospodarzem UP, wśród gości ceremoni składania kwiatów OPZZ i SLD(TV SLD; PS),  
2010:	UP i delegacja PPS, SdPL oraz OPZZ składają kwiaty pod Bramą Straceń (dzieje.pl)
2011:	delegacja UP z  PPS, OPZZ i SLD składa kwiaty (PS, Związkowiec)
2012:	delegacje UP i OPZZ (przegladsocjalistyczny.org), Jeszcze przed rozpoczęciem uroczystości przed budynkiem OPZZ, delegacje OPZZ złożyły wieńce przed miejscami pamięci, niezwykle ważnymi dla tożsamości związków zawodowych i lewicy w Polsce (KZ 63/2012)
2013:	?
2014:	?
2015:	Unia Pracy gospodarzem, delegacja OPZZ dda hołd ponad  60 tysięcy więźniom - bojowników o wyzwolenie narodowe i przemiany społeczne (opzz.org.pl archiwalne)
2016:	""""""Okolicznościowe przemówienia"""", składanie kwiatów. Pojawiają się delegacje SLD i OPZZ(uniapracy.org)""
2017:	gospodarzem UP, gośćmi PPS i OPZZ (uniapracy.org)
2018:	delegacje UP, SLD i OPZZ składają kwiaty przed pochodem (Trybuna)
2019:	wiec OPZZ i UP, następuje składanie wieńców (opzz.org.pl)",,,,Point,,"52.2651492,21.0023019","52.2651492,21.0023019",0,umap_backup_1-maja_warszawa9.umap,,True,tylko mapa,,,,,,,,
2019_PL_upamiętnienie_Brama-Stracen,2019,Lata,PL,Upamiętnienia,upamiętnienie,warstwa,,True,niezwiazkowe,Brama Straceń,"1990:	O 12, delegacje uczestników pochodu składają kwiaty (DT), Jaruzelski składa kwiaty w asyście wojskowej. Sam? (DT)
1991:	delegacja SLD i OPZZ składa kwiaty pod Bramą Straceń (DT)
1992:	*Delegacje uczestników manifestacji złożyły kwiaty przy Bramie Straceń na Warszawskiej Cytadeli (DT)
1993:	delegacje SLD i OPZZ składają po wiecu kwiaty (DT), UP samodzielnie składa kwiaty o 11; zebrało się kilkadziesiąt osób (GW)
1994:	PPS udaje się w delegację do Bramy Straceń, gdzie składane są kwiaty (DT), Samodzielny wiec i składanie kwiatów przez UP (TVP)
1995:	po pochodzie, o 12 delegacje SLD i OPZZ składają kwiaty pod Cytadelą (DT), UP – odrębny wiec i składanie kwiatów (ŻW)
1996:	UP składa kwiaty o 11 (GW), Po manifestacji delegacje uczestników składają kwiaty (DT)
1997:	Oddzielne uroczystości organizuje Unia Pracy. Unici zaczynają od złożenia wieńca przy Bramie Straceń o 11.  ... O 12 działacze SLD złożą wieńce pod Ścianą Straceń na stokach Cytadeli. Pół godziny później SdRP organizuje w swojej siedzibie konferencję prasową. GW 1997
1998:	""Pod Cytadelą samodzielny wiec UP, połączony z ceremonią składania kwiatów (TVP), Delegacje """"lewicy"""" składają kwiaty pod Cytadelą przed pochodem (RP)""
1999:	UP samodzielnie składa kwiaty. Podejrzewam, że możliwe, że później również SLD i OPZZ (DT)
2000:	Przedstawiciele UP składają wieniec przed tablicą, i kwiaty na grobach samodzielnie, o 11. O 12 przedstawiciele SLD i OPZZ w tym samym miejscu (DT 2000)
2001:	Po raz pierwszy w wiecu przy Cytadeli do UP dołączają przedstawiciele SLD i PPS (DT). 
2002:	Wspólne składanie wieńców przez Millera, i Marka Belkę z UP. W delegacji również OPZZ (TVP)
2003:	delegacje OPZZ (i pewnie innych, tak jak UP) składają kwiaty (KZ)
2004:	Pochód zaczyna się o 9:30 – kiedy składanie wieńców? NA pewno była delegacja OPZZ, w jej składzie Wiesława Taranowska (NTP, KZ), Jeszcze przed pochodem Oleksy i Jaruga-Nowacka złożyli kwiaty pod Bramą Straceń Warszawskiej Cytadeli (DT, 4.05)
2005:	Najpewniej UP sklada kwiaty na Cytadeli (skoro w 2006 było napisane że zgodnie z tradycją delegacja OPZZ tam jest)
2006:	delegacje OPZZ i NTP składają kwiaty (pewnie UP też) (NTP)
2007:	brak informacji o UP, najpiewniej odbyło się skladanie kwiatów
2008:	“Przed rozpoczęciem pochodu członkowie Unii Pracy, OPZZ i przedstawiciele innych organizacji lewicowych złożyli wieńce pod Bramą Straceń warszawskiej Cytadeli. Co roku 1 maja UP upamiętnia w ten sposób bojowników o wolność Polski, więzionych w murach Cytadeli w latach 1834-1918.” ([“Aby Polacy mogli godniej żyć”, 2008]
2009:	Gospodarzem UP, wśród gości ceremoni składania kwiatów OPZZ i SLD(TV SLD; PS),  
2010:	UP i delegacja PPS, SdPL oraz OPZZ składają kwiaty pod Bramą Straceń (dzieje.pl)
2011:	delegacja UP z  PPS, OPZZ i SLD składa kwiaty (PS, Związkowiec)
2012:	delegacje UP i OPZZ (przegladsocjalistyczny.org), Jeszcze przed rozpoczęciem uroczystości przed budynkiem OPZZ, delegacje OPZZ złożyły wieńce przed miejscami pamięci, niezwykle ważnymi dla tożsamości związków zawodowych i lewicy w Polsce (KZ 63/2012)
2013:	?
2014:	?
2015:	Unia Pracy gospodarzem, delegacja OPZZ dda hołd ponad  60 tysięcy więźniom - bojowników o wyzwolenie narodowe i przemiany społeczne (opzz.org.pl archiwalne)
2016:	""""""Okolicznościowe przemówienia"""", składanie kwiatów. Pojawiają się delegacje SLD i OPZZ(uniapracy.org)""
2017:	gospodarzem UP, gośćmi PPS i OPZZ (uniapracy.org)
2018:	delegacje UP, SLD i OPZZ składają kwiaty przed pochodem (Trybuna)
2019:	wiec OPZZ i UP, następuje składanie wieńców (opzz.org.pl)",,,,Point,,"52.2651492,21.0023019","52.2651492,21.0023019",0,umap_backup_1-maja_warszawa9.umap,,True,tylko mapa,,,,,,,,
1997_PL_upamiętnienie_Grob-Nieznanego-Zo-nierza,1997,Lata,PL,Upamiętnienia,upamiętnienie,warstwa,,True,niezwiazkowe,Grób Nieznanego Żołnierza,Wieńce składane przez delegację SLD i OPZZ,,,,Point,,"52.241072,21.012383","52.241072,21.012383",1,umap_backup_1-maja_warszawa9.umap,,True,tylko mapa,,,,,,,,
1996_PL_upamiętnienie_Kamien-Pamiatkowy-na-Placu-Grzybowskim,1996,Lata,PL,Upamiętnienia,upamiętnienie,warstwa,,True,niezwiazkowe,Kamień Pamiątkowy na Placu Grzybowskim,"Kamień upamiętniający pierwszą demonstrację robotniczą na ziemiach polskich (13 listopada 1904), uznawaną za początek Rewolucji 1905 roku. Centralne miejsce manifestacji PPS, miejsce składania kwiatów. Również punkt końcowy / przystankowy wielu pochodów.",,,,Point,,"52.235836,21.00359","52.235836,21.00359",2,umap_backup_1-maja_warszawa9.umap,,True,tylko mapa,,,,,,,,
1997_PL_upamiętnienie_Kamien-Pamiatkowy-na-Placu-Grzybowskim,1997,Lata,PL,Upamiętnienia,upamiętnienie,warstwa,,True,niezwiazkowe,Kamień Pamiątkowy na Placu Grzybowskim,"Kamień upamiętniający pierwszą demonstrację robotniczą na ziemiach polskich (13 listopada 1904), uznawaną za początek Rewolucji 1905 roku. Centralne miejsce manifestacji PPS, miejsce składania kwiatów. Również punkt końcowy / przystankowy wielu pochodów.",,,,Point,,"52.235836,21.00359","52.235836,21.00359",2,umap_backup_1-maja_warszawa9.umap,,True,tylko mapa,,,,,,,,
1998_PL_upamiętnienie_Kamien-Pamiatkowy-na-Placu-Grzybowskim,1998,Lata,PL,Upamiętnienia,upamiętnienie,warstwa,,True,niezwiazkowe,Kamień Pamiątkowy na Placu Grzybowskim,"Kamień upamiętniający pierwszą demonstrację robotniczą na ziemiach polskich (13 listopada 1904), uznawaną za początek Rewolucji 1905 roku. Centralne miejsce manifestacji PPS, miejsce składania kwiatów. Również punkt końcowy / przystankowy wielu pochodów.",,,,Point,,"52.235836,21.00359","52.235836,21.00359",2,umap_backup_1-maja_warszawa9.umap,,True,tylko mapa,,,,,,,,
1999_PL_upamiętnienie_Kamien-Pamiatkowy-na-Placu-Grzybowskim,1999,Lata,PL,Upamiętnienia,upamiętnienie,warstwa,,True,niezwiazkowe,Kamień Pamiątkowy na Placu Grzybowskim,"Kamień upamiętniający pierwszą demonstrację robotniczą na ziemiach polskich (13 listopada 1904), uznawaną za początek Rewolucji 1905 roku. Centralne miejsce manifestacji PPS, miejsce składania kwiatów. Również punkt końcowy / przystankowy wielu pochodów.",,,,Point,,"52.235836,21.00359","52.235836,21.00359",2,umap_backup_1-maja_warszawa9.umap,,True,tylko mapa,,,,,,,,
2000_PL_upamiętnienie_Kamien-Pamiatkowy-na-Placu-Grzybowskim,2000,Lata,PL,Upamiętnienia,upamiętnienie,warstwa,,True,niezwiazkowe,Kamień Pamiątkowy na Placu Grzybowskim,"Kamień upamiętniający pierwszą demonstrację robotniczą na ziemiach polskich (13 listopada 1904), uznawaną za początek Rewolucji 1905 roku. Centralne miejsce manifestacji PPS, miejsce składania kwiatów. Również punkt końcowy / przystankowy wielu pochodów.",,,,Point,,"52.235836,21.00359","52.235836,21.00359",2,umap_backup_1-maja_warszawa9.umap,,True,tylko mapa,,,,,,,,
2001_PL_upamiętnienie_Kamien-Pamiatkowy-na-Placu-Grzybowskim,2001,Lata,PL,Upamiętnienia,upamiętnienie,warstwa,,True,niezwiazkowe,Kamień Pamiątkowy na Placu Grzybowskim,"Kamień upamiętniający pierwszą demonstrację robotniczą na ziemiach polskich (13 listopada 1904), uznawaną za początek Rewolucji 1905 roku. Centralne miejsce manifestacji PPS, miejsce składania kwiatów. Również punkt końcowy / przystankowy wielu pochodów.",,,,Point,,"52.235836,21.00359","52.235836,21.00359",2,umap_backup_1-maja_warszawa9.umap,,True,tylko mapa,,,,,,,,
2002_PL_upamiętnienie_Kamien-Pamiatkowy-na-Placu-Grzybowskim,2002,Lata,PL,Upamiętnienia,upamiętnienie,warstwa,,True,niezwiazkowe,Kamień Pamiątkowy na Placu Grzybowskim,"Kamień upamiętniający pierwszą demonstrację robotniczą na ziemiach polskich (13 listopada 1904), uznawaną za początek Rewolucji 1905 roku. Centralne miejsce manifestacji PPS, miejsce składania kwiatów. Również punkt końcowy / przystankowy wielu pochodów.",,,,Point,,"52.235836,21.00359","52.235836,21.00359",2,umap_backup_1-maja_warszawa9.umap,,True,tylko mapa,,,,,,,,
2003_PL_upamiętnienie_Kamien-Pamiatkowy-na-Placu-Grzybowskim,2003,Lata,PL,Upamiętnienia,upamiętnienie,warstwa,,True,niezwiazkowe,Kamień Pamiątkowy na Placu Grzybowskim,"Kamień upamiętniający pierwszą demonstrację robotniczą na ziemiach polskich (13 listopada 1904), uznawaną za początek Rewolucji 1905 roku. Centralne miejsce manifestacji PPS, miejsce składania kwiatów. Również punkt końcowy / przystankowy wielu pochodów.",,,,Point,,"52.235836,21.00359","52.235836,21.00359",2,umap_backup_1-maja_warszawa9.umap,,True,tylko mapa,,,,,,,,
2004_PL_upamiętnienie_Kamien-Pamiatkowy-na-Placu-Grzybowskim,2004,Lata,PL,Upamiętnienia,upamiętnienie,warstwa,,True,niezwiazkowe,Kamień Pamiątkowy na Placu Grzybowskim,"Kamień upamiętniający pierwszą demonstrację robotniczą na ziemiach polskich (13 listopada 1904), uznawaną za początek Rewolucji 1905 roku. Centralne miejsce manifestacji PPS, miejsce składania kwiatów. Również punkt końcowy / przystankowy wielu pochodów.",,,,Point,,"52.235836,21.00359","52.235836,21.00359",2,umap_backup_1-maja_warszawa9.umap,,True,tylko mapa,,,,,,,,
2005_PL_upamiętnienie_Kamien-Pamiatkowy-na-Placu-Grzybowskim,2005,Lata,PL,Upamiętnienia,upamiętnienie,warstwa,,True,niezwiazkowe,Kamień Pamiątkowy na Placu Grzybowskim,"Kamień upamiętniający pierwszą demonstrację robotniczą na ziemiach polskich (13 listopada 1904), uznawaną za początek Rewolucji 1905 roku. Centralne miejsce manifestacji PPS, miejsce składania kwiatów. Również punkt końcowy / przystankowy wielu pochodów.",,,,Point,,"52.235836,21.00359","52.235836,21.00359",2,umap_backup_1-maja_warszawa9.umap,,True,tylko mapa,,,,,,,,
2006_PL_upamiętnienie_Kamien-Pamiatkowy-na-Placu-Grzybowskim,2006,Lata,PL,Upamiętnienia,upamiętnienie,warstwa,,True,niezwiazkowe,Kamień Pamiątkowy na Placu Grzybowskim,"Kamień upamiętniający pierwszą demonstrację robotniczą na ziemiach polskich (13 listopada 1904), uznawaną za początek Rewolucji 1905 roku. Centralne miejsce manifestacji PPS, miejsce składania kwiatów. Również punkt końcowy / przystankowy wielu pochodów.",,,,Point,,"52.235836,21.00359","52.235836,21.00359",2,umap_backup_1-maja_warszawa9.umap,,True,tylko mapa,,,,,,,,
2007_PL_upamiętnienie_Kamien-Pamiatkowy-na-Placu-Grzybowskim,2007,Lata,PL,Upamiętnienia,upamiętnienie,warstwa,,True,niezwiazkowe,Kamień Pamiątkowy na Placu Grzybowskim,"Kamień upamiętniający pierwszą demonstrację robotniczą na ziemiach polskich (13 listopada 1904), uznawaną za początek Rewolucji 1905 roku. Centralne miejsce manifestacji PPS, miejsce składania kwiatów. Również punkt końcowy / przystankowy wielu pochodów.",,,,Point,,"52.235836,21.00359","52.235836,21.00359",2,umap_backup_1-maja_warszawa9.umap,,True,tylko mapa,,,,,,,,
2008_PL_upamiętnienie_Kamien-Pamiatkowy-na-Placu-Grzybowskim,2008,Lata,PL,Upamiętnienia,upamiętnienie,warstwa,,True,niezwiazkowe,Kamień Pamiątkowy na Placu Grzybowskim,"Kamień upamiętniający pierwszą demonstrację robotniczą na ziemiach polskich (13 listopada 1904), uznawaną za początek Rewolucji 1905 roku. Centralne miejsce manifestacji PPS, miejsce składania kwiatów. Również punkt końcowy / przystankowy wielu pochodów.",,,,Point,,"52.235836,21.00359","52.235836,21.00359",2,umap_backup_1-maja_warszawa9.umap,,True,tylko mapa,,,,,,,,
2009_PL_upamiętnienie_Kamien-Pamiatkowy-na-Placu-Grzybowskim,2009,Lata,PL,Upamiętnienia,upamiętnienie,warstwa,,True,niezwiazkowe,Kamień Pamiątkowy na Placu Grzybowskim,"Kamień upamiętniający pierwszą demonstrację robotniczą na ziemiach polskich (13 listopada 1904), uznawaną za początek Rewolucji 1905 roku. Centralne miejsce manifestacji PPS, miejsce składania kwiatów. Również punkt końcowy / przystankowy wielu pochodów.",,,,Point,,"52.235836,21.00359","52.235836,21.00359",2,umap_backup_1-maja_warszawa9.umap,,True,tylko mapa,,,,,,,,
2011_PL_upamiętnienie_Kamien-Pamiatkowy-na-Placu-Grzybowskim,2011,Lata,PL,Upamiętnienia,upamiętnienie,warstwa,,True,niezwiazkowe,Kamień Pamiątkowy na Placu Grzybowskim,"Kamień upamiętniający pierwszą demonstrację robotniczą na ziemiach polskich (13 listopada 1904), uznawaną za początek Rewolucji 1905 roku. Centralne miejsce manifestacji PPS, miejsce składania kwiatów. Również punkt końcowy / przystankowy wielu pochodów.",,,,Point,,"52.235836,21.00359","52.235836,21.00359",2,umap_backup_1-maja_warszawa9.umap,,True,tylko mapa,,,,,,,,
2012_PL_upamiętnienie_Kamien-Pamiatkowy-na-Placu-Grzybowskim,2012,Lata,PL,Upamiętnienia,upamiętnienie,warstwa,,True,niezwiazkowe,Kamień Pamiątkowy na Placu Grzybowskim,"Kamień upamiętniający pierwszą demonstrację robotniczą na ziemiach polskich (13 listopada 1904), uznawaną za początek Rewolucji 1905 roku. Centralne miejsce manifestacji PPS, miejsce składania kwiatów. Również punkt końcowy / przystankowy wielu pochodów.",,,,Point,,"52.235836,21.00359","52.235836,21.00359",2,umap_backup_1-maja_warszawa9.umap,,True,tylko mapa,,,,,,,,
2013_PL_upamiętnienie_Kamien-Pamiatkowy-na-Placu-Grzybowskim,2013,Lata,PL,Upamiętnienia,upamiętnienie,warstwa,,True,niezwiazkowe,Kamień Pamiątkowy na Placu Grzybowskim,"Kamień upamiętniający pierwszą demonstrację robotniczą na ziemiach polskich (13 listopada 1904), uznawaną za początek Rewolucji 1905 roku. Centralne miejsce manifestacji PPS, miejsce składania kwiatów. Również punkt końcowy / przystankowy wielu pochodów.",,,,Point,,"52.235836,21.00359","52.235836,21.00359",2,umap_backup_1-maja_warszawa9.umap,,True,tylko mapa,,,,,,,,
2014_PL_upamiętnienie_Kamien-Pamiatkowy-na-Placu-Grzybowskim,2014,Lata,PL,Upamiętnienia,upamiętnienie,warstwa,,True,niezwiazkowe,Kamień Pamiątkowy na Placu Grzybowskim,"Kamień upamiętniający pierwszą demonstrację robotniczą na ziemiach polskich (13 listopada 1904), uznawaną za początek Rewolucji 1905 roku. Centralne miejsce manifestacji PPS, miejsce składania kwiatów. Również punkt końcowy / przystankowy wielu pochodów.",,,,Point,,"52.235836,21.00359","52.235836,21.00359",2,umap_backup_1-maja_warszawa9.umap,,True,tylko mapa,,,,,,,,
2015_PL_upamiętnienie_Kamien-Pamiatkowy-na-Placu-Grzybowskim,2015,Lata,PL,Upamiętnienia,upamiętnienie,warstwa,,True,niezwiazkowe,Kamień Pamiątkowy na Placu Grzybowskim,"Kamień upamiętniający pierwszą demonstrację robotniczą na ziemiach polskich (13 listopada 1904), uznawaną za początek Rewolucji 1905 roku. Centralne miejsce manifestacji PPS, miejsce składania kwiatów. Również punkt końcowy / przystankowy wielu pochodów.",,,,Point,,"52.235836,21.00359","52.235836,21.00359",2,umap_backup_1-maja_warszawa9.umap,,True,tylko mapa,,,,,,,,
2016_PL_upamiętnienie_Kamien-Pamiatkowy-na-Placu-Grzybowskim,2016,Lata,PL,Upamiętnienia,upamiętnienie,warstwa,,True,niezwiazkowe,Kamień Pamiątkowy na Placu Grzybowskim,"Kamień upamiętniający pierwszą demonstrację robotniczą na ziemiach polskich (13 listopada 1904), uznawaną za początek Rewolucji 1905 roku. Centralne miejsce manifestacji PPS, miejsce składania kwiatów. Również punkt końcowy / przystankowy wielu pochodów.",,,,Point,,"52.235836,21.00359","52.235836,21.00359",2,umap_backup_1-maja_warszawa9.umap,,True,tylko mapa,,,,,,,,
2017_PL_upamiętnienie_Kamien-Pamiatkowy-na-Placu-Grzybowskim,2017,Lata,PL,Upamiętnienia,upamiętnienie,warstwa,,True,niezwiazkowe,Kamień Pamiątkowy na Placu Grzybowskim,"Kamień upamiętniający pierwszą demonstrację robotniczą na ziemiach polskich (13 listopada 1904), uznawaną za początek Rewolucji 1905 roku. Centralne miejsce manifestacji PPS, miejsce składania kwiatów. Również punkt końcowy / przystankowy wielu pochodów.",,,,Point,,"52.235836,21.00359","52.235836,21.00359",2,umap_backup_1-maja_warszawa9.umap,,True,tylko mapa,,,,,,,,
2018_PL_upamiętnienie_Kamien-Pamiatkowy-na-Placu-Grzybowskim,2018,Lata,PL,Upamiętnienia,upamiętnienie,warstwa,,True,niezwiazkowe,Kamień Pamiątkowy na Placu Grzybowskim,"Kamień upamiętniający pierwszą demonstrację robotniczą na ziemiach polskich (13 listopada 1904), uznawaną za początek Rewolucji 1905 roku. Centralne miejsce manifestacji PPS, miejsce składania kwiatów. Również punkt końcowy / przystankowy wielu pochodów.",,,,Point,,"52.235836,21.00359","52.235836,21.00359",2,umap_backup_1-maja_warszawa9.umap,,True,tylko mapa,,,,,,,,
2019_PL_upamiętnienie_Kamien-Pamiatkowy-na-Placu-Grzybowskim,2019,Lata,PL,Upamiętnienia,upamiętnienie,warstwa,,True,niezwiazkowe,Kamień Pamiątkowy na Placu Grzybowskim,"Kamień upamiętniający pierwszą demonstrację robotniczą na ziemiach polskich (13 listopada 1904), uznawaną za początek Rewolucji 1905 roku. Centralne miejsce manifestacji PPS, miejsce składania kwiatów. Również punkt końcowy / przystankowy wielu pochodów.",,,,Point,,"52.235836,21.00359","52.235836,21.00359",2,umap_backup_1-maja_warszawa9.umap,,True,tylko mapa,,,,,,,,
1990_PL_upamiętnienie_Monument-to-the-Heroes-of-Warsaw-Nike-Te,1990,Lata,PL,Upamiętnienia,upamiętnienie,warstwa,,True,niezwiazkowe,"Monument to the Heroes of Warsaw (Nike), Teatralny Square","Pomnik Bohaterów Warszawy 1939-1945 („Nike”) na placu Teatralnym. Miejsce zwieńczenia pochodów OPZZ w latach 1990-1995 – tu odbywał się wiec, składano kwiaty, przemawiali przewodniczący OPZZ i liderzy SdRP.

## 1995
Po wiecu pod biało-czerwonymi parasolami piwa ""Schutlheiss"" odbyły się spotkania z liderami SdRP, a Wojciech Jaruzelski i Mieczysław Rakowski podpisywali książki. (Rzeczpospolita)",,,,Point,,"52.2441337,21.0101321","52.2441337,21.0101321",3,umap_backup_1-maja_warszawa9.umap,,True,tylko mapa,,,,,,,,
1991_PL_upamiętnienie_Monument-to-the-Heroes-of-Warsaw-Nike-Te,1991,Lata,PL,Upamiętnienia,upamiętnienie,warstwa,,True,niezwiazkowe,"Monument to the Heroes of Warsaw (Nike), Teatralny Square","Pomnik Bohaterów Warszawy 1939-1945 („Nike”) na placu Teatralnym. Miejsce zwieńczenia pochodów OPZZ w latach 1990-1995 – tu odbywał się wiec, składano kwiaty, przemawiali przewodniczący OPZZ i liderzy SdRP.

## 1995
Po wiecu pod biało-czerwonymi parasolami piwa ""Schutlheiss"" odbyły się spotkania z liderami SdRP, a Wojciech Jaruzelski i Mieczysław Rakowski podpisywali książki. (Rzeczpospolita)",,,,Point,,"52.2441337,21.0101321","52.2441337,21.0101321",3,umap_backup_1-maja_warszawa9.umap,,True,tylko mapa,,,,,,,,
1992_PL_upamiętnienie_Monument-to-the-Heroes-of-Warsaw-Nike-Te,1992,Lata,PL,Upamiętnienia,upamiętnienie,warstwa,,True,niezwiazkowe,"Monument to the Heroes of Warsaw (Nike), Teatralny Square","Pomnik Bohaterów Warszawy 1939-1945 („Nike”) na placu Teatralnym. Miejsce zwieńczenia pochodów OPZZ w latach 1990-1995 – tu odbywał się wiec, składano kwiaty, przemawiali przewodniczący OPZZ i liderzy SdRP.

## 1995
Po wiecu pod biało-czerwonymi parasolami piwa ""Schutlheiss"" odbyły się spotkania z liderami SdRP, a Wojciech Jaruzelski i Mieczysław Rakowski podpisywali książki. (Rzeczpospolita)",,,,Point,,"52.2441337,21.0101321","52.2441337,21.0101321",3,umap_backup_1-maja_warszawa9.umap,,True,tylko mapa,,,,,,,,
1993_PL_upamiętnienie_Monument-to-the-Heroes-of-Warsaw-Nike-Te,1993,Lata,PL,Upamiętnienia,upamiętnienie,warstwa,,True,niezwiazkowe,"Monument to the Heroes of Warsaw (Nike), Teatralny Square","Pomnik Bohaterów Warszawy 1939-1945 („Nike”) na placu Teatralnym. Miejsce zwieńczenia pochodów OPZZ w latach 1990-1995 – tu odbywał się wiec, składano kwiaty, przemawiali przewodniczący OPZZ i liderzy SdRP.

## 1995
Po wiecu pod biało-czerwonymi parasolami piwa ""Schutlheiss"" odbyły się spotkania z liderami SdRP, a Wojciech Jaruzelski i Mieczysław Rakowski podpisywali książki. (Rzeczpospolita)",,,,Point,,"52.2441337,21.0101321","52.2441337,21.0101321",3,umap_backup_1-maja_warszawa9.umap,,True,tylko mapa,,,,,,,,
1994_PL_upamiętnienie_Monument-to-the-Heroes-of-Warsaw-Nike-Te,1994,Lata,PL,Upamiętnienia,upamiętnienie,warstwa,,True,niezwiazkowe,"Monument to the Heroes of Warsaw (Nike), Teatralny Square","Pomnik Bohaterów Warszawy 1939-1945 („Nike”) na placu Teatralnym. Miejsce zwieńczenia pochodów OPZZ w latach 1990-1995 – tu odbywał się wiec, składano kwiaty, przemawiali przewodniczący OPZZ i liderzy SdRP.

## 1995
Po wiecu pod biało-czerwonymi parasolami piwa ""Schutlheiss"" odbyły się spotkania z liderami SdRP, a Wojciech Jaruzelski i Mieczysław Rakowski podpisywali książki. (Rzeczpospolita)",,,,Point,,"52.2441337,21.0101321","52.2441337,21.0101321",3,umap_backup_1-maja_warszawa9.umap,,True,tylko mapa,,,,,,,,
1995_PL_upamiętnienie_Monument-to-the-Heroes-of-Warsaw-Nike-Te,1995,Lata,PL,Upamiętnienia,upamiętnienie,warstwa,,True,niezwiazkowe,"Monument to the Heroes of Warsaw (Nike), Teatralny Square","Pomnik Bohaterów Warszawy 1939-1945 („Nike”) na placu Teatralnym. Miejsce zwieńczenia pochodów OPZZ w latach 1990-1995 – tu odbywał się wiec, składano kwiaty, przemawiali przewodniczący OPZZ i liderzy SdRP.

## 1995
Po wiecu pod biało-czerwonymi parasolami piwa ""Schutlheiss"" odbyły się spotkania z liderami SdRP, a Wojciech Jaruzelski i Mieczysław Rakowski podpisywali książki. (Rzeczpospolita)",,,,Point,,"52.2441337,21.0101321","52.2441337,21.0101321",3,umap_backup_1-maja_warszawa9.umap,,True,tylko mapa,,,,,,,,
2019_PL_upamiętnienie_Pomnik-Ignacego-Daszynskiego-w-Warszawie,2019,Lata,PL,Upamiętnienia,upamiętnienie,warstwa,,True,niezwiazkowe,Pomnik Ignacego Daszyńskiego w Warszawie,"Pomnik Ignacego Daszyńskiego, plac Na Rozdrożu. Miejsce Pikniku Europejskiego OPZZ/SLD w 2019 r. (15. rocznica wstąpienia Polski do UE) – pochodu nie było.",,,,Point,,"52.2184959,21.0238147","52.2184959,21.0238147",4,umap_backup_1-maja_warszawa9.umap,,True,tylko mapa,,,,,,,,
1997_PL_upamiętnienie_Pomnik-Jozefa-Pi-sudskiego,1997,Lata,PL,Upamiętnienia,upamiętnienie,warstwa,,True,niezwiazkowe,Pomnik Józefa Piłsudskiego,Wieńce składane przez delegację PPS (Wyborcza),,,,Point,,"52.241138,21.01396","52.241138,21.01396",5,umap_backup_1-maja_warszawa9.umap,,True,tylko mapa,,,,,,,,
1994_PL_upamiętnienie_Pomnik-Kopernika,1994,Lata,PL,Upamiętnienia,upamiętnienie,warstwa,,True,niezwiazkowe,Pomnik Kopernika,,,,,Point,,"52.239,21.0177","52.239,21.0177",6,umap_backup_1-maja_warszawa9.umap,,True,tylko mapa,,,,,,,,
1996_PL_upamiętnienie_Pomnik-Kopernika,1996,Lata,PL,Upamiętnienia,upamiętnienie,warstwa,,True,niezwiazkowe,Pomnik Kopernika,,,,,Point,,"52.239,21.0177","52.239,21.0177",6,umap_backup_1-maja_warszawa9.umap,,True,tylko mapa,,,,,,,,
2000_PL_upamiętnienie_Pomnik-Kopernika,2000,Lata,PL,Upamiętnienia,upamiętnienie,warstwa,,True,niezwiazkowe,Pomnik Kopernika,,,,,Point,,"52.239,21.0177","52.239,21.0177",6,umap_backup_1-maja_warszawa9.umap,,True,tylko mapa,,,,,,,,
1990_PL_upamiętnienie_PPS-Wreath-laying-at-the-historic-PPS-headqu,1990,Lata,PL,Upamiętnienia,upamiętnienie,warstwa,PPS,True,niezwiazkowe,"Wreath laying at the historic PPS headquarters, Warecka st.","Kamień przy ul. Wareckiej upamiętniający przedwojenną siedzibę CKR PPS i redakcję „Robotnika” (zburzoną w 1939 r.). Tradycyjne miejsce składania kwiatów przez PPS, czasem z udziałem OPZZ.

1990:	PPS kończy pochód pod Robotnikiem, gdzie składa kwiaty: ""O godzinie 12 przybywa grupa członków PPS z Janem Józefem Lipskim. Złożyli kwiaty na kamieniu pamiątkowym, przemówił Władysław Jagiełło, lecz jak przystało na podeszły wiek większości manifestantów – w przemówieniu najwięcej miejsca poświęcono historii tej partii, jej różnym kolejom losu ( ŻW 1990), Jak wspomina JJG, ""swego czasu"" delegacja OPZZ chodziła również na Warecką, pod siedzibę Robotnika (JJG_1_2, 21:00)
1991:	PPS Ikonowicza składa kwiaty pod Robotnikiem. ""Po złożeniu wiązanki czerwonych róż zgromadzeni przeszli pod Ministerstwo Finansów skandując Balcerowicz na zasiłek, zwolnić rząd nie załogi, chcemy pracy, nie jałmużny"" (ŻW)
1992:	PPS kończy swój pochód na przeciwko MF, pod historyczną siedzibą Robotnika (DT)
1993:	Brak źródeł na kwiaty pod Robotnikiem, zakładam że się odbyło składanie (GW, DT, TVP, NTP, ŻW)
1994:	Brak informacji – ale nie ma powodów by sądzić, że się nie odbywa
1995:	PPS – najprawdopodbniej składa kwiaty, brak informacji
1996:	PPS przed dołączeniem do pochodu składa wieniec pod siedzibą robotnika (Maszerowanie w Święto Pracy, GW)
1997:	Pochód PPS składa wieniec pod siedzibą PPS Robotnik (ŻW)
1998:	Pochód PPS składa wieniec pod siedzibą Robotnika (RP)
1999:	PPS zwykle składa kwiaty pod siedzibą Robotnika – brak informacji co dzieje się w tym roku
2000:	PPS
2001:	Delegacja PPS składa kwiaty na Wareckiej (DT)
2002:	?
2003:	?
2004:	Brak wzmianek w lewica.pl
2005:	Członkowie PPS wg Trybuny rozpoczynają obchody 1 maja od wiecu pod siedzibą Robotnika (DT 2005)
2006:	?
2007:	?
2008:	działacze PPS składają kwiaty (PS)
2009:	przedstawiciele PPS składają kwiaty (PS)
2010:	działacze PPS składają kwiaty (PS). Przybywa też delegacja z OPZZ, wszystko odbywa się przed właściwym pochodem (Kronika Związkowa)
2011:	Uczestnicy Marszu Pustych Garnków udają się pod siedzibę Robotnika i kamień upamiętniający to miejsce (lewica.pl)
2012:	?
2013:	PPS
2014:	spotkanie działaczy PPS (PS)
2015:	-
2016:	-
2017:	przedstawiciele PPS składają kwiaty (PS)
2018:	-
2019:	Ikonowicz: Demonstrujący przeszli pod kamień przy ul. wareckiej, upamiętniający miejsce w którym znajdowała się redakcja PPSowskiego ""Robotnika"", następnie przy dźwiękach pieśni rewolucyjnych podeszli na pl. Grzybowski. (lewica.pl 2019)",,,,Point,,"52.235166,21.016492","52.235166,21.016492",7,umap_backup_1-maja_warszawa9.umap,,True,tylko mapa,,,,,,,,
1991_PL_upamiętnienie_PPS-Wreath-laying-at-the-historic-PPS-headqu,1991,Lata,PL,Upamiętnienia,upamiętnienie,warstwa,PPS,True,niezwiazkowe,"Wreath laying at the historic PPS headquarters, Warecka st.","Kamień przy ul. Wareckiej upamiętniający przedwojenną siedzibę CKR PPS i redakcję „Robotnika” (zburzoną w 1939 r.). Tradycyjne miejsce składania kwiatów przez PPS, czasem z udziałem OPZZ.

1990:	PPS kończy pochód pod Robotnikiem, gdzie składa kwiaty: ""O godzinie 12 przybywa grupa członków PPS z Janem Józefem Lipskim. Złożyli kwiaty na kamieniu pamiątkowym, przemówił Władysław Jagiełło, lecz jak przystało na podeszły wiek większości manifestantów – w przemówieniu najwięcej miejsca poświęcono historii tej partii, jej różnym kolejom losu ( ŻW 1990), Jak wspomina JJG, ""swego czasu"" delegacja OPZZ chodziła również na Warecką, pod siedzibę Robotnika (JJG_1_2, 21:00)
1991:	PPS Ikonowicza składa kwiaty pod Robotnikiem. ""Po złożeniu wiązanki czerwonych róż zgromadzeni przeszli pod Ministerstwo Finansów skandując Balcerowicz na zasiłek, zwolnić rząd nie załogi, chcemy pracy, nie jałmużny"" (ŻW)
1992:	PPS kończy swój pochód na przeciwko MF, pod historyczną siedzibą Robotnika (DT)
1993:	Brak źródeł na kwiaty pod Robotnikiem, zakładam że się odbyło składanie (GW, DT, TVP, NTP, ŻW)
1994:	Brak informacji – ale nie ma powodów by sądzić, że się nie odbywa
1995:	PPS – najprawdopodbniej składa kwiaty, brak informacji
1996:	PPS przed dołączeniem do pochodu składa wieniec pod siedzibą robotnika (Maszerowanie w Święto Pracy, GW)
1997:	Pochód PPS składa wieniec pod siedzibą PPS Robotnik (ŻW)
1998:	Pochód PPS składa wieniec pod siedzibą Robotnika (RP)
1999:	PPS zwykle składa kwiaty pod siedzibą Robotnika – brak informacji co dzieje się w tym roku
2000:	PPS
2001:	Delegacja PPS składa kwiaty na Wareckiej (DT)
2002:	?
2003:	?
2004:	Brak wzmianek w lewica.pl
2005:	Członkowie PPS wg Trybuny rozpoczynają obchody 1 maja od wiecu pod siedzibą Robotnika (DT 2005)
2006:	?
2007:	?
2008:	działacze PPS składają kwiaty (PS)
2009:	przedstawiciele PPS składają kwiaty (PS)
2010:	działacze PPS składają kwiaty (PS). Przybywa też delegacja z OPZZ, wszystko odbywa się przed właściwym pochodem (Kronika Związkowa)
2011:	Uczestnicy Marszu Pustych Garnków udają się pod siedzibę Robotnika i kamień upamiętniający to miejsce (lewica.pl)
2012:	?
2013:	PPS
2014:	spotkanie działaczy PPS (PS)
2015:	-
2016:	-
2017:	przedstawiciele PPS składają kwiaty (PS)
2018:	-
2019:	Ikonowicz: Demonstrujący przeszli pod kamień przy ul. wareckiej, upamiętniający miejsce w którym znajdowała się redakcja PPSowskiego ""Robotnika"", następnie przy dźwiękach pieśni rewolucyjnych podeszli na pl. Grzybowski. (lewica.pl 2019)",,,,Point,,"52.235166,21.016492","52.235166,21.016492",7,umap_backup_1-maja_warszawa9.umap,,True,tylko mapa,,,,,,,,
1992_PL_upamiętnienie_PPS-Wreath-laying-at-the-historic-PPS-headqu,1992,Lata,PL,Upamiętnienia,upamiętnienie,warstwa,PPS,True,niezwiazkowe,"Wreath laying at the historic PPS headquarters, Warecka st.","Kamień przy ul. Wareckiej upamiętniający przedwojenną siedzibę CKR PPS i redakcję „Robotnika” (zburzoną w 1939 r.). Tradycyjne miejsce składania kwiatów przez PPS, czasem z udziałem OPZZ.

1990:	PPS kończy pochód pod Robotnikiem, gdzie składa kwiaty: ""O godzinie 12 przybywa grupa członków PPS z Janem Józefem Lipskim. Złożyli kwiaty na kamieniu pamiątkowym, przemówił Władysław Jagiełło, lecz jak przystało na podeszły wiek większości manifestantów – w przemówieniu najwięcej miejsca poświęcono historii tej partii, jej różnym kolejom losu ( ŻW 1990), Jak wspomina JJG, ""swego czasu"" delegacja OPZZ chodziła również na Warecką, pod siedzibę Robotnika (JJG_1_2, 21:00)
1991:	PPS Ikonowicza składa kwiaty pod Robotnikiem. ""Po złożeniu wiązanki czerwonych róż zgromadzeni przeszli pod Ministerstwo Finansów skandując Balcerowicz na zasiłek, zwolnić rząd nie załogi, chcemy pracy, nie jałmużny"" (ŻW)
1992:	PPS kończy swój pochód na przeciwko MF, pod historyczną siedzibą Robotnika (DT)
1993:	Brak źródeł na kwiaty pod Robotnikiem, zakładam że się odbyło składanie (GW, DT, TVP, NTP, ŻW)
1994:	Brak informacji – ale nie ma powodów by sądzić, że się nie odbywa
1995:	PPS – najprawdopodbniej składa kwiaty, brak informacji
1996:	PPS przed dołączeniem do pochodu składa wieniec pod siedzibą robotnika (Maszerowanie w Święto Pracy, GW)
1997:	Pochód PPS składa wieniec pod siedzibą PPS Robotnik (ŻW)
1998:	Pochód PPS składa wieniec pod siedzibą Robotnika (RP)
1999:	PPS zwykle składa kwiaty pod siedzibą Robotnika – brak informacji co dzieje się w tym roku
2000:	PPS
2001:	Delegacja PPS składa kwiaty na Wareckiej (DT)
2002:	?
2003:	?
2004:	Brak wzmianek w lewica.pl
2005:	Członkowie PPS wg Trybuny rozpoczynają obchody 1 maja od wiecu pod siedzibą Robotnika (DT 2005)
2006:	?
2007:	?
2008:	działacze PPS składają kwiaty (PS)
2009:	przedstawiciele PPS składają kwiaty (PS)
2010:	działacze PPS składają kwiaty (PS). Przybywa też delegacja z OPZZ, wszystko odbywa się przed właściwym pochodem (Kronika Związkowa)
2011:	Uczestnicy Marszu Pustych Garnków udają się pod siedzibę Robotnika i kamień upamiętniający to miejsce (lewica.pl)
2012:	?
2013:	PPS
2014:	spotkanie działaczy PPS (PS)
2015:	-
2016:	-
2017:	przedstawiciele PPS składają kwiaty (PS)
2018:	-
2019:	Ikonowicz: Demonstrujący przeszli pod kamień przy ul. wareckiej, upamiętniający miejsce w którym znajdowała się redakcja PPSowskiego ""Robotnika"", następnie przy dźwiękach pieśni rewolucyjnych podeszli na pl. Grzybowski. (lewica.pl 2019)",,,,Point,,"52.235166,21.016492","52.235166,21.016492",7,umap_backup_1-maja_warszawa9.umap,,True,tylko mapa,,,,,,,,
1993_PL_upamiętnienie_PPS-Wreath-laying-at-the-historic-PPS-headqu,1993,Lata,PL,Upamiętnienia,upamiętnienie,warstwa,PPS,True,niezwiazkowe,"Wreath laying at the historic PPS headquarters, Warecka st.","Kamień przy ul. Wareckiej upamiętniający przedwojenną siedzibę CKR PPS i redakcję „Robotnika” (zburzoną w 1939 r.). Tradycyjne miejsce składania kwiatów przez PPS, czasem z udziałem OPZZ.

1990:	PPS kończy pochód pod Robotnikiem, gdzie składa kwiaty: ""O godzinie 12 przybywa grupa członków PPS z Janem Józefem Lipskim. Złożyli kwiaty na kamieniu pamiątkowym, przemówił Władysław Jagiełło, lecz jak przystało na podeszły wiek większości manifestantów – w przemówieniu najwięcej miejsca poświęcono historii tej partii, jej różnym kolejom losu ( ŻW 1990), Jak wspomina JJG, ""swego czasu"" delegacja OPZZ chodziła również na Warecką, pod siedzibę Robotnika (JJG_1_2, 21:00)
1991:	PPS Ikonowicza składa kwiaty pod Robotnikiem. ""Po złożeniu wiązanki czerwonych róż zgromadzeni przeszli pod Ministerstwo Finansów skandując Balcerowicz na zasiłek, zwolnić rząd nie załogi, chcemy pracy, nie jałmużny"" (ŻW)
1992:	PPS kończy swój pochód na przeciwko MF, pod historyczną siedzibą Robotnika (DT)
1993:	Brak źródeł na kwiaty pod Robotnikiem, zakładam że się odbyło składanie (GW, DT, TVP, NTP, ŻW)
1994:	Brak informacji – ale nie ma powodów by sądzić, że się nie odbywa
1995:	PPS – najprawdopodbniej składa kwiaty, brak informacji
1996:	PPS przed dołączeniem do pochodu składa wieniec pod siedzibą robotnika (Maszerowanie w Święto Pracy, GW)
1997:	Pochód PPS składa wieniec pod siedzibą PPS Robotnik (ŻW)
1998:	Pochód PPS składa wieniec pod siedzibą Robotnika (RP)
1999:	PPS zwykle składa kwiaty pod siedzibą Robotnika – brak informacji co dzieje się w tym roku
2000:	PPS
2001:	Delegacja PPS składa kwiaty na Wareckiej (DT)
2002:	?
2003:	?
2004:	Brak wzmianek w lewica.pl
2005:	Członkowie PPS wg Trybuny rozpoczynają obchody 1 maja od wiecu pod siedzibą Robotnika (DT 2005)
2006:	?
2007:	?
2008:	działacze PPS składają kwiaty (PS)
2009:	przedstawiciele PPS składają kwiaty (PS)
2010:	działacze PPS składają kwiaty (PS). Przybywa też delegacja z OPZZ, wszystko odbywa się przed właściwym pochodem (Kronika Związkowa)
2011:	Uczestnicy Marszu Pustych Garnków udają się pod siedzibę Robotnika i kamień upamiętniający to miejsce (lewica.pl)
2012:	?
2013:	PPS
2014:	spotkanie działaczy PPS (PS)
2015:	-
2016:	-
2017:	przedstawiciele PPS składają kwiaty (PS)
2018:	-
2019:	Ikonowicz: Demonstrujący przeszli pod kamień przy ul. wareckiej, upamiętniający miejsce w którym znajdowała się redakcja PPSowskiego ""Robotnika"", następnie przy dźwiękach pieśni rewolucyjnych podeszli na pl. Grzybowski. (lewica.pl 2019)",,,,Point,,"52.235166,21.016492","52.235166,21.016492",7,umap_backup_1-maja_warszawa9.umap,,True,tylko mapa,,,,,,,,
1994_PL_upamiętnienie_PPS-Wreath-laying-at-the-historic-PPS-headqu,1994,Lata,PL,Upamiętnienia,upamiętnienie,warstwa,PPS,True,niezwiazkowe,"Wreath laying at the historic PPS headquarters, Warecka st.","Kamień przy ul. Wareckiej upamiętniający przedwojenną siedzibę CKR PPS i redakcję „Robotnika” (zburzoną w 1939 r.). Tradycyjne miejsce składania kwiatów przez PPS, czasem z udziałem OPZZ.

1990:	PPS kończy pochód pod Robotnikiem, gdzie składa kwiaty: ""O godzinie 12 przybywa grupa członków PPS z Janem Józefem Lipskim. Złożyli kwiaty na kamieniu pamiątkowym, przemówił Władysław Jagiełło, lecz jak przystało na podeszły wiek większości manifestantów – w przemówieniu najwięcej miejsca poświęcono historii tej partii, jej różnym kolejom losu ( ŻW 1990), Jak wspomina JJG, ""swego czasu"" delegacja OPZZ chodziła również na Warecką, pod siedzibę Robotnika (JJG_1_2, 21:00)
1991:	PPS Ikonowicza składa kwiaty pod Robotnikiem. ""Po złożeniu wiązanki czerwonych róż zgromadzeni przeszli pod Ministerstwo Finansów skandując Balcerowicz na zasiłek, zwolnić rząd nie załogi, chcemy pracy, nie jałmużny"" (ŻW)
1992:	PPS kończy swój pochód na przeciwko MF, pod historyczną siedzibą Robotnika (DT)
1993:	Brak źródeł na kwiaty pod Robotnikiem, zakładam że się odbyło składanie (GW, DT, TVP, NTP, ŻW)
1994:	Brak informacji – ale nie ma powodów by sądzić, że się nie odbywa
1995:	PPS – najprawdopodbniej składa kwiaty, brak informacji
1996:	PPS przed dołączeniem do pochodu składa wieniec pod siedzibą robotnika (Maszerowanie w Święto Pracy, GW)
1997:	Pochód PPS składa wieniec pod siedzibą PPS Robotnik (ŻW)
1998:	Pochód PPS składa wieniec pod siedzibą Robotnika (RP)
1999:	PPS zwykle składa kwiaty pod siedzibą Robotnika – brak informacji co dzieje się w tym roku
2000:	PPS
2001:	Delegacja PPS składa kwiaty na Wareckiej (DT)
2002:	?
2003:	?
2004:	Brak wzmianek w lewica.pl
2005:	Członkowie PPS wg Trybuny rozpoczynają obchody 1 maja od wiecu pod siedzibą Robotnika (DT 2005)
2006:	?
2007:	?
2008:	działacze PPS składają kwiaty (PS)
2009:	przedstawiciele PPS składają kwiaty (PS)
2010:	działacze PPS składają kwiaty (PS). Przybywa też delegacja z OPZZ, wszystko odbywa się przed właściwym pochodem (Kronika Związkowa)
2011:	Uczestnicy Marszu Pustych Garnków udają się pod siedzibę Robotnika i kamień upamiętniający to miejsce (lewica.pl)
2012:	?
2013:	PPS
2014:	spotkanie działaczy PPS (PS)
2015:	-
2016:	-
2017:	przedstawiciele PPS składają kwiaty (PS)
2018:	-
2019:	Ikonowicz: Demonstrujący przeszli pod kamień przy ul. wareckiej, upamiętniający miejsce w którym znajdowała się redakcja PPSowskiego ""Robotnika"", następnie przy dźwiękach pieśni rewolucyjnych podeszli na pl. Grzybowski. (lewica.pl 2019)",,,,Point,,"52.235166,21.016492","52.235166,21.016492",7,umap_backup_1-maja_warszawa9.umap,,True,tylko mapa,,,,,,,,
1995_PL_upamiętnienie_PPS-Wreath-laying-at-the-historic-PPS-headqu,1995,Lata,PL,Upamiętnienia,upamiętnienie,warstwa,PPS,True,niezwiazkowe,"Wreath laying at the historic PPS headquarters, Warecka st.","Kamień przy ul. Wareckiej upamiętniający przedwojenną siedzibę CKR PPS i redakcję „Robotnika” (zburzoną w 1939 r.). Tradycyjne miejsce składania kwiatów przez PPS, czasem z udziałem OPZZ.

1990:	PPS kończy pochód pod Robotnikiem, gdzie składa kwiaty: ""O godzinie 12 przybywa grupa członków PPS z Janem Józefem Lipskim. Złożyli kwiaty na kamieniu pamiątkowym, przemówił Władysław Jagiełło, lecz jak przystało na podeszły wiek większości manifestantów – w przemówieniu najwięcej miejsca poświęcono historii tej partii, jej różnym kolejom losu ( ŻW 1990), Jak wspomina JJG, ""swego czasu"" delegacja OPZZ chodziła również na Warecką, pod siedzibę Robotnika (JJG_1_2, 21:00)
1991:	PPS Ikonowicza składa kwiaty pod Robotnikiem. ""Po złożeniu wiązanki czerwonych róż zgromadzeni przeszli pod Ministerstwo Finansów skandując Balcerowicz na zasiłek, zwolnić rząd nie załogi, chcemy pracy, nie jałmużny"" (ŻW)
1992:	PPS kończy swój pochód na przeciwko MF, pod historyczną siedzibą Robotnika (DT)
1993:	Brak źródeł na kwiaty pod Robotnikiem, zakładam że się odbyło składanie (GW, DT, TVP, NTP, ŻW)
1994:	Brak informacji – ale nie ma powodów by sądzić, że się nie odbywa
1995:	PPS – najprawdopodbniej składa kwiaty, brak informacji
1996:	PPS przed dołączeniem do pochodu składa wieniec pod siedzibą robotnika (Maszerowanie w Święto Pracy, GW)
1997:	Pochód PPS składa wieniec pod siedzibą PPS Robotnik (ŻW)
1998:	Pochód PPS składa wieniec pod siedzibą Robotnika (RP)
1999:	PPS zwykle składa kwiaty pod siedzibą Robotnika – brak informacji co dzieje się w tym roku
2000:	PPS
2001:	Delegacja PPS składa kwiaty na Wareckiej (DT)
2002:	?
2003:	?
2004:	Brak wzmianek w lewica.pl
2005:	Członkowie PPS wg Trybuny rozpoczynają obchody 1 maja od wiecu pod siedzibą Robotnika (DT 2005)
2006:	?
2007:	?
2008:	działacze PPS składają kwiaty (PS)
2009:	przedstawiciele PPS składają kwiaty (PS)
2010:	działacze PPS składają kwiaty (PS). Przybywa też delegacja z OPZZ, wszystko odbywa się przed właściwym pochodem (Kronika Związkowa)
2011:	Uczestnicy Marszu Pustych Garnków udają się pod siedzibę Robotnika i kamień upamiętniający to miejsce (lewica.pl)
2012:	?
2013:	PPS
2014:	spotkanie działaczy PPS (PS)
2015:	-
2016:	-
2017:	przedstawiciele PPS składają kwiaty (PS)
2018:	-
2019:	Ikonowicz: Demonstrujący przeszli pod kamień przy ul. wareckiej, upamiętniający miejsce w którym znajdowała się redakcja PPSowskiego ""Robotnika"", następnie przy dźwiękach pieśni rewolucyjnych podeszli na pl. Grzybowski. (lewica.pl 2019)",,,,Point,,"52.235166,21.016492","52.235166,21.016492",7,umap_backup_1-maja_warszawa9.umap,,True,tylko mapa,,,,,,,,
1996_PL_upamiętnienie_PPS-Wreath-laying-at-the-historic-PPS-headqu,1996,Lata,PL,Upamiętnienia,upamiętnienie,warstwa,PPS,True,niezwiazkowe,"Wreath laying at the historic PPS headquarters, Warecka st.","Kamień przy ul. Wareckiej upamiętniający przedwojenną siedzibę CKR PPS i redakcję „Robotnika” (zburzoną w 1939 r.). Tradycyjne miejsce składania kwiatów przez PPS, czasem z udziałem OPZZ.

1990:	PPS kończy pochód pod Robotnikiem, gdzie składa kwiaty: ""O godzinie 12 przybywa grupa członków PPS z Janem Józefem Lipskim. Złożyli kwiaty na kamieniu pamiątkowym, przemówił Władysław Jagiełło, lecz jak przystało na podeszły wiek większości manifestantów – w przemówieniu najwięcej miejsca poświęcono historii tej partii, jej różnym kolejom losu ( ŻW 1990), Jak wspomina JJG, ""swego czasu"" delegacja OPZZ chodziła również na Warecką, pod siedzibę Robotnika (JJG_1_2, 21:00)
1991:	PPS Ikonowicza składa kwiaty pod Robotnikiem. ""Po złożeniu wiązanki czerwonych róż zgromadzeni przeszli pod Ministerstwo Finansów skandując Balcerowicz na zasiłek, zwolnić rząd nie załogi, chcemy pracy, nie jałmużny"" (ŻW)
1992:	PPS kończy swój pochód na przeciwko MF, pod historyczną siedzibą Robotnika (DT)
1993:	Brak źródeł na kwiaty pod Robotnikiem, zakładam że się odbyło składanie (GW, DT, TVP, NTP, ŻW)
1994:	Brak informacji – ale nie ma powodów by sądzić, że się nie odbywa
1995:	PPS – najprawdopodbniej składa kwiaty, brak informacji
1996:	PPS przed dołączeniem do pochodu składa wieniec pod siedzibą robotnika (Maszerowanie w Święto Pracy, GW)
1997:	Pochód PPS składa wieniec pod siedzibą PPS Robotnik (ŻW)
1998:	Pochód PPS składa wieniec pod siedzibą Robotnika (RP)
1999:	PPS zwykle składa kwiaty pod siedzibą Robotnika – brak informacji co dzieje się w tym roku
2000:	PPS
2001:	Delegacja PPS składa kwiaty na Wareckiej (DT)
2002:	?
2003:	?
2004:	Brak wzmianek w lewica.pl
2005:	Członkowie PPS wg Trybuny rozpoczynają obchody 1 maja od wiecu pod siedzibą Robotnika (DT 2005)
2006:	?
2007:	?
2008:	działacze PPS składają kwiaty (PS)
2009:	przedstawiciele PPS składają kwiaty (PS)
2010:	działacze PPS składają kwiaty (PS). Przybywa też delegacja z OPZZ, wszystko odbywa się przed właściwym pochodem (Kronika Związkowa)
2011:	Uczestnicy Marszu Pustych Garnków udają się pod siedzibę Robotnika i kamień upamiętniający to miejsce (lewica.pl)
2012:	?
2013:	PPS
2014:	spotkanie działaczy PPS (PS)
2015:	-
2016:	-
2017:	przedstawiciele PPS składają kwiaty (PS)
2018:	-
2019:	Ikonowicz: Demonstrujący przeszli pod kamień przy ul. wareckiej, upamiętniający miejsce w którym znajdowała się redakcja PPSowskiego ""Robotnika"", następnie przy dźwiękach pieśni rewolucyjnych podeszli na pl. Grzybowski. (lewica.pl 2019)",,,,Point,,"52.235166,21.016492","52.235166,21.016492",7,umap_backup_1-maja_warszawa9.umap,,True,tylko mapa,,,,,,,,
1997_PL_upamiętnienie_PPS-Wreath-laying-at-the-historic-PPS-headqu,1997,Lata,PL,Upamiętnienia,upamiętnienie,warstwa,PPS,True,niezwiazkowe,"Wreath laying at the historic PPS headquarters, Warecka st.","Kamień przy ul. Wareckiej upamiętniający przedwojenną siedzibę CKR PPS i redakcję „Robotnika” (zburzoną w 1939 r.). Tradycyjne miejsce składania kwiatów przez PPS, czasem z udziałem OPZZ.

1990:	PPS kończy pochód pod Robotnikiem, gdzie składa kwiaty: ""O godzinie 12 przybywa grupa członków PPS z Janem Józefem Lipskim. Złożyli kwiaty na kamieniu pamiątkowym, przemówił Władysław Jagiełło, lecz jak przystało na podeszły wiek większości manifestantów – w przemówieniu najwięcej miejsca poświęcono historii tej partii, jej różnym kolejom losu ( ŻW 1990), Jak wspomina JJG, ""swego czasu"" delegacja OPZZ chodziła również na Warecką, pod siedzibę Robotnika (JJG_1_2, 21:00)
1991:	PPS Ikonowicza składa kwiaty pod Robotnikiem. ""Po złożeniu wiązanki czerwonych róż zgromadzeni przeszli pod Ministerstwo Finansów skandując Balcerowicz na zasiłek, zwolnić rząd nie załogi, chcemy pracy, nie jałmużny"" (ŻW)
1992:	PPS kończy swój pochód na przeciwko MF, pod historyczną siedzibą Robotnika (DT)
1993:	Brak źródeł na kwiaty pod Robotnikiem, zakładam że się odbyło składanie (GW, DT, TVP, NTP, ŻW)
1994:	Brak informacji – ale nie ma powodów by sądzić, że się nie odbywa
1995:	PPS – najprawdopodbniej składa kwiaty, brak informacji
1996:	PPS przed dołączeniem do pochodu składa wieniec pod siedzibą robotnika (Maszerowanie w Święto Pracy, GW)
1997:	Pochód PPS składa wieniec pod siedzibą PPS Robotnik (ŻW)
1998:	Pochód PPS składa wieniec pod siedzibą Robotnika (RP)
1999:	PPS zwykle składa kwiaty pod siedzibą Robotnika – brak informacji co dzieje się w tym roku
2000:	PPS
2001:	Delegacja PPS składa kwiaty na Wareckiej (DT)
2002:	?
2003:	?
2004:	Brak wzmianek w lewica.pl
2005:	Członkowie PPS wg Trybuny rozpoczynają obchody 1 maja od wiecu pod siedzibą Robotnika (DT 2005)
2006:	?
2007:	?
2008:	działacze PPS składają kwiaty (PS)
2009:	przedstawiciele PPS składają kwiaty (PS)
2010:	działacze PPS składają kwiaty (PS). Przybywa też delegacja z OPZZ, wszystko odbywa się przed właściwym pochodem (Kronika Związkowa)
2011:	Uczestnicy Marszu Pustych Garnków udają się pod siedzibę Robotnika i kamień upamiętniający to miejsce (lewica.pl)
2012:	?
2013:	PPS
2014:	spotkanie działaczy PPS (PS)
2015:	-
2016:	-
2017:	przedstawiciele PPS składają kwiaty (PS)
2018:	-
2019:	Ikonowicz: Demonstrujący przeszli pod kamień przy ul. wareckiej, upamiętniający miejsce w którym znajdowała się redakcja PPSowskiego ""Robotnika"", następnie przy dźwiękach pieśni rewolucyjnych podeszli na pl. Grzybowski. (lewica.pl 2019)",,,,Point,,"52.235166,21.016492","52.235166,21.016492",7,umap_backup_1-maja_warszawa9.umap,,True,tylko mapa,,,,,,,,
1998_PL_upamiętnienie_PPS-Wreath-laying-at-the-historic-PPS-headqu,1998,Lata,PL,Upamiętnienia,upamiętnienie,warstwa,PPS,True,niezwiazkowe,"Wreath laying at the historic PPS headquarters, Warecka st.","Kamień przy ul. Wareckiej upamiętniający przedwojenną siedzibę CKR PPS i redakcję „Robotnika” (zburzoną w 1939 r.). Tradycyjne miejsce składania kwiatów przez PPS, czasem z udziałem OPZZ.

1990:	PPS kończy pochód pod Robotnikiem, gdzie składa kwiaty: ""O godzinie 12 przybywa grupa członków PPS z Janem Józefem Lipskim. Złożyli kwiaty na kamieniu pamiątkowym, przemówił Władysław Jagiełło, lecz jak przystało na podeszły wiek większości manifestantów – w przemówieniu najwięcej miejsca poświęcono historii tej partii, jej różnym kolejom losu ( ŻW 1990), Jak wspomina JJG, ""swego czasu"" delegacja OPZZ chodziła również na Warecką, pod siedzibę Robotnika (JJG_1_2, 21:00)
1991:	PPS Ikonowicza składa kwiaty pod Robotnikiem. ""Po złożeniu wiązanki czerwonych róż zgromadzeni przeszli pod Ministerstwo Finansów skandując Balcerowicz na zasiłek, zwolnić rząd nie załogi, chcemy pracy, nie jałmużny"" (ŻW)
1992:	PPS kończy swój pochód na przeciwko MF, pod historyczną siedzibą Robotnika (DT)
1993:	Brak źródeł na kwiaty pod Robotnikiem, zakładam że się odbyło składanie (GW, DT, TVP, NTP, ŻW)
1994:	Brak informacji – ale nie ma powodów by sądzić, że się nie odbywa
1995:	PPS – najprawdopodbniej składa kwiaty, brak informacji
1996:	PPS przed dołączeniem do pochodu składa wieniec pod siedzibą robotnika (Maszerowanie w Święto Pracy, GW)
1997:	Pochód PPS składa wieniec pod siedzibą PPS Robotnik (ŻW)
1998:	Pochód PPS składa wieniec pod siedzibą Robotnika (RP)
1999:	PPS zwykle składa kwiaty pod siedzibą Robotnika – brak informacji co dzieje się w tym roku
2000:	PPS
2001:	Delegacja PPS składa kwiaty na Wareckiej (DT)
2002:	?
2003:	?
2004:	Brak wzmianek w lewica.pl
2005:	Członkowie PPS wg Trybuny rozpoczynają obchody 1 maja od wiecu pod siedzibą Robotnika (DT 2005)
2006:	?
2007:	?
2008:	działacze PPS składają kwiaty (PS)
2009:	przedstawiciele PPS składają kwiaty (PS)
2010:	działacze PPS składają kwiaty (PS). Przybywa też delegacja z OPZZ, wszystko odbywa się przed właściwym pochodem (Kronika Związkowa)
2011:	Uczestnicy Marszu Pustych Garnków udają się pod siedzibę Robotnika i kamień upamiętniający to miejsce (lewica.pl)
2012:	?
2013:	PPS
2014:	spotkanie działaczy PPS (PS)
2015:	-
2016:	-
2017:	przedstawiciele PPS składają kwiaty (PS)
2018:	-
2019:	Ikonowicz: Demonstrujący przeszli pod kamień przy ul. wareckiej, upamiętniający miejsce w którym znajdowała się redakcja PPSowskiego ""Robotnika"", następnie przy dźwiękach pieśni rewolucyjnych podeszli na pl. Grzybowski. (lewica.pl 2019)",,,,Point,,"52.235166,21.016492","52.235166,21.016492",7,umap_backup_1-maja_warszawa9.umap,,True,tylko mapa,,,,,,,,
1999_PL_upamiętnienie_PPS-Wreath-laying-at-the-historic-PPS-headqu,1999,Lata,PL,Upamiętnienia,upamiętnienie,warstwa,PPS,True,niezwiazkowe,"Wreath laying at the historic PPS headquarters, Warecka st.","Kamień przy ul. Wareckiej upamiętniający przedwojenną siedzibę CKR PPS i redakcję „Robotnika” (zburzoną w 1939 r.). Tradycyjne miejsce składania kwiatów przez PPS, czasem z udziałem OPZZ.

1990:	PPS kończy pochód pod Robotnikiem, gdzie składa kwiaty: ""O godzinie 12 przybywa grupa członków PPS z Janem Józefem Lipskim. Złożyli kwiaty na kamieniu pamiątkowym, przemówił Władysław Jagiełło, lecz jak przystało na podeszły wiek większości manifestantów – w przemówieniu najwięcej miejsca poświęcono historii tej partii, jej różnym kolejom losu ( ŻW 1990), Jak wspomina JJG, ""swego czasu"" delegacja OPZZ chodziła również na Warecką, pod siedzibę Robotnika (JJG_1_2, 21:00)
1991:	PPS Ikonowicza składa kwiaty pod Robotnikiem. ""Po złożeniu wiązanki czerwonych róż zgromadzeni przeszli pod Ministerstwo Finansów skandując Balcerowicz na zasiłek, zwolnić rząd nie załogi, chcemy pracy, nie jałmużny"" (ŻW)
1992:	PPS kończy swój pochód na przeciwko MF, pod historyczną siedzibą Robotnika (DT)
1993:	Brak źródeł na kwiaty pod Robotnikiem, zakładam że się odbyło składanie (GW, DT, TVP, NTP, ŻW)
1994:	Brak informacji – ale nie ma powodów by sądzić, że się nie odbywa
1995:	PPS – najprawdopodbniej składa kwiaty, brak informacji
1996:	PPS przed dołączeniem do pochodu składa wieniec pod siedzibą robotnika (Maszerowanie w Święto Pracy, GW)
1997:	Pochód PPS składa wieniec pod siedzibą PPS Robotnik (ŻW)
1998:	Pochód PPS składa wieniec pod siedzibą Robotnika (RP)
1999:	PPS zwykle składa kwiaty pod siedzibą Robotnika – brak informacji co dzieje się w tym roku
2000:	PPS
2001:	Delegacja PPS składa kwiaty na Wareckiej (DT)
2002:	?
2003:	?
2004:	Brak wzmianek w lewica.pl
2005:	Członkowie PPS wg Trybuny rozpoczynają obchody 1 maja od wiecu pod siedzibą Robotnika (DT 2005)
2006:	?
2007:	?
2008:	działacze PPS składają kwiaty (PS)
2009:	przedstawiciele PPS składają kwiaty (PS)
2010:	działacze PPS składają kwiaty (PS). Przybywa też delegacja z OPZZ, wszystko odbywa się przed właściwym pochodem (Kronika Związkowa)
2011:	Uczestnicy Marszu Pustych Garnków udają się pod siedzibę Robotnika i kamień upamiętniający to miejsce (lewica.pl)
2012:	?
2013:	PPS
2014:	spotkanie działaczy PPS (PS)
2015:	-
2016:	-
2017:	przedstawiciele PPS składają kwiaty (PS)
2018:	-
2019:	Ikonowicz: Demonstrujący przeszli pod kamień przy ul. wareckiej, upamiętniający miejsce w którym znajdowała się redakcja PPSowskiego ""Robotnika"", następnie przy dźwiękach pieśni rewolucyjnych podeszli na pl. Grzybowski. (lewica.pl 2019)",,,,Point,,"52.235166,21.016492","52.235166,21.016492",7,umap_backup_1-maja_warszawa9.umap,,True,tylko mapa,,,,,,,,
2000_PL_upamiętnienie_PPS-Wreath-laying-at-the-historic-PPS-headqu,2000,Lata,PL,Upamiętnienia,upamiętnienie,warstwa,PPS,True,niezwiazkowe,"Wreath laying at the historic PPS headquarters, Warecka st.","Kamień przy ul. Wareckiej upamiętniający przedwojenną siedzibę CKR PPS i redakcję „Robotnika” (zburzoną w 1939 r.). Tradycyjne miejsce składania kwiatów przez PPS, czasem z udziałem OPZZ.

1990:	PPS kończy pochód pod Robotnikiem, gdzie składa kwiaty: ""O godzinie 12 przybywa grupa członków PPS z Janem Józefem Lipskim. Złożyli kwiaty na kamieniu pamiątkowym, przemówił Władysław Jagiełło, lecz jak przystało na podeszły wiek większości manifestantów – w przemówieniu najwięcej miejsca poświęcono historii tej partii, jej różnym kolejom losu ( ŻW 1990), Jak wspomina JJG, ""swego czasu"" delegacja OPZZ chodziła również na Warecką, pod siedzibę Robotnika (JJG_1_2, 21:00)
1991:	PPS Ikonowicza składa kwiaty pod Robotnikiem. ""Po złożeniu wiązanki czerwonych róż zgromadzeni przeszli pod Ministerstwo Finansów skandując Balcerowicz na zasiłek, zwolnić rząd nie załogi, chcemy pracy, nie jałmużny"" (ŻW)
1992:	PPS kończy swój pochód na przeciwko MF, pod historyczną siedzibą Robotnika (DT)
1993:	Brak źródeł na kwiaty pod Robotnikiem, zakładam że się odbyło składanie (GW, DT, TVP, NTP, ŻW)
1994:	Brak informacji – ale nie ma powodów by sądzić, że się nie odbywa
1995:	PPS – najprawdopodbniej składa kwiaty, brak informacji
1996:	PPS przed dołączeniem do pochodu składa wieniec pod siedzibą robotnika (Maszerowanie w Święto Pracy, GW)
1997:	Pochód PPS składa wieniec pod siedzibą PPS Robotnik (ŻW)
1998:	Pochód PPS składa wieniec pod siedzibą Robotnika (RP)
1999:	PPS zwykle składa kwiaty pod siedzibą Robotnika – brak informacji co dzieje się w tym roku
2000:	PPS
2001:	Delegacja PPS składa kwiaty na Wareckiej (DT)
2002:	?
2003:	?
2004:	Brak wzmianek w lewica.pl
2005:	Członkowie PPS wg Trybuny rozpoczynają obchody 1 maja od wiecu pod siedzibą Robotnika (DT 2005)
2006:	?
2007:	?
2008:	działacze PPS składają kwiaty (PS)
2009:	przedstawiciele PPS składają kwiaty (PS)
2010:	działacze PPS składają kwiaty (PS). Przybywa też delegacja z OPZZ, wszystko odbywa się przed właściwym pochodem (Kronika Związkowa)
2011:	Uczestnicy Marszu Pustych Garnków udają się pod siedzibę Robotnika i kamień upamiętniający to miejsce (lewica.pl)
2012:	?
2013:	PPS
2014:	spotkanie działaczy PPS (PS)
2015:	-
2016:	-
2017:	przedstawiciele PPS składają kwiaty (PS)
2018:	-
2019:	Ikonowicz: Demonstrujący przeszli pod kamień przy ul. wareckiej, upamiętniający miejsce w którym znajdowała się redakcja PPSowskiego ""Robotnika"", następnie przy dźwiękach pieśni rewolucyjnych podeszli na pl. Grzybowski. (lewica.pl 2019)",,,,Point,,"52.235166,21.016492","52.235166,21.016492",7,umap_backup_1-maja_warszawa9.umap,,True,tylko mapa,,,,,,,,
2001_PL_upamiętnienie_PPS-Wreath-laying-at-the-historic-PPS-headqu,2001,Lata,PL,Upamiętnienia,upamiętnienie,warstwa,PPS,True,niezwiazkowe,"Wreath laying at the historic PPS headquarters, Warecka st.","Kamień przy ul. Wareckiej upamiętniający przedwojenną siedzibę CKR PPS i redakcję „Robotnika” (zburzoną w 1939 r.). Tradycyjne miejsce składania kwiatów przez PPS, czasem z udziałem OPZZ.

1990:	PPS kończy pochód pod Robotnikiem, gdzie składa kwiaty: ""O godzinie 12 przybywa grupa członków PPS z Janem Józefem Lipskim. Złożyli kwiaty na kamieniu pamiątkowym, przemówił Władysław Jagiełło, lecz jak przystało na podeszły wiek większości manifestantów – w przemówieniu najwięcej miejsca poświęcono historii tej partii, jej różnym kolejom losu ( ŻW 1990), Jak wspomina JJG, ""swego czasu"" delegacja OPZZ chodziła również na Warecką, pod siedzibę Robotnika (JJG_1_2, 21:00)
1991:	PPS Ikonowicza składa kwiaty pod Robotnikiem. ""Po złożeniu wiązanki czerwonych róż zgromadzeni przeszli pod Ministerstwo Finansów skandując Balcerowicz na zasiłek, zwolnić rząd nie załogi, chcemy pracy, nie jałmużny"" (ŻW)
1992:	PPS kończy swój pochód na przeciwko MF, pod historyczną siedzibą Robotnika (DT)
1993:	Brak źródeł na kwiaty pod Robotnikiem, zakładam że się odbyło składanie (GW, DT, TVP, NTP, ŻW)
1994:	Brak informacji – ale nie ma powodów by sądzić, że się nie odbywa
1995:	PPS – najprawdopodbniej składa kwiaty, brak informacji
1996:	PPS przed dołączeniem do pochodu składa wieniec pod siedzibą robotnika (Maszerowanie w Święto Pracy, GW)
1997:	Pochód PPS składa wieniec pod siedzibą PPS Robotnik (ŻW)
1998:	Pochód PPS składa wieniec pod siedzibą Robotnika (RP)
1999:	PPS zwykle składa kwiaty pod siedzibą Robotnika – brak informacji co dzieje się w tym roku
2000:	PPS
2001:	Delegacja PPS składa kwiaty na Wareckiej (DT)
2002:	?
2003:	?
2004:	Brak wzmianek w lewica.pl
2005:	Członkowie PPS wg Trybuny rozpoczynają obchody 1 maja od wiecu pod siedzibą Robotnika (DT 2005)
2006:	?
2007:	?
2008:	działacze PPS składają kwiaty (PS)
2009:	przedstawiciele PPS składają kwiaty (PS)
2010:	działacze PPS składają kwiaty (PS). Przybywa też delegacja z OPZZ, wszystko odbywa się przed właściwym pochodem (Kronika Związkowa)
2011:	Uczestnicy Marszu Pustych Garnków udają się pod siedzibę Robotnika i kamień upamiętniający to miejsce (lewica.pl)
2012:	?
2013:	PPS
2014:	spotkanie działaczy PPS (PS)
2015:	-
2016:	-
2017:	przedstawiciele PPS składają kwiaty (PS)
2018:	-
2019:	Ikonowicz: Demonstrujący przeszli pod kamień przy ul. wareckiej, upamiętniający miejsce w którym znajdowała się redakcja PPSowskiego ""Robotnika"", następnie przy dźwiękach pieśni rewolucyjnych podeszli na pl. Grzybowski. (lewica.pl 2019)",,,,Point,,"52.235166,21.016492","52.235166,21.016492",7,umap_backup_1-maja_warszawa9.umap,,True,tylko mapa,,,,,,,,
2005_PL_upamiętnienie_PPS-Wreath-laying-at-the-historic-PPS-headqu,2005,Lata,PL,Upamiętnienia,upamiętnienie,warstwa,PPS,True,niezwiazkowe,"Wreath laying at the historic PPS headquarters, Warecka st.","Kamień przy ul. Wareckiej upamiętniający przedwojenną siedzibę CKR PPS i redakcję „Robotnika” (zburzoną w 1939 r.). Tradycyjne miejsce składania kwiatów przez PPS, czasem z udziałem OPZZ.

1990:	PPS kończy pochód pod Robotnikiem, gdzie składa kwiaty: ""O godzinie 12 przybywa grupa członków PPS z Janem Józefem Lipskim. Złożyli kwiaty na kamieniu pamiątkowym, przemówił Władysław Jagiełło, lecz jak przystało na podeszły wiek większości manifestantów – w przemówieniu najwięcej miejsca poświęcono historii tej partii, jej różnym kolejom losu ( ŻW 1990), Jak wspomina JJG, ""swego czasu"" delegacja OPZZ chodziła również na Warecką, pod siedzibę Robotnika (JJG_1_2, 21:00)
1991:	PPS Ikonowicza składa kwiaty pod Robotnikiem. ""Po złożeniu wiązanki czerwonych róż zgromadzeni przeszli pod Ministerstwo Finansów skandując Balcerowicz na zasiłek, zwolnić rząd nie załogi, chcemy pracy, nie jałmużny"" (ŻW)
1992:	PPS kończy swój pochód na przeciwko MF, pod historyczną siedzibą Robotnika (DT)
1993:	Brak źródeł na kwiaty pod Robotnikiem, zakładam że się odbyło składanie (GW, DT, TVP, NTP, ŻW)
1994:	Brak informacji – ale nie ma powodów by sądzić, że się nie odbywa
1995:	PPS – najprawdopodbniej składa kwiaty, brak informacji
1996:	PPS przed dołączeniem do pochodu składa wieniec pod siedzibą robotnika (Maszerowanie w Święto Pracy, GW)
1997:	Pochód PPS składa wieniec pod siedzibą PPS Robotnik (ŻW)
1998:	Pochód PPS składa wieniec pod siedzibą Robotnika (RP)
1999:	PPS zwykle składa kwiaty pod siedzibą Robotnika – brak informacji co dzieje się w tym roku
2000:	PPS
2001:	Delegacja PPS składa kwiaty na Wareckiej (DT)
2002:	?
2003:	?
2004:	Brak wzmianek w lewica.pl
2005:	Członkowie PPS wg Trybuny rozpoczynają obchody 1 maja od wiecu pod siedzibą Robotnika (DT 2005)
2006:	?
2007:	?
2008:	działacze PPS składają kwiaty (PS)
2009:	przedstawiciele PPS składają kwiaty (PS)
2010:	działacze PPS składają kwiaty (PS). Przybywa też delegacja z OPZZ, wszystko odbywa się przed właściwym pochodem (Kronika Związkowa)
2011:	Uczestnicy Marszu Pustych Garnków udają się pod siedzibę Robotnika i kamień upamiętniający to miejsce (lewica.pl)
2012:	?
2013:	PPS
2014:	spotkanie działaczy PPS (PS)
2015:	-
2016:	-
2017:	przedstawiciele PPS składają kwiaty (PS)
2018:	-
2019:	Ikonowicz: Demonstrujący przeszli pod kamień przy ul. wareckiej, upamiętniający miejsce w którym znajdowała się redakcja PPSowskiego ""Robotnika"", następnie przy dźwiękach pieśni rewolucyjnych podeszli na pl. Grzybowski. (lewica.pl 2019)",,,,Point,,"52.235166,21.016492","52.235166,21.016492",7,umap_backup_1-maja_warszawa9.umap,,True,mapa+rocznik,bez typu,,"–""Na Powązki takie związki""
- ""Precz z czerwoną burżuazją""
- ""Święto pracownika, nie aparatczyka""",,Hasła_PPS,,,
2008_PL_upamiętnienie_PPS-Wreath-laying-at-the-historic-PPS-headqu,2008,Lata,PL,Upamiętnienia,upamiętnienie,warstwa,PPS,True,niezwiazkowe,"Wreath laying at the historic PPS headquarters, Warecka st.","Kamień przy ul. Wareckiej upamiętniający przedwojenną siedzibę CKR PPS i redakcję „Robotnika” (zburzoną w 1939 r.). Tradycyjne miejsce składania kwiatów przez PPS, czasem z udziałem OPZZ.

1990:	PPS kończy pochód pod Robotnikiem, gdzie składa kwiaty: ""O godzinie 12 przybywa grupa członków PPS z Janem Józefem Lipskim. Złożyli kwiaty na kamieniu pamiątkowym, przemówił Władysław Jagiełło, lecz jak przystało na podeszły wiek większości manifestantów – w przemówieniu najwięcej miejsca poświęcono historii tej partii, jej różnym kolejom losu ( ŻW 1990), Jak wspomina JJG, ""swego czasu"" delegacja OPZZ chodziła również na Warecką, pod siedzibę Robotnika (JJG_1_2, 21:00)
1991:	PPS Ikonowicza składa kwiaty pod Robotnikiem. ""Po złożeniu wiązanki czerwonych róż zgromadzeni przeszli pod Ministerstwo Finansów skandując Balcerowicz na zasiłek, zwolnić rząd nie załogi, chcemy pracy, nie jałmużny"" (ŻW)
1992:	PPS kończy swój pochód na przeciwko MF, pod historyczną siedzibą Robotnika (DT)
1993:	Brak źródeł na kwiaty pod Robotnikiem, zakładam że się odbyło składanie (GW, DT, TVP, NTP, ŻW)
1994:	Brak informacji – ale nie ma powodów by sądzić, że się nie odbywa
1995:	PPS – najprawdopodbniej składa kwiaty, brak informacji
1996:	PPS przed dołączeniem do pochodu składa wieniec pod siedzibą robotnika (Maszerowanie w Święto Pracy, GW)
1997:	Pochód PPS składa wieniec pod siedzibą PPS Robotnik (ŻW)
1998:	Pochód PPS składa wieniec pod siedzibą Robotnika (RP)
1999:	PPS zwykle składa kwiaty pod siedzibą Robotnika – brak informacji co dzieje się w tym roku
2000:	PPS
2001:	Delegacja PPS składa kwiaty na Wareckiej (DT)
2002:	?
2003:	?
2004:	Brak wzmianek w lewica.pl
2005:	Członkowie PPS wg Trybuny rozpoczynają obchody 1 maja od wiecu pod siedzibą Robotnika (DT 2005)
2006:	?
2007:	?
2008:	działacze PPS składają kwiaty (PS)
2009:	przedstawiciele PPS składają kwiaty (PS)
2010:	działacze PPS składają kwiaty (PS). Przybywa też delegacja z OPZZ, wszystko odbywa się przed właściwym pochodem (Kronika Związkowa)
2011:	Uczestnicy Marszu Pustych Garnków udają się pod siedzibę Robotnika i kamień upamiętniający to miejsce (lewica.pl)
2012:	?
2013:	PPS
2014:	spotkanie działaczy PPS (PS)
2015:	-
2016:	-
2017:	przedstawiciele PPS składają kwiaty (PS)
2018:	-
2019:	Ikonowicz: Demonstrujący przeszli pod kamień przy ul. wareckiej, upamiętniający miejsce w którym znajdowała się redakcja PPSowskiego ""Robotnika"", następnie przy dźwiękach pieśni rewolucyjnych podeszli na pl. Grzybowski. (lewica.pl 2019)",,,,Point,,"52.235166,21.016492","52.235166,21.016492",7,umap_backup_1-maja_warszawa9.umap,,True,mapa+rocznik,bez typu,,"Balcerowicz musi odejść
Powiedz nie, burżujom z SLD
Czerwoni magnaci, lud wam odpłaci",,Hasła_PPS,,,
2009_PL_upamiętnienie_PPS-Wreath-laying-at-the-historic-PPS-headqu,2009,Lata,PL,Upamiętnienia,upamiętnienie,warstwa,PPS,True,niezwiazkowe,"Wreath laying at the historic PPS headquarters, Warecka st.","Kamień przy ul. Wareckiej upamiętniający przedwojenną siedzibę CKR PPS i redakcję „Robotnika” (zburzoną w 1939 r.). Tradycyjne miejsce składania kwiatów przez PPS, czasem z udziałem OPZZ.

1990:	PPS kończy pochód pod Robotnikiem, gdzie składa kwiaty: ""O godzinie 12 przybywa grupa członków PPS z Janem Józefem Lipskim. Złożyli kwiaty na kamieniu pamiątkowym, przemówił Władysław Jagiełło, lecz jak przystało na podeszły wiek większości manifestantów – w przemówieniu najwięcej miejsca poświęcono historii tej partii, jej różnym kolejom losu ( ŻW 1990), Jak wspomina JJG, ""swego czasu"" delegacja OPZZ chodziła również na Warecką, pod siedzibę Robotnika (JJG_1_2, 21:00)
1991:	PPS Ikonowicza składa kwiaty pod Robotnikiem. ""Po złożeniu wiązanki czerwonych róż zgromadzeni przeszli pod Ministerstwo Finansów skandując Balcerowicz na zasiłek, zwolnić rząd nie załogi, chcemy pracy, nie jałmużny"" (ŻW)
1992:	PPS kończy swój pochód na przeciwko MF, pod historyczną siedzibą Robotnika (DT)
1993:	Brak źródeł na kwiaty pod Robotnikiem, zakładam że się odbyło składanie (GW, DT, TVP, NTP, ŻW)
1994:	Brak informacji – ale nie ma powodów by sądzić, że się nie odbywa
1995:	PPS – najprawdopodbniej składa kwiaty, brak informacji
1996:	PPS przed dołączeniem do pochodu składa wieniec pod siedzibą robotnika (Maszerowanie w Święto Pracy, GW)
1997:	Pochód PPS składa wieniec pod siedzibą PPS Robotnik (ŻW)
1998:	Pochód PPS składa wieniec pod siedzibą Robotnika (RP)
1999:	PPS zwykle składa kwiaty pod siedzibą Robotnika – brak informacji co dzieje się w tym roku
2000:	PPS
2001:	Delegacja PPS składa kwiaty na Wareckiej (DT)
2002:	?
2003:	?
2004:	Brak wzmianek w lewica.pl
2005:	Członkowie PPS wg Trybuny rozpoczynają obchody 1 maja od wiecu pod siedzibą Robotnika (DT 2005)
2006:	?
2007:	?
2008:	działacze PPS składają kwiaty (PS)
2009:	przedstawiciele PPS składają kwiaty (PS)
2010:	działacze PPS składają kwiaty (PS). Przybywa też delegacja z OPZZ, wszystko odbywa się przed właściwym pochodem (Kronika Związkowa)
2011:	Uczestnicy Marszu Pustych Garnków udają się pod siedzibę Robotnika i kamień upamiętniający to miejsce (lewica.pl)
2012:	?
2013:	PPS
2014:	spotkanie działaczy PPS (PS)
2015:	-
2016:	-
2017:	przedstawiciele PPS składają kwiaty (PS)
2018:	-
2019:	Ikonowicz: Demonstrujący przeszli pod kamień przy ul. wareckiej, upamiętniający miejsce w którym znajdowała się redakcja PPSowskiego ""Robotnika"", następnie przy dźwiękach pieśni rewolucyjnych podeszli na pl. Grzybowski. (lewica.pl 2019)",,,,Point,,"52.235166,21.016492","52.235166,21.016492",7,umap_backup_1-maja_warszawa9.umap,,True,tylko mapa,,,,,,,,
2010_PL_upamiętnienie_PPS-Wreath-laying-at-the-historic-PPS-headqu,2010,Lata,PL,Upamiętnienia,upamiętnienie,warstwa,PPS,True,niezwiazkowe,"Wreath laying at the historic PPS headquarters, Warecka st.","Kamień przy ul. Wareckiej upamiętniający przedwojenną siedzibę CKR PPS i redakcję „Robotnika” (zburzoną w 1939 r.). Tradycyjne miejsce składania kwiatów przez PPS, czasem z udziałem OPZZ.

1990:	PPS kończy pochód pod Robotnikiem, gdzie składa kwiaty: ""O godzinie 12 przybywa grupa członków PPS z Janem Józefem Lipskim. Złożyli kwiaty na kamieniu pamiątkowym, przemówił Władysław Jagiełło, lecz jak przystało na podeszły wiek większości manifestantów – w przemówieniu najwięcej miejsca poświęcono historii tej partii, jej różnym kolejom losu ( ŻW 1990), Jak wspomina JJG, ""swego czasu"" delegacja OPZZ chodziła również na Warecką, pod siedzibę Robotnika (JJG_1_2, 21:00)
1991:	PPS Ikonowicza składa kwiaty pod Robotnikiem. ""Po złożeniu wiązanki czerwonych róż zgromadzeni przeszli pod Ministerstwo Finansów skandując Balcerowicz na zasiłek, zwolnić rząd nie załogi, chcemy pracy, nie jałmużny"" (ŻW)
1992:	PPS kończy swój pochód na przeciwko MF, pod historyczną siedzibą Robotnika (DT)
1993:	Brak źródeł na kwiaty pod Robotnikiem, zakładam że się odbyło składanie (GW, DT, TVP, NTP, ŻW)
1994:	Brak informacji – ale nie ma powodów by sądzić, że się nie odbywa
1995:	PPS – najprawdopodbniej składa kwiaty, brak informacji
1996:	PPS przed dołączeniem do pochodu składa wieniec pod siedzibą robotnika (Maszerowanie w Święto Pracy, GW)
1997:	Pochód PPS składa wieniec pod siedzibą PPS Robotnik (ŻW)
1998:	Pochód PPS składa wieniec pod siedzibą Robotnika (RP)
1999:	PPS zwykle składa kwiaty pod siedzibą Robotnika – brak informacji co dzieje się w tym roku
2000:	PPS
2001:	Delegacja PPS składa kwiaty na Wareckiej (DT)
2002:	?
2003:	?
2004:	Brak wzmianek w lewica.pl
2005:	Członkowie PPS wg Trybuny rozpoczynają obchody 1 maja od wiecu pod siedzibą Robotnika (DT 2005)
2006:	?
2007:	?
2008:	działacze PPS składają kwiaty (PS)
2009:	przedstawiciele PPS składają kwiaty (PS)
2010:	działacze PPS składają kwiaty (PS). Przybywa też delegacja z OPZZ, wszystko odbywa się przed właściwym pochodem (Kronika Związkowa)
2011:	Uczestnicy Marszu Pustych Garnków udają się pod siedzibę Robotnika i kamień upamiętniający to miejsce (lewica.pl)
2012:	?
2013:	PPS
2014:	spotkanie działaczy PPS (PS)
2015:	-
2016:	-
2017:	przedstawiciele PPS składają kwiaty (PS)
2018:	-
2019:	Ikonowicz: Demonstrujący przeszli pod kamień przy ul. wareckiej, upamiętniający miejsce w którym znajdowała się redakcja PPSowskiego ""Robotnika"", następnie przy dźwiękach pieśni rewolucyjnych podeszli na pl. Grzybowski. (lewica.pl 2019)",,,,Point,,"52.235166,21.016492","52.235166,21.016492",7,umap_backup_1-maja_warszawa9.umap,,True,tylko mapa,,,,,,,,
2011_PL_upamiętnienie_PPS-Wreath-laying-at-the-historic-PPS-headqu,2011,Lata,PL,Upamiętnienia,upamiętnienie,warstwa,PPS,True,niezwiazkowe,"Wreath laying at the historic PPS headquarters, Warecka st.","Kamień przy ul. Wareckiej upamiętniający przedwojenną siedzibę CKR PPS i redakcję „Robotnika” (zburzoną w 1939 r.). Tradycyjne miejsce składania kwiatów przez PPS, czasem z udziałem OPZZ.

1990:	PPS kończy pochód pod Robotnikiem, gdzie składa kwiaty: ""O godzinie 12 przybywa grupa członków PPS z Janem Józefem Lipskim. Złożyli kwiaty na kamieniu pamiątkowym, przemówił Władysław Jagiełło, lecz jak przystało na podeszły wiek większości manifestantów – w przemówieniu najwięcej miejsca poświęcono historii tej partii, jej różnym kolejom losu ( ŻW 1990), Jak wspomina JJG, ""swego czasu"" delegacja OPZZ chodziła również na Warecką, pod siedzibę Robotnika (JJG_1_2, 21:00)
1991:	PPS Ikonowicza składa kwiaty pod Robotnikiem. ""Po złożeniu wiązanki czerwonych róż zgromadzeni przeszli pod Ministerstwo Finansów skandując Balcerowicz na zasiłek, zwolnić rząd nie załogi, chcemy pracy, nie jałmużny"" (ŻW)
1992:	PPS kończy swój pochód na przeciwko MF, pod historyczną siedzibą Robotnika (DT)
1993:	Brak źródeł na kwiaty pod Robotnikiem, zakładam że się odbyło składanie (GW, DT, TVP, NTP, ŻW)
1994:	Brak informacji – ale nie ma powodów by sądzić, że się nie odbywa
1995:	PPS – najprawdopodbniej składa kwiaty, brak informacji
1996:	PPS przed dołączeniem do pochodu składa wieniec pod siedzibą robotnika (Maszerowanie w Święto Pracy, GW)
1997:	Pochód PPS składa wieniec pod siedzibą PPS Robotnik (ŻW)
1998:	Pochód PPS składa wieniec pod siedzibą Robotnika (RP)
1999:	PPS zwykle składa kwiaty pod siedzibą Robotnika – brak informacji co dzieje się w tym roku
2000:	PPS
2001:	Delegacja PPS składa kwiaty na Wareckiej (DT)
2002:	?
2003:	?
2004:	Brak wzmianek w lewica.pl
2005:	Członkowie PPS wg Trybuny rozpoczynają obchody 1 maja od wiecu pod siedzibą Robotnika (DT 2005)
2006:	?
2007:	?
2008:	działacze PPS składają kwiaty (PS)
2009:	przedstawiciele PPS składają kwiaty (PS)
2010:	działacze PPS składają kwiaty (PS). Przybywa też delegacja z OPZZ, wszystko odbywa się przed właściwym pochodem (Kronika Związkowa)
2011:	Uczestnicy Marszu Pustych Garnków udają się pod siedzibę Robotnika i kamień upamiętniający to miejsce (lewica.pl)
2012:	?
2013:	PPS
2014:	spotkanie działaczy PPS (PS)
2015:	-
2016:	-
2017:	przedstawiciele PPS składają kwiaty (PS)
2018:	-
2019:	Ikonowicz: Demonstrujący przeszli pod kamień przy ul. wareckiej, upamiętniający miejsce w którym znajdowała się redakcja PPSowskiego ""Robotnika"", następnie przy dźwiękach pieśni rewolucyjnych podeszli na pl. Grzybowski. (lewica.pl 2019)",,,,Point,,"52.235166,21.016492","52.235166,21.016492",7,umap_backup_1-maja_warszawa9.umap,,True,tylko mapa,,,,,,,,
2013_PL_upamiętnienie_PPS-Wreath-laying-at-the-historic-PPS-headqu,2013,Lata,PL,Upamiętnienia,upamiętnienie,warstwa,PPS,True,niezwiazkowe,"Wreath laying at the historic PPS headquarters, Warecka st.","Kamień przy ul. Wareckiej upamiętniający przedwojenną siedzibę CKR PPS i redakcję „Robotnika” (zburzoną w 1939 r.). Tradycyjne miejsce składania kwiatów przez PPS, czasem z udziałem OPZZ.

1990:	PPS kończy pochód pod Robotnikiem, gdzie składa kwiaty: ""O godzinie 12 przybywa grupa członków PPS z Janem Józefem Lipskim. Złożyli kwiaty na kamieniu pamiątkowym, przemówił Władysław Jagiełło, lecz jak przystało na podeszły wiek większości manifestantów – w przemówieniu najwięcej miejsca poświęcono historii tej partii, jej różnym kolejom losu ( ŻW 1990), Jak wspomina JJG, ""swego czasu"" delegacja OPZZ chodziła również na Warecką, pod siedzibę Robotnika (JJG_1_2, 21:00)
1991:	PPS Ikonowicza składa kwiaty pod Robotnikiem. ""Po złożeniu wiązanki czerwonych róż zgromadzeni przeszli pod Ministerstwo Finansów skandując Balcerowicz na zasiłek, zwolnić rząd nie załogi, chcemy pracy, nie jałmużny"" (ŻW)
1992:	PPS kończy swój pochód na przeciwko MF, pod historyczną siedzibą Robotnika (DT)
1993:	Brak źródeł na kwiaty pod Robotnikiem, zakładam że się odbyło składanie (GW, DT, TVP, NTP, ŻW)
1994:	Brak informacji – ale nie ma powodów by sądzić, że się nie odbywa
1995:	PPS – najprawdopodbniej składa kwiaty, brak informacji
1996:	PPS przed dołączeniem do pochodu składa wieniec pod siedzibą robotnika (Maszerowanie w Święto Pracy, GW)
1997:	Pochód PPS składa wieniec pod siedzibą PPS Robotnik (ŻW)
1998:	Pochód PPS składa wieniec pod siedzibą Robotnika (RP)
1999:	PPS zwykle składa kwiaty pod siedzibą Robotnika – brak informacji co dzieje się w tym roku
2000:	PPS
2001:	Delegacja PPS składa kwiaty na Wareckiej (DT)
2002:	?
2003:	?
2004:	Brak wzmianek w lewica.pl
2005:	Członkowie PPS wg Trybuny rozpoczynają obchody 1 maja od wiecu pod siedzibą Robotnika (DT 2005)
2006:	?
2007:	?
2008:	działacze PPS składają kwiaty (PS)
2009:	przedstawiciele PPS składają kwiaty (PS)
2010:	działacze PPS składają kwiaty (PS). Przybywa też delegacja z OPZZ, wszystko odbywa się przed właściwym pochodem (Kronika Związkowa)
2011:	Uczestnicy Marszu Pustych Garnków udają się pod siedzibę Robotnika i kamień upamiętniający to miejsce (lewica.pl)
2012:	?
2013:	PPS
2014:	spotkanie działaczy PPS (PS)
2015:	-
2016:	-
2017:	przedstawiciele PPS składają kwiaty (PS)
2018:	-
2019:	Ikonowicz: Demonstrujący przeszli pod kamień przy ul. wareckiej, upamiętniający miejsce w którym znajdowała się redakcja PPSowskiego ""Robotnika"", następnie przy dźwiękach pieśni rewolucyjnych podeszli na pl. Grzybowski. (lewica.pl 2019)",,,,Point,,"52.235166,21.016492","52.235166,21.016492",7,umap_backup_1-maja_warszawa9.umap,,True,tylko mapa,,,,,,,,
2014_PL_upamiętnienie_PPS-Wreath-laying-at-the-historic-PPS-headqu,2014,Lata,PL,Upamiętnienia,upamiętnienie,warstwa,PPS,True,niezwiazkowe,"Wreath laying at the historic PPS headquarters, Warecka st.","Kamień przy ul. Wareckiej upamiętniający przedwojenną siedzibę CKR PPS i redakcję „Robotnika” (zburzoną w 1939 r.). Tradycyjne miejsce składania kwiatów przez PPS, czasem z udziałem OPZZ.

1990:	PPS kończy pochód pod Robotnikiem, gdzie składa kwiaty: ""O godzinie 12 przybywa grupa członków PPS z Janem Józefem Lipskim. Złożyli kwiaty na kamieniu pamiątkowym, przemówił Władysław Jagiełło, lecz jak przystało na podeszły wiek większości manifestantów – w przemówieniu najwięcej miejsca poświęcono historii tej partii, jej różnym kolejom losu ( ŻW 1990), Jak wspomina JJG, ""swego czasu"" delegacja OPZZ chodziła również na Warecką, pod siedzibę Robotnika (JJG_1_2, 21:00)
1991:	PPS Ikonowicza składa kwiaty pod Robotnikiem. ""Po złożeniu wiązanki czerwonych róż zgromadzeni przeszli pod Ministerstwo Finansów skandując Balcerowicz na zasiłek, zwolnić rząd nie załogi, chcemy pracy, nie jałmużny"" (ŻW)
1992:	PPS kończy swój pochód na przeciwko MF, pod historyczną siedzibą Robotnika (DT)
1993:	Brak źródeł na kwiaty pod Robotnikiem, zakładam że się odbyło składanie (GW, DT, TVP, NTP, ŻW)
1994:	Brak informacji – ale nie ma powodów by sądzić, że się nie odbywa
1995:	PPS – najprawdopodbniej składa kwiaty, brak informacji
1996:	PPS przed dołączeniem do pochodu składa wieniec pod siedzibą robotnika (Maszerowanie w Święto Pracy, GW)
1997:	Pochód PPS składa wieniec pod siedzibą PPS Robotnik (ŻW)
1998:	Pochód PPS składa wieniec pod siedzibą Robotnika (RP)
1999:	PPS zwykle składa kwiaty pod siedzibą Robotnika – brak informacji co dzieje się w tym roku
2000:	PPS
2001:	Delegacja PPS składa kwiaty na Wareckiej (DT)
2002:	?
2003:	?
2004:	Brak wzmianek w lewica.pl
2005:	Członkowie PPS wg Trybuny rozpoczynają obchody 1 maja od wiecu pod siedzibą Robotnika (DT 2005)
2006:	?
2007:	?
2008:	działacze PPS składają kwiaty (PS)
2009:	przedstawiciele PPS składają kwiaty (PS)
2010:	działacze PPS składają kwiaty (PS). Przybywa też delegacja z OPZZ, wszystko odbywa się przed właściwym pochodem (Kronika Związkowa)
2011:	Uczestnicy Marszu Pustych Garnków udają się pod siedzibę Robotnika i kamień upamiętniający to miejsce (lewica.pl)
2012:	?
2013:	PPS
2014:	spotkanie działaczy PPS (PS)
2015:	-
2016:	-
2017:	przedstawiciele PPS składają kwiaty (PS)
2018:	-
2019:	Ikonowicz: Demonstrujący przeszli pod kamień przy ul. wareckiej, upamiętniający miejsce w którym znajdowała się redakcja PPSowskiego ""Robotnika"", następnie przy dźwiękach pieśni rewolucyjnych podeszli na pl. Grzybowski. (lewica.pl 2019)",,,,Point,,"52.235166,21.016492","52.235166,21.016492",7,umap_backup_1-maja_warszawa9.umap,,True,tylko mapa,,,,,,,,
2017_PL_upamiętnienie_PPS-Wreath-laying-at-the-historic-PPS-headqu,2017,Lata,PL,Upamiętnienia,upamiętnienie,warstwa,PPS,True,niezwiazkowe,"Wreath laying at the historic PPS headquarters, Warecka st.","Kamień przy ul. Wareckiej upamiętniający przedwojenną siedzibę CKR PPS i redakcję „Robotnika” (zburzoną w 1939 r.). Tradycyjne miejsce składania kwiatów przez PPS, czasem z udziałem OPZZ.

1990:	PPS kończy pochód pod Robotnikiem, gdzie składa kwiaty: ""O godzinie 12 przybywa grupa członków PPS z Janem Józefem Lipskim. Złożyli kwiaty na kamieniu pamiątkowym, przemówił Władysław Jagiełło, lecz jak przystało na podeszły wiek większości manifestantów – w przemówieniu najwięcej miejsca poświęcono historii tej partii, jej różnym kolejom losu ( ŻW 1990), Jak wspomina JJG, ""swego czasu"" delegacja OPZZ chodziła również na Warecką, pod siedzibę Robotnika (JJG_1_2, 21:00)
1991:	PPS Ikonowicza składa kwiaty pod Robotnikiem. ""Po złożeniu wiązanki czerwonych róż zgromadzeni przeszli pod Ministerstwo Finansów skandując Balcerowicz na zasiłek, zwolnić rząd nie załogi, chcemy pracy, nie jałmużny"" (ŻW)
1992:	PPS kończy swój pochód na przeciwko MF, pod historyczną siedzibą Robotnika (DT)
1993:	Brak źródeł na kwiaty pod Robotnikiem, zakładam że się odbyło składanie (GW, DT, TVP, NTP, ŻW)
1994:	Brak informacji – ale nie ma powodów by sądzić, że się nie odbywa
1995:	PPS – najprawdopodbniej składa kwiaty, brak informacji
1996:	PPS przed dołączeniem do pochodu składa wieniec pod siedzibą robotnika (Maszerowanie w Święto Pracy, GW)
1997:	Pochód PPS składa wieniec pod siedzibą PPS Robotnik (ŻW)
1998:	Pochód PPS składa wieniec pod siedzibą Robotnika (RP)
1999:	PPS zwykle składa kwiaty pod siedzibą Robotnika – brak informacji co dzieje się w tym roku
2000:	PPS
2001:	Delegacja PPS składa kwiaty na Wareckiej (DT)
2002:	?
2003:	?
2004:	Brak wzmianek w lewica.pl
2005:	Członkowie PPS wg Trybuny rozpoczynają obchody 1 maja od wiecu pod siedzibą Robotnika (DT 2005)
2006:	?
2007:	?
2008:	działacze PPS składają kwiaty (PS)
2009:	przedstawiciele PPS składają kwiaty (PS)
2010:	działacze PPS składają kwiaty (PS). Przybywa też delegacja z OPZZ, wszystko odbywa się przed właściwym pochodem (Kronika Związkowa)
2011:	Uczestnicy Marszu Pustych Garnków udają się pod siedzibę Robotnika i kamień upamiętniający to miejsce (lewica.pl)
2012:	?
2013:	PPS
2014:	spotkanie działaczy PPS (PS)
2015:	-
2016:	-
2017:	przedstawiciele PPS składają kwiaty (PS)
2018:	-
2019:	Ikonowicz: Demonstrujący przeszli pod kamień przy ul. wareckiej, upamiętniający miejsce w którym znajdowała się redakcja PPSowskiego ""Robotnika"", następnie przy dźwiękach pieśni rewolucyjnych podeszli na pl. Grzybowski. (lewica.pl 2019)",,,,Point,,"52.235166,21.016492","52.235166,21.016492",7,umap_backup_1-maja_warszawa9.umap,,True,tylko mapa,,,,,,,,
2019_PL_upamiętnienie_PPS-Wreath-laying-at-the-historic-PPS-headqu,2019,Lata,PL,Upamiętnienia,upamiętnienie,warstwa,PPS,True,niezwiazkowe,"Wreath laying at the historic PPS headquarters, Warecka st.","Kamień przy ul. Wareckiej upamiętniający przedwojenną siedzibę CKR PPS i redakcję „Robotnika” (zburzoną w 1939 r.). Tradycyjne miejsce składania kwiatów przez PPS, czasem z udziałem OPZZ.

1990:	PPS kończy pochód pod Robotnikiem, gdzie składa kwiaty: ""O godzinie 12 przybywa grupa członków PPS z Janem Józefem Lipskim. Złożyli kwiaty na kamieniu pamiątkowym, przemówił Władysław Jagiełło, lecz jak przystało na podeszły wiek większości manifestantów – w przemówieniu najwięcej miejsca poświęcono historii tej partii, jej różnym kolejom losu ( ŻW 1990), Jak wspomina JJG, ""swego czasu"" delegacja OPZZ chodziła również na Warecką, pod siedzibę Robotnika (JJG_1_2, 21:00)
1991:	PPS Ikonowicza składa kwiaty pod Robotnikiem. ""Po złożeniu wiązanki czerwonych róż zgromadzeni przeszli pod Ministerstwo Finansów skandując Balcerowicz na zasiłek, zwolnić rząd nie załogi, chcemy pracy, nie jałmużny"" (ŻW)
1992:	PPS kończy swój pochód na przeciwko MF, pod historyczną siedzibą Robotnika (DT)
1993:	Brak źródeł na kwiaty pod Robotnikiem, zakładam że się odbyło składanie (GW, DT, TVP, NTP, ŻW)
1994:	Brak informacji – ale nie ma powodów by sądzić, że się nie odbywa
1995:	PPS – najprawdopodbniej składa kwiaty, brak informacji
1996:	PPS przed dołączeniem do pochodu składa wieniec pod siedzibą robotnika (Maszerowanie w Święto Pracy, GW)
1997:	Pochód PPS składa wieniec pod siedzibą PPS Robotnik (ŻW)
1998:	Pochód PPS składa wieniec pod siedzibą Robotnika (RP)
1999:	PPS zwykle składa kwiaty pod siedzibą Robotnika – brak informacji co dzieje się w tym roku
2000:	PPS
2001:	Delegacja PPS składa kwiaty na Wareckiej (DT)
2002:	?
2003:	?
2004:	Brak wzmianek w lewica.pl
2005:	Członkowie PPS wg Trybuny rozpoczynają obchody 1 maja od wiecu pod siedzibą Robotnika (DT 2005)
2006:	?
2007:	?
2008:	działacze PPS składają kwiaty (PS)
2009:	przedstawiciele PPS składają kwiaty (PS)
2010:	działacze PPS składają kwiaty (PS). Przybywa też delegacja z OPZZ, wszystko odbywa się przed właściwym pochodem (Kronika Związkowa)
2011:	Uczestnicy Marszu Pustych Garnków udają się pod siedzibę Robotnika i kamień upamiętniający to miejsce (lewica.pl)
2012:	?
2013:	PPS
2014:	spotkanie działaczy PPS (PS)
2015:	-
2016:	-
2017:	przedstawiciele PPS składają kwiaty (PS)
2018:	-
2019:	Ikonowicz: Demonstrujący przeszli pod kamień przy ul. wareckiej, upamiętniający miejsce w którym znajdowała się redakcja PPSowskiego ""Robotnika"", następnie przy dźwiękach pieśni rewolucyjnych podeszli na pl. Grzybowski. (lewica.pl 2019)",,,,Point,,"52.235166,21.016492","52.235166,21.016492",7,umap_backup_1-maja_warszawa9.umap,,True,tylko mapa,,,,,,,,
2012_PL_demonstracja_NIEZNANY,2012,Lata,PL,Lewica radykalna,demonstracja,warstwa,,True,niezwiazkowe,,"Z kolei o godz. 9 przed pomnikiem Partyzanta przy ul. Smolnej rozpocznie się manifestacja organizowana przez Kancelarię Sprawiedliwości Społecznej. Uczestnicy tej manifestacji przemaszerują Al. Jerozolimskimi, ul. Emilii Plater na pl. Grzybowski. Zakończenie przewidziano na godz. 12. (Onet)
https://www.youtube.com/watch?v=kTIoPsWSDbg",,150,150,LineString,1991.5,"52.231774,21.020356","52.235607,21.003756",0,umap_backup_1-maja_warszawa9.umap,,True,tylko mapa,,,,,,,,
1990_PL_demonstracja_PPS,1990,Lata,PL,Lewica radykalna,demonstracja,name,PPS,True,niezwiazkowe,1990 PPS-RD/PPS-TKK/Anarchist Demonstration,"*Plac Konstytucji w Warszawie. Godzina 10.00. Grupy młodzieży. Także „zadymiarzy"" w czarnych skórach i wygolonych głowach z „pióropuszami"" wilosów. Sa tez dorosii, nawet stateczni panowie. W sumie okolo 200-300osób. Rozrzucano ulotki Federacjl Anarchistycznej, Grupy Samorzadnosci Robotniczej. Rozdawano pismo „ROBOTNIK”, organ Polskiej Partil Socjalistycznej - Rewolucja Demokratyczna. To ta własnie partia jest głównym organizatorem manifestacji.* (Tygodnik Związkowiec",,250,250,LineString,2527.8,"52.235225,21.016578","52.221743,21.016507",1,umap_backup_1-maja_warszawa9.umap,,True,tylko mapa,,,,,,,,
2002_PL_demonstracja_NIEZNANY,2002,Lata,PL,Lewica radykalna,demonstracja,warstwa,,True,niezwiazkowe,2002. Ręce Precz od Kodeksu Pracy,"*Obchody rozpoczęła 200-osobowa demonstracja niezależnej lewicy (m.in. PPS, Federacja Młodych Unii Pracy, Lewicowa Alternatywa, Pracownicza Demokracja), która pod hasłem ""Ręce precz od kodeksu pracy"" przeszła z Ronda de Gaulle’a pod siedzibę OPZZ. Tam socjaliści połączyli się z demonstracją związkowców i wyruszyli w stronę parlamentu.* (Zandberg, 2002)",,200,200,LineString,1100.2,"52.232031,21.02089","52.238004,21.018618",2,umap_backup_1-maja_warszawa9.umap,,True,tylko mapa,,,,,,,,
2003_PL_demonstracja_NIEZNANY,2003,Lata,PL,Lewica radykalna,demonstracja,warstwa,,True,niezwiazkowe,2003 – Nowa Lewica + Inicjatywa Stop Wojnie pod ambasadę USA,"Nowa Lewica Ikonowicza spotyka się z SLD na rondzie de Gaulle'a, potem wspólnie z Inicjatywą Stop Wojnie (start: pl. Zamkowy) idą pod ambasadę USA. Na pochodzie kilka osób z Konfederacji Pracy (OPZZ)",,300,300,LineString,865.7,"52.231788,21.020762","52.224328,21.023841",3,umap_backup_1-maja_warszawa9.umap,,True,tylko mapa,,,,,,,,
2003_PL_demonstracja_NIEZNANY_a,2003,Lata,PL,Lewica radykalna,demonstracja,warstwa,,True,niezwiazkowe,2003. Inicjatywa Stop Wojnie,"*(...) Ważny był również fakt że poprzez wybór miejsca rozpoczęcia marszu i odmowę ruszenia z ronda De Gaulle’a Inicjatywa Stop Wojnie pozbawiła się możliwości zakłócenia pochodu SLD, w którym szli przecież politycy odpowiedzialni za udział Polski w agresji na Irak.* (Ciszewski, 2003)",,200,200,LineString,1730.1,"52.246643,21.013146","52.231861,21.020536",4,umap_backup_1-maja_warszawa9.umap,,True,tylko mapa,,,,,,,,
2004_PL_demonstracja_NIEZNANY,2004,Lata,PL,Lewica radykalna,demonstracja,warstwa,,True,niezwiazkowe,2004 Nowa Lewica,"## 2004
*Około 200 osób, głownie z Nowej Lewicy, Pracowniczej Demokracji, Czerwonego Kolektywu-Lewicowej Alternatywy i Komunistycznej Partii Polski wzięło udział w pochodzie radykalnej lewicy, który odbył się w Warszawie. Wznoszono hasła antykapitalistyczne. (...) Później pochód radykalnej lewicy ruszył w kierunku Placu Grzybowskiego. Część jego uczestników wznosiła hasła przeciw Unii Europejskiej - ""ani Unia, ani nacjonalizm"".* (lewica.pl)
“Doszło do utarczek słownych z kilkunastoma działaczami prawicy, zgromadzonymi przed bramą Uniwersytetu Warszawskiego.” (Ciszewski, 2004)
Groźnie było, gdy spotkali się na pl. Piłsudskiego z bojowo nastawionymi sympatykami LPR idącymi w Marszu Niepodległości. Przeciw rządowi i wejściu do UE protestowało ponad tysiąc osób. Policjanci odgrodzili obie strony. (GW 2004)",,200,200,LineString,2154.7,"52.231718,21.020886","52.236301,21.00326",5,umap_backup_1-maja_warszawa9.umap,,True,tylko mapa,,,,,,,,
2005_PL_demonstracja_NIEZNANY,2005,Lata,PL,Lewica radykalna,demonstracja,warstwa,,True,niezwiazkowe,2005. Nowa Lewica,"W Warszawie odbyły się dwa, konkurencyjne pochody pierwszomajowe. SLD i OPZZ zorganizowały pochód pod Sejm, kilkuset działaczy i działaczek lewicy alternatywnej (m.in. Nowa Lewica, Unia Lewicy, Czerwony Kolektyw-Lewicowa Alternatywa, Komunistyczna Partia Polski, Grupa na rzecz Partii Robotniczej) wyruszyło natomiast z ronda de Gaulle’a w stronę Placu Grzybowskiego.

Pochody spotkały się na wiecu pod siedzibą OPZZ. Lewica alternatywna została początkowo zatrzymana przez policję, która usiłowała nie dopuścić demonstrantów na umówione miejsce wiecu. Później, w trakcie przemówień doszło do utarczek słownych. Demonstranci zagłuszyli okrzykami ""Precz z czerwoną burżuazją"" i ""Powiedz nie liberałom z SLD"" przemówienia Józefa Oleksego i Marka Dyducha. (lewica.pl)

* Marszałkowska róg Książęcej (https://www.youtube.com/watch?v=jbTEh-HyiCk&t=438s)",,300,300,MultiLineString,2661.4,"52.2317,21.020801","52.235868,21.003411",6,umap_backup_1-maja_warszawa9.umap,,True,tylko mapa,,,,,,,,
2006_PL_demonstracja_NIEZNANY,2006,Lata,PL,Lewica radykalna,demonstracja,warstwa,,True,niezwiazkowe,2006 Nowa Lewica,"W Warszawie około 250 osób wzięło udział w pochodzie radykalnej lewicy. Pochód organizowały Nowa Lewica, Czerwony Kolektyw-Lewicowa Alternatywa, Komunistyczna Partia Polski, Młodzi Socjaliści, Polska Partia Socjalistyczna, Pracownicza Demokracja oraz Zieloni 2004. Do pochodu dołączyła również Warszawska Grupa Anarchistyczna. (lewica.pl)

Pochód radykalnej lewicy zakończył się złożeniem kwiatów na Placu Grzybowskim, miejscu walk rewolucyjnych w 1905 roku.
 
* Pomnik Kopernika 5:30
* Hotel Victoria 6:18
(trasa przez Świętokrzyską, za youtube)",,250,250,LineString,2147.0,"52.231718,21.020886","52.236301,21.00326",7,umap_backup_1-maja_warszawa9.umap,,True,tylko mapa,,,,,,,,
2007_PL_demonstracja_NIEZNANY,2007,Lata,PL,Lewica radykalna,demonstracja,warstwa,,True,niezwiazkowe,2007 Nowa Lewica,"Manifestanci (ok. 300 osób m. in. z Nowej Lewicy, Komunistycznej Partii Polski, Polskiej Partii Socjalistycznej, Pracowniczej Demokracji, Młodych Socjalistów) pod hasłami obrony świata pracy przed kapitalistycznym wyzyskiem przemaszerowali przez Śródmieście, skandowali hasła antywojenne i krytykowali politykę PiS (""Kodeks pracy, a nie kodeks karny"", ""Zdrowie prawem, nie towarem!"") by w końcu na Placu Grzybowskim złożyć hołd bojowcom PPS poległym w walce z caratem (lewica.pl)

* W lewo w Świętokrzyską 5:40 (https://www.youtube.com/watch?v=gJ4HopS1h5Q&t=405s)
* Spotkanie z demonstracją ZSP",,300,300,LineString,2028.4,"52.231718,21.020886","52.236301,21.00326",8,umap_backup_1-maja_warszawa9.umap,,True,tylko mapa,,,,,,,,
2008_PL_demonstracja_NIEZNANY,2008,Lata,PL,Lewica radykalna,demonstracja,warstwa,,True,niezwiazkowe,2008 Nowa Lewica,"1 maja o godzinie 10.00 na Rondzie de Gaulle`a rozpoczął się pochód radykalnej lewicy. Wzięli w nim udział działacze i sympatycy Nowej Lewicy, Młodych Socjalistów, Pracowniczej Demokracji i Komunistycznej Partii Polski.

W tym roku w pochodzie nie wzięły udziału środowiska anarchistyczne, które zorganizowały własny pochód. Obchody 1-majowego święta odbywały się pod hasłem: ""Mniej pracy, więcej płacy"". W przemówieniach podkreślano sprawy takie jak eksmisje na bruk, łamanie przepisów prawa pracy oraz instalowanie w Polsce tzw. tarczy antyrakietowej.

Licząca około 150-200 osób kolumna demonstrantów udała się na Plac Grzybowski, gdzie złożono kwiaty pod kamieniem upamiętniającym bojowców Polskiej Partii Socjalistycznej z 1905 roku. O godzinie 14.00 w Jadłodajni Filozoficznej rozpoczęła się Fiesta Wenezuelska gdzie zaprezentowany został film dokumentalny Borysa Hassa poświęcony temu krajowi, można spróbować kuchni wenezuelskiej i posłuchać muzyki latynoskiej. (lewica.pl, 2.05.2008)

Trasa:
* Rondo de Gaulle'a
* Aleje Jerozolimskie róg Brackiej 0:27
* Plac Pięciu Rogów 0:53
* Plac Małachowskiego 5:56  https://www.youtube.com/watch?v=22piHmOytY0&t",,200,200,LineString,2187.3,"52.231913,21.020944","52.236301,21.00326",9,umap_backup_1-maja_warszawa9.umap,,True,tylko mapa,,,,,,,,
2009_PL_demonstracja_NIEZNANY,2009,Lata,PL,Lewica radykalna,demonstracja,warstwa,,True,niezwiazkowe,2009. Nowa Lewica,"Około godziny 11.00 pod budynkiem giełdy rozpoczęła się demonstracja zorganizowana przez Lewicową Alternatywę, Nową Lewicę, Komunistyczną Partię Polski, Pracowniczą Demokrację i Stowarzyszenie ""Wolność - Równość - Solidarność"". Wzięło w niej udział ponad 300 osób. (lewica.pl)

Trasa: 
* Rondo de Gaulle'a
* Aleje Ujazdowskie
* siedziba KPP Lewiatan
https://www.youtube.com/watch?v=b7PzRxBkaao ",,300,300,LineString,2248.5,"52.23165,21.020794","52.212587,21.025017",10,umap_backup_1-maja_warszawa9.umap,,True,tylko mapa,,,,,,,,
2010_PL_demonstracja_NIEZNANY,2010,Lata,PL,Lewica radykalna,demonstracja,name,,True,niezwiazkowe,2010 – Pochód Nowej Lewicy / KSS / KPP,"Pochód organizowany przez Nową Lewicę / Kancelarię Sprawiedliwości Społecznej, Pracowniczą Demokrację, KPP, młodzieżówkę UP, OZB i redakcję „Dalej”. Ok. 150 osób. Wiec na rondzie de Gaulle'a w stronę KPRM",,150,150,LineString,1730.3,"52.231703,21.020794","52.216551,21.025947",11,umap_backup_1-maja_warszawa9.umap,,True,tylko mapa,,,,,,,,
2011_PL_demonstracja_NIEZNANY,2011,Lata,PL,Lewica radykalna,demonstracja,name,,True,niezwiazkowe,"2011 – Marsz Pustych Garnków (KSS, KPP, Racja, PD, NLR)","Marsz Pustych Garnków – KSS we współpracy z KPP, Racją Polskiej Lewicy, Pracowniczą Demokracją i Nurtem Lewicy Rewolucyjnej. Udział też Polska Partia Pracy – Sierpień 80, OZB, Lewicowa Alternatywa, Inicjatywa Stop Wojnie i społeczność syryjska.

*Zebrani przeszli głównymi ulicami Warszawy pod kamień upamiętniający walkę rewolucyjną bojowców Organizacji Bojowej PPS na pl. Grzybowskim. Podczas przemarszu skandowano ""Nasze prawo - prawo pracy"", ""Dość wyzysku"" oraz ""Samorządność pracownicza"". Pojawiły się również okrzyki ""Syria - Warszawa, wspólna sprawa"".* (lewica.pl 2011) 
* Aleje Jerozolimskie 3:43 https://www.youtube.com/watch?v=V_UtKMR35GY
* Emilii Plater 0:05 https://www.youtube.com/watch?v=V_UtKMR35GY
* Rotunda 5:40 https://www.youtube.com/watch?v=V_UtKMR35GY
",,150,150,LineString,2039.6,"52.231742,21.020537","52.235911,21.003639",12,umap_backup_1-maja_warszawa9.umap,,True,tylko mapa,,,,,,,,
2013_PL_demonstracja_NIEZNANY,2013,Lata,PL,Lewica radykalna,demonstracja,warstwa,,True,niezwiazkowe,2013. KSS. Zasoby Ludzkie mają dość!,"*200 osób przeszło w 1-majowym pochodzie, zorganizowanym przez niezależne lewicowe ugrupowania w Warszawie. Pochodowi towarzyszyły postulaty obrony praw pracowniczych i hasło: ""Zasoby ludzkie mają dość"", oraz ""Strajk generalny!"". W pochodzie, który rozpoczął się przy Rondzie de Gaulle'a, a zakończył przed kancelarią premiera, uczestniczyli członkowie i sympatycy m.in. Kancelarii Sprawiedliwości Społecznej, Komunistycznej Partii Polski, Pracowniczej Demokracji, partii Racja, ""Dalej! - pismo socjalistyczne"", przedstawiciele społeczności kurdyjskiej w Polsce.* (Youtube)",,200,200,LineString,1882.5,"52.231926,21.020901","52.215432,21.026086",13,umap_backup_1-maja_warszawa9.umap,,True,tylko mapa,,,,,,,,
2014_PL_demonstracja_NIEZNANY,2014,Lata,PL,Lewica radykalna,demonstracja,name,,True,niezwiazkowe,2014-2015. Marsz Sprawiedliwości Społecznej (RSS Ikonowicza),"## 2014
Marsz Sprawiedliwości Społecznej – RSS, KPP, Pracownicza Demokracja, OZZ Inicjatywa Pracownicza, Samoobrona RP, WSL, Zieloni. Start: rondo de Gaulle'a (godz. 11), zakończenie pod KPRM. Hasło OZZ IP: „Walcz, protestuj, stawiaj opór. Strajk generalny teraz!” 

*Około 400 osób przeszło 1 maja ulicami Warszawy w demonstracji pierwszomajowej. Rozpoczął ją wiec, który odbył się przy pomniku partyzanta.* lewica.pl 2.05.2014

## 2015
*Od początku przemian w Polsce, ci, którzy wystrajkowali wolność zostali zapędzeni do kąta. Pracują coraz ciężej za coraz mniej. Doszło do tego, że typa, który nie płaci za wykonaną pracę nie można nazwać złodziejem. Płace stanowią zaledwie 34% dochodu narodowego i udział ten nadal spada od lat. Nie istnieje pomoc społeczna ani pozwalające przeżyć zasiłki dla bezrobotnych. Zresztą większość bezrobotnych nie ma prawa nawet do tych głodowych zasiłków. Próba założenia związku zawodowego kończy się zwolnieniem z pracy, co oznacza głód, bo pomoc społeczna w Polsce praktycznie nie istnieje. Idziemy demonstrować przeciwko upodleniu polskiej pracy, przeciw wyzyskowi, pogardzie, mobbingowi, śmieciowym umowom i głodowym płacom. Razem możemy to zmienić. Policzymy się 1 maja na ulicy, a jesienią przy urnach.!*",,400,400,LineString,1748.9,"52.231716,21.020665","52.216442,21.025901",14,umap_backup_1-maja_warszawa9.umap,,True,tylko mapa,,,,,,,,
2015_PL_demonstracja_NIEZNANY,2015,Lata,PL,Lewica radykalna,demonstracja,name,,True,niezwiazkowe,2014-2015. Marsz Sprawiedliwości Społecznej (RSS Ikonowicza),"## 2014
Marsz Sprawiedliwości Społecznej – RSS, KPP, Pracownicza Demokracja, OZZ Inicjatywa Pracownicza, Samoobrona RP, WSL, Zieloni. Start: rondo de Gaulle'a (godz. 11), zakończenie pod KPRM. Hasło OZZ IP: „Walcz, protestuj, stawiaj opór. Strajk generalny teraz!” 

*Około 400 osób przeszło 1 maja ulicami Warszawy w demonstracji pierwszomajowej. Rozpoczął ją wiec, który odbył się przy pomniku partyzanta.* lewica.pl 2.05.2014

## 2015
*Od początku przemian w Polsce, ci, którzy wystrajkowali wolność zostali zapędzeni do kąta. Pracują coraz ciężej za coraz mniej. Doszło do tego, że typa, który nie płaci za wykonaną pracę nie można nazwać złodziejem. Płace stanowią zaledwie 34% dochodu narodowego i udział ten nadal spada od lat. Nie istnieje pomoc społeczna ani pozwalające przeżyć zasiłki dla bezrobotnych. Zresztą większość bezrobotnych nie ma prawa nawet do tych głodowych zasiłków. Próba założenia związku zawodowego kończy się zwolnieniem z pracy, co oznacza głód, bo pomoc społeczna w Polsce praktycznie nie istnieje. Idziemy demonstrować przeciwko upodleniu polskiej pracy, przeciw wyzyskowi, pogardzie, mobbingowi, śmieciowym umowom i głodowym płacom. Razem możemy to zmienić. Policzymy się 1 maja na ulicy, a jesienią przy urnach.!*",,400,400,LineString,1748.9,"52.231716,21.020665","52.216442,21.025901",14,umap_backup_1-maja_warszawa9.umap,,True,tylko mapa,,,,,,,,
2015_PL_demonstracja_NIEZNANY_a,2015,Lata,PL,Lewica radykalna,demonstracja,name,,True,niezwiazkowe,2015 – Pochód Partii Zmiana,Pochód Partii Zmiana: plac Osterwy (siedziba OPZZ) – Nowy Świat – Krakowskie Przedmieście – Pałac Prezydencki.,,50,50,LineString,700.6,"52.237919,21.020334","52.242675,21.015002",15,umap_backup_1-maja_warszawa9.umap,,True,tylko mapa,,,,,,,,
2016_PL_demonstracja_NIEZNANY,2016,Lata,PL,Lewica radykalna,demonstracja,warstwa,,True,niezwiazkowe,2016-2018 RSS / KPP / Partia Socjaliści / WSL,"## 2016
Ikonowicz spod ronda de Gaulle'a do Kancelarii Premiera. 

## 2017
Przedstawiciele Ruchu Sprawiedliwości Społecznej, Komunistycznej Partii Polski, Partii Socjaliści, Warszawskiego Stowarzyszenia Lokatorów. Start: rondo de Gaulle'a, zakończenie: KPRM. 

## 2018
RSS Ikonowicza. Start: rondo de Gaulle'a (11:30), Nowy Świat – pl. Trzech Krzyży – Al. Ujazdowskie (zakończenie ok. 15:00). ",,400,400,LineString,1844.4,"52.231795,21.020773","52.215601,21.026094",16,umap_backup_1-maja_warszawa9.umap,,True,tylko mapa,,,,,,,,
2017_PL_demonstracja_NIEZNANY,2017,Lata,PL,Lewica radykalna,demonstracja,warstwa,,True,niezwiazkowe,2016-2018 RSS / KPP / Partia Socjaliści / WSL,"## 2016
Ikonowicz spod ronda de Gaulle'a do Kancelarii Premiera. 

## 2017
Przedstawiciele Ruchu Sprawiedliwości Społecznej, Komunistycznej Partii Polski, Partii Socjaliści, Warszawskiego Stowarzyszenia Lokatorów. Start: rondo de Gaulle'a, zakończenie: KPRM. 

## 2018
RSS Ikonowicza. Start: rondo de Gaulle'a (11:30), Nowy Świat – pl. Trzech Krzyży – Al. Ujazdowskie (zakończenie ok. 15:00). ",,400,400,LineString,1844.4,"52.231795,21.020773","52.215601,21.026094",16,umap_backup_1-maja_warszawa9.umap,,True,tylko mapa,,,,,,,,
2018_PL_demonstracja_NIEZNANY,2018,Lata,PL,Lewica radykalna,demonstracja,warstwa,,True,niezwiazkowe,2016-2018 RSS / KPP / Partia Socjaliści / WSL,"## 2016
Ikonowicz spod ronda de Gaulle'a do Kancelarii Premiera. 

## 2017
Przedstawiciele Ruchu Sprawiedliwości Społecznej, Komunistycznej Partii Polski, Partii Socjaliści, Warszawskiego Stowarzyszenia Lokatorów. Start: rondo de Gaulle'a, zakończenie: KPRM. 

## 2018
RSS Ikonowicza. Start: rondo de Gaulle'a (11:30), Nowy Świat – pl. Trzech Krzyży – Al. Ujazdowskie (zakończenie ok. 15:00). ",,400,400,LineString,1844.4,"52.231795,21.020773","52.215601,21.026094",16,umap_backup_1-maja_warszawa9.umap,,True,tylko mapa,,,,,,,,
2018_PL_demonstracja_NIEZNANY_a,2018,Lata,PL,Lewica radykalna,demonstracja,warstwa,,True,niezwiazkowe,"2018 – Majówka Solidarnościowa (Strajk Kobiet, Syrena, OZZ IP)","Wspólny piknik i wiec pod Sejmem zorganizowany przez Warszawski Strajk Kobiet, Porozumienie Kobiet 8 Marca, squat Syrena, Codziennik Feministyczny i Warszawską Komisję Środowiskową OZZ IP. Wsparcie dla protestujących rodziców osób z niepełnosprawnościami.",,,,Point,,"52.2256155,21.0270682","52.2256155,21.0270682",17,umap_backup_1-maja_warszawa9.umap,,True,tylko mapa,,,,,,,,
2019_PL_demonstracja_NIEZNANY,2019,Lata,PL,Lewica radykalna,demonstracja,name,,True,niezwiazkowe,2019 – Demonstracja społeczna (Strajk / Naprzód / SFWM / UZ),"Społeczne Forum Wymiany Myśli, Studencki Komitet Antyfaszystowski, Historia Czerwona, Fundacja Naprzód, Uniwersytet Zaangażowany, redakcja Strajk. Start: rondo de Gaulle'a (11:00), zakończenie: plac Bankowy. ",,350,350,LineString,585.2,"52.231677,21.020537","52.235251,21.016611",18,umap_backup_1-maja_warszawa9.umap,,True,tylko mapa,,,,,,,,
2008_PL_demonstracja_NIEZNANY_a,2008,Lata,PL,Lewica radykalna,demonstracja,warstwa,,True,niezwiazkowe,siedziba PKPP Lewiatan,,,,,Point,,"52.21259,21.024978","52.21259,21.024978",19,umap_backup_1-maja_warszawa9.umap,,True,tylko mapa,,,,,,,,
2009_PL_demonstracja_NIEZNANY_a,2009,Lata,PL,Lewica radykalna,demonstracja,warstwa,,True,niezwiazkowe,siedziba PKPP Lewiatan,,,,,Point,,"52.21259,21.024978","52.21259,21.024978",19,umap_backup_1-maja_warszawa9.umap,,True,tylko mapa,,,,,,,,
1990_PL_festyn_SdRP,1990,Lata,PL,Festyny,festyn,warstwa,SdRP,True,niezwiazkowe,1990. Dyskusja z członkami SdRP w kawiarni Kaprys,"*Dyskusje na różne inne tematy, oprócz tego, równolegle zaczyna się w kawiarni Kaprys spotkanie z członkami partii socjaldemokratycznej* (Dziennik Trybuna)",,,,Point,,"52.233007,21.024716","52.233007,21.024716",0,umap_backup_1-maja_warszawa9.umap,,True,tylko mapa,,,,,,,,
1990_PL_festyn_NIEZNANY,1990,Lata,PL,Festyny,festyn,name,,True,niezwiazkowe,1990. Festyn Trybuny Ludu,"Pod Empikiem festyn organizowany przez Trybunę Ludu. Miller twierdzi, że to może być zalążek nowej tradycji, tam dyskusje, goście ze świata sportu (Władysław Komar) i polityki (Aleksander Kwaśniewski). Rozpoczyna się o 12, pierwsze pytanie w dyskusji brzmi *Jak być rodziną epoki Balcerowicza*, w której spierali się przedstawiciele Komitetu Obrony Praw Ojca z działaczkami Pro Feminy i Demokratycznej Unii Kobiet. *Bardzo szybko tematem numer jeden stała się przygotowywana za zamkniętymi drzwiami senatu ustawa o ochronie życia poczętego*.  (Dziennik Trybuna)",,,,Point,,"52.231821,21.020204","52.231821,21.020204",1,umap_backup_1-maja_warszawa9.umap,,True,tylko mapa,,,,,,,,
2007_PL_festyn_NIEZNANY,2007,Lata,PL,Festyny,festyn,warstwa,,True,niezwiazkowe,2007-2008. Czerwony PIC-NIC,"Pałac Kultury i Nauki – „Czerwony Pic-Nic” 2007 i 2008 (impreza wspomnieniowa z PRL: kronika filmowa, saturator, słomiany Miś, Wanda i Banda, Andrzej Rosiewicz, Papa Dance). Również punkt zborny Federacji Anarchistycznej w 2007 r.",,,,Point,,"52.231624,21.008843","52.231624,21.008843",2,umap_backup_1-maja_warszawa9.umap,,True,tylko mapa,,,,,,,,
2008_PL_festyn_NIEZNANY,2008,Lata,PL,Festyny,festyn,warstwa,,True,niezwiazkowe,2007-2008. Czerwony PIC-NIC,"Pałac Kultury i Nauki – „Czerwony Pic-Nic” 2007 i 2008 (impreza wspomnieniowa z PRL: kronika filmowa, saturator, słomiany Miś, Wanda i Banda, Andrzej Rosiewicz, Papa Dance). Również punkt zborny Federacji Anarchistycznej w 2007 r.",,,,Point,,"52.231624,21.008843","52.231624,21.008843",2,umap_backup_1-maja_warszawa9.umap,,True,tylko mapa,,,,,,,,
2005_PL_festyn_NIEZNANY,2005,Lata,PL,Festyny,festyn,warstwa,,True,niezwiazkowe,Fabryka Norblina – „Majówka u Norblina” (Impuls / Trybuna),"Majówka u Norblina pod hasłem „Praca, Europa, Socjalizm” – organizowana przez środowisko tygodnika Impuls/Trybuna. ",,,,Point,,"52.2362,20.9842","52.2362,20.9842",3,umap_backup_1-maja_warszawa9.umap,,True,tylko mapa,,,,,,,,
1997_PL_festyn_UP,1997,Lata,PL,Festyny,festyn,name,UP,True,niezwiazkowe,Kępa Potocka – festyn UP,"Festyn 1-majowy Unii Pracy w 1997 r. 
*O 11.30 rozpoczyna się festyn na Kępie Potockiej. W programie m.in.: piwny ogródek dyskusyjny z udziałem Zbigniewa Bujaka, Tomasza Nałęcza i Wojciecha Borowika, koncerty muzyki pop i dans, zabawy dla dzieci i dorosłych, mecze piłki nożnej z udziałem polityków. Będzie piwo i szaszłyki. Festyn jest otwarty dla wszystkich.* (GW 1997)",,,,Point,,"52.27656,20.991615","52.27656,20.991615",4,umap_backup_1-maja_warszawa9.umap,,True,tylko mapa,,,,,,,,
2017_PL_festyn_OPZZ,2017,Lata,PL,Festyny,festyn,name,OPZZ,True,niezwiazkowe,Krakowskie Przedmieście / Miodowa – piknik OPZZ,"Piknik 1-majowy OPZZ ze sceną na rogu Krakowskiego Przedmieścia i ul. Miodowej (2017, 2018)",,,,Point,,"52.245756,21.013788","52.245756,21.013788",5,umap_backup_1-maja_warszawa9.umap,,True,tylko mapa,,,,,,650,2,demonstracja
2018_PL_festyn_OPZZ,2018,Lata,PL,Festyny,festyn,name,OPZZ,True,niezwiazkowe,Krakowskie Przedmieście / Miodowa – piknik OPZZ,"Piknik 1-majowy OPZZ ze sceną na rogu Krakowskiego Przedmieścia i ul. Miodowej (2017, 2018)",,,,Point,,"52.245756,21.013788","52.245756,21.013788",5,umap_backup_1-maja_warszawa9.umap,,True,tylko mapa,,,,,,775,4,demonstracja
1995_PL_festyn_UP,1995,Lata,PL,Festyny,festyn,name,UP,True,niezwiazkowe,Lasek Młociński – festyn UP,Festyn 1-majowy Unii Pracy w 1995 r. WSPÓŁRZĘDNE PRZYBLIŻONE.,,,,Point,,"52.3043,20.9285","52.3043,20.9285",6,umap_backup_1-maja_warszawa9.umap,,True,tylko mapa,,,,,,,,
1996_PL_festyn_NIEZNANY,1996,Lata,PL,Festyny,festyn,name,,True,niezwiazkowe,Ogrody Pałacu Prezydenckiego – piknik Kwaśniewskiego,"## 1996
Prezydent Aleksander Kwaśniewski nie uczestniczył w żadnym pochodzie. Zorganizował w ogrodach Pałacu Prezydenckiego majówkę dla pracodawców, związków zawodowych, polityków, emerytów i rencistów. Przybyło ok. 200 osób. Zaproszenia nie przyjęli członkowie ""Solidarności"", ale Kwaśniewski stwierdził, że jest cierpliwy i w przyszłym roku też ich zaprosi. (Rzeczpospolita)

",,,,Point,,"52.243391,21.017452","52.243391,21.017452",7,umap_backup_1-maja_warszawa9.umap,,True,tylko mapa,,,,,,,,
1997_PL_festyn_NIEZNANY,1997,Lata,PL,Festyny,festyn,name,,True,niezwiazkowe,Ogrody Pałacu Prezydenckiego – piknik Kwaśniewskiego,"## 1996
Prezydent Aleksander Kwaśniewski nie uczestniczył w żadnym pochodzie. Zorganizował w ogrodach Pałacu Prezydenckiego majówkę dla pracodawców, związków zawodowych, polityków, emerytów i rencistów. Przybyło ok. 200 osób. Zaproszenia nie przyjęli członkowie ""Solidarności"", ale Kwaśniewski stwierdził, że jest cierpliwy i w przyszłym roku też ich zaprosi. (Rzeczpospolita)

",,,,Point,,"52.243391,21.017452","52.243391,21.017452",7,umap_backup_1-maja_warszawa9.umap,,True,tylko mapa,,,,,,,,
1998_PL_festyn_NIEZNANY,1998,Lata,PL,Festyny,festyn,name,,True,niezwiazkowe,Ogrody Pałacu Prezydenckiego – piknik Kwaśniewskiego,"## 1996
Prezydent Aleksander Kwaśniewski nie uczestniczył w żadnym pochodzie. Zorganizował w ogrodach Pałacu Prezydenckiego majówkę dla pracodawców, związków zawodowych, polityków, emerytów i rencistów. Przybyło ok. 200 osób. Zaproszenia nie przyjęli członkowie ""Solidarności"", ale Kwaśniewski stwierdził, że jest cierpliwy i w przyszłym roku też ich zaprosi. (Rzeczpospolita)

",,,,Point,,"52.243391,21.017452","52.243391,21.017452",7,umap_backup_1-maja_warszawa9.umap,,True,tylko mapa,,,,,,,,
1999_PL_festyn_NIEZNANY,1999,Lata,PL,Festyny,festyn,name,,True,niezwiazkowe,Ogrody Pałacu Prezydenckiego – piknik Kwaśniewskiego,"## 1996
Prezydent Aleksander Kwaśniewski nie uczestniczył w żadnym pochodzie. Zorganizował w ogrodach Pałacu Prezydenckiego majówkę dla pracodawców, związków zawodowych, polityków, emerytów i rencistów. Przybyło ok. 200 osób. Zaproszenia nie przyjęli członkowie ""Solidarności"", ale Kwaśniewski stwierdził, że jest cierpliwy i w przyszłym roku też ich zaprosi. (Rzeczpospolita)

",,,,Point,,"52.243391,21.017452","52.243391,21.017452",7,umap_backup_1-maja_warszawa9.umap,,True,tylko mapa,,,,,,,,
2000_PL_festyn_NIEZNANY,2000,Lata,PL,Festyny,festyn,name,,True,niezwiazkowe,Ogrody Pałacu Prezydenckiego – piknik Kwaśniewskiego,"## 1996
Prezydent Aleksander Kwaśniewski nie uczestniczył w żadnym pochodzie. Zorganizował w ogrodach Pałacu Prezydenckiego majówkę dla pracodawców, związków zawodowych, polityków, emerytów i rencistów. Przybyło ok. 200 osób. Zaproszenia nie przyjęli członkowie ""Solidarności"", ale Kwaśniewski stwierdził, że jest cierpliwy i w przyszłym roku też ich zaprosi. (Rzeczpospolita)

",,,,Point,,"52.243391,21.017452","52.243391,21.017452",7,umap_backup_1-maja_warszawa9.umap,,True,tylko mapa,,,,,,,,
2001_PL_festyn_NIEZNANY,2001,Lata,PL,Festyny,festyn,name,,True,niezwiazkowe,Ogrody Pałacu Prezydenckiego – piknik Kwaśniewskiego,"## 1996
Prezydent Aleksander Kwaśniewski nie uczestniczył w żadnym pochodzie. Zorganizował w ogrodach Pałacu Prezydenckiego majówkę dla pracodawców, związków zawodowych, polityków, emerytów i rencistów. Przybyło ok. 200 osób. Zaproszenia nie przyjęli członkowie ""Solidarności"", ale Kwaśniewski stwierdził, że jest cierpliwy i w przyszłym roku też ich zaprosi. (Rzeczpospolita)

",,,,Point,,"52.243391,21.017452","52.243391,21.017452",7,umap_backup_1-maja_warszawa9.umap,,True,tylko mapa,,,,,,,,
2002_PL_festyn_NIEZNANY,2002,Lata,PL,Festyny,festyn,name,,True,niezwiazkowe,Ogrody Pałacu Prezydenckiego – piknik Kwaśniewskiego,"## 1996
Prezydent Aleksander Kwaśniewski nie uczestniczył w żadnym pochodzie. Zorganizował w ogrodach Pałacu Prezydenckiego majówkę dla pracodawców, związków zawodowych, polityków, emerytów i rencistów. Przybyło ok. 200 osób. Zaproszenia nie przyjęli członkowie ""Solidarności"", ale Kwaśniewski stwierdził, że jest cierpliwy i w przyszłym roku też ich zaprosi. (Rzeczpospolita)

",,,,Point,,"52.243391,21.017452","52.243391,21.017452",7,umap_backup_1-maja_warszawa9.umap,,True,tylko mapa,,,,,,,,
2003_PL_festyn_NIEZNANY,2003,Lata,PL,Festyny,festyn,name,,True,niezwiazkowe,Ogrody Pałacu Prezydenckiego – piknik Kwaśniewskiego,"## 1996
Prezydent Aleksander Kwaśniewski nie uczestniczył w żadnym pochodzie. Zorganizował w ogrodach Pałacu Prezydenckiego majówkę dla pracodawców, związków zawodowych, polityków, emerytów i rencistów. Przybyło ok. 200 osób. Zaproszenia nie przyjęli członkowie ""Solidarności"", ale Kwaśniewski stwierdził, że jest cierpliwy i w przyszłym roku też ich zaprosi. (Rzeczpospolita)

",,,,Point,,"52.243391,21.017452","52.243391,21.017452",7,umap_backup_1-maja_warszawa9.umap,,True,tylko mapa,,,,,,,,
2004_PL_festyn_NIEZNANY,2004,Lata,PL,Festyny,festyn,name,,True,niezwiazkowe,Ogrody Pałacu Prezydenckiego – piknik Kwaśniewskiego,"## 1996
Prezydent Aleksander Kwaśniewski nie uczestniczył w żadnym pochodzie. Zorganizował w ogrodach Pałacu Prezydenckiego majówkę dla pracodawców, związków zawodowych, polityków, emerytów i rencistów. Przybyło ok. 200 osób. Zaproszenia nie przyjęli członkowie ""Solidarności"", ale Kwaśniewski stwierdził, że jest cierpliwy i w przyszłym roku też ich zaprosi. (Rzeczpospolita)

",,,,Point,,"52.243391,21.017452","52.243391,21.017452",7,umap_backup_1-maja_warszawa9.umap,,True,tylko mapa,,,,,,,,
2005_PL_festyn_NIEZNANY_a,2005,Lata,PL,Festyny,festyn,name,,True,niezwiazkowe,Ogrody Pałacu Prezydenckiego – piknik Kwaśniewskiego,"## 1996
Prezydent Aleksander Kwaśniewski nie uczestniczył w żadnym pochodzie. Zorganizował w ogrodach Pałacu Prezydenckiego majówkę dla pracodawców, związków zawodowych, polityków, emerytów i rencistów. Przybyło ok. 200 osób. Zaproszenia nie przyjęli członkowie ""Solidarności"", ale Kwaśniewski stwierdził, że jest cierpliwy i w przyszłym roku też ich zaprosi. (Rzeczpospolita)

",,,,Point,,"52.243391,21.017452","52.243391,21.017452",7,umap_backup_1-maja_warszawa9.umap,,True,tylko mapa,,,,,,,,
1993_PL_festyn_SdRP,1993,Lata,PL,Festyny,festyn,warstwa,SdRP,True,niezwiazkowe,Ogród Saski – kiermasze SdRP,"## 1993
W ogrodzie Saskim przewidziane są skromne kiermasze książkowe (Związkowiec)

## 1994
W ogrodzie Saskim przewidziane są skromne kiermasze książkowe, spotkania z ciekawymi ludźmi w pomieszczeniach SdRP przzy ul. Szarej (Związkowiec)

",,,,Point,,"52.2415,21.0114","52.2415,21.0114",8,umap_backup_1-maja_warszawa9.umap,,True,tylko mapa,,,,,,,,
1994_PL_festyn_SdRP,1994,Lata,PL,Festyny,festyn,warstwa,SdRP,True,niezwiazkowe,Ogród Saski – kiermasze SdRP,"## 1993
W ogrodzie Saskim przewidziane są skromne kiermasze książkowe (Związkowiec)

## 1994
W ogrodzie Saskim przewidziane są skromne kiermasze książkowe, spotkania z ciekawymi ludźmi w pomieszczeniach SdRP przzy ul. Szarej (Związkowiec)

",,,,Point,,"52.2415,21.0114","52.2415,21.0114",8,umap_backup_1-maja_warszawa9.umap,,True,tylko mapa,,,,,,,,
2019_PL_festyn_OPZZ,2019,Lata,PL,Festyny,festyn,name,OPZZ,True,niezwiazkowe,Plac Na Rozdrożu – Piknik Europejski OPZZ/SLD,"Piknik Europejski OPZZ/SLD w 2019 r. przy pomniku Daszyńskiego, z okazji 15. rocznicy wejścia Polski do UE. Pochodu nie było.",,,,Point,,"52.219479,21.024484","52.219479,21.024484",9,umap_backup_1-maja_warszawa9.umap,,True,tylko mapa,,,,,,,,
1994_PL_kontra_Liga-Republikanska,1994,Lata,PL,Prawicowe kontry i blokady,kontra,warstwa,Liga Republikańska,True,kontra,1994 Liga Republikańska happening,"Liga Republikańska: Wznoszone przez nich hasła były parodią pochodów z okresu komunistycznego – ""Rokossowski, Bierut, Stalin""; ""Studenci do nauki""; ""Precz z Coca-Colą""; ""Kobiety na traktory""; ""Nie damy się wydymać! Parlamentarna Grupa Kobiet"". Ubrani byli w *historyczne szturmówki* i *autentyczne transparenty*: ""Pozdrawiamy narody ZSRR""; ""Młodzież z partią"". Rozdzielone pochody PPS i OPZZ połączyły się dopiero na placu Teatralnym, przy wsparciu policji. (ŻW 1994)
Pomiędzy uczestnikami pochodu a przedstawicielami ""czerwonej alternatywy"" doszło do przepychanek, w stronę młodzieży ruszył zdenerwowany wiceprzewodniczący OPZZ Stanisław Wiśniewski. Wkroczyła jednak policja. Szpalerem przegrodziła obie grupy i skierowała młodzieżową grupę na trasę pochodu. Na placu Teatralnym dochodzi do *kłótni i przepychanek młodych-alternatywnych ze starszymi wiekiem uczestnikami pochodu. W końcu policja otoczyła młodzieżową grupę i zepchnęła ją pod gmach teatru. Siódemkę najbardziej agresywnych młodych ludzi policja zatrzymała. Po wylegitymowaniu zostali zwolnieni do domów (Dziennik Trybuna 1994)",,50,50,LineString,855.9,"52.239793,21.017173","52.244162,21.010188",0,umap_backup_1-maja_warszawa9.umap,,True,tylko mapa,,,,,,,,
1995_PL_kontra_NZS,1995,Lata,PL,Prawicowe kontry i blokady,kontra,name,NZS,True,kontra,1995 Kontra NZS,"Pod pomnikiem Nike na lewicowców czekało już przeszło 20 studentów Niezależnego Związku Studentów, którzy urządzili happening pod hasłem ""Iza Sierakowska na prezydenta"". Policja chciała ich usunąć, ale pokazali zezwolenie na manifestację. (GW 1995)",,,,Point,,"52.24414,21.009958","52.24414,21.009958",1,umap_backup_1-maja_warszawa9.umap,,True,tylko mapa,,,,,,,,
1995_PL_kontra_UP,1995,Lata,PL,Prawicowe kontry i blokady,kontra,warstwa,UP,True,kontra,"1995. UPR ""Wolność, Równość, Sprawiedliwość""","*Janusz Korwin-Mikke wraz z innymi liderami, szeregowymi członkami i sympatykami Unii Polityki Realnej w poniedziałek 1 maja przedefilowali ulicami Warszawy i przymocowali do drzwi Ministerstwa Finansów ""21 postulatów podatkowych"". (...) Trzystuosobowy pochód UPR z partyjnymi sztandarami i deską z przybitymi postulatami podatkowymi przedefilował z Uniwersytetu do Ministerstwa Finansów zgodnie z instrukcją organizatorów -- ""kobiety z dziećmi w środku, młodzi mężczyźni z flagami na zewnątrz"". Wznoszono hasła: ""Wolność -- własność -- sprawiedliwość"", ""Kara śmierci dla bandytów"", ""UPR przejmie ster"". Eskortującą manifestantów policję przywitano okrzykami: ""Silna policja"" i ""Więcej policjantów, mniej biurokratów"", zaś wokolicach Ministerstwa Finansów skandowano: ""Czerwoni złodzieje"" i ""Precz z komuną"".* (Rzeczpospolita)
Pod hasłem ""Wolność, równość, sprawiedliwość"" demonstrowała Unia Polityki Realnej. Około 200 osób maszerowało pod Ministerstwo Finansów. Mijając żebrzącą przed kościołem Świętego Krzyża staruszkę skandowali: ""Kapitalizm jest dla wszystkich"" i ""Kara śmierci dla morderców"". Na drzwiach ministerstwa prezes UPR Janusz Korwin-Mikke umocował tablicę z 21 postulatami podatkowymi. (GW)",,200,200,LineString,432.0,"52.239727,21.017202","52.236817,21.01644",2,umap_backup_1-maja_warszawa9.umap,,True,tylko mapa,,,,,,,,
1996_PL_kontra_Liga-Republikanska,1996,Lata,PL,Prawicowe kontry i blokady,kontra,name,Liga Republikańska,True,kontra,"1996 – Liga Republikańska, NOP and NZS counterdemonstration","Tuż po zakończeniu wiecu dotarły na plac Grzybowski grupki kontrmaniestantów spod Uniwersytetu. Ponownie doszło do obrzucania wyzwiskami i przepychanek, w tłum poleciały petardy. Policja rozdzieliła obie strony (DT 1996)

*NSZZ ""Solidarność"" nie organizuje w Warszawie żadnych uroczystości. Jak co roku związek organizuje w tym dniu ogólnopolską pielgrzymkę robotników do bazyliki św. Józefa w Kaliszu.* (GW 1997)",,,,Point,,"52.235948,21.003703","52.235948,21.003703",3,umap_backup_1-maja_warszawa9.umap,,True,tylko mapa,,,,,,,,
1997_PL_kontra_Liga-Republikanska,1997,Lata,PL,Prawicowe kontry i blokady,kontra,name,Liga Republikańska,True,kontra,1997 – Liga Republikańska counterdemonstration,"Pochód zakończył się na placu Grzybowskim. Na trybunie stanęli m.in. Józef Oleksy, Jacek Żochowski, Jerzy Wiatr, Andrzej Żelazowski, Piotr Ikonowicz. Na plac przedarła się też spora grupa członków Ligi Republikańskiej, która śpiewami i okrzykami przeszkadzała mówcom. Młodzieżówka SdRP nie pozostawała bierna śpiewając m.in. ""Marian Krzaklewski to faszysta młody jest za pieniądze CIA"". (Rzeczpospolita 1997)",,,,Point,,"52.235948,21.003703","52.235948,21.003703",4,umap_backup_1-maja_warszawa9.umap,,True,tylko mapa,,,,,,,,
1997_PL_kontra_Liga-Republikanska_a,1997,Lata,PL,Prawicowe kontry i blokady,kontra,name,Liga Republikańska,True,kontra,1997 Liga Republikańska counterdemonstration,"Na Krakowskim Przedmieściu pod bramą Uniwersytetu Warszawskiego na pochód, w którym według policji szło 2 tysiące osób, czekała młodzież w koszulkach Ligi Republikańskiej z brzozowymi krzyżami, do których przymocowano kartki ""Pużak PPS-WRN"", ""Katyń 1940"", ""Poznań 1956"", ""Grudzień 1970"", ""Wujek 1981"". Po drugiej stronie ulicy stali skinheadzi z Obozu Narodowo-Radykalnego. Doszło do pojedynku na wyzwiska przy akompaniamencie orkiestry dętej. Młodzież z Ligi skandowała: ""Puścić Kwasa na golasa"", ""Czerwone pachołki"". Radykałowie z ONR krzyczeli: ""Narodowy, narodowy radykalizm"". Uczestnicy pochodu odwzajemniali się hasłami: ""Precz z faszyzmem i antysemityzmem"", ""Brunatni faszyści"".

Przed hotelem ""Victoria"" policjanci zatrzymali kilku skinheadów, którzy według relacji funkcjonariuszy mieli rzucać kamieniami w pochód. Policja przez cały czas miała problemy z oddzieleniem maszerujących działaczy Ligi Republikańskiej od zwolenników lewicy. Ręka w rękę maszerowały obok siebie wrogie grupy. Z pochodu słychać było hasła ""Łysy agent"", ""Targowica"" oraz te skandowane przez przedstawicieli lewicy w kierunku Ligi Republikańskiej ""Czarna hołota"" ""Trzecia liga"".

Pochód zakończył się na placu Grzybowskim. Na trybunie stanęli m.in. Józef Oleksy, Jacek Żochowski, Jerzy Wiatr, Andrzej Żelazowski, Piotr Ikonowicz. Na plac przedarła się też spora grupa członków Ligi Republikańskiej, która śpiewami i okrzykami przeszkadzała mówcom. Młodzieżówka SdRP nie pozostawała bierna śpiewając m.in. ""Marian Krzaklewski to faszysta młody jest za pieniądze CIA"". (Rzeczpospolita 1997)",,50,50,LineString,1297.3,"52.239793,21.017173","52.235736,21.003797",5,umap_backup_1-maja_warszawa9.umap,,True,tylko mapa,,,,,,,,
1999_PL_kontra_PPS,1999,Lata,PL,Prawicowe kontry i blokady,kontra,name,PPS,True,kontra,1999 – Liga Republikańska counterdemonstration – firecracker injures PPS member,"Do incydentu doszło w Warszawie na placu Grzybowskim. Dariusz Janas, rzecznik stołecznej policji, nie chciał powiedzieć, czy petarda została rzucona przez uczestnika pochodu, czy kogoś z jego prawicowych przeciwników (...) J**Jednak z materiału filmowego ""Wiadomości"" TVP wynika, że petardę najprawdopodobniej rzucił w uczestników manifestacji młody mężczyzna ubrany w koszulkę prawicowej Ligi Republikańskiej. Upadła u nóg jednej z uczestniczek pochodu. Ta odrzuciła ją tak pechowo, że odbiła się ona od drzewa i wybuchając, zraniła dziennikarza i kamerzystę telewizji RTL 7, oraz członka PPS prof. historii Krzysztofa Dunina-Wąsowicza.** (GW 1999)",,,,Point,,"52.235948,21.003703","52.235948,21.003703",6,umap_backup_1-maja_warszawa9.umap,,True,tylko mapa,,,,,,,,
2000_PL_kontra_NIEZNANY,2000,Lata,PL,Prawicowe kontry i blokady,kontra,warstwa,,True,kontra,2000. Happening Ligi Republikańskiej,"*1 maja dała o sobie znać również Liga Republikańska, organizując na Starym Mieście happening. Członkowie Ligi przyprowadzili sobowtóry Aleksandra Kwaśniewskiego i jego żony. Obie postacie wywołały niemałe poruszenie wśród spacerujących warszawiaków. Po kilkudziesięciu minutach, skandując hasło „Flacha u Kwacha”, przeszli pod Pałac Prezydencki. Tam rozdawali na ulicach ulotki, informując przechodniów, że jest to talon na mieszkanie, które w czasie kampanii obiecywał Kwaśniewski.* (Życie Warszawy",,50,50,LineString,1407.2,"52.254116,21.007339","52.242659,21.01507",7,umap_backup_1-maja_warszawa9.umap,,True,tylko mapa,,,,,,,,
2002_PL_kontra_KPN,2002,Lata,PL,Prawicowe kontry i blokady,kontra,warstwa,KPN,True,kontra,2002. Pałac Branickich (siedziba KPN),*Przeciwnicy święta 1 Maja demonstrowali także przed siedzibą KPN na Nowym Świecie.* (Wyborcza),,,,Point,,"52.231857,21.020282","52.231857,21.020282",8,umap_backup_1-maja_warszawa9.umap,,True,tylko mapa,,,,,,,,
2003_PL_kontra_NIEZNANY,2003,Lata,PL,Prawicowe kontry i blokady,kontra,name,,True,kontra,2003  Counterdemonstration,"Do pyskówek doszło też pod pomnikiem Witosa na pl. Trzech Krzyży. Grupka młodych ludzi z biało-czerwoną flagą skandowała: - Znajdzie się cela dla Leszka Millera. Pochód odpowiedział: - PiS to są zera, teraz jest era Leszka Millera. (GW 2003)",,,,Point,,"52.227976,21.023257","52.227976,21.023257",9,umap_backup_1-maja_warszawa9.umap,,True,tylko mapa,,,,,,,,
2007_PL_kontra_NIEZNANY,2007,Lata,PL,Prawicowe kontry i blokady,kontra,warstwa,,True,kontra,2007 Happening Forum Liberalnego,"Na skrzyżowaniu Nowego Światu i Al. Jerozolimskich na pochód czekała grupa działaczy Forum Liberalnego z portretami Bieruta, Gomułki oraz Grzegorza Napieralskiego, sekretarza SLD. - Maszerujemy do socjalizmu - kpili. - Gnoje Kaczorków - rzucił ktoś. (GW 2007)",,,,Point,,"52.231801,21.020253","52.231801,21.020253",10,umap_backup_1-maja_warszawa9.umap,,True,tylko mapa,,,,,,,,
2007_PL_kontra_NIEZNANY_a,2007,Lata,PL,Prawicowe kontry i blokady,kontra,warstwa,,True,kontra,"2007 Ruch Młodych LPR – leaflet giveaway with transcripts of  'left's tapes of truth""""","Nie obyło się bez incydentów. Na początku pochodu przebieg święta 1 Maja próbowali zakłócić działacze Ruchu Młodych Ligi Polskich Rodzin. (DT 2007)
Do drobnych utarczek doszło, gdy działacze Ruchu Młodych LPR próbowali rozdawać zgromadzonym ulotki z cytatami z rozmowy Aleksandra Gudzowatego i Józefa Oleksego. (GW 2007)",,,,Point,,"52.237859,21.020055","52.237859,21.020055",11,umap_backup_1-maja_warszawa9.umap,,True,tylko mapa,,,,,,,,
2009_PL_festyn_SLD,2009,Lata,PL,Prawicowe kontry i blokady,festyn,name,SLD,True,kontra,2009 Falanga attack on SLD picnic,"Podczas pikniku po pochodzie 1-majowym doszło do ataku skrajnie prawicowych bojówkarzy organizacji Falanga na siedzibę SLD przy ulicy Rozbrat.

Bojówkarze wtargnęli na dziedziniec budynku przy Rozbrat. Zaczęli wyzywać osoby biorące udział w pikniku, po czym spalili czerwoną flagę SLD. Doszło także do szarpaniny z działaczami SLD, którzy chcieli usunąć oenerowców z siedziby Sojuszu.

Dwóch członków SLD trafiło do szpitala, po tym jak działacze Falangi zaatakowali ich gazem pieprzowym. (lewica.pl 2009",,,,Point,,"52.227872,21.03316","52.227872,21.03316",12,umap_backup_1-maja_warszawa9.umap,,True,tylko mapa,,,,,,,,
2009_PL_kontra_NIEZNANY,2009,Lata,PL,Prawicowe kontry i blokady,kontra,name,,True,kontra,2009 ONR Kontra,"*Oprócz pochodów pierwszomajowych i towarzyszących im kontrdemonstracji odbył się też wiec przeciw Świętu Pracy, a przy okazji członkostwu Polski w UE. W Warszawie demonstrowało w tej sprawie ok. 30 członków ultraprawicowego Obozu Narodowo- Radykalnego. Narodowcy z mazowieckiego oddziału ONR z flagami Polski i transparentami ""Niesiemy Polsce odrodzenie - my nowe pokolenie"" mówili m.in., że Święto Pracy, zostało ustanowione przez ""międzynarodową komunę, socjalistycznych łotrów"", a ""w 2004 r. Polska została wepchnięta w łapy eurosocjalistów"".* (dziennik gazeta prawna)

Kontrmanifestacja ONR na trasie pochodu (6 osób, RP 2009). Tego samego dnia atak bojówki Falangi na siedzibę SLD przy ul. Rozbrat podczas pikniku popochodowego.",,6,6,Point,,"52.228693,21.022951","52.228693,21.022951",13,umap_backup_1-maja_warszawa9.umap,,True,tylko mapa,,,,,,,,
2018_PL_kontra_NIEZNANY,2018,Lata,PL,Prawicowe kontry i blokady,kontra,name,,True,kontra,2018 – Blokada Obywateli RP (Pałac Staszica),"Pokojowa blokada przeciw marszowi narodowców u zbiegu Nowego Światu i Świętokrzyskiej, organizowana przez Obywateli RP, Ogólnopolski Strajk Kobiet, Pracowniczą Demokrację i in. Hasła: „Stop faszystom!”, „Wszyscy jesteśmy antyfaszystami!”.",,,,Point,,"52.237052,21.017791","52.237052,21.017791",14,umap_backup_1-maja_warszawa9.umap,,True,tylko mapa,,,,,,,,
1990_PL_kontra_NIEZNANY,1990,Lata,PL,Prawicowe kontry i blokady,kontra,name,,True,kontra,Counterdemonstration at the St. Cross Basilica,"Bazylika św. Krzyża, Krakowskie Przedmieście. Miejsce kontrmanifestacji i prób blokad demonstracji OPZZ

## 1990
Solidarność Walcząca: Ze schodów kościoła Św. Krzyża kilkuosobowa grupa młodzieży pod transparentem ""Solidarność Walcząca"" skandowała ""Bolszewicy do kostnicy"", ""Precz z komuną"". Rzucono 3 petardy. Pochód odpowiadał skandując: ""Demokracja"", ""Faszyści"", ""Do roboty gówniarze"" (PierwszyMaja, GW 1990)
Pochód próbowali zakłócić stojący przed wejściem do kościoła Św. Krzyża młodzi ludzie z Solidarności Walczącej obrzucając maszerujących petardami i świecami dymnymi. Wznoszono hasła: ""Precz z komuną"". Uczestnicy pochodu odpowiadali: ""Precz z faszyzmem!"", Niech żyje rząd Mazowieckiego!"" (ŻW 1990)
Na rogu Nowego Światu i Świętokrzyskiej grupa podpitych studentów Politechniki Warszawskiej kontestowała pochód OPZZ. Obwinięci czerwonymi szarfami i wymachujący czerwoną flagą młodzi ludzie nawoływali: >>Idźcie z Miodowiczem! Polska krajem Miodowiczem i mlekiem płynąca!<< (RP 1990, za Wyborczą)
## 1991
Ze schodów kościoła św. Krzyża socjaldemokraci usłyszeli, że są mordercami. Krzyczano na nich ""Precz z komuną"" i ""Żydzi do Moskwy !"". Początek pochodu domagał się poprawy warunków pracy i życia. Środek i koniec swoje myśli artykułował wyraźnie: ""Precz z Wałęsą"", ""Wałęsa do kaplicy"" i - co ciekawe - ""Precz z UB!"". Obserwatorzy marszu usłyszeli od socjaldemokratów, że są ""SS-manami i s...synami"" (GW 1991)

## 1992
Na stopniach kościoła Św. Krzyża ulokowała się niewielka grupa zwolenników ""Solidarności"", która pokrzykiwała w stronę maszerujących ""Precz z Komuną"". W zamian mogła usłyszeć zachętę ""Chodźcie z nami, bo umrzecie z głodu"" (Związkowiec 10.05, 19/1992)
Precz z komuną! Idźcie, to dojdziecie na Kołymę! - krzyczeli de maszerujących w pierwszomajowym pochodzie OPZZ ludzie stojący na stopniach kościoła iw. Krzyża. - Zdrajcy, parobki amerykańskie! Chodźcie z nami, bo z głodu umrzecie! - odkrzykiwali manifestanci. (GW)

## 1993
Zgromadzeni na schodach kościoła Św. Krzyża obrzucili manifestantów obelgami i jajami (ŻW)
Do kontrujących manifestantów ze schodów kościoła zwraca się policjant – *proszę nie rzucać, będziemy zatrzymywać!*. Ktoś krzyczy w stronę pochodu: *Rosyjskie pachołki! OPZZ, gdzie byliście w 80. latach? Nie dla was demokracja!* i dalej, *Śmierć komunie* (TVP 1993)
## 1994
Na schodach kościoła św. Krzyża zebrała się grupa kontrmanifestantów. Nie widać wśród nich jednak żadnych rekwizytów, flag partyjnych lub związkowych (Kronika Filmowa 19/1994)
## 1995
Ponaddwutysięczny pochód prowadzony przez Aleksandra Kwaśniewskiego, Ewę Spychalską, Piotra Ikonowicza i Jana Mulaka maszerował w takt marsza orkiestry dętej. Przy kościele Świętego Krzyża manifestantów wygwizdano. - Czerwoni złodzieje, pustaki, betony - krzyczeli ludzie ze schodów kościoła. (GW)
Manifestacja przeszła Krakowskim Przedmieściem, gdzie przed kościołem św. Krzyża napotkały demonstrantów okrzyki ""Precz z komuną"", do placu Teatralnego, gdzie pod pomnikiem Bohaterów Warszawy odbył się wiec ugrupowań lewicowych (Rzeczpospolita 1995)
Na nagraniu TVP widać osoby stojące na schodach kościoła, jedna z nich trzyma krzyż (TVP 1:20) 
## 1996
Uwagę moją zwróciła informacja, że w tym roku kontrmanifestanci w Warszawie wybrali sobie za miejsce zbiórki Uniwerstet a nie, jak poprzedni, kościół św. Krzyża (NTP 1996)
## 1997
Już tradycyjnie z ""trybuny honorowej""  na stopniach kościoła Św. Krzyża przywitano pochód gwizdami i obelgami; jeden z mężczyzn pokazywał ""gest Kozakiewicza"". W szacownym sąsiedztwie Uniwersytetu Warszawskiego przyczaiło się kilkudziesięciu Ligowców, sympatyków NZS i UPR. Były krzyże z napisem ""Katyń"" i płonące pochodnie (DT 1997)
## 1998
Spokojnie było na tzw. trybunie honorowej, czyli schodach kościoła Św. Krzyża. Corocznie gromadzą się tam antykomuniści, by wykrzyczeć swoją nienawiść (DT 1998)
## 1999
Na schodach kościoła zebrała się grupa osób uwieczniona na relacji z TVP. Ich interakcje z uczestnikami pochodu nie doczekały się jednak komentarza ze strony mediów (TVP 1999)
## 2000
""Gdy przechodzili przed kościołem św. Krzyża, stojący na schodach świątyni ludzie skandowali: *Komuniści; Precz z komuną;* Manifestanci odpowiadali: *Słuchaj Boga a nie księdza; Poczytajcie encykliki* (ŻW 2-3 maja 2000)
Pierwszomajowy ""pochód protestu"" OPZZ rusza, a tymczasem PPS, w oczekiwaniu na OPZZ, stanął naprzeciw schodowej ""galerii"" i skanduje coraz bardziej prowokujące hasła. ""Galeria"", która czeka raczej na pochód właściwy, czyli OPZZ, w końcu zaczyna odpowiadać. Harcownicy PPS się rozkręcają. Dochodzi do indywidualnych pyskówek. Wymiana zdań między jedną starszą panią sympatyzującą z ""galerią"" a drugą starszą panią z pochodu po wyjaśnieniu sobie, komu za komuny było lepiej i za czyje pieniądze kto się wykształcił w PRL, kończy się argumentami ostatecznymi: - Głupia stara baba! - A ty młoda! Młoda się znalazła. - Bój to jest nasz ostatni... - intonują manifestanci. - Ostatni, ostatni - powtarza schodowa ""galeria"". Jeden z manifestantów PPS, zirytowany jakimś okrzykiem, woła do adwersarza na schodach kościoła: - Pierwszy zginiesz. Kulka tu - i pokazuje czoło. (RP 2000)
## 2001
*Na trasie pochodu czekały jeszcze trzy grupy przeciwników Sojuszu - na schodach kościoła św. Krzyża kilkanaście osób z KPN* (Wyborcza)",,,,Point,,"52.23875,21.017318","52.23875,21.017318",15,umap_backup_1-maja_warszawa9.umap,,True,tylko mapa,,,,,,,,
1991_PL_kontra_NIEZNANY,1991,Lata,PL,Prawicowe kontry i blokady,kontra,name,,True,kontra,Counterdemonstration at the St. Cross Basilica,"Bazylika św. Krzyża, Krakowskie Przedmieście. Miejsce kontrmanifestacji i prób blokad demonstracji OPZZ

## 1990
Solidarność Walcząca: Ze schodów kościoła Św. Krzyża kilkuosobowa grupa młodzieży pod transparentem ""Solidarność Walcząca"" skandowała ""Bolszewicy do kostnicy"", ""Precz z komuną"". Rzucono 3 petardy. Pochód odpowiadał skandując: ""Demokracja"", ""Faszyści"", ""Do roboty gówniarze"" (PierwszyMaja, GW 1990)
Pochód próbowali zakłócić stojący przed wejściem do kościoła Św. Krzyża młodzi ludzie z Solidarności Walczącej obrzucając maszerujących petardami i świecami dymnymi. Wznoszono hasła: ""Precz z komuną"". Uczestnicy pochodu odpowiadali: ""Precz z faszyzmem!"", Niech żyje rząd Mazowieckiego!"" (ŻW 1990)
Na rogu Nowego Światu i Świętokrzyskiej grupa podpitych studentów Politechniki Warszawskiej kontestowała pochód OPZZ. Obwinięci czerwonymi szarfami i wymachujący czerwoną flagą młodzi ludzie nawoływali: >>Idźcie z Miodowiczem! Polska krajem Miodowiczem i mlekiem płynąca!<< (RP 1990, za Wyborczą)
## 1991
Ze schodów kościoła św. Krzyża socjaldemokraci usłyszeli, że są mordercami. Krzyczano na nich ""Precz z komuną"" i ""Żydzi do Moskwy !"". Początek pochodu domagał się poprawy warunków pracy i życia. Środek i koniec swoje myśli artykułował wyraźnie: ""Precz z Wałęsą"", ""Wałęsa do kaplicy"" i - co ciekawe - ""Precz z UB!"". Obserwatorzy marszu usłyszeli od socjaldemokratów, że są ""SS-manami i s...synami"" (GW 1991)

## 1992
Na stopniach kościoła Św. Krzyża ulokowała się niewielka grupa zwolenników ""Solidarności"", która pokrzykiwała w stronę maszerujących ""Precz z Komuną"". W zamian mogła usłyszeć zachętę ""Chodźcie z nami, bo umrzecie z głodu"" (Związkowiec 10.05, 19/1992)
Precz z komuną! Idźcie, to dojdziecie na Kołymę! - krzyczeli de maszerujących w pierwszomajowym pochodzie OPZZ ludzie stojący na stopniach kościoła iw. Krzyża. - Zdrajcy, parobki amerykańskie! Chodźcie z nami, bo z głodu umrzecie! - odkrzykiwali manifestanci. (GW)

## 1993
Zgromadzeni na schodach kościoła Św. Krzyża obrzucili manifestantów obelgami i jajami (ŻW)
Do kontrujących manifestantów ze schodów kościoła zwraca się policjant – *proszę nie rzucać, będziemy zatrzymywać!*. Ktoś krzyczy w stronę pochodu: *Rosyjskie pachołki! OPZZ, gdzie byliście w 80. latach? Nie dla was demokracja!* i dalej, *Śmierć komunie* (TVP 1993)
## 1994
Na schodach kościoła św. Krzyża zebrała się grupa kontrmanifestantów. Nie widać wśród nich jednak żadnych rekwizytów, flag partyjnych lub związkowych (Kronika Filmowa 19/1994)
## 1995
Ponaddwutysięczny pochód prowadzony przez Aleksandra Kwaśniewskiego, Ewę Spychalską, Piotra Ikonowicza i Jana Mulaka maszerował w takt marsza orkiestry dętej. Przy kościele Świętego Krzyża manifestantów wygwizdano. - Czerwoni złodzieje, pustaki, betony - krzyczeli ludzie ze schodów kościoła. (GW)
Manifestacja przeszła Krakowskim Przedmieściem, gdzie przed kościołem św. Krzyża napotkały demonstrantów okrzyki ""Precz z komuną"", do placu Teatralnego, gdzie pod pomnikiem Bohaterów Warszawy odbył się wiec ugrupowań lewicowych (Rzeczpospolita 1995)
Na nagraniu TVP widać osoby stojące na schodach kościoła, jedna z nich trzyma krzyż (TVP 1:20) 
## 1996
Uwagę moją zwróciła informacja, że w tym roku kontrmanifestanci w Warszawie wybrali sobie za miejsce zbiórki Uniwerstet a nie, jak poprzedni, kościół św. Krzyża (NTP 1996)
## 1997
Już tradycyjnie z ""trybuny honorowej""  na stopniach kościoła Św. Krzyża przywitano pochód gwizdami i obelgami; jeden z mężczyzn pokazywał ""gest Kozakiewicza"". W szacownym sąsiedztwie Uniwersytetu Warszawskiego przyczaiło się kilkudziesięciu Ligowców, sympatyków NZS i UPR. Były krzyże z napisem ""Katyń"" i płonące pochodnie (DT 1997)
## 1998
Spokojnie było na tzw. trybunie honorowej, czyli schodach kościoła Św. Krzyża. Corocznie gromadzą się tam antykomuniści, by wykrzyczeć swoją nienawiść (DT 1998)
## 1999
Na schodach kościoła zebrała się grupa osób uwieczniona na relacji z TVP. Ich interakcje z uczestnikami pochodu nie doczekały się jednak komentarza ze strony mediów (TVP 1999)
## 2000
""Gdy przechodzili przed kościołem św. Krzyża, stojący na schodach świątyni ludzie skandowali: *Komuniści; Precz z komuną;* Manifestanci odpowiadali: *Słuchaj Boga a nie księdza; Poczytajcie encykliki* (ŻW 2-3 maja 2000)
Pierwszomajowy ""pochód protestu"" OPZZ rusza, a tymczasem PPS, w oczekiwaniu na OPZZ, stanął naprzeciw schodowej ""galerii"" i skanduje coraz bardziej prowokujące hasła. ""Galeria"", która czeka raczej na pochód właściwy, czyli OPZZ, w końcu zaczyna odpowiadać. Harcownicy PPS się rozkręcają. Dochodzi do indywidualnych pyskówek. Wymiana zdań między jedną starszą panią sympatyzującą z ""galerią"" a drugą starszą panią z pochodu po wyjaśnieniu sobie, komu za komuny było lepiej i za czyje pieniądze kto się wykształcił w PRL, kończy się argumentami ostatecznymi: - Głupia stara baba! - A ty młoda! Młoda się znalazła. - Bój to jest nasz ostatni... - intonują manifestanci. - Ostatni, ostatni - powtarza schodowa ""galeria"". Jeden z manifestantów PPS, zirytowany jakimś okrzykiem, woła do adwersarza na schodach kościoła: - Pierwszy zginiesz. Kulka tu - i pokazuje czoło. (RP 2000)
## 2001
*Na trasie pochodu czekały jeszcze trzy grupy przeciwników Sojuszu - na schodach kościoła św. Krzyża kilkanaście osób z KPN* (Wyborcza)",,,,Point,,"52.23875,21.017318","52.23875,21.017318",15,umap_backup_1-maja_warszawa9.umap,,True,tylko mapa,,,,,,,,
1992_PL_kontra_NIEZNANY,1992,Lata,PL,Prawicowe kontry i blokady,kontra,name,,True,kontra,Counterdemonstration at the St. Cross Basilica,"Bazylika św. Krzyża, Krakowskie Przedmieście. Miejsce kontrmanifestacji i prób blokad demonstracji OPZZ

## 1990
Solidarność Walcząca: Ze schodów kościoła Św. Krzyża kilkuosobowa grupa młodzieży pod transparentem ""Solidarność Walcząca"" skandowała ""Bolszewicy do kostnicy"", ""Precz z komuną"". Rzucono 3 petardy. Pochód odpowiadał skandując: ""Demokracja"", ""Faszyści"", ""Do roboty gówniarze"" (PierwszyMaja, GW 1990)
Pochód próbowali zakłócić stojący przed wejściem do kościoła Św. Krzyża młodzi ludzie z Solidarności Walczącej obrzucając maszerujących petardami i świecami dymnymi. Wznoszono hasła: ""Precz z komuną"". Uczestnicy pochodu odpowiadali: ""Precz z faszyzmem!"", Niech żyje rząd Mazowieckiego!"" (ŻW 1990)
Na rogu Nowego Światu i Świętokrzyskiej grupa podpitych studentów Politechniki Warszawskiej kontestowała pochód OPZZ. Obwinięci czerwonymi szarfami i wymachujący czerwoną flagą młodzi ludzie nawoływali: >>Idźcie z Miodowiczem! Polska krajem Miodowiczem i mlekiem płynąca!<< (RP 1990, za Wyborczą)
## 1991
Ze schodów kościoła św. Krzyża socjaldemokraci usłyszeli, że są mordercami. Krzyczano na nich ""Precz z komuną"" i ""Żydzi do Moskwy !"". Początek pochodu domagał się poprawy warunków pracy i życia. Środek i koniec swoje myśli artykułował wyraźnie: ""Precz z Wałęsą"", ""Wałęsa do kaplicy"" i - co ciekawe - ""Precz z UB!"". Obserwatorzy marszu usłyszeli od socjaldemokratów, że są ""SS-manami i s...synami"" (GW 1991)

## 1992
Na stopniach kościoła Św. Krzyża ulokowała się niewielka grupa zwolenników ""Solidarności"", która pokrzykiwała w stronę maszerujących ""Precz z Komuną"". W zamian mogła usłyszeć zachętę ""Chodźcie z nami, bo umrzecie z głodu"" (Związkowiec 10.05, 19/1992)
Precz z komuną! Idźcie, to dojdziecie na Kołymę! - krzyczeli de maszerujących w pierwszomajowym pochodzie OPZZ ludzie stojący na stopniach kościoła iw. Krzyża. - Zdrajcy, parobki amerykańskie! Chodźcie z nami, bo z głodu umrzecie! - odkrzykiwali manifestanci. (GW)

## 1993
Zgromadzeni na schodach kościoła Św. Krzyża obrzucili manifestantów obelgami i jajami (ŻW)
Do kontrujących manifestantów ze schodów kościoła zwraca się policjant – *proszę nie rzucać, będziemy zatrzymywać!*. Ktoś krzyczy w stronę pochodu: *Rosyjskie pachołki! OPZZ, gdzie byliście w 80. latach? Nie dla was demokracja!* i dalej, *Śmierć komunie* (TVP 1993)
## 1994
Na schodach kościoła św. Krzyża zebrała się grupa kontrmanifestantów. Nie widać wśród nich jednak żadnych rekwizytów, flag partyjnych lub związkowych (Kronika Filmowa 19/1994)
## 1995
Ponaddwutysięczny pochód prowadzony przez Aleksandra Kwaśniewskiego, Ewę Spychalską, Piotra Ikonowicza i Jana Mulaka maszerował w takt marsza orkiestry dętej. Przy kościele Świętego Krzyża manifestantów wygwizdano. - Czerwoni złodzieje, pustaki, betony - krzyczeli ludzie ze schodów kościoła. (GW)
Manifestacja przeszła Krakowskim Przedmieściem, gdzie przed kościołem św. Krzyża napotkały demonstrantów okrzyki ""Precz z komuną"", do placu Teatralnego, gdzie pod pomnikiem Bohaterów Warszawy odbył się wiec ugrupowań lewicowych (Rzeczpospolita 1995)
Na nagraniu TVP widać osoby stojące na schodach kościoła, jedna z nich trzyma krzyż (TVP 1:20) 
## 1996
Uwagę moją zwróciła informacja, że w tym roku kontrmanifestanci w Warszawie wybrali sobie za miejsce zbiórki Uniwerstet a nie, jak poprzedni, kościół św. Krzyża (NTP 1996)
## 1997
Już tradycyjnie z ""trybuny honorowej""  na stopniach kościoła Św. Krzyża przywitano pochód gwizdami i obelgami; jeden z mężczyzn pokazywał ""gest Kozakiewicza"". W szacownym sąsiedztwie Uniwersytetu Warszawskiego przyczaiło się kilkudziesięciu Ligowców, sympatyków NZS i UPR. Były krzyże z napisem ""Katyń"" i płonące pochodnie (DT 1997)
## 1998
Spokojnie było na tzw. trybunie honorowej, czyli schodach kościoła Św. Krzyża. Corocznie gromadzą się tam antykomuniści, by wykrzyczeć swoją nienawiść (DT 1998)
## 1999
Na schodach kościoła zebrała się grupa osób uwieczniona na relacji z TVP. Ich interakcje z uczestnikami pochodu nie doczekały się jednak komentarza ze strony mediów (TVP 1999)
## 2000
""Gdy przechodzili przed kościołem św. Krzyża, stojący na schodach świątyni ludzie skandowali: *Komuniści; Precz z komuną;* Manifestanci odpowiadali: *Słuchaj Boga a nie księdza; Poczytajcie encykliki* (ŻW 2-3 maja 2000)
Pierwszomajowy ""pochód protestu"" OPZZ rusza, a tymczasem PPS, w oczekiwaniu na OPZZ, stanął naprzeciw schodowej ""galerii"" i skanduje coraz bardziej prowokujące hasła. ""Galeria"", która czeka raczej na pochód właściwy, czyli OPZZ, w końcu zaczyna odpowiadać. Harcownicy PPS się rozkręcają. Dochodzi do indywidualnych pyskówek. Wymiana zdań między jedną starszą panią sympatyzującą z ""galerią"" a drugą starszą panią z pochodu po wyjaśnieniu sobie, komu za komuny było lepiej i za czyje pieniądze kto się wykształcił w PRL, kończy się argumentami ostatecznymi: - Głupia stara baba! - A ty młoda! Młoda się znalazła. - Bój to jest nasz ostatni... - intonują manifestanci. - Ostatni, ostatni - powtarza schodowa ""galeria"". Jeden z manifestantów PPS, zirytowany jakimś okrzykiem, woła do adwersarza na schodach kościoła: - Pierwszy zginiesz. Kulka tu - i pokazuje czoło. (RP 2000)
## 2001
*Na trasie pochodu czekały jeszcze trzy grupy przeciwników Sojuszu - na schodach kościoła św. Krzyża kilkanaście osób z KPN* (Wyborcza)",,,,Point,,"52.23875,21.017318","52.23875,21.017318",15,umap_backup_1-maja_warszawa9.umap,,True,tylko mapa,,,,,,,,
1993_PL_kontra_NIEZNANY,1993,Lata,PL,Prawicowe kontry i blokady,kontra,name,,True,kontra,Counterdemonstration at the St. Cross Basilica,"Bazylika św. Krzyża, Krakowskie Przedmieście. Miejsce kontrmanifestacji i prób blokad demonstracji OPZZ

## 1990
Solidarność Walcząca: Ze schodów kościoła Św. Krzyża kilkuosobowa grupa młodzieży pod transparentem ""Solidarność Walcząca"" skandowała ""Bolszewicy do kostnicy"", ""Precz z komuną"". Rzucono 3 petardy. Pochód odpowiadał skandując: ""Demokracja"", ""Faszyści"", ""Do roboty gówniarze"" (PierwszyMaja, GW 1990)
Pochód próbowali zakłócić stojący przed wejściem do kościoła Św. Krzyża młodzi ludzie z Solidarności Walczącej obrzucając maszerujących petardami i świecami dymnymi. Wznoszono hasła: ""Precz z komuną"". Uczestnicy pochodu odpowiadali: ""Precz z faszyzmem!"", Niech żyje rząd Mazowieckiego!"" (ŻW 1990)
Na rogu Nowego Światu i Świętokrzyskiej grupa podpitych studentów Politechniki Warszawskiej kontestowała pochód OPZZ. Obwinięci czerwonymi szarfami i wymachujący czerwoną flagą młodzi ludzie nawoływali: >>Idźcie z Miodowiczem! Polska krajem Miodowiczem i mlekiem płynąca!<< (RP 1990, za Wyborczą)
## 1991
Ze schodów kościoła św. Krzyża socjaldemokraci usłyszeli, że są mordercami. Krzyczano na nich ""Precz z komuną"" i ""Żydzi do Moskwy !"". Początek pochodu domagał się poprawy warunków pracy i życia. Środek i koniec swoje myśli artykułował wyraźnie: ""Precz z Wałęsą"", ""Wałęsa do kaplicy"" i - co ciekawe - ""Precz z UB!"". Obserwatorzy marszu usłyszeli od socjaldemokratów, że są ""SS-manami i s...synami"" (GW 1991)

## 1992
Na stopniach kościoła Św. Krzyża ulokowała się niewielka grupa zwolenników ""Solidarności"", która pokrzykiwała w stronę maszerujących ""Precz z Komuną"". W zamian mogła usłyszeć zachętę ""Chodźcie z nami, bo umrzecie z głodu"" (Związkowiec 10.05, 19/1992)
Precz z komuną! Idźcie, to dojdziecie na Kołymę! - krzyczeli de maszerujących w pierwszomajowym pochodzie OPZZ ludzie stojący na stopniach kościoła iw. Krzyża. - Zdrajcy, parobki amerykańskie! Chodźcie z nami, bo z głodu umrzecie! - odkrzykiwali manifestanci. (GW)

## 1993
Zgromadzeni na schodach kościoła Św. Krzyża obrzucili manifestantów obelgami i jajami (ŻW)
Do kontrujących manifestantów ze schodów kościoła zwraca się policjant – *proszę nie rzucać, będziemy zatrzymywać!*. Ktoś krzyczy w stronę pochodu: *Rosyjskie pachołki! OPZZ, gdzie byliście w 80. latach? Nie dla was demokracja!* i dalej, *Śmierć komunie* (TVP 1993)
## 1994
Na schodach kościoła św. Krzyża zebrała się grupa kontrmanifestantów. Nie widać wśród nich jednak żadnych rekwizytów, flag partyjnych lub związkowych (Kronika Filmowa 19/1994)
## 1995
Ponaddwutysięczny pochód prowadzony przez Aleksandra Kwaśniewskiego, Ewę Spychalską, Piotra Ikonowicza i Jana Mulaka maszerował w takt marsza orkiestry dętej. Przy kościele Świętego Krzyża manifestantów wygwizdano. - Czerwoni złodzieje, pustaki, betony - krzyczeli ludzie ze schodów kościoła. (GW)
Manifestacja przeszła Krakowskim Przedmieściem, gdzie przed kościołem św. Krzyża napotkały demonstrantów okrzyki ""Precz z komuną"", do placu Teatralnego, gdzie pod pomnikiem Bohaterów Warszawy odbył się wiec ugrupowań lewicowych (Rzeczpospolita 1995)
Na nagraniu TVP widać osoby stojące na schodach kościoła, jedna z nich trzyma krzyż (TVP 1:20) 
## 1996
Uwagę moją zwróciła informacja, że w tym roku kontrmanifestanci w Warszawie wybrali sobie za miejsce zbiórki Uniwerstet a nie, jak poprzedni, kościół św. Krzyża (NTP 1996)
## 1997
Już tradycyjnie z ""trybuny honorowej""  na stopniach kościoła Św. Krzyża przywitano pochód gwizdami i obelgami; jeden z mężczyzn pokazywał ""gest Kozakiewicza"". W szacownym sąsiedztwie Uniwersytetu Warszawskiego przyczaiło się kilkudziesięciu Ligowców, sympatyków NZS i UPR. Były krzyże z napisem ""Katyń"" i płonące pochodnie (DT 1997)
## 1998
Spokojnie było na tzw. trybunie honorowej, czyli schodach kościoła Św. Krzyża. Corocznie gromadzą się tam antykomuniści, by wykrzyczeć swoją nienawiść (DT 1998)
## 1999
Na schodach kościoła zebrała się grupa osób uwieczniona na relacji z TVP. Ich interakcje z uczestnikami pochodu nie doczekały się jednak komentarza ze strony mediów (TVP 1999)
## 2000
""Gdy przechodzili przed kościołem św. Krzyża, stojący na schodach świątyni ludzie skandowali: *Komuniści; Precz z komuną;* Manifestanci odpowiadali: *Słuchaj Boga a nie księdza; Poczytajcie encykliki* (ŻW 2-3 maja 2000)
Pierwszomajowy ""pochód protestu"" OPZZ rusza, a tymczasem PPS, w oczekiwaniu na OPZZ, stanął naprzeciw schodowej ""galerii"" i skanduje coraz bardziej prowokujące hasła. ""Galeria"", która czeka raczej na pochód właściwy, czyli OPZZ, w końcu zaczyna odpowiadać. Harcownicy PPS się rozkręcają. Dochodzi do indywidualnych pyskówek. Wymiana zdań między jedną starszą panią sympatyzującą z ""galerią"" a drugą starszą panią z pochodu po wyjaśnieniu sobie, komu za komuny było lepiej i za czyje pieniądze kto się wykształcił w PRL, kończy się argumentami ostatecznymi: - Głupia stara baba! - A ty młoda! Młoda się znalazła. - Bój to jest nasz ostatni... - intonują manifestanci. - Ostatni, ostatni - powtarza schodowa ""galeria"". Jeden z manifestantów PPS, zirytowany jakimś okrzykiem, woła do adwersarza na schodach kościoła: - Pierwszy zginiesz. Kulka tu - i pokazuje czoło. (RP 2000)
## 2001
*Na trasie pochodu czekały jeszcze trzy grupy przeciwników Sojuszu - na schodach kościoła św. Krzyża kilkanaście osób z KPN* (Wyborcza)",,,,Point,,"52.23875,21.017318","52.23875,21.017318",15,umap_backup_1-maja_warszawa9.umap,,True,tylko mapa,,,,,,,,
1994_PL_kontra_NIEZNANY,1994,Lata,PL,Prawicowe kontry i blokady,kontra,name,,True,kontra,Counterdemonstration at the St. Cross Basilica,"Bazylika św. Krzyża, Krakowskie Przedmieście. Miejsce kontrmanifestacji i prób blokad demonstracji OPZZ

## 1990
Solidarność Walcząca: Ze schodów kościoła Św. Krzyża kilkuosobowa grupa młodzieży pod transparentem ""Solidarność Walcząca"" skandowała ""Bolszewicy do kostnicy"", ""Precz z komuną"". Rzucono 3 petardy. Pochód odpowiadał skandując: ""Demokracja"", ""Faszyści"", ""Do roboty gówniarze"" (PierwszyMaja, GW 1990)
Pochód próbowali zakłócić stojący przed wejściem do kościoła Św. Krzyża młodzi ludzie z Solidarności Walczącej obrzucając maszerujących petardami i świecami dymnymi. Wznoszono hasła: ""Precz z komuną"". Uczestnicy pochodu odpowiadali: ""Precz z faszyzmem!"", Niech żyje rząd Mazowieckiego!"" (ŻW 1990)
Na rogu Nowego Światu i Świętokrzyskiej grupa podpitych studentów Politechniki Warszawskiej kontestowała pochód OPZZ. Obwinięci czerwonymi szarfami i wymachujący czerwoną flagą młodzi ludzie nawoływali: >>Idźcie z Miodowiczem! Polska krajem Miodowiczem i mlekiem płynąca!<< (RP 1990, za Wyborczą)
## 1991
Ze schodów kościoła św. Krzyża socjaldemokraci usłyszeli, że są mordercami. Krzyczano na nich ""Precz z komuną"" i ""Żydzi do Moskwy !"". Początek pochodu domagał się poprawy warunków pracy i życia. Środek i koniec swoje myśli artykułował wyraźnie: ""Precz z Wałęsą"", ""Wałęsa do kaplicy"" i - co ciekawe - ""Precz z UB!"". Obserwatorzy marszu usłyszeli od socjaldemokratów, że są ""SS-manami i s...synami"" (GW 1991)

## 1992
Na stopniach kościoła Św. Krzyża ulokowała się niewielka grupa zwolenników ""Solidarności"", która pokrzykiwała w stronę maszerujących ""Precz z Komuną"". W zamian mogła usłyszeć zachętę ""Chodźcie z nami, bo umrzecie z głodu"" (Związkowiec 10.05, 19/1992)
Precz z komuną! Idźcie, to dojdziecie na Kołymę! - krzyczeli de maszerujących w pierwszomajowym pochodzie OPZZ ludzie stojący na stopniach kościoła iw. Krzyża. - Zdrajcy, parobki amerykańskie! Chodźcie z nami, bo z głodu umrzecie! - odkrzykiwali manifestanci. (GW)

## 1993
Zgromadzeni na schodach kościoła Św. Krzyża obrzucili manifestantów obelgami i jajami (ŻW)
Do kontrujących manifestantów ze schodów kościoła zwraca się policjant – *proszę nie rzucać, będziemy zatrzymywać!*. Ktoś krzyczy w stronę pochodu: *Rosyjskie pachołki! OPZZ, gdzie byliście w 80. latach? Nie dla was demokracja!* i dalej, *Śmierć komunie* (TVP 1993)
## 1994
Na schodach kościoła św. Krzyża zebrała się grupa kontrmanifestantów. Nie widać wśród nich jednak żadnych rekwizytów, flag partyjnych lub związkowych (Kronika Filmowa 19/1994)
## 1995
Ponaddwutysięczny pochód prowadzony przez Aleksandra Kwaśniewskiego, Ewę Spychalską, Piotra Ikonowicza i Jana Mulaka maszerował w takt marsza orkiestry dętej. Przy kościele Świętego Krzyża manifestantów wygwizdano. - Czerwoni złodzieje, pustaki, betony - krzyczeli ludzie ze schodów kościoła. (GW)
Manifestacja przeszła Krakowskim Przedmieściem, gdzie przed kościołem św. Krzyża napotkały demonstrantów okrzyki ""Precz z komuną"", do placu Teatralnego, gdzie pod pomnikiem Bohaterów Warszawy odbył się wiec ugrupowań lewicowych (Rzeczpospolita 1995)
Na nagraniu TVP widać osoby stojące na schodach kościoła, jedna z nich trzyma krzyż (TVP 1:20) 
## 1996
Uwagę moją zwróciła informacja, że w tym roku kontrmanifestanci w Warszawie wybrali sobie za miejsce zbiórki Uniwerstet a nie, jak poprzedni, kościół św. Krzyża (NTP 1996)
## 1997
Już tradycyjnie z ""trybuny honorowej""  na stopniach kościoła Św. Krzyża przywitano pochód gwizdami i obelgami; jeden z mężczyzn pokazywał ""gest Kozakiewicza"". W szacownym sąsiedztwie Uniwersytetu Warszawskiego przyczaiło się kilkudziesięciu Ligowców, sympatyków NZS i UPR. Były krzyże z napisem ""Katyń"" i płonące pochodnie (DT 1997)
## 1998
Spokojnie było na tzw. trybunie honorowej, czyli schodach kościoła Św. Krzyża. Corocznie gromadzą się tam antykomuniści, by wykrzyczeć swoją nienawiść (DT 1998)
## 1999
Na schodach kościoła zebrała się grupa osób uwieczniona na relacji z TVP. Ich interakcje z uczestnikami pochodu nie doczekały się jednak komentarza ze strony mediów (TVP 1999)
## 2000
""Gdy przechodzili przed kościołem św. Krzyża, stojący na schodach świątyni ludzie skandowali: *Komuniści; Precz z komuną;* Manifestanci odpowiadali: *Słuchaj Boga a nie księdza; Poczytajcie encykliki* (ŻW 2-3 maja 2000)
Pierwszomajowy ""pochód protestu"" OPZZ rusza, a tymczasem PPS, w oczekiwaniu na OPZZ, stanął naprzeciw schodowej ""galerii"" i skanduje coraz bardziej prowokujące hasła. ""Galeria"", która czeka raczej na pochód właściwy, czyli OPZZ, w końcu zaczyna odpowiadać. Harcownicy PPS się rozkręcają. Dochodzi do indywidualnych pyskówek. Wymiana zdań między jedną starszą panią sympatyzującą z ""galerią"" a drugą starszą panią z pochodu po wyjaśnieniu sobie, komu za komuny było lepiej i za czyje pieniądze kto się wykształcił w PRL, kończy się argumentami ostatecznymi: - Głupia stara baba! - A ty młoda! Młoda się znalazła. - Bój to jest nasz ostatni... - intonują manifestanci. - Ostatni, ostatni - powtarza schodowa ""galeria"". Jeden z manifestantów PPS, zirytowany jakimś okrzykiem, woła do adwersarza na schodach kościoła: - Pierwszy zginiesz. Kulka tu - i pokazuje czoło. (RP 2000)
## 2001
*Na trasie pochodu czekały jeszcze trzy grupy przeciwników Sojuszu - na schodach kościoła św. Krzyża kilkanaście osób z KPN* (Wyborcza)",,,,Point,,"52.23875,21.017318","52.23875,21.017318",15,umap_backup_1-maja_warszawa9.umap,,True,tylko mapa,,,,,,,,
1995_PL_kontra_NIEZNANY,1995,Lata,PL,Prawicowe kontry i blokady,kontra,name,,True,kontra,Counterdemonstration at the St. Cross Basilica,"Bazylika św. Krzyża, Krakowskie Przedmieście. Miejsce kontrmanifestacji i prób blokad demonstracji OPZZ

## 1990
Solidarność Walcząca: Ze schodów kościoła Św. Krzyża kilkuosobowa grupa młodzieży pod transparentem ""Solidarność Walcząca"" skandowała ""Bolszewicy do kostnicy"", ""Precz z komuną"". Rzucono 3 petardy. Pochód odpowiadał skandując: ""Demokracja"", ""Faszyści"", ""Do roboty gówniarze"" (PierwszyMaja, GW 1990)
Pochód próbowali zakłócić stojący przed wejściem do kościoła Św. Krzyża młodzi ludzie z Solidarności Walczącej obrzucając maszerujących petardami i świecami dymnymi. Wznoszono hasła: ""Precz z komuną"". Uczestnicy pochodu odpowiadali: ""Precz z faszyzmem!"", Niech żyje rząd Mazowieckiego!"" (ŻW 1990)
Na rogu Nowego Światu i Świętokrzyskiej grupa podpitych studentów Politechniki Warszawskiej kontestowała pochód OPZZ. Obwinięci czerwonymi szarfami i wymachujący czerwoną flagą młodzi ludzie nawoływali: >>Idźcie z Miodowiczem! Polska krajem Miodowiczem i mlekiem płynąca!<< (RP 1990, za Wyborczą)
## 1991
Ze schodów kościoła św. Krzyża socjaldemokraci usłyszeli, że są mordercami. Krzyczano na nich ""Precz z komuną"" i ""Żydzi do Moskwy !"". Początek pochodu domagał się poprawy warunków pracy i życia. Środek i koniec swoje myśli artykułował wyraźnie: ""Precz z Wałęsą"", ""Wałęsa do kaplicy"" i - co ciekawe - ""Precz z UB!"". Obserwatorzy marszu usłyszeli od socjaldemokratów, że są ""SS-manami i s...synami"" (GW 1991)

## 1992
Na stopniach kościoła Św. Krzyża ulokowała się niewielka grupa zwolenników ""Solidarności"", która pokrzykiwała w stronę maszerujących ""Precz z Komuną"". W zamian mogła usłyszeć zachętę ""Chodźcie z nami, bo umrzecie z głodu"" (Związkowiec 10.05, 19/1992)
Precz z komuną! Idźcie, to dojdziecie na Kołymę! - krzyczeli de maszerujących w pierwszomajowym pochodzie OPZZ ludzie stojący na stopniach kościoła iw. Krzyża. - Zdrajcy, parobki amerykańskie! Chodźcie z nami, bo z głodu umrzecie! - odkrzykiwali manifestanci. (GW)

## 1993
Zgromadzeni na schodach kościoła Św. Krzyża obrzucili manifestantów obelgami i jajami (ŻW)
Do kontrujących manifestantów ze schodów kościoła zwraca się policjant – *proszę nie rzucać, będziemy zatrzymywać!*. Ktoś krzyczy w stronę pochodu: *Rosyjskie pachołki! OPZZ, gdzie byliście w 80. latach? Nie dla was demokracja!* i dalej, *Śmierć komunie* (TVP 1993)
## 1994
Na schodach kościoła św. Krzyża zebrała się grupa kontrmanifestantów. Nie widać wśród nich jednak żadnych rekwizytów, flag partyjnych lub związkowych (Kronika Filmowa 19/1994)
## 1995
Ponaddwutysięczny pochód prowadzony przez Aleksandra Kwaśniewskiego, Ewę Spychalską, Piotra Ikonowicza i Jana Mulaka maszerował w takt marsza orkiestry dętej. Przy kościele Świętego Krzyża manifestantów wygwizdano. - Czerwoni złodzieje, pustaki, betony - krzyczeli ludzie ze schodów kościoła. (GW)
Manifestacja przeszła Krakowskim Przedmieściem, gdzie przed kościołem św. Krzyża napotkały demonstrantów okrzyki ""Precz z komuną"", do placu Teatralnego, gdzie pod pomnikiem Bohaterów Warszawy odbył się wiec ugrupowań lewicowych (Rzeczpospolita 1995)
Na nagraniu TVP widać osoby stojące na schodach kościoła, jedna z nich trzyma krzyż (TVP 1:20) 
## 1996
Uwagę moją zwróciła informacja, że w tym roku kontrmanifestanci w Warszawie wybrali sobie za miejsce zbiórki Uniwerstet a nie, jak poprzedni, kościół św. Krzyża (NTP 1996)
## 1997
Już tradycyjnie z ""trybuny honorowej""  na stopniach kościoła Św. Krzyża przywitano pochód gwizdami i obelgami; jeden z mężczyzn pokazywał ""gest Kozakiewicza"". W szacownym sąsiedztwie Uniwersytetu Warszawskiego przyczaiło się kilkudziesięciu Ligowców, sympatyków NZS i UPR. Były krzyże z napisem ""Katyń"" i płonące pochodnie (DT 1997)
## 1998
Spokojnie było na tzw. trybunie honorowej, czyli schodach kościoła Św. Krzyża. Corocznie gromadzą się tam antykomuniści, by wykrzyczeć swoją nienawiść (DT 1998)
## 1999
Na schodach kościoła zebrała się grupa osób uwieczniona na relacji z TVP. Ich interakcje z uczestnikami pochodu nie doczekały się jednak komentarza ze strony mediów (TVP 1999)
## 2000
""Gdy przechodzili przed kościołem św. Krzyża, stojący na schodach świątyni ludzie skandowali: *Komuniści; Precz z komuną;* Manifestanci odpowiadali: *Słuchaj Boga a nie księdza; Poczytajcie encykliki* (ŻW 2-3 maja 2000)
Pierwszomajowy ""pochód protestu"" OPZZ rusza, a tymczasem PPS, w oczekiwaniu na OPZZ, stanął naprzeciw schodowej ""galerii"" i skanduje coraz bardziej prowokujące hasła. ""Galeria"", która czeka raczej na pochód właściwy, czyli OPZZ, w końcu zaczyna odpowiadać. Harcownicy PPS się rozkręcają. Dochodzi do indywidualnych pyskówek. Wymiana zdań między jedną starszą panią sympatyzującą z ""galerią"" a drugą starszą panią z pochodu po wyjaśnieniu sobie, komu za komuny było lepiej i za czyje pieniądze kto się wykształcił w PRL, kończy się argumentami ostatecznymi: - Głupia stara baba! - A ty młoda! Młoda się znalazła. - Bój to jest nasz ostatni... - intonują manifestanci. - Ostatni, ostatni - powtarza schodowa ""galeria"". Jeden z manifestantów PPS, zirytowany jakimś okrzykiem, woła do adwersarza na schodach kościoła: - Pierwszy zginiesz. Kulka tu - i pokazuje czoło. (RP 2000)
## 2001
*Na trasie pochodu czekały jeszcze trzy grupy przeciwników Sojuszu - na schodach kościoła św. Krzyża kilkanaście osób z KPN* (Wyborcza)",,,,Point,,"52.23875,21.017318","52.23875,21.017318",15,umap_backup_1-maja_warszawa9.umap,,True,tylko mapa,,,,,,,,
1997_PL_kontra_NIEZNANY,1997,Lata,PL,Prawicowe kontry i blokady,kontra,name,,True,kontra,Counterdemonstration at the St. Cross Basilica,"Bazylika św. Krzyża, Krakowskie Przedmieście. Miejsce kontrmanifestacji i prób blokad demonstracji OPZZ

## 1990
Solidarność Walcząca: Ze schodów kościoła Św. Krzyża kilkuosobowa grupa młodzieży pod transparentem ""Solidarność Walcząca"" skandowała ""Bolszewicy do kostnicy"", ""Precz z komuną"". Rzucono 3 petardy. Pochód odpowiadał skandując: ""Demokracja"", ""Faszyści"", ""Do roboty gówniarze"" (PierwszyMaja, GW 1990)
Pochód próbowali zakłócić stojący przed wejściem do kościoła Św. Krzyża młodzi ludzie z Solidarności Walczącej obrzucając maszerujących petardami i świecami dymnymi. Wznoszono hasła: ""Precz z komuną"". Uczestnicy pochodu odpowiadali: ""Precz z faszyzmem!"", Niech żyje rząd Mazowieckiego!"" (ŻW 1990)
Na rogu Nowego Światu i Świętokrzyskiej grupa podpitych studentów Politechniki Warszawskiej kontestowała pochód OPZZ. Obwinięci czerwonymi szarfami i wymachujący czerwoną flagą młodzi ludzie nawoływali: >>Idźcie z Miodowiczem! Polska krajem Miodowiczem i mlekiem płynąca!<< (RP 1990, za Wyborczą)
## 1991
Ze schodów kościoła św. Krzyża socjaldemokraci usłyszeli, że są mordercami. Krzyczano na nich ""Precz z komuną"" i ""Żydzi do Moskwy !"". Początek pochodu domagał się poprawy warunków pracy i życia. Środek i koniec swoje myśli artykułował wyraźnie: ""Precz z Wałęsą"", ""Wałęsa do kaplicy"" i - co ciekawe - ""Precz z UB!"". Obserwatorzy marszu usłyszeli od socjaldemokratów, że są ""SS-manami i s...synami"" (GW 1991)

## 1992
Na stopniach kościoła Św. Krzyża ulokowała się niewielka grupa zwolenników ""Solidarności"", która pokrzykiwała w stronę maszerujących ""Precz z Komuną"". W zamian mogła usłyszeć zachętę ""Chodźcie z nami, bo umrzecie z głodu"" (Związkowiec 10.05, 19/1992)
Precz z komuną! Idźcie, to dojdziecie na Kołymę! - krzyczeli de maszerujących w pierwszomajowym pochodzie OPZZ ludzie stojący na stopniach kościoła iw. Krzyża. - Zdrajcy, parobki amerykańskie! Chodźcie z nami, bo z głodu umrzecie! - odkrzykiwali manifestanci. (GW)

## 1993
Zgromadzeni na schodach kościoła Św. Krzyża obrzucili manifestantów obelgami i jajami (ŻW)
Do kontrujących manifestantów ze schodów kościoła zwraca się policjant – *proszę nie rzucać, będziemy zatrzymywać!*. Ktoś krzyczy w stronę pochodu: *Rosyjskie pachołki! OPZZ, gdzie byliście w 80. latach? Nie dla was demokracja!* i dalej, *Śmierć komunie* (TVP 1993)
## 1994
Na schodach kościoła św. Krzyża zebrała się grupa kontrmanifestantów. Nie widać wśród nich jednak żadnych rekwizytów, flag partyjnych lub związkowych (Kronika Filmowa 19/1994)
## 1995
Ponaddwutysięczny pochód prowadzony przez Aleksandra Kwaśniewskiego, Ewę Spychalską, Piotra Ikonowicza i Jana Mulaka maszerował w takt marsza orkiestry dętej. Przy kościele Świętego Krzyża manifestantów wygwizdano. - Czerwoni złodzieje, pustaki, betony - krzyczeli ludzie ze schodów kościoła. (GW)
Manifestacja przeszła Krakowskim Przedmieściem, gdzie przed kościołem św. Krzyża napotkały demonstrantów okrzyki ""Precz z komuną"", do placu Teatralnego, gdzie pod pomnikiem Bohaterów Warszawy odbył się wiec ugrupowań lewicowych (Rzeczpospolita 1995)
Na nagraniu TVP widać osoby stojące na schodach kościoła, jedna z nich trzyma krzyż (TVP 1:20) 
## 1996
Uwagę moją zwróciła informacja, że w tym roku kontrmanifestanci w Warszawie wybrali sobie za miejsce zbiórki Uniwerstet a nie, jak poprzedni, kościół św. Krzyża (NTP 1996)
## 1997
Już tradycyjnie z ""trybuny honorowej""  na stopniach kościoła Św. Krzyża przywitano pochód gwizdami i obelgami; jeden z mężczyzn pokazywał ""gest Kozakiewicza"". W szacownym sąsiedztwie Uniwersytetu Warszawskiego przyczaiło się kilkudziesięciu Ligowców, sympatyków NZS i UPR. Były krzyże z napisem ""Katyń"" i płonące pochodnie (DT 1997)
## 1998
Spokojnie było na tzw. trybunie honorowej, czyli schodach kościoła Św. Krzyża. Corocznie gromadzą się tam antykomuniści, by wykrzyczeć swoją nienawiść (DT 1998)
## 1999
Na schodach kościoła zebrała się grupa osób uwieczniona na relacji z TVP. Ich interakcje z uczestnikami pochodu nie doczekały się jednak komentarza ze strony mediów (TVP 1999)
## 2000
""Gdy przechodzili przed kościołem św. Krzyża, stojący na schodach świątyni ludzie skandowali: *Komuniści; Precz z komuną;* Manifestanci odpowiadali: *Słuchaj Boga a nie księdza; Poczytajcie encykliki* (ŻW 2-3 maja 2000)
Pierwszomajowy ""pochód protestu"" OPZZ rusza, a tymczasem PPS, w oczekiwaniu na OPZZ, stanął naprzeciw schodowej ""galerii"" i skanduje coraz bardziej prowokujące hasła. ""Galeria"", która czeka raczej na pochód właściwy, czyli OPZZ, w końcu zaczyna odpowiadać. Harcownicy PPS się rozkręcają. Dochodzi do indywidualnych pyskówek. Wymiana zdań między jedną starszą panią sympatyzującą z ""galerią"" a drugą starszą panią z pochodu po wyjaśnieniu sobie, komu za komuny było lepiej i za czyje pieniądze kto się wykształcił w PRL, kończy się argumentami ostatecznymi: - Głupia stara baba! - A ty młoda! Młoda się znalazła. - Bój to jest nasz ostatni... - intonują manifestanci. - Ostatni, ostatni - powtarza schodowa ""galeria"". Jeden z manifestantów PPS, zirytowany jakimś okrzykiem, woła do adwersarza na schodach kościoła: - Pierwszy zginiesz. Kulka tu - i pokazuje czoło. (RP 2000)
## 2001
*Na trasie pochodu czekały jeszcze trzy grupy przeciwników Sojuszu - na schodach kościoła św. Krzyża kilkanaście osób z KPN* (Wyborcza)",,,,Point,,"52.23875,21.017318","52.23875,21.017318",15,umap_backup_1-maja_warszawa9.umap,,True,tylko mapa,,,,,,,,
1998_PL_kontra_NIEZNANY,1998,Lata,PL,Prawicowe kontry i blokady,kontra,name,,True,kontra,Counterdemonstration at the St. Cross Basilica,"Bazylika św. Krzyża, Krakowskie Przedmieście. Miejsce kontrmanifestacji i prób blokad demonstracji OPZZ

## 1990
Solidarność Walcząca: Ze schodów kościoła Św. Krzyża kilkuosobowa grupa młodzieży pod transparentem ""Solidarność Walcząca"" skandowała ""Bolszewicy do kostnicy"", ""Precz z komuną"". Rzucono 3 petardy. Pochód odpowiadał skandując: ""Demokracja"", ""Faszyści"", ""Do roboty gówniarze"" (PierwszyMaja, GW 1990)
Pochód próbowali zakłócić stojący przed wejściem do kościoła Św. Krzyża młodzi ludzie z Solidarności Walczącej obrzucając maszerujących petardami i świecami dymnymi. Wznoszono hasła: ""Precz z komuną"". Uczestnicy pochodu odpowiadali: ""Precz z faszyzmem!"", Niech żyje rząd Mazowieckiego!"" (ŻW 1990)
Na rogu Nowego Światu i Świętokrzyskiej grupa podpitych studentów Politechniki Warszawskiej kontestowała pochód OPZZ. Obwinięci czerwonymi szarfami i wymachujący czerwoną flagą młodzi ludzie nawoływali: >>Idźcie z Miodowiczem! Polska krajem Miodowiczem i mlekiem płynąca!<< (RP 1990, za Wyborczą)
## 1991
Ze schodów kościoła św. Krzyża socjaldemokraci usłyszeli, że są mordercami. Krzyczano na nich ""Precz z komuną"" i ""Żydzi do Moskwy !"". Początek pochodu domagał się poprawy warunków pracy i życia. Środek i koniec swoje myśli artykułował wyraźnie: ""Precz z Wałęsą"", ""Wałęsa do kaplicy"" i - co ciekawe - ""Precz z UB!"". Obserwatorzy marszu usłyszeli od socjaldemokratów, że są ""SS-manami i s...synami"" (GW 1991)

## 1992
Na stopniach kościoła Św. Krzyża ulokowała się niewielka grupa zwolenników ""Solidarności"", która pokrzykiwała w stronę maszerujących ""Precz z Komuną"". W zamian mogła usłyszeć zachętę ""Chodźcie z nami, bo umrzecie z głodu"" (Związkowiec 10.05, 19/1992)
Precz z komuną! Idźcie, to dojdziecie na Kołymę! - krzyczeli de maszerujących w pierwszomajowym pochodzie OPZZ ludzie stojący na stopniach kościoła iw. Krzyża. - Zdrajcy, parobki amerykańskie! Chodźcie z nami, bo z głodu umrzecie! - odkrzykiwali manifestanci. (GW)

## 1993
Zgromadzeni na schodach kościoła Św. Krzyża obrzucili manifestantów obelgami i jajami (ŻW)
Do kontrujących manifestantów ze schodów kościoła zwraca się policjant – *proszę nie rzucać, będziemy zatrzymywać!*. Ktoś krzyczy w stronę pochodu: *Rosyjskie pachołki! OPZZ, gdzie byliście w 80. latach? Nie dla was demokracja!* i dalej, *Śmierć komunie* (TVP 1993)
## 1994
Na schodach kościoła św. Krzyża zebrała się grupa kontrmanifestantów. Nie widać wśród nich jednak żadnych rekwizytów, flag partyjnych lub związkowych (Kronika Filmowa 19/1994)
## 1995
Ponaddwutysięczny pochód prowadzony przez Aleksandra Kwaśniewskiego, Ewę Spychalską, Piotra Ikonowicza i Jana Mulaka maszerował w takt marsza orkiestry dętej. Przy kościele Świętego Krzyża manifestantów wygwizdano. - Czerwoni złodzieje, pustaki, betony - krzyczeli ludzie ze schodów kościoła. (GW)
Manifestacja przeszła Krakowskim Przedmieściem, gdzie przed kościołem św. Krzyża napotkały demonstrantów okrzyki ""Precz z komuną"", do placu Teatralnego, gdzie pod pomnikiem Bohaterów Warszawy odbył się wiec ugrupowań lewicowych (Rzeczpospolita 1995)
Na nagraniu TVP widać osoby stojące na schodach kościoła, jedna z nich trzyma krzyż (TVP 1:20) 
## 1996
Uwagę moją zwróciła informacja, że w tym roku kontrmanifestanci w Warszawie wybrali sobie za miejsce zbiórki Uniwerstet a nie, jak poprzedni, kościół św. Krzyża (NTP 1996)
## 1997
Już tradycyjnie z ""trybuny honorowej""  na stopniach kościoła Św. Krzyża przywitano pochód gwizdami i obelgami; jeden z mężczyzn pokazywał ""gest Kozakiewicza"". W szacownym sąsiedztwie Uniwersytetu Warszawskiego przyczaiło się kilkudziesięciu Ligowców, sympatyków NZS i UPR. Były krzyże z napisem ""Katyń"" i płonące pochodnie (DT 1997)
## 1998
Spokojnie było na tzw. trybunie honorowej, czyli schodach kościoła Św. Krzyża. Corocznie gromadzą się tam antykomuniści, by wykrzyczeć swoją nienawiść (DT 1998)
## 1999
Na schodach kościoła zebrała się grupa osób uwieczniona na relacji z TVP. Ich interakcje z uczestnikami pochodu nie doczekały się jednak komentarza ze strony mediów (TVP 1999)
## 2000
""Gdy przechodzili przed kościołem św. Krzyża, stojący na schodach świątyni ludzie skandowali: *Komuniści; Precz z komuną;* Manifestanci odpowiadali: *Słuchaj Boga a nie księdza; Poczytajcie encykliki* (ŻW 2-3 maja 2000)
Pierwszomajowy ""pochód protestu"" OPZZ rusza, a tymczasem PPS, w oczekiwaniu na OPZZ, stanął naprzeciw schodowej ""galerii"" i skanduje coraz bardziej prowokujące hasła. ""Galeria"", która czeka raczej na pochód właściwy, czyli OPZZ, w końcu zaczyna odpowiadać. Harcownicy PPS się rozkręcają. Dochodzi do indywidualnych pyskówek. Wymiana zdań między jedną starszą panią sympatyzującą z ""galerią"" a drugą starszą panią z pochodu po wyjaśnieniu sobie, komu za komuny było lepiej i za czyje pieniądze kto się wykształcił w PRL, kończy się argumentami ostatecznymi: - Głupia stara baba! - A ty młoda! Młoda się znalazła. - Bój to jest nasz ostatni... - intonują manifestanci. - Ostatni, ostatni - powtarza schodowa ""galeria"". Jeden z manifestantów PPS, zirytowany jakimś okrzykiem, woła do adwersarza na schodach kościoła: - Pierwszy zginiesz. Kulka tu - i pokazuje czoło. (RP 2000)
## 2001
*Na trasie pochodu czekały jeszcze trzy grupy przeciwników Sojuszu - na schodach kościoła św. Krzyża kilkanaście osób z KPN* (Wyborcza)",,,,Point,,"52.23875,21.017318","52.23875,21.017318",15,umap_backup_1-maja_warszawa9.umap,,True,tylko mapa,,,,,,,,
1999_PL_kontra_NIEZNANY,1999,Lata,PL,Prawicowe kontry i blokady,kontra,name,,True,kontra,Counterdemonstration at the St. Cross Basilica,"Bazylika św. Krzyża, Krakowskie Przedmieście. Miejsce kontrmanifestacji i prób blokad demonstracji OPZZ

## 1990
Solidarność Walcząca: Ze schodów kościoła Św. Krzyża kilkuosobowa grupa młodzieży pod transparentem ""Solidarność Walcząca"" skandowała ""Bolszewicy do kostnicy"", ""Precz z komuną"". Rzucono 3 petardy. Pochód odpowiadał skandując: ""Demokracja"", ""Faszyści"", ""Do roboty gówniarze"" (PierwszyMaja, GW 1990)
Pochód próbowali zakłócić stojący przed wejściem do kościoła Św. Krzyża młodzi ludzie z Solidarności Walczącej obrzucając maszerujących petardami i świecami dymnymi. Wznoszono hasła: ""Precz z komuną"". Uczestnicy pochodu odpowiadali: ""Precz z faszyzmem!"", Niech żyje rząd Mazowieckiego!"" (ŻW 1990)
Na rogu Nowego Światu i Świętokrzyskiej grupa podpitych studentów Politechniki Warszawskiej kontestowała pochód OPZZ. Obwinięci czerwonymi szarfami i wymachujący czerwoną flagą młodzi ludzie nawoływali: >>Idźcie z Miodowiczem! Polska krajem Miodowiczem i mlekiem płynąca!<< (RP 1990, za Wyborczą)
## 1991
Ze schodów kościoła św. Krzyża socjaldemokraci usłyszeli, że są mordercami. Krzyczano na nich ""Precz z komuną"" i ""Żydzi do Moskwy !"". Początek pochodu domagał się poprawy warunków pracy i życia. Środek i koniec swoje myśli artykułował wyraźnie: ""Precz z Wałęsą"", ""Wałęsa do kaplicy"" i - co ciekawe - ""Precz z UB!"". Obserwatorzy marszu usłyszeli od socjaldemokratów, że są ""SS-manami i s...synami"" (GW 1991)

## 1992
Na stopniach kościoła Św. Krzyża ulokowała się niewielka grupa zwolenników ""Solidarności"", która pokrzykiwała w stronę maszerujących ""Precz z Komuną"". W zamian mogła usłyszeć zachętę ""Chodźcie z nami, bo umrzecie z głodu"" (Związkowiec 10.05, 19/1992)
Precz z komuną! Idźcie, to dojdziecie na Kołymę! - krzyczeli de maszerujących w pierwszomajowym pochodzie OPZZ ludzie stojący na stopniach kościoła iw. Krzyża. - Zdrajcy, parobki amerykańskie! Chodźcie z nami, bo z głodu umrzecie! - odkrzykiwali manifestanci. (GW)

## 1993
Zgromadzeni na schodach kościoła Św. Krzyża obrzucili manifestantów obelgami i jajami (ŻW)
Do kontrujących manifestantów ze schodów kościoła zwraca się policjant – *proszę nie rzucać, będziemy zatrzymywać!*. Ktoś krzyczy w stronę pochodu: *Rosyjskie pachołki! OPZZ, gdzie byliście w 80. latach? Nie dla was demokracja!* i dalej, *Śmierć komunie* (TVP 1993)
## 1994
Na schodach kościoła św. Krzyża zebrała się grupa kontrmanifestantów. Nie widać wśród nich jednak żadnych rekwizytów, flag partyjnych lub związkowych (Kronika Filmowa 19/1994)
## 1995
Ponaddwutysięczny pochód prowadzony przez Aleksandra Kwaśniewskiego, Ewę Spychalską, Piotra Ikonowicza i Jana Mulaka maszerował w takt marsza orkiestry dętej. Przy kościele Świętego Krzyża manifestantów wygwizdano. - Czerwoni złodzieje, pustaki, betony - krzyczeli ludzie ze schodów kościoła. (GW)
Manifestacja przeszła Krakowskim Przedmieściem, gdzie przed kościołem św. Krzyża napotkały demonstrantów okrzyki ""Precz z komuną"", do placu Teatralnego, gdzie pod pomnikiem Bohaterów Warszawy odbył się wiec ugrupowań lewicowych (Rzeczpospolita 1995)
Na nagraniu TVP widać osoby stojące na schodach kościoła, jedna z nich trzyma krzyż (TVP 1:20) 
## 1996
Uwagę moją zwróciła informacja, że w tym roku kontrmanifestanci w Warszawie wybrali sobie za miejsce zbiórki Uniwerstet a nie, jak poprzedni, kościół św. Krzyża (NTP 1996)
## 1997
Już tradycyjnie z ""trybuny honorowej""  na stopniach kościoła Św. Krzyża przywitano pochód gwizdami i obelgami; jeden z mężczyzn pokazywał ""gest Kozakiewicza"". W szacownym sąsiedztwie Uniwersytetu Warszawskiego przyczaiło się kilkudziesięciu Ligowców, sympatyków NZS i UPR. Były krzyże z napisem ""Katyń"" i płonące pochodnie (DT 1997)
## 1998
Spokojnie było na tzw. trybunie honorowej, czyli schodach kościoła Św. Krzyża. Corocznie gromadzą się tam antykomuniści, by wykrzyczeć swoją nienawiść (DT 1998)
## 1999
Na schodach kościoła zebrała się grupa osób uwieczniona na relacji z TVP. Ich interakcje z uczestnikami pochodu nie doczekały się jednak komentarza ze strony mediów (TVP 1999)
## 2000
""Gdy przechodzili przed kościołem św. Krzyża, stojący na schodach świątyni ludzie skandowali: *Komuniści; Precz z komuną;* Manifestanci odpowiadali: *Słuchaj Boga a nie księdza; Poczytajcie encykliki* (ŻW 2-3 maja 2000)
Pierwszomajowy ""pochód protestu"" OPZZ rusza, a tymczasem PPS, w oczekiwaniu na OPZZ, stanął naprzeciw schodowej ""galerii"" i skanduje coraz bardziej prowokujące hasła. ""Galeria"", która czeka raczej na pochód właściwy, czyli OPZZ, w końcu zaczyna odpowiadać. Harcownicy PPS się rozkręcają. Dochodzi do indywidualnych pyskówek. Wymiana zdań między jedną starszą panią sympatyzującą z ""galerią"" a drugą starszą panią z pochodu po wyjaśnieniu sobie, komu za komuny było lepiej i za czyje pieniądze kto się wykształcił w PRL, kończy się argumentami ostatecznymi: - Głupia stara baba! - A ty młoda! Młoda się znalazła. - Bój to jest nasz ostatni... - intonują manifestanci. - Ostatni, ostatni - powtarza schodowa ""galeria"". Jeden z manifestantów PPS, zirytowany jakimś okrzykiem, woła do adwersarza na schodach kościoła: - Pierwszy zginiesz. Kulka tu - i pokazuje czoło. (RP 2000)
## 2001
*Na trasie pochodu czekały jeszcze trzy grupy przeciwników Sojuszu - na schodach kościoła św. Krzyża kilkanaście osób z KPN* (Wyborcza)",,,,Point,,"52.23875,21.017318","52.23875,21.017318",15,umap_backup_1-maja_warszawa9.umap,,True,tylko mapa,,,,,,,,
2000_PL_kontra_NIEZNANY_a,2000,Lata,PL,Prawicowe kontry i blokady,kontra,name,,True,kontra,Counterdemonstration at the St. Cross Basilica,"Bazylika św. Krzyża, Krakowskie Przedmieście. Miejsce kontrmanifestacji i prób blokad demonstracji OPZZ

## 1990
Solidarność Walcząca: Ze schodów kościoła Św. Krzyża kilkuosobowa grupa młodzieży pod transparentem ""Solidarność Walcząca"" skandowała ""Bolszewicy do kostnicy"", ""Precz z komuną"". Rzucono 3 petardy. Pochód odpowiadał skandując: ""Demokracja"", ""Faszyści"", ""Do roboty gówniarze"" (PierwszyMaja, GW 1990)
Pochód próbowali zakłócić stojący przed wejściem do kościoła Św. Krzyża młodzi ludzie z Solidarności Walczącej obrzucając maszerujących petardami i świecami dymnymi. Wznoszono hasła: ""Precz z komuną"". Uczestnicy pochodu odpowiadali: ""Precz z faszyzmem!"", Niech żyje rząd Mazowieckiego!"" (ŻW 1990)
Na rogu Nowego Światu i Świętokrzyskiej grupa podpitych studentów Politechniki Warszawskiej kontestowała pochód OPZZ. Obwinięci czerwonymi szarfami i wymachujący czerwoną flagą młodzi ludzie nawoływali: >>Idźcie z Miodowiczem! Polska krajem Miodowiczem i mlekiem płynąca!<< (RP 1990, za Wyborczą)
## 1991
Ze schodów kościoła św. Krzyża socjaldemokraci usłyszeli, że są mordercami. Krzyczano na nich ""Precz z komuną"" i ""Żydzi do Moskwy !"". Początek pochodu domagał się poprawy warunków pracy i życia. Środek i koniec swoje myśli artykułował wyraźnie: ""Precz z Wałęsą"", ""Wałęsa do kaplicy"" i - co ciekawe - ""Precz z UB!"". Obserwatorzy marszu usłyszeli od socjaldemokratów, że są ""SS-manami i s...synami"" (GW 1991)

## 1992
Na stopniach kościoła Św. Krzyża ulokowała się niewielka grupa zwolenników ""Solidarności"", która pokrzykiwała w stronę maszerujących ""Precz z Komuną"". W zamian mogła usłyszeć zachętę ""Chodźcie z nami, bo umrzecie z głodu"" (Związkowiec 10.05, 19/1992)
Precz z komuną! Idźcie, to dojdziecie na Kołymę! - krzyczeli de maszerujących w pierwszomajowym pochodzie OPZZ ludzie stojący na stopniach kościoła iw. Krzyża. - Zdrajcy, parobki amerykańskie! Chodźcie z nami, bo z głodu umrzecie! - odkrzykiwali manifestanci. (GW)

## 1993
Zgromadzeni na schodach kościoła Św. Krzyża obrzucili manifestantów obelgami i jajami (ŻW)
Do kontrujących manifestantów ze schodów kościoła zwraca się policjant – *proszę nie rzucać, będziemy zatrzymywać!*. Ktoś krzyczy w stronę pochodu: *Rosyjskie pachołki! OPZZ, gdzie byliście w 80. latach? Nie dla was demokracja!* i dalej, *Śmierć komunie* (TVP 1993)
## 1994
Na schodach kościoła św. Krzyża zebrała się grupa kontrmanifestantów. Nie widać wśród nich jednak żadnych rekwizytów, flag partyjnych lub związkowych (Kronika Filmowa 19/1994)
## 1995
Ponaddwutysięczny pochód prowadzony przez Aleksandra Kwaśniewskiego, Ewę Spychalską, Piotra Ikonowicza i Jana Mulaka maszerował w takt marsza orkiestry dętej. Przy kościele Świętego Krzyża manifestantów wygwizdano. - Czerwoni złodzieje, pustaki, betony - krzyczeli ludzie ze schodów kościoła. (GW)
Manifestacja przeszła Krakowskim Przedmieściem, gdzie przed kościołem św. Krzyża napotkały demonstrantów okrzyki ""Precz z komuną"", do placu Teatralnego, gdzie pod pomnikiem Bohaterów Warszawy odbył się wiec ugrupowań lewicowych (Rzeczpospolita 1995)
Na nagraniu TVP widać osoby stojące na schodach kościoła, jedna z nich trzyma krzyż (TVP 1:20) 
## 1996
Uwagę moją zwróciła informacja, że w tym roku kontrmanifestanci w Warszawie wybrali sobie za miejsce zbiórki Uniwerstet a nie, jak poprzedni, kościół św. Krzyża (NTP 1996)
## 1997
Już tradycyjnie z ""trybuny honorowej""  na stopniach kościoła Św. Krzyża przywitano pochód gwizdami i obelgami; jeden z mężczyzn pokazywał ""gest Kozakiewicza"". W szacownym sąsiedztwie Uniwersytetu Warszawskiego przyczaiło się kilkudziesięciu Ligowców, sympatyków NZS i UPR. Były krzyże z napisem ""Katyń"" i płonące pochodnie (DT 1997)
## 1998
Spokojnie było na tzw. trybunie honorowej, czyli schodach kościoła Św. Krzyża. Corocznie gromadzą się tam antykomuniści, by wykrzyczeć swoją nienawiść (DT 1998)
## 1999
Na schodach kościoła zebrała się grupa osób uwieczniona na relacji z TVP. Ich interakcje z uczestnikami pochodu nie doczekały się jednak komentarza ze strony mediów (TVP 1999)
## 2000
""Gdy przechodzili przed kościołem św. Krzyża, stojący na schodach świątyni ludzie skandowali: *Komuniści; Precz z komuną;* Manifestanci odpowiadali: *Słuchaj Boga a nie księdza; Poczytajcie encykliki* (ŻW 2-3 maja 2000)
Pierwszomajowy ""pochód protestu"" OPZZ rusza, a tymczasem PPS, w oczekiwaniu na OPZZ, stanął naprzeciw schodowej ""galerii"" i skanduje coraz bardziej prowokujące hasła. ""Galeria"", która czeka raczej na pochód właściwy, czyli OPZZ, w końcu zaczyna odpowiadać. Harcownicy PPS się rozkręcają. Dochodzi do indywidualnych pyskówek. Wymiana zdań między jedną starszą panią sympatyzującą z ""galerią"" a drugą starszą panią z pochodu po wyjaśnieniu sobie, komu za komuny było lepiej i za czyje pieniądze kto się wykształcił w PRL, kończy się argumentami ostatecznymi: - Głupia stara baba! - A ty młoda! Młoda się znalazła. - Bój to jest nasz ostatni... - intonują manifestanci. - Ostatni, ostatni - powtarza schodowa ""galeria"". Jeden z manifestantów PPS, zirytowany jakimś okrzykiem, woła do adwersarza na schodach kościoła: - Pierwszy zginiesz. Kulka tu - i pokazuje czoło. (RP 2000)
## 2001
*Na trasie pochodu czekały jeszcze trzy grupy przeciwników Sojuszu - na schodach kościoła św. Krzyża kilkanaście osób z KPN* (Wyborcza)",,,,Point,,"52.23875,21.017318","52.23875,21.017318",15,umap_backup_1-maja_warszawa9.umap,,True,tylko mapa,,,,,,,,
2001_PL_kontra_NIEZNANY,2001,Lata,PL,Prawicowe kontry i blokady,kontra,name,,True,kontra,Counterdemonstration at the St. Cross Basilica,"Bazylika św. Krzyża, Krakowskie Przedmieście. Miejsce kontrmanifestacji i prób blokad demonstracji OPZZ

## 1990
Solidarność Walcząca: Ze schodów kościoła Św. Krzyża kilkuosobowa grupa młodzieży pod transparentem ""Solidarność Walcząca"" skandowała ""Bolszewicy do kostnicy"", ""Precz z komuną"". Rzucono 3 petardy. Pochód odpowiadał skandując: ""Demokracja"", ""Faszyści"", ""Do roboty gówniarze"" (PierwszyMaja, GW 1990)
Pochód próbowali zakłócić stojący przed wejściem do kościoła Św. Krzyża młodzi ludzie z Solidarności Walczącej obrzucając maszerujących petardami i świecami dymnymi. Wznoszono hasła: ""Precz z komuną"". Uczestnicy pochodu odpowiadali: ""Precz z faszyzmem!"", Niech żyje rząd Mazowieckiego!"" (ŻW 1990)
Na rogu Nowego Światu i Świętokrzyskiej grupa podpitych studentów Politechniki Warszawskiej kontestowała pochód OPZZ. Obwinięci czerwonymi szarfami i wymachujący czerwoną flagą młodzi ludzie nawoływali: >>Idźcie z Miodowiczem! Polska krajem Miodowiczem i mlekiem płynąca!<< (RP 1990, za Wyborczą)
## 1991
Ze schodów kościoła św. Krzyża socjaldemokraci usłyszeli, że są mordercami. Krzyczano na nich ""Precz z komuną"" i ""Żydzi do Moskwy !"". Początek pochodu domagał się poprawy warunków pracy i życia. Środek i koniec swoje myśli artykułował wyraźnie: ""Precz z Wałęsą"", ""Wałęsa do kaplicy"" i - co ciekawe - ""Precz z UB!"". Obserwatorzy marszu usłyszeli od socjaldemokratów, że są ""SS-manami i s...synami"" (GW 1991)

## 1992
Na stopniach kościoła Św. Krzyża ulokowała się niewielka grupa zwolenników ""Solidarności"", która pokrzykiwała w stronę maszerujących ""Precz z Komuną"". W zamian mogła usłyszeć zachętę ""Chodźcie z nami, bo umrzecie z głodu"" (Związkowiec 10.05, 19/1992)
Precz z komuną! Idźcie, to dojdziecie na Kołymę! - krzyczeli de maszerujących w pierwszomajowym pochodzie OPZZ ludzie stojący na stopniach kościoła iw. Krzyża. - Zdrajcy, parobki amerykańskie! Chodźcie z nami, bo z głodu umrzecie! - odkrzykiwali manifestanci. (GW)

## 1993
Zgromadzeni na schodach kościoła Św. Krzyża obrzucili manifestantów obelgami i jajami (ŻW)
Do kontrujących manifestantów ze schodów kościoła zwraca się policjant – *proszę nie rzucać, będziemy zatrzymywać!*. Ktoś krzyczy w stronę pochodu: *Rosyjskie pachołki! OPZZ, gdzie byliście w 80. latach? Nie dla was demokracja!* i dalej, *Śmierć komunie* (TVP 1993)
## 1994
Na schodach kościoła św. Krzyża zebrała się grupa kontrmanifestantów. Nie widać wśród nich jednak żadnych rekwizytów, flag partyjnych lub związkowych (Kronika Filmowa 19/1994)
## 1995
Ponaddwutysięczny pochód prowadzony przez Aleksandra Kwaśniewskiego, Ewę Spychalską, Piotra Ikonowicza i Jana Mulaka maszerował w takt marsza orkiestry dętej. Przy kościele Świętego Krzyża manifestantów wygwizdano. - Czerwoni złodzieje, pustaki, betony - krzyczeli ludzie ze schodów kościoła. (GW)
Manifestacja przeszła Krakowskim Przedmieściem, gdzie przed kościołem św. Krzyża napotkały demonstrantów okrzyki ""Precz z komuną"", do placu Teatralnego, gdzie pod pomnikiem Bohaterów Warszawy odbył się wiec ugrupowań lewicowych (Rzeczpospolita 1995)
Na nagraniu TVP widać osoby stojące na schodach kościoła, jedna z nich trzyma krzyż (TVP 1:20) 
## 1996
Uwagę moją zwróciła informacja, że w tym roku kontrmanifestanci w Warszawie wybrali sobie za miejsce zbiórki Uniwerstet a nie, jak poprzedni, kościół św. Krzyża (NTP 1996)
## 1997
Już tradycyjnie z ""trybuny honorowej""  na stopniach kościoła Św. Krzyża przywitano pochód gwizdami i obelgami; jeden z mężczyzn pokazywał ""gest Kozakiewicza"". W szacownym sąsiedztwie Uniwersytetu Warszawskiego przyczaiło się kilkudziesięciu Ligowców, sympatyków NZS i UPR. Były krzyże z napisem ""Katyń"" i płonące pochodnie (DT 1997)
## 1998
Spokojnie było na tzw. trybunie honorowej, czyli schodach kościoła Św. Krzyża. Corocznie gromadzą się tam antykomuniści, by wykrzyczeć swoją nienawiść (DT 1998)
## 1999
Na schodach kościoła zebrała się grupa osób uwieczniona na relacji z TVP. Ich interakcje z uczestnikami pochodu nie doczekały się jednak komentarza ze strony mediów (TVP 1999)
## 2000
""Gdy przechodzili przed kościołem św. Krzyża, stojący na schodach świątyni ludzie skandowali: *Komuniści; Precz z komuną;* Manifestanci odpowiadali: *Słuchaj Boga a nie księdza; Poczytajcie encykliki* (ŻW 2-3 maja 2000)
Pierwszomajowy ""pochód protestu"" OPZZ rusza, a tymczasem PPS, w oczekiwaniu na OPZZ, stanął naprzeciw schodowej ""galerii"" i skanduje coraz bardziej prowokujące hasła. ""Galeria"", która czeka raczej na pochód właściwy, czyli OPZZ, w końcu zaczyna odpowiadać. Harcownicy PPS się rozkręcają. Dochodzi do indywidualnych pyskówek. Wymiana zdań między jedną starszą panią sympatyzującą z ""galerią"" a drugą starszą panią z pochodu po wyjaśnieniu sobie, komu za komuny było lepiej i za czyje pieniądze kto się wykształcił w PRL, kończy się argumentami ostatecznymi: - Głupia stara baba! - A ty młoda! Młoda się znalazła. - Bój to jest nasz ostatni... - intonują manifestanci. - Ostatni, ostatni - powtarza schodowa ""galeria"". Jeden z manifestantów PPS, zirytowany jakimś okrzykiem, woła do adwersarza na schodach kościoła: - Pierwszy zginiesz. Kulka tu - i pokazuje czoło. (RP 2000)
## 2001
*Na trasie pochodu czekały jeszcze trzy grupy przeciwników Sojuszu - na schodach kościoła św. Krzyża kilkanaście osób z KPN* (Wyborcza)",,,,Point,,"52.23875,21.017318","52.23875,21.017318",15,umap_backup_1-maja_warszawa9.umap,,True,tylko mapa,,,,,,,,
2002_PL_kontra_NIEZNANY,2002,Lata,PL,Prawicowe kontry i blokady,kontra,warstwa,,True,kontra,Pomnik Kopernika,"## 2002
*Manifestanci otoczeni żelaznymi barierkami zgromadzili się pod pomnikiem Kopernika w bliskim sąsiedztwie ruszającego pochodu OPZZ. Haseł i transparentów było zdecydowanie więcej niż uczestników pikiety.* (Wyborcza)
- Dobrze, że ich zamknęliście w tej klatce - mówiła jedna z warszawianek do policjantów, którzy pilnowali kilkunastoosobowej demonstracji stowarzyszenia KoLiber oraz Młodzieży Wszechpolskiej i Organizacji Młodej Polski. Manifestanci otoczeni żelaznymi barierkami zgromadzili się pod pomnikiem Kopernika w bliskim sąsiedztwie ruszającego pochodu OPZZ (GW 2002)",,,,Point,,"52.237867,21.018307","52.237867,21.018307",16,umap_backup_1-maja_warszawa9.umap,,True,tylko mapa,,,,,,,,
1990_PL_demonstracja_NIEZNANY,1990,Lata,PL,Right-wing May Day,demonstracja,warstwa,,True,niezwiazkowe,"1990. Kongres Prawicy Polskiej. Dość rządów lewicy – prawda, prawica, Polska","*Kongres przeprowadzony 1 maja, ""w święto lumpeninteligencji postępowej całego świata"" zorganizowały: Liberalno-Demokratyczna Partia ""Niepodległość"", Młodzież Wszechpolska, Ruch Narodowo-Liberalny, środowisko wydawnictwa ""Słowo Narodowe"", Stronnictwo Narodowe, Unia Polityki Realnej i Związek Młodzieży Demokratycznej-Prawica* (wyborcza)",,,,Point,,"52.231716,21.00734","52.231716,21.00734",0,umap_backup_1-maja_warszawa9.umap,,True,tylko mapa,,,,,,,,
2004_PL_demonstracja_NIEZNANY_a,2004,Lata,PL,Right-wing May Day,demonstracja,name,,True,niezwiazkowe,2004 – Marsz Niepodległości LPR (przeciwko UE),"*Według policji, w manifestacji uczestniczyło około 2000 osób. Są wśród nich m.in. posłowie Ligi: Roman Giertych, Maciej Giertych, Janusz Dobrosz, Dariusz Grabowski i Bogdan Pęk. (...)  Na czele wiecu kilkanaście osób trzymało rozpiętą biało-czerwoną flagę o wymiarach 18 na 6 metrów. Mniejsze i większe flagi narodowe powiewały także wśród tłumu. Antyunijna manifestacja zakończyła się przed gmachem Sejmu, a nie jak wcześniej planowano na Placu na Rozdrożu. * (Wprost)",,2000,2000,LineString,3091.5,"52.245739,21.013717","52.219204,21.025064",1,umap_backup_1-maja_warszawa9.umap,,True,tylko mapa,,,,,,,,
2012_PL_demonstracja_NIEZNANY_a,2012,Lata,PL,Right-wing May Day,demonstracja,name,,True,niezwiazkowe,2012-2013. Marsz Autonomicznych Nacjonalistów,"## 2012
14:30
Podczas ponad godzinnego przemarszu uczestnicy skandowali m.in. ""Nadchodzą, nadchodzą nacjonaliści"". Pochód nacjonalistów wyruszył ok. godz. 14.30 z placu Na Rozdrożu, sprzed pomnika Romana Dmowskiego i przeszedł Al. Ujazdowskimi, Nowym Światem, Al. Jerozolimskimi, Marszałkowską do Placu Konstytucji. Pochód otaczał kordon policji. (onet.pl)

## 2013. Praca w Polsce dla Polaków
13:30
Manifestacja narodowców dla ""wyrażenia społecznego niezadowolenia wobec systemu wygenerowanego przez klasę rządzącą, kastę oligarchów i dyktat międzynarodowych instytucji ekonomicznych o profilu neoliberalnym"". Na godz. 13.30 pod pomnik Romana Dmowskiego zwołują ją Autonomiczni Nacjonaliści. Na ""nacjonalistyczny 1 Maja zostali wezwani ci, którym obce są nie tylko ""wyzysk, globalizacja"", ale też ""lewacka i liberalna propaganda czy dyktatura UE"""". Demonstracja ma przejść z placu na Rozdrożu przez Aleje Ujazdowskie, Aleje Jerozolimskie, Marszałkowską na plac Konstytucji. Koniec planowany jest na godz. 17. Hasło: ""Praca w Polsce dla Polaków"". (Gazeta Wyborcza)",,500,500,LineString,2910.7,"52.219401,21.025169","52.222799,21.015859",2,umap_backup_1-maja_warszawa9.umap,,True,tylko mapa,,,,,,,,
2013_PL_demonstracja_NIEZNANY_a,2013,Lata,PL,Right-wing May Day,demonstracja,name,,True,niezwiazkowe,2012-2013. Marsz Autonomicznych Nacjonalistów,"## 2012
14:30
Podczas ponad godzinnego przemarszu uczestnicy skandowali m.in. ""Nadchodzą, nadchodzą nacjonaliści"". Pochód nacjonalistów wyruszył ok. godz. 14.30 z placu Na Rozdrożu, sprzed pomnika Romana Dmowskiego i przeszedł Al. Ujazdowskimi, Nowym Światem, Al. Jerozolimskimi, Marszałkowską do Placu Konstytucji. Pochód otaczał kordon policji. (onet.pl)

## 2013. Praca w Polsce dla Polaków
13:30
Manifestacja narodowców dla ""wyrażenia społecznego niezadowolenia wobec systemu wygenerowanego przez klasę rządzącą, kastę oligarchów i dyktat międzynarodowych instytucji ekonomicznych o profilu neoliberalnym"". Na godz. 13.30 pod pomnik Romana Dmowskiego zwołują ją Autonomiczni Nacjonaliści. Na ""nacjonalistyczny 1 Maja zostali wezwani ci, którym obce są nie tylko ""wyzysk, globalizacja"", ale też ""lewacka i liberalna propaganda czy dyktatura UE"""". Demonstracja ma przejść z placu na Rozdrożu przez Aleje Ujazdowskie, Aleje Jerozolimskie, Marszałkowską na plac Konstytucji. Koniec planowany jest na godz. 17. Hasło: ""Praca w Polsce dla Polaków"". (Gazeta Wyborcza)",,500,500,LineString,2910.7,"52.219401,21.025169","52.222799,21.015859",2,umap_backup_1-maja_warszawa9.umap,,True,tylko mapa,,,,,,,,
2014_PL_demonstracja_NIEZNANY_a,2014,Lata,PL,Right-wing May Day,demonstracja,name,,True,niezwiazkowe,2014. Marsz Autonomicznych Nacjonalistów,"## 2014
15:00
Jako miejsce zbiórki wyznaczono tradycyjnie pl. na Rozdrożu, pod pomnikiem Romana Dmowskiego. Start pochodu był zaplanowany na godzinę 15, nie obyło się jednak bez opóźnień spowodowanych częściowo przez policjantów, którzy w spisywaniu i najzwyklejszym czepianiu się ludzi znajdują wyjątkową satysfakcję. Warto w tym miejscu wspomnieć, że problemy stwarzał Urząd Miasta, który dość późno poinformował organizatorów, że pierwotnie planowana godzina zbiórki – 14 – musi zostać przesunięta. Pomimo tych trudności, szczelnie otoczona banerami, z samochodem z nagłośnieniem na przedzie kolumny, manifestacja wyruszyła kilkanaście minut po 15 al. Ujazdowskimi w kierunku Placu Zamkowego, gdzie miała się zakończyć. (autonom.pl)",,450,450,LineString,3119.2,"52.219795,21.025255","52.24672,21.013519",3,umap_backup_1-maja_warszawa9.umap,,True,tylko mapa,,,,,,,,
2014_PL_demonstracja_NIEZNANY_b,2014,Lata,PL,Right-wing May Day,demonstracja,warstwa,,True,niezwiazkowe,2014. Ruch Narodowy happening,"*Pikietę przed siedzibą KE organizuje także Ruch Narodowy. Jak poinformował PAP jeden z jego liderów Krzysztof Bosak, podczas manifestacji, która rozpocznie się w południe, członkowie Ruchu będą chcieli ""zwrócić"" Unii Europejskiej flagi, zdjęte wcześniej z budynków instytucji publicznych; według niego zawieszono je bezprawnie.* (dzieje.pl)",,,,Point,,"52.235563,21.011369","52.235563,21.011369",4,umap_backup_1-maja_warszawa9.umap,,True,tylko mapa,,,,,,,,
2015_PL_demonstracja_NIEZNANY_b,2015,Lata,PL,Right-wing May Day,demonstracja,warstwa,,True,niezwiazkowe,2015. Praca w Polsce dla Polaków,"*Dzień 1 maja ma w Polsce raczej złą tradycję. Z jednej strony, to urzędowe i przymusowe „święto pracy” ery komunistycznej. 1 maja – to także dzień likwidacji polskiej państwowości i wchłonięcia naszego kraju przez Unię Europejską. Od kilku jednak lat środowiska nacjonalistyczne „odczarowują” dawne święto, czyniąc z tego dnia antysystemową, „faszystowską rekonkwistę”.* (nacjonalista.pl)

Trasa: Ogród Saski-Plac Zamkowy",,250,250,LineString,2109.6,"52.246039,21.013563","52.238484,21.006739",5,umap_backup_1-maja_warszawa9.umap,,True,tylko mapa,,,,,,,,
2016_PL_demonstracja_UP,2016,Lata,PL,Right-wing May Day,demonstracja,warstwa,UP,True,niezwiazkowe,2016. Wyzysk? Imigracja? Upadek wartości? Nacjonalizm jest odpowiedzią,"15:00
(trasa na podstawie https://www.youtube.com/watch?v=zKlHbEXimR8)
*Uczestnicy akcji zebrali się o godzinie 15:00 przy wejściu do Ogrodu Saskiego, skąd po kilku minutach wyruszono głównymi ulicami miasta prezentując (okrzykami oraz transparentami) korzystającym z wolnego dnia spacerowiczom nacjonalistyczne hasła. Przed wymarszem ulicami jeden z warszawskich nacjonalistów wygłosił przemówienie dotyczące celów manifestacji. Jego znaczną część poświęcono umowie handlowej pomiędzy Unią Europejską a Stanami Zjednoczonymi, tzw. Transantlantyckiemu Partnerstwu w Dziedzinie Handlu i Inwestycji (w skrócie: TTIP), której negatywne skutki będziemy odczuwać także na polskim rynku.* (autonom.pl)

*Niestety, był to najmniej liczny pochód na przestrzeni ostatnich lat, gdyż zebrało się na nim +/- 150 osób, co jak na stołeczne warunki oraz – a może przede wszystkim – organizację grup Autonomicznych Nacjonalistów jest wynikiem zdecydowanie słabym. Smuci fakt, że niemały procent grup AN najzwyczajniej „olał” tę akcję, która uchodziła w środowisku za jedną z najważniejszych w roku. Cieszy natomiast to, że w oficjalnych organizacjach narodowych nie brak osób o prospołecznych przekonaniach, w związku z czym przedstawiciele wyżej wymienionych formacji licznie stawili się na tym **pochodzie**.* (autonom.pl)",,150,150,LineString,2147.5,"52.238287,21.006718","52.246584,21.01337",6,umap_backup_1-maja_warszawa9.umap,,True,tylko mapa,,,,,,,,
2018_PL_demonstracja_NIEZNANY_b,2018,Lata,PL,Right-wing May Day,demonstracja,warstwa,,True,niezwiazkowe,2018. Szturmowe Święto Pracy,"16:00
Marsz pierwszomajowy organizacji narodowych. Zatrzymany przy Pałacu Staszica blokadą Obywateli RP / Strajku Kobiet / Pracowniczej Demokracji.

*Pomimo problemów, jakie na trasie sprawiali policjanci usiłujący namawiać organizatorów do rozwiązania zgromadzenia, pochód przeszedł **reprezentatywnymi** ulicami Warszawy – Nowym Światem i ul. Świętokrzyską – pod Ministerstwo Finansów, gdzie zgromadzeni wysłuchali przemówienia.* (autonom.pl)

*Była to grupa ok. 50 szturmowców, przeciwko którym stanęła nieco większa liczba antyfaszystów. A dookoła jednych i drugich duża liczba policjantów. Policyjne radiowozy zajmowały oba pasy przez cały Nowy Świat.* (oko.press)",,50,50,LineString,1216.3,"52.236782,21.016524","52.246642,21.013389",7,umap_backup_1-maja_warszawa9.umap,,True,tylko mapa,,,,,,,,
2019_PL_demonstracja_NIEZNANY_a,2019,Lata,PL,Right-wing May Day,demonstracja,name,,True,niezwiazkowe,2019 – Marsz Suwerenności. Stop dyktatowi Berlina i Brukseli,"Marsz Suwerenności – Konfederacja KORWiN Braun Liroy Narodowcy (13:30). Trasa: pl. Zamkowy – Komisja Europejska (ul. Jasna/Świętokrzyska).

*- 1 maja to dzień, który nie niesie ze sobą dobrych skojarzeń. Komunistyczne święto wraz z organizowanymi przez lata pochodami pierwszomajowymi oraz wejście Polski do eurokołchozu, to dwa wydarzenia, które źle zapisały się na kartach naszej historii. My zamierzamy to zmienić - powiedzieli organizatorzy.* (warszawa.naszemiasto.pl)

Frekwencja: organizatorzy - 10 000;",,3000,3000,LineString,1543.2,"52.245739,21.013717","52.235501,21.011009",8,umap_backup_1-maja_warszawa9.umap,,True,tylko mapa,,,,,,,,
2019_PL_demonstracja_NIEZNANY_b,2019,Lata,PL,Right-wing May Day,demonstracja,name,,True,niezwiazkowe,Komisja Europejska – cel Marszu Suwerenności 2019,"Siedziba Komisji Europejskiej, ul. Jasna 14/16a – cel marszu Konfederacji 2019.",,,,Point,,"52.235304,21.011084","52.235304,21.011084",9,umap_backup_1-maja_warszawa9.umap,,True,tylko mapa,,,,,,,,
1990_PL_demonstracja_Anarchisci,1990,Lata,PL,Anarchistyczny 1. Maja,demonstracja,warstwa,Anarchiści,False,niezwiazkowe,1990. Międzynarodówka Anarchistyczna,"13:00 Demonstracja Międzynarodówki Anarchistycznej i Lewicy Rewolucyjnej zmierza z ulicy Wareckiej w stronę Kongresu Prawicy Polskiej. *Spokojnie było do momentu, gdy z sali kongresowej wyszli krótko ogoleni panowie z pałkami, ochrona kongresu. W ich stronę posypały się petardy* (TVP)",,50,50,LineString,763.2,"52.23514,21.016086","52.23194,21.00792",0,umap_backup_1-maja_warszawa9.umap,,False,tylko mapa,,,,,,,,
1991_PL_demonstracja_Anarchisci,1991,Lata,PL,Anarchistyczny 1. Maja,demonstracja,warstwa,Anarchiści,False,niezwiazkowe,1991 Międzymiastówka Anarchistyczna i Lewica Radykalna,"## 1991
Anarchiści: Rondo Dmowskiego-de Gaulle'a. Tam spotkanie z PPS: pl. Konstytucji-de Gaulle'a-Warecka. Na pochodzie PPS 16 komisji zakładowych Solidarności regionu Mazowsze, RDS Bujaka, ZNP, Soliarność Pracy. Przemówienie Ikonowicza pod Empikiem na rondzie de Gaulle'a (TVP 1991)",,30,30,LineString,655.7,"52.229798,21.01159","52.231743,21.020679",1,umap_backup_1-maja_warszawa9.umap,,False,tylko mapa,,,,,,,,
1995_PL_demonstracja_Anarchisci,1995,Lata,PL,Anarchistyczny 1. Maja,demonstracja,name,Anarchiści,False,niezwiazkowe,1995. Demonstracja Anarchistyczna,"*Na pierwszomajową demonstrację antyfaszystowską przyjechało około 400 młodych ludzi z kilku miast Polski. Około południa pod Ratuszem anarchiści starli się z oddziałami policji.* Wyborcza

*Zadudnił bęben i manifestanci spróbwali ruszyć w uilcę ... z okrzykami ""politycy do kostnicy!"" - Natychmiast wystartowało kilka policyjnyc ""suk"" na sygnale wjeżdżając w tłum anarchistycznej młodzieży. Gdy samotna butelka uderzyła w przednią szybę policyjnego wozu, funkcjonariusze zaatakowali. Obrzucani butelkami i kawałkami metalu, napierw zepchnęli młodzież pod ratusz, potem spałowali i przez dwie godziny trzymali część demonstrantów w zamkniętym kordonie na Placu Bankowym. Dopiero około godziny 14 anarchiści wydostali się i przeszli triumfalnie pod McDonalda na rogu Marszałkowskiej i Świętokrzyskiej. Krzyczeli ""Ameryka do śmietnika"", szybę lokalu zabrudzili niebieską farbą* (Życie Warszawy)",,400,400,LineString,1061.5,"52.243454,21.002002","52.235212,21.008606",2,umap_backup_1-maja_warszawa9.umap,,False,tylko mapa,,,,,,,,
1996_PL_demonstracja_Anarchisci,1996,Lata,PL,Anarchistyczny 1. Maja,demonstracja,warstwa,Anarchiści,False,niezwiazkowe,1996. Młodzież Przeciwko Rasizmowi,"***Komitet Obchodów 110. rocznicy Święta 1 Maja** młodych anarchistów, komunistów i socjalistów rozpocznie swój pochód o godz. 12 na pl. Bankowym, następnie Marszałkowską i Al. Jerozolimskimi przejdą pod giełdę (d. gmach KC PZPR). Organizatorzy nie oczekują wysokiej frekwencji, gdyż ogólnopolskie obchody tego święta środowiska alternatywne zaplanowały w Poznaniu.* (Wyborcza)",,500,500,LineString,2307.8,"52.243454,21.002002","52.231641,21.020301",3,umap_backup_1-maja_warszawa9.umap,,False,tylko mapa,,,,,,,,
2001_PL_demonstracja_Anarchisci,2001,Lata,PL,Anarchistyczny 1. Maja,demonstracja,name,Anarchiści,False,niezwiazkowe,2001 – Ogólnopolski Marsz Protestu,"Początek o godz. 12 na skrzyżowaniu ulic Świętokrzyskiej i Marszałkowskiej. (Wyborcza)

*W Warszawie policja zatrzymała 2 osoby uczestniczące w  manifestacji anarchistów. Jedna była - wg policji - pijana i miała psa, który pogryzł policjanta. Drugą zatrzymaną osobą był młody człowiek uczestniczący w  manifestacji anarchistów, który drzewcem od flagi zaatakował policjanta. Został on przewieziony do komisariatu przy ulicy Wilczej.* (Wprost)

*Około południa kilkuset młodych ludzi zebrało się na rogu ulic Świętokrzyskiej i Marszałkowskiej. **Manifestanci przyjechali z całej Polski, a niektórzy nawet z Berlina.** Wielu niosło transparenty z radykalnymi hasłami antypolitycznymi, m.in.: ""Święto pracowników, nie polityków"", ""Precz z kapitalizmem! Samorządna Rzeczpospolita"". Pochód ruszył w stronę Nowego Światu i dalej Alejami Ujazdowskimi pod Urząd Rady Ministrów. Manifestanci zatrzymywali się kilkakrotnie, m.in. pod Ministerstwem Finansów, by wyrazić niechęć do tej instytucji. *",Dość zaciskania pasa – zaciśnij pięść!,300,300,LineString,3120.5,"52.23508,21.008627","52.215627,21.026073",4,umap_backup_1-maja_warszawa9.umap,,False,tylko mapa,,,,,,,,
2003_PL_demonstracja_Anarchisci,2003,Lata,PL,Anarchistyczny 1. Maja,demonstracja,name,Anarchiści,False,niezwiazkowe,2003. M1 Demonstracja anarchistyczna,(trasa na podstawie youtube),,300,300,LineString,2890.2,"52.243282,21.00187","52.24171,21.020314",5,umap_backup_1-maja_warszawa9.umap,,False,tylko mapa,,,,,,,,
2007_PL_demonstracja_Anarchisci,2007,Lata,PL,Anarchistyczny 1. Maja,demonstracja,warstwa,Anarchiści,False,niezwiazkowe,2007. 1 Maja – Odzyskaj swoje życie!,"121 lat temu, pracownicy walczyli o 8 godzinny dzień pracy.
CZY JUŻ NIE MASZ DOŚĆ PRACY W NADGODZINACH?

Start: godz. 12:00 pod PkiN od strony ul. Świętokrzyskiej

KONIEC WYZYSKU!

- ZA GODNYMI I SPRAWIEDLIWYMI WARUNKAMI PRACY
- ZA PRACĄ BEZ WYZYSKU
- ZA WSPÓŁPRACĄ PRACOWNIKÓW
- ZA ODDOLNYM KIEROWANIEM MIEJSCAMI PRACY

Trasa: Złożymy wizytę w różnych miejscach na naszej trasie. Przed każdym z nich będzie krótkie przemówienie oraz (być może) niespodzianki. Jeśli macie coś do powiedzenia, zgłoście się do nas albo poproście o tubę w czasie przemarszu.

Przystanek 1: McDonalds – Centrum Pracy
Nie chcemy McPracy!
Przystanek 2: Ministerstwo Finansów
Oszczędźcie nam Zyty Gilowskiej!
Przystanek 3: Państwowa Inspekcja Pracy
Przystanek 4: Ministerstwo Pracy i Polityki Społecznej

## Notka prasowa
*Kilkadziesiąt osób wyruszyło z pl. Defilad, krzycząc: ""Rząd na bruk, bruk na rząd"" . Pod Ministerstwem Finansów manifestanci pocięli plakat z wizerunkiem Zyty Gilowskiej. Na koniec doszli w okolice pikniku SLD i OPZZ, krzycząc: ""Powiedz nie burżuazji z SLD"", ""Precz z czerwoną burżuazją"".* (Wyborcza)",,80,80,LineString,3378.2,"52.234338,21.004764","52.22742,21.032515",6,umap_backup_1-maja_warszawa9.umap,,False,tylko mapa,,,,,,,,
2008_PL_demonstracja_Anarchisci,2008,Lata,PL,Anarchistyczny 1. Maja,demonstracja,warstwa,Anarchiści,False,niezwiazkowe,2008 – Lewicowa Alternatywa / OZZ IP – „Przeciwko dyskryminacji”,"12:00. Pochód Lewicowej Alternatywy, OZZ Inicjatywa Pracownicza, Warszawskiej Grupy Anarchistycznej, „Wolność-Równość-Solidarność” i Zielonych 2004. Hasło: „Przeciwko dyskryminacji i prześladowaniom w miejscu pracy!” 

# Fragment apelu
***1 maja. Przeciwko dyskryminacji i prześladowaniom w miejscu pracy!***
*1 maja nie musi być nudnym rytuałem rodem z PRL. To okazja, aby w dniu święta ludzi pracy zaprotestować przeciwko codziennemu wyzyskowi w miejscu pracy. Dlatego też środowisko anarchistyczne w Warszawie proponuje zorganizowanie 1 maja 2008 r. demonstracji tematycznej pod hasłami:(...)**

##Relacja (Centrum Informacji Anarchistycznej)
14:25 Zakończenie manifestacji, uczestnicy rozchodzą się.

14:10 Pod Lewiatanem trwają przemówienia o kapitalistycznym ""praniu mózgu"" i anty pracowniczej propagandzie. Demonstranci spalili portret przewodniczącej Związku Pracodawców Polskich ""Lewiatan"", Henryki Bochniarz.

13:50 Demonstranci pikietują pod Lewiatanem. Wznoszą okrzyki: ""Nie będziemy elastyczni"". Trwają przemówienia o problemie elastycznego zatrudnienia i tego jak wykorzystują to pracodawcy. Lewiatan odgrodzony jest od manifestantów kordonem policji.

13:15 Demonstracja pikietuje pod Agencją Pracy Tymczasowej ""Manpower"". Trwa przemówienie o działaniach agencji, wykorzystywaniu pracownika i naginaniu prawa... Występują osoby zatrudniane przez Agencje, które straciły pracę za próbę założenia związku zawodowego.

13:10 Manifestacja minęła Komendę Policji. Skandowano hasła przeciwko policyjnym represjom. Demonstracja dalej przemieszcza się w kierunku Lewiatana. Krzyczą: ""Święto pracownika nie aparatczyka"".

12:50 Demonstracją przemieszcza się w stronę Lewiatana. Grają bębny. Wznoszą okrzyki: ""Nie będziemy elastyczni"", ""Rząd na bruk - bruk na rząd"".

12:40 Pod Ministerstwem Pracy odbył się happening anarchofeministek @-fe, w którym pokazano trudności jakie spotyka kobietę w karierze zawodowej. Następnie demonstranci przeszli pod Państwową Inspekcję Pracy na Kruczą. Przemawiał tam między innymi zwolniony z Lionbridge działacz związkowy i jednocześnie członek Związku Syndykalistów Polski. Manifestanci skandują hasła: ""Wolność - Równość - Syndykalizm"", ""Naszym Prawem - Prawo Pracy"".

**12:20 Demonstracją spotkała się z pochodem OPZZ, który został przywitany okrzykami: ""Sprzedaliście Kodeks Pracy"", ""Precz z czerwoną burżuazją"".**

12:10 Pod Ministerstwem Gospodarki trwają przemówienia. Prelegenci krytykują planowane zmiany w Kodeksie Pracy, jak też przedstawiają problem pracy tymczasowej. Jest ok. 300 osób z OZZ Inicjatywa Pracownicza, Lewicowej Alternatywy, Związku Syndykalistów Polski, Stowarzyszenia Wolność-Równość-Solidarność, Warszawskiej Grupy Anarchistycznej. Wciąż dochodzą nowe osoby. Kontrmanifestanci z ONR rozeszli się do domów po wymianie zdań ze związkowcami.

11:40 Demonstranci schodzą się pod Ministerstwo Gospodarki. Jest ok. 100 osób. Zbiera się też kontrmanifestacja ONR'u, ok. 15 osób w mundurkach.",,200,200,LineString,3518.6,"52.229009,21.021953","52.212587,21.025017",7,umap_backup_1-maja_warszawa9.umap,,False,tylko mapa,,,,,,,,
2009_PL_demonstracja_Anarchisci,2009,Lata,PL,Anarchistyczny 1. Maja,demonstracja,warstwa,Anarchiści,False,niezwiazkowe,2009. ZSP. Nic o nas bez nas!,"14:00
Wydarzenie organizowane przez ZSP oraz OZZ IP. Trasa przebiega od szpiala praskiego, obok poczty polskiej, siedziby PKP, bazaru Różyckiego i pod dwoma supermarketami. W każdym z tych miejsc demonstracja zatrzymuje się, odbywają się przemówienia poświęcone symbolizowanym przez te miejsca problemom

Demonstracja udała się na piknik w Parku Skaryszewskim 

Trasa na podstawie https://www.youtube.com/watch?v=7dP6bNI1tnQ",,40,40,LineString,2038.4,"52.251914,21.028718","52.245122,21.049082",8,umap_backup_1-maja_warszawa9.umap,,False,tylko mapa,,,,,,,,
2012_PL_demonstracja_Anarchisci,2012,Lata,PL,Anarchistyczny 1. Maja,demonstracja,warstwa,Anarchiści,False,niezwiazkowe,2012 ZSP. Zmowa powszechna przeciwko władzy,"O 12 na placu Bankowym rozpoczęła się demonstracja pierwszomajowa organizowana przez ZSP, która ruszyła w stronę placu ks. Twardowskiego. Tam zorganizowane zostało miasteczko antykryzysowe",,150,150,LineString,1716.6,"52.241859,21.015579","52.242511,21.003413",9,umap_backup_1-maja_warszawa9.umap,,False,tylko mapa,,,,,,,,
2011_PL_wiec_OPZZ,2011,Lata,PL,OPZZ,wiec,name,OPZZ,False,zwiazkowe,2011. Wiec pierwszomajowy OPZZ,nie było pochodu (beatyfikacja Jana Pawła II) – odbył się centralny pochód w Szczecinie,Chcemy socjalnej Polski w socjalnej Europie,133,133,Point,,"52.23792,21.02029","52.23792,21.02029",0,umap_backup_1-maja_warszawa9.umap,,False,tylko mapa,,,,,,133,3,demonstracja
1990_PL_demonstracja_OPZZ,1990,Lata,PL,OPZZ,demonstracja,name,OPZZ,False,zwiazkowe,1990. OPZZ Demonstration,"Pierwsza trasa pochodów pierwszomajowych organizowanych przez OPZZ. Pochód rozpoczyna się pod siedzibą związku. Następnie przechodzi Nowym Światem, mijając kontrmanifestantów, zgromadzonych zwykle na schodach Bazyliki św. Krzyża. Zakończenie przemarszu pod pomnikiem Bohaterów Warszawy na placu Teatralnym – w tym samym miejscu, gdzie pierwsze i ostatnie uroczystości pierwszomajowe w PRL","Walczymy o Polskę wolną, demokratyczną i bezpieczną",15000,15000,LineString,1261.3,"52.23795,21.02033","52.24413,21.01013",1,umap_backup_1-maja_warszawa9.umap,,False,mapa+rocznik,pelny,"spod siedziby OPZZ – ul. Krakowskie Przedmieście – ul. Królewską – pl. Piłsudskiego - ul. Moliera - na plac Teatralny pod pomnik Nike
Tym samym pochód kończy się niedaleko od miejsca, w którym zostały zorganizowane rok wcześniej główne państwowe obchody tego święta. Wtedy wybór miejsca w swoim przemówieniu uzasadnił Wojciech Jaruzelski:
>*O kilkaset metrów stąd, po drugiej stronie spalonego doszczętnie Teatru Wielkiego, odbył się w pamiętnym maju 1945 pierwszy wiec w wyzwolonej stolicy. Wśród martwych ulic i niekończących się zgliszcz wyszli na demonstrację ci, którzy ocaleli, którzy wbrew wszelkim przeciwnościom, postanowili: podniesiemy ojczyznę z ruin.*
Jak podaje Związkowiec 19(286), pod siedzibą OPZZ na Kopernika zebrało się ""bez mała 10 tysięcy osób"". Jak mówił Miodowicz, tegoroczny pochód miał być przede wszystkim pochodem *solidarności z tymi wszystkimi, którym chodzi o Polskę wolną, demokratyczną, pochód ludzi, którzy opowiadają się za prawami przeciwko bezrobociu, drakońskim czynszom, degradacji inteligencji i kultury narodowej, przeciwko nowej biurokracji państwowej, której potęga jest w stanie zniszczyć wszystko*
>
> Treścią jest przede wszystkim sprzeciw wobec reform i sytuacji w kraju.
> Wśród gości był Leszek Miller. Był też Edward Osóbka Morawski, który na pochodzie miał pojawić się po raz pierwszy od 1946 roku. Jego obecność jest symboliczna. Kontekstu dla niej dodaje wiadomość z Dziennika Trybuna:
![[Doktorat/03_Dane/Polska/Prasa_opisy/DziennikTrybuna1990/image-3-x102-y936.png]]","Walczymy o Polskę wolną, demokratyczną i bezpieczną
Precz z bezrobociem
Magdalenka urodziła nędzę
Tata i mama pracują – dzieci wegetują
Budowlani bez pracy – społeczeństwo bez mieszkań
Walczymy o Polskę wolną, demokratyczną i bezpieczną",14250,Hasło;Trasa_alt;Trasa;Hasła_OPZZ;Hasła_radykalne;Hasła_kontra;Frekwencja,14250,4,demonstracja
1991_PL_demonstracja_OPZZ,1991,Lata,PL,OPZZ,demonstracja,name,OPZZ,False,zwiazkowe,Pochód OPZZ 1991,"Pierwsza trasa pochodów pierwszomajowych organizowanych przez OPZZ. Pochód rozpoczyna się pod siedzibą związku. Następnie przechodzi Nowym Światem, mijając kontrmanifestantów, zgromadzonych zwykle na schodach Bazyliki św. Krzyża. Zakończenie przemarszu pod pomnikiem Bohaterów Warszawy na placu Teatralnym – w tym samym miejscu, gdzie pierwsze i ostatnie uroczystości pierwszomajowe w PRL",1 maja – święto ludzkiej pracy i godności,10000,10000,LineString,1303.9,"52.23795,21.02033","52.24413,21.01013",2,umap_backup_1-maja_warszawa9.umap,,False,mapa+rocznik,pelny,spod siedziby OPZZ – ul. Krakowskie Przedmieście – ul. Królewską – pl. Piłsudskiego - ul. Moliera - na plac Teatralny pod pomnik Nike,"1 maja – święto ludzkiej pracy i godności
STOP: – bezrobociu
– głodowym pensjom
– europejskim cenom
– wysokim czynszom
– pogarszaniu warunków pracy
– zamykaniu sanatoriów, ośrodków zdrowia, przedszkól i aptek.",12500,Hasło;Trasa_alt;Hasła_OPZZ;Hasła_radykalne;Hasła_kontra;Trasa;Frekwencja,12500,2,demonstracja
1992_PL_demonstracja_OPZZ,1992,Lata,PL,OPZZ,demonstracja,name,OPZZ,False,zwiazkowe,Pochód OPZZ 1992,"Pierwsza trasa pochodów pierwszomajowych organizowanych przez OPZZ. Pochód rozpoczyna się pod siedzibą związku. Następnie przechodzi Nowym Światem, mijając kontrmanifestantów, zgromadzonych zwykle na schodach Bazyliki św. Krzyża. Zakończenie przemarszu pod pomnikiem Bohaterów Warszawy na placu Teatralnym – w tym samym miejscu, gdzie pierwsze i ostatnie uroczystości pierwszomajowe w PRL",Dzień protestu przeciwko nieudolnej polityce gospodarczej i społecznej,24000,24000,LineString,1303.9,"52.23795,21.02033","52.24413,21.01013",3,umap_backup_1-maja_warszawa9.umap,,False,mapa+rocznik,pelny,spod siedziby OPZZ – ul. Krakowskie Przedmieście – ul. Królewską – pl. Piłsudskiego - ul. Moliera - na plac Teatralny pod pomnik Nike,"Dzień protestu przeciwko nieudolnej polityce gospodarczej i społecznej
1 maja jest w tym roku dniem związkowego protestu. Dlatego na transparentach i w powitaniu wielokrotnie pada słowo: protest.
Chcemy Pracować a nie Głodować
Dość arogancji i samozadowolenia
Żądamy Pracy i Chleba
Pracy i Chleba
Stop Zagładzie Służby Zdrowia
Precz z głodowym budżetem
Bezrobocie Stop
Nie niszczyć Oświaty, Oświecić Rząd",25200,Hasło;Trasa_alt;Trasa;Frekwencja;Hasła_OPZZ,24000,4,demonstracja
1993_PL_demonstracja_OPZZ,1993,Lata,PL,OPZZ,demonstracja,name,OPZZ,False,zwiazkowe,Pochód OPZZ 1993,"Pierwsza trasa pochodów pierwszomajowych organizowanych przez OPZZ. Pochód rozpoczyna się pod siedzibą związku. Następnie przechodzi Nowym Światem, mijając kontrmanifestantów, zgromadzonych zwykle na schodach Bazyliki św. Krzyża. Zakończenie przemarszu pod pomnikiem Bohaterów Warszawy na placu Teatralnym – w tym samym miejscu, gdzie pierwsze i ostatnie uroczystości pierwszomajowe w PRL",Ratujmy razem Polskę,8000,8000,LineString,1303.9,"52.23795,21.02033","52.24413,21.01013",4,umap_backup_1-maja_warszawa9.umap,,False,mapa+rocznik,pelny,"spod siedziby OPZZ – ul. Krakowskie Przedmieście – ul. Królewską – pl. Piłsudskiego - ul. Moliera - na plac Teatralny pod pomnik Nike. Ciekawostką jest, że zostaje ona określona już jako *tradycyjna* – i to mimo tego, że dopiero 3 raz pochód będzie nią przechodził.
O rutynizacji i bardziej refleksyjnym podejściu do świeta świadczą (lepiej) wydania 18 i 19.
W tym roku powraca również temat 3 majowego i znaczenia tego święta.",Ratujmy razem Polskę,8000,Hasło;Trasa_alt;Hasła_kontra;Trasa;Frekwencja,8000,2,demonstracja
1994_PL_demonstracja_OPZZ,1994,Lata,PL,OPZZ,demonstracja,name,OPZZ,False,zwiazkowe,Pochód OPZZ 1994,"Pierwsza trasa pochodów pierwszomajowych organizowanych przez OPZZ. Pochód rozpoczyna się pod siedzibą związku. Następnie przechodzi Nowym Światem, mijając kontrmanifestantów, zgromadzonych zwykle na schodach Bazyliki św. Krzyża. Zakończenie przemarszu pod pomnikiem Bohaterów Warszawy na placu Teatralnym – w tym samym miejscu, gdzie pierwsze i ostatnie uroczystości pierwszomajowe w PRL",Wspólna manifestacja woli budowania szerokiego frontu organizacji lewicowych,3000,3000,LineString,1303.9,"52.23795,21.02033","52.24413,21.01013",5,umap_backup_1-maja_warszawa9.umap,,False,mapa+rocznik,pelny,"spod siedziby OPZZ – ul. Krakowskie Przedmieście – ul. Królewską – pl. Piłsudskiego - ul. Moliera - na plac Teatralny pod pomnik Nike
Po raz pierwszy pochód OPZZ zostaje zakłócony przedstawicieli Ligi Republikańskiej, którzy, jak donosi Życie Warszawy, przeszli trasą pochodu za blokiem PPS, ale przed OPZZ-SLD. Dołączyli do niego pod bramą Uniwersytetu Warszawskiego.","Wspólna manifestacja woli budowania szerokiego frontu organizacji lewicowych
Realizacja programu SLD naszym celem
Koalicja SLD-PSL szansą dla Polski",2500,Hasło;Trasa_alt;Trasa;Hasła_kontra;Hasła_OPZZ;Frekwencja,3000,2,demonstracja
1995_PL_demonstracja_OPZZ,1995,Lata,PL,OPZZ,demonstracja,name,OPZZ,False,zwiazkowe,Pochód OPZZ 1995,"Pierwsza trasa pochodów pierwszomajowych organizowanych przez OPZZ. Pochód rozpoczyna się pod siedzibą związku. Następnie przechodzi Nowym Światem, mijając kontrmanifestantów, zgromadzonych zwykle na schodach Bazyliki św. Krzyża. Zakończenie przemarszu pod pomnikiem Bohaterów Warszawy na placu Teatralnym – w tym samym miejscu, gdzie pierwsze i ostatnie uroczystości pierwszomajowe w PRL",Wspólne święto związkowe. Dzień walki o stały rozwój gospodarczy,4500,4500,LineString,1303.9,"52.23795,21.02033","52.24413,21.01013",6,umap_backup_1-maja_warszawa9.umap,,False,mapa+rocznik,pelny,spod siedziby OPZZ – ul. Krakowskie Przedmieście – ul. Królewską – pl. Piłsudskiego - ul. Moliera - na plac Teatralny pod pomnik Nike,"Wspólne święto związkowe. Dzień walki o stały rozwój gospodarczy
*""Dość eksmisji!""
""Precz z prywatyzacją""
""Precz z kapitalizmem"" – żądali działacze PPS i OPZZ (Życie Warszawy 1995)",4500,Hasło;Trasa_alt;Trasa;Hasła_kontra;Hasła;Frekwencja,4500,4,demonstracja
1996_PL_demonstracja_OPZZ,1996,Lata,PL,OPZZ,demonstracja,name,OPZZ,False,zwiazkowe,Pochód OPZZ 1996,,Manifestacja jedności lewicy i godności ludzi pracy,4500,4500,LineString,1738.1,"52.23795,21.02033","52.23574,21.00346",7,umap_backup_1-maja_warszawa9.umap,,False,mapa+rocznik,pelny,spod siedziby OPZZ – ul. Krakowskie Przedmieście – ul. Królewska – pl. Grzybowski,"Manifestacja jedności lewicy i godności ludzi pracy
- PRL - 45 lat budowania, 7 lat III RP - niszczenie i wyprzedaż Polski""[[@PoszliWieluPochodach1996]]- “Oleksy dziękował tym, którzy stanęli po jego stronie, gdy zarzucono mu szpiegostwo: - Wszystkich was sercem ogarniam. Polska jest zagrożona przez nadętych polityków, którzy przez zacietrzewienie chcą stanąć ponad prawem. Nie gaście ducha, w lewicy otucha - kończył trawestacją hasła pielgrzymek papieskich.” [[@PoszliWieluPochodach1996]]",6000,Hasło;Trasa;Trasa_alt;Hasła;Hasła_kontra;Frekwencja,4500,4,demonstracja
1997_PL_demonstracja_OPZZ,1997,Lata,PL,OPZZ,demonstracja,name,OPZZ,False,zwiazkowe,Pochód OPZZ 1997,,Dzień solidarności wszystkich ludzi pracy i dzień nowej konstytucji,2500,2500,LineString,1738.1,"52.23795,21.02033","52.23574,21.00346",8,umap_backup_1-maja_warszawa9.umap,,False,mapa+rocznik,pelny,spod siedziby OPZZ – ul. Krakowskie Przedmieście – ul. Królewska – pl. Grzybowski,Dzień solidarności wszystkich ludzi pracy i dzień nowej konstytucji,2000,Hasło;Trasa;Trasa_alt;Hasła_kontra;Frekwencja,2500,4,demonstracja
1998_PL_demonstracja_OPZZ,1998,Lata,PL,OPZZ,demonstracja,name,OPZZ,False,zwiazkowe,Pochód OPZZ 1998,,Dzień walki o solidarność ludzi pracy i pakt dla polskiej rodziny. 1 maja naszym świętem; Chcemy Paktu dla polskiej rodziny; Tanie Leki do Apteki,4000,4000,LineString,1738.1,"52.23795,21.02033","52.23574,21.00346",9,umap_backup_1-maja_warszawa9.umap,,False,tylko mapa,,,,,,4000,3,demonstracja
1999_PL_demonstracja_OPZZ,1999,Lata,PL,OPZZ,demonstracja,name,OPZZ,False,zwiazkowe,Pochód OPZZ 1999,,Dzień protestu przeciwko rządom prawicy; Chleba i pracy,9200,9200,LineString,1738.1,"52.23795,21.02033","52.23574,21.00346",10,umap_backup_1-maja_warszawa9.umap,,False,mapa+rocznik,pelny,"spod siedziby OPZZ – ul. Krakowskie Przedmieście – ul. Królewska – pl. Grzybowski. Po pochodzie piknik pod siedzibą SLD, również piknik w ogrodach pałacu prezydenckiego organizowany przez Kwaśniewskiego.","Dzień protestu przeciwko rządom prawicy; Chleba i prcy
Dialog czy ulica?
1 maja dniem protestu
Równe prawa dla kobiet
Balcerowicz = Bezrobocie
Więcej sprawiedliwości, mniej Solidarności
Pracy, Chleba, Edukacji
Balcerowicz musi odejść, kapitalizm musi zginąć",9200,Hasło;Trasa;Trasa_alt;Hasła_OPZZ;Frekwencja,9200,5,demonstracja
2000_PL_demonstracja_OPZZ,2000,Lata,PL,OPZZ,demonstracja,name,OPZZ,False,zwiazkowe,Pochód OPZZ 2000,,1 Maja – dniem naszego protestu; Chcemy Pracy; Dość bezrobociu,2250,2250,LineString,1738.1,"52.23795,21.02033","52.23574,21.00346",11,umap_backup_1-maja_warszawa9.umap,,False,mapa+rocznik,pelny,spod siedziby OPZZ – ul. Krakowskie Przedmieście – ul. Królewska – pl. Grzybowski,"1 Maja - dniem naszego protestu
Chcemy Pracy
Dość bezrobociu
1 maja dniem protestu
Stop bezrobociu
Chcemy Żyć
Skandal wywołały słowa Piotra Ikonowicza, skierowane w stronę premiera Jerzego Buzka:“SLD z ubolewaniem stwierdza, że chuligaństwo polityczne stało się także udziałem młodych aktywistów Polskiej Partii Socjalistycznej. Z oburzeniem przyjmujemy hasła wznoszone przez członków PPS podczas pochodu w Warszawie. Okrzyki: >>Buzek, ty zmoro, zginiesz jak Aldo Moro<<, czy odwoływanie się do etosu Czerwonych Brygad nie mieści się w konwencji cywilizowanego dyskursu politycznego""” (“Żarty Ikonowicza”, 2000)“Szef PPS Piotr Ikonowicz powiedział wczoraj ""Gazecie"", że rzecznik SLD ""nie ma poczucia humoru"". - **Przecież to kuplety układane w czasie stanu wojennego przez ludzi z Duszpasterstwa Akademickiego, tyle tylko, że zamiast ""Buzek, ty zmoro..."" śpiewano ""Wojtek, ty zmoro..."". Także wtedy śpiewano: ""A jak nie damy rady, wezwiemy Czerwone Brygady""**. To takie piosenki z nutą młodzieńczej przesady, ale przecież jest oczywiste, że żaden z tych młodych ludzi nie byłby w stanie skrzydeł musze oberwać - stwierdził Ikonowicz.UW: Obelgi i pomówienia Ikonowicza” (“Żarty Ikonowicza”, 2000) tłumaczenia IkonowiczaRamowanie protestu – kolejne hasło wywodzące się ze środowisk Solidarnościowych pojawia się na pierwszomajowych pochodach",2250,Hasło;Trasa;Trasa_alt;Hasła;Frekwencja;Hasła_OPZZ,2250,4,demonstracja
2001_PL_demonstracja_OPZZ,2001,Lata,PL,OPZZ,demonstracja,name,OPZZ,False,zwiazkowe,Pochód OPZZ 2001,,Dzień protestu przeciwko polityce rządu,7500,7500,LineString,1738.1,"52.23795,21.02033","52.23574,21.00346",12,umap_backup_1-maja_warszawa9.umap,,False,mapa+rocznik,pelny,spod siedziby OPZZ – ul. Krakowskie Przedmieście – ul. Królewska – pl. Grzybowski,"Dzień protestu przeciwko polityce rządu
Chleba i pracy"", ""Polska pryszczyca to prawica"", ""1 Maja, piękny dzień, ruszaj z nami i coś zmień"", ""Świat dla ludzi, nie dla zysku, Pracownicza demokracja",8000,Hasło;Trasa;Hasła;Trasa_alt;Frekwencja,7500,4,demonstracja
2002_PL_demonstracja_OPZZ,2002,Lata,PL,OPZZ,demonstracja,name,OPZZ,False,zwiazkowe,Pochód OPZZ 2002,"## 2003
*OPZZ nie było organizatorem pochodu z powodu biedy bezrobocia. Jego organizacją zajął się w całości SLD, a OPZZ był tylko gościem.* (Janusz Gołąb)",1 maja dniem protestu,2100,2100,LineString,1743.1,"52.23795,21.02033","52.22562,21.02707",13,umap_backup_1-maja_warszawa9.umap,,False,mapa+rocznik,pelny,OPZZ: spod OPZZ – ul. Świętokrzyską – ul. Nowy Świat - rondo de Gaull’ea – ul. Nowy Świat – pl. Trzech Krzyży – ul. Wiejska – Sejm RP. Później odbył się piknik na ul. Rozbrat w parku im. Rydza Śmigłego. SLD poszło z kolei na plac Grzybowski,"1 maja dniem protestu
Dzisiejszego dnia nie traktujemy jak święta! Głośno krzyczymy chleba i pracy! Stop bezrobociu!",2100,Hasło;Trasa;Trasa_alt;Hasła;Frekwencja,2100,5,demonstracja
2003_PL_demonstracja_OPZZ,2003,Lata,PL,OPZZ,demonstracja,name,OPZZ,False,zwiazkowe,Pochód OPZZ 2003,"## 2003
*OPZZ nie było organizatorem pochodu z powodu biedy bezrobocia. Jego organizacją zajął się w całości SLD, a OPZZ był tylko gościem.* (Janusz Gołąb)",,3333,3333,LineString,1743.1,"52.23795,21.02033","52.22562,21.02707",14,umap_backup_1-maja_warszawa9.umap,,False,mapa+rocznik,pelny,"spod OPZZ – ul. Świętokrzyską - ul. Nowy Świat - - rondo de Gaull’ea – ul. Nowy Świat – pl. Trzech Krzyży – al. Ujazdowskie – ul. Matejki – Sejm RP. Później odbył się piknik na ul. Rozbrat w parku im. Rydza Śmigłego. OPZZ nie było organizatorem pochodu z powodu biedy bezrobocia. Jego organizacją zajął się w całości SLD, a OPZZ był tylko gościem.
**Wydarzenia_alt**: Pochód Nowej Lewicy, Polskiej Parti Komunistycznej, Zielonych i Nowej Lewicy",-,3500,Hasło;Trasa_alt;Trasa;Hasła_kontra;Frekwencja,3333,3,demonstracja
2004_PL_demonstracja_OPZZ,2004,Lata,PL,OPZZ,demonstracja,name,OPZZ,False,zwiazkowe,Pochód OPZZ 2004,,Chcemy Europy Socjalnej,667,667,LineString,1743.1,"52.23795,21.02033","52.22562,21.02707",15,umap_backup_1-maja_warszawa9.umap,,False,mapa+rocznik,pelny,spod OPZZ – ul. Świętokrzyską - ul. Nowy Świat - - rondo de Gaull’ea – ul. Nowy Świat – pl. Trzech Krzyży – al. Ujazdowskie – ul. Matejki – Sejm RP.,Chcemy Europy Socjalnej,667,Hasło;Trasa;Trasa_alt;Frekwencja,667,3,demonstracja
2005_PL_demonstracja_OPZZ,2005,Lata,PL,OPZZ,demonstracja,name,OPZZ,False,zwiazkowe,Pochód OPZZ 2005,,Lewica Razem (DT),663,663,LineString,1743.1,"52.23795,21.02033","52.22562,21.02707",16,umap_backup_1-maja_warszawa9.umap,,False,mapa+rocznik,pelny,spod OPZZ – ul. Świętokrzyską - ul. Nowy Świat - rondo de Gaull’ea – ul. Nowy Świat – pl. Trzech Krzyży – al. Ujazdowskie – ul. Matejki – Sejm RP. Później odbył się piknik na ul. Rozbrat w parku im. Rydza Śmigłego.,"""Lewica Razem"" (DT)
- Godnej pracy
Mówimy stop likwidacji ogródków działkowych
Pracy i Chleba
Żądamy Europy Socjalnej
""- ""Likwidacji Bezrobocia
**Platforma IV RP**, przedstawiająca braci Kaczyńskich (jeden trzyma transparent ""już my nauczymy was prawa""), Jana Marię Rokitę w damskim, diabelskim stroju z transparentem ""Polska tylko dla bogatych"", oraz Giertycha-Frankensteina, z napisem ""jeden słuszny narodowy reżim"". Kobieta na biało, na szczudłach symbolizuje konstytucję – *pokonuje kłócących się liderów prawicy*",633,Hasło;Trasa;Trasa_alt;Hasła;Frekwencja,633,6,demonstracja
2006_PL_demonstracja_OPZZ,2006,Lata,PL,OPZZ,demonstracja,name,OPZZ,False,zwiazkowe,Pochód OPZZ 2006,"## 2003
*OPZZ nie było organizatorem pochodu z powodu biedy bezrobocia. Jego organizacją zajął się w całości SLD, a OPZZ był tylko gościem.* (Janusz Gołąb)","Upominamy się o wszystkich tych, których wykluczył kapitalizm. Jak co roku tak i dziś na sztandarach wypisujemy: pracy i chleba! Nie chcemy cudu, chcemy pracy i zabezpieczeń socjalnych",1750,1750,LineString,1743.1,"52.23795,21.02033","52.22562,21.02707",17,umap_backup_1-maja_warszawa9.umap,,False,mapa+rocznik,pelny,spod OPZZ – ul. Świętokrzyską - ul. Nowy Świat - rondo de Gaulle’a – ul. Nowy Świat – pl. Trzech Krzyży – ul. Wiejska – Sejm RP,"""upominamy się o 
wszystkich tych, których wykluczył kapitalizm. Jak co roku
 tak i dziś na sztandarach wypisujemy pracy i chleba! Nie 
chcemy cudu, chcemy pracy i zabezpieczeń socjalnych""
Dość arogancji władzy""; ""Nieudolny rząd musi odejść""; ""Hej rencisto, emerycie, jak wygląda twoje życie?!"", ""Trzy razy ""yes"" dla premiera, co wziął za męża Andrzeja Leppera"",  ""Nasza bieda płacze"",![[2006_1maja_transparent_JJG.jpg]]",1750,Hasło;Trasa;Trasa_alt;Hasła;Frekwencja;Hasła_radykalne,1750,4,demonstracja
2007_PL_demonstracja_OPZZ,2007,Lata,PL,OPZZ,demonstracja,name,OPZZ,False,zwiazkowe,Pochód OPZZ 2007,"## 2003
*OPZZ nie było organizatorem pochodu z powodu biedy bezrobocia. Jego organizacją zajął się w całości SLD, a OPZZ był tylko gościem.* (Janusz Gołąb)",Nie damy sobie odebrać pierwszomajowej tradycji! Stare hasło 3×8 nadal aktualne,1400,1400,LineString,1743.1,"52.23795,21.02033","52.22562,21.02707",18,umap_backup_1-maja_warszawa9.umap,,False,mapa+rocznik,pelny,Jan Guz - spod OPZZ – ul. Świętokrzyską - ul. Nowy Świat - rondo de Gaull’ea – ul. Nowy Świat – pl. Trzech Krzyży – ul. Wiejska – Sejm RP. Później odbył się piknik na ul. Rozbrat w parku im. Rydza Śmigłego,"Nie damy sobie odebrać pierwszomajowej tradycji! Stare hasło 3x8 nadal aktualne*
Pracy, płacy, godnych warunków
Chcemy godnie żyć
Żadnych silosów z antyrakietami
Żądamy godnej emerytury
Więcej płacy, mniej lustracji
Lustracja majątkowa dla ojca dyrektora
Kaczki na taczki
Praca, pokój i socjalizm",1400,Hasło;Trasa;Trasa_alt;Hasła;Hasła_radykalne;Frekwencja,1400,4,demonstracja
2008_PL_demonstracja_OPZZ,2008,Lata,PL,OPZZ,demonstracja,name,OPZZ,False,zwiazkowe,Pochód OPZZ 2008,,"Ręce precz od kodeksu pracy; Najpierw człowiek, potem zysk",2167,2167,LineString,2663.1,"52.23795,21.02033","52.22562,21.02707",19,umap_backup_1-maja_warszawa9.umap,,False,mapa+rocznik,pelny,spod siedziby OPZZ – ul. Świętokrzyską – (ul. Nowy Świat – zablokowana przez piknik – mimo otrzymanego pozwolenia) – ul. Jasna – al. Jerozolimskie - rondo de Gaull’ea – ul. Nowy Świat – pl. Trzech Krzyży – ul. Wiejska – Sejm RP.,"Ręce precz od kodeksu pracy; Najpierw człowiek, potem zysk",2167,Hasło;Trasa;Trasa_alt;Hasła_OPZZ;Hasła_radykalne;Frekwencja;Hasła,2167,6,demonstracja
2009_PL_demonstracja_OPZZ,2009,Lata,PL,OPZZ,demonstracja,name,OPZZ,False,zwiazkowe,Pochód OPZZ 2009,,Nie będziemy płacić za wasz kryzys!,1357,1357,LineString,1743.1,"52.23795,21.02033","52.22562,21.02707",20,umap_backup_1-maja_warszawa9.umap,,False,mapa+rocznik,pelny,spod siedziby OPZZ – ul. Świętokrzyską – (ul. Nowy Świat) – ul. Jasna – al. Jerozolimskie  - rondo de Gaull’ea – ul. Nowy Świat – pl. Trzech Krzyży – ul. Wiejska – Sejm RP. Później odbył się piknik na ul. Rozbrat w parku im. Rydza Śmigłego,Nie będziemy płacić za wasz kryzys!,1357,Hasło;Trasa;Trasa_alt;Hasła_radykalne;Frekwencja,1357,7,demonstracja
2010_PL_demonstracja_OPZZ,2010,Lata,PL,OPZZ,demonstracja,name,OPZZ,False,zwiazkowe,Pochód OPZZ 2010,"## 2003
*OPZZ nie było organizatorem pochodu z powodu biedy bezrobocia. Jego organizacją zajął się w całości SLD, a OPZZ był tylko gościem.* (Janusz Gołąb)",Dzień solidarności w czasach kryzysu,440,440,LineString,1743.1,"52.23795,21.02033","52.22562,21.02707",21,umap_backup_1-maja_warszawa9.umap,,False,mapa+rocznik,pelny,spod siedziby OPZZ – ul. Świętokrzyską – (ul. Nowy Świat) – ul. Jasna – al. Jerozolimskie  - rondo de Gaull’ea – ul. Nowy Świat – pl. Trzech Krzyży – ul. Wiejska – Sejm RP. Później odbył się piknik na ul. Rozbrat w parku im. Rydza Śmigłego,Dzień solidarności w czasach kryzysu,440,Hasło;Trasa;Trasa_alt;Hasła_radykalne;Frekwencja,440,5,demonstracja
2012_PL_demonstracja_OPZZ,2012,Lata,PL,OPZZ,demonstracja,name,OPZZ,False,zwiazkowe,Pochód OPZZ 2012,,"Godna praca, godna płaca, godna emerytura",11750,11750,LineString,2190.1,"52.23795,21.02033","52.22708,21.03307",22,umap_backup_1-maja_warszawa9.umap,,False,mapa+rocznik,pelny,spod siedziby OPZZ – ul. Świętokrzyską – ul. Nowy Świat - rondo de Gaull’ea – ul. Nowy Świat – pl. Trzech Krzyży - ul. Książęca – ul. Rozbrat do parku im. Rydza Śmigłego,"Godna praca, godna płaca, godna emerytura",11750,Hasło;Trasa;Trasa_alt;Frekwencja,11750,4,demonstracja
2013_PL_demonstracja_OPZZ,2013,Lata,PL,OPZZ,demonstracja,name,OPZZ,False,zwiazkowe,Pochód OPZZ 2013,,Godna praca – dość wyzysku!,20000,20000,LineString,2190.1,"52.23795,21.02033","52.22708,21.03307",23,umap_backup_1-maja_warszawa9.umap,,False,mapa+rocznik,pelny,spod siedziby OPZZ – ul. Świętokrzyską – ul. Nowy Świat - rondo de Gaull’ea – ul. Nowy Świat – pl. Trzech Krzyży - ul. Książęca – ul. Rozbrat do parku im. Rydza Śmigłego,"Godna praca - dość wyzysku!
Żądamy zwrotu ukradzionych nam mieszkań
„Tusk do roboty, za 500 złotych”
, „Tusk się śmieje – lud biednieje”
, „Dziś Platformę zatopimy, a Donalda pogonimy”",20000,Hasło;Trasa;Trasa_alt;Hasła_radykalne;Hasła_OPZZ;Hasła;Frekwencja,20000,3,demonstracja
2014_PL_demonstracja_OPZZ,2014,Lata,PL,OPZZ,demonstracja,name,OPZZ,False,zwiazkowe,Pochód OPZZ 2014,,Godna praca; dość umów śmieciowych,7333,7333,LineString,2190.1,"52.23795,21.02033","52.22708,21.03307",24,umap_backup_1-maja_warszawa9.umap,,False,mapa+rocznik,pelny,spod siedziby OPZZ – ul. Świętokrzyską – ul. Nowy Świat - rondo de Gaull’ea – ul. Nowy Świat – pl. Trzech Krzyży - ul. Książęca – ul. Rozbrat do parku im. Rydza Śmigłego,Godna praca dość umów śmieciowych,7333,Hasło;Trasa;Trasa_alt;Frekwencja,7333,3,demonstracja
2016_PL_demonstracja_OPZZ,2016,Lata,PL,OPZZ,demonstracja,name,OPZZ,False,zwiazkowe,Pochód OPZZ 2016,"## 2003
*OPZZ nie było organizatorem pochodu z powodu biedy bezrobocia. Jego organizacją zajął się w całości SLD, a OPZZ był tylko gościem.* (Janusz Gołąb)","Dobra zmiana to godna praca, płaca i emerytura",3667,3667,LineString,1743.1,"52.23795,21.02033","52.22562,21.02707",25,umap_backup_1-maja_warszawa9.umap,,False,mapa+rocznik,pelny,spod OPZZ – ul. Świętokrzyską - ul. Nowy Świat - rondo de Gaull’ea – ul. Nowy Świat – pl. Trzech Krzyży – al. Ujazdowskie - ul. Matejki – Sejm RP.,"Dobra zmiana to godna praca, płaca i emerytura
Dzisiaj święto ludzi Pracy – godnej płacy chcą Polacy
„Służba zdrowia ciężko chora, trudno znaleźć dziś doktora
„Nauczyciel pracy szuka – chora też jest i nauka”
”Młodzież jedzie za granice i zamiata tam ulice”
„Będzie praca – będzie raj  –  Polska przecież to nasz kraj (ZZKiM)""",3667,Hasło;Trasa;Trasa_alt;Hasła_OPZZ;Hasła_radykalne;Frekwencja,3667,3,demonstracja
2017_PL_demonstracja_OPZZ,2017,Lata,PL,OPZZ,demonstracja,name,OPZZ,False,zwiazkowe,Pochód OPZZ 2017,,"Przywróćmy godną pracę; Konstytucja naszym prawem; Dobra zmiana to godna praca, płaca i emerytura",650,650,LineString,1119.8,"52.23795,21.02033","52.24574,21.01372",26,umap_backup_1-maja_warszawa9.umap,,False,mapa+rocznik,pelny,spod siedziby OPZZ – ul. Świętokrzyską - ul. Krakowskie Przedmieście/Miodowa gdzie odbywał się piknik.,"Przywróćmy godną pracę
Konstytucja naszym prawem
Dobra zmiana to godna praca, płaca i emerytura
-
Tak godniej pracy! Nie wyzyskowi!
Europa potrzebuje podwyżki płac!",650,Hasło;Trasa;Trasa_alt;Hasła_OPZZ;Frekwencja,650,2,demonstracja
2018_PL_demonstracja_OPZZ,2018,Lata,PL,OPZZ,demonstracja,name,OPZZ,False,zwiazkowe,Pochód OPZZ 2018,,Polska potrzebuje wyższych płac!,775,775,LineString,1119.8,"52.23795,21.02033","52.24574,21.01372",27,umap_backup_1-maja_warszawa9.umap,,False,mapa+rocznik,pelny,spod siedziby OPZZ – ul. Świętokrzyską - ul. Krakowskie Przedmieście/Miodowa gdzie odbywał się piknik.,"Polska potrzebuje wyższych płac!
Zdrowie Najwyższą Wartością
Emerytury Również za Staż Pracy
Przywróćmy godną pracę
Konstytucja naszym prawem",775,Hasło;Trasa;Trasa_alt;Hasła_OPZZ;Frekwencja,775,4,demonstracja
2001_PL_demonstracja_Parada-Rownosci,2001,Lata,PL,Parada Równości,demonstracja,warstwa,Parada Równości,False,niezwiazkowe,Parada Równości 2001,"14:00 Plac Zamkowy
*Z polityków był obecny tylko Piotr Ikonowicz, reprezentujący wtedy PPS, i Robert Biedroń, występujący jako działacz SLD* (rp.pl 2011)
* W Warszawie swoją paradę zorganizowali też geje i lesbijki, domagając się równości wobec prawa. Ich manifestacja przeszła Nowym Światem. Wzięło w niej udział około 200 osób, w tym popierający gejowskie postulaty członkowie lewicowych organizacji.* (Wyborcza, 2001)

",,200,200,LineString,900.8,"52.24613,21.013627","52.238451,21.017661",0,umap_backup_1-maja_warszawa9.umap,,False,tylko mapa,,,,,,,,
2002_PL_demonstracja_Parada-Rownosci,2002,Lata,PL,Parada Równości,demonstracja,warstwa,Parada Równości,False,niezwiazkowe,Parada Równości 2002,"Spod Pomnika ruszyliśmy o 13.30, Już na początku dało się zauważyć, że jest było nas dużo więcej niż w zeszłym roku. (Niemiec, queer.pl)

*Pod Pałacem Prezydenckim wypowiadali się przedstawiciele Unii Wolności, PPS-u, a prezes KPH przeczytał manifest do polityków. Później poszliśmy pod Kolumnę Zygmunta. Nigdy nie zapomnę widoku tego tłumu, który wyszedł wtedy na ulice Warszawy, żeby pokazać, że geje i lesbijki też mają prawo do życia. Dołączyli do nas Anarchiści, Socjaliści, Robotnicy, Feministki, Niepełnosprawni i wiele innych osób, które identyfikowały się z naszymi postulatami. Ci wszyscy ludzie chwycili się z nami za ręce pod Kolumną Zygmunta, by razem zaśpiewać ""We are the world"". Wielu z nas, organizatorów, miało wtedy łzy w oczach.* (Niemiec, queer.pl)",,1500,1500,LineString,960.2,"52.24613,21.013627","52.237997,21.018134",1,umap_backup_1-maja_warszawa9.umap,,False,tylko mapa,,,,,,,,
2003_PL_demonstracja_Parada-Rownosci,2003,Lata,PL,Parada Równości,demonstracja,warstwa,Parada Równości,False,niezwiazkowe,Parada Równości 2003,"Pochód wyruszył punktualnie o godzinie 13.30. Jego czoło stanowiła udekorowana platforma z nagłośnieniem. (...) Trasa wiodła od Placu Zamkowego, przez Krakowie Przemieście i Nowy Świat pod gmach Sejmu, gdzie odbyła się końcowa manifestacja.

**Jedna z rozgłośni poinformowała, że Parada była największą pierwszomajową manifestacją w stolicy.** (queer.pl)",,3500,3500,LineString,2518.7,"52.24613,21.013627","52.225539,21.027102",2,umap_backup_1-maja_warszawa9.umap,,False,tylko mapa,,,,,,,,
1990_PL_wiec_Wizyta-Wojciecha-Jaruzelskiego-w-elektro,1990,Lata,PL,Inne wydarzenia,wiec,geometria,,True,niezwiazkowe,1990. Wizyta Wojciecha Jaruzelskiego w elektrociepłowni Żerań,"*Choć tegoroczne obchody Święta Pracy nie miały tak uroczystej oprawy, jak to bywało w minionych latach, ważne jest, aby były one nacechowane szacunkiem dia ludzkiej pracy i zrozumieniem jej ważności. Moja wizyta w Żerańskiej elektrociepłowni miała dać temu wyraz - powiedzial 1 bm. prezydent Wojciech Jaruzelski, który tego dnia odwiedził warszawskich energetyków. Prezydent złożył też kwiaty pod Bramą Straceń Cytadeli Warszawskiej i wpisał się do ksiegi pamiątkowej* (Dziennik Trybuna)",,,,Point,,"52.2944909,20.9920053","52.2944909,20.9920053",0,umap_backup_1-maja_warszawa9.umap,,True,tylko mapa,,,,,,,,
1998_PL_wiec_Niebieska-Alternatywa-Kapitalizm-jest-li,1998,Lata,PL,Inne wydarzenia,wiec,geometria,,True,niezwiazkowe,"1998. Niebieska Alternatywa. Kapitalizm jest liberalny, liberalizm jest kapitalny","*Stowarzyszenie ""Młodzi Demokraci"" o 20 planuje happening ""Niebieska alternatywa"" i będzie to ""manifestacja wyższości kapitalizmu nad socjalizmem"". Impreza odbędzie się na skwerze Hoovera. Podczas happeningu przewidziano m.in. koncert irlandzkiego bluesmana Henry'ego McCullougha, będą też cytowane najbardziej absurdalne opinie na temat kapitalizmu i gospodarki wolnorynkowej zamieszczone w ""Trybunie Ludu"".* (Wyborcza)",,,,Point,,"52.244521,21.014517","52.244521,21.014517",1,umap_backup_1-maja_warszawa9.umap,,True,tylko mapa,,,,,,,,
2011_PL_wiec_Beatification-of-John-Paul-II,2011,Lata,PL,Inne wydarzenia,wiec,geometria,,True,niezwiazkowe,2011 Beatification of John Paul II,"Około tysiąca osób mimo chłodu i deszczu zebrało się na Pl. Piłsudskiego w Warszawie, gdzie na dwóch telebimach można oglądać transmisję beatyfikacji Jana Pawła II z Watykanu. Organizatorzy przygotowali ok. tysiąca miejsc siedzących. Są one przeznaczone przede wszystkim dla osób starszych lub mających trudności z poruszaniem się. (wprost 2011)",,1000,1000,Point,,"52.241282,21.012644","52.241282,21.012644",2,umap_backup_1-maja_warszawa9.umap,,True,tylko mapa,,,,,,,,
2012_PL_wiec_Kongres-za-ozycielski-partii-Palikota-Ko,2012,Lata,PL,Inne wydarzenia,wiec,geometria,,True,niezwiazkowe,"2012. Kongres założycielski partii Palikota. ""Korekta kapitalizmu""","*w Pałacu Kultury o 11 odbędzie się kongres ""Korekta kapitalizmu"", a pod Pałacem demonstracja jego Ruchu.* (Wyborcza)",,,,Point,,"52.231566,21.007491","52.231566,21.007491",3,umap_backup_1-maja_warszawa9.umap,,True,tylko mapa,,,,,,,,
2014_PL_wiec_Zieloni-Partia-Zieloni-happening,2014,Lata,PL,Inne wydarzenia,wiec,geometria,Zieloni,True,niezwiazkowe,2014. Partia Zieloni happening,"*o godz. 10, happening przed siedzibą Komisji Europejskiej przy ul. Jasnej organizują Zieloni. Przedstawiciele tej partii zapowiadają symboliczne przybicie ""do drzwi Unii Europejskiej"" swoich postulatów dotyczących pracy i praw pracowniczych w Polsce i w Europie oraz wprowadzania w Polsce europejskich standardów zatrudnienia.* (dzieje.pl)",,,,Point,,"52.235545,21.011272","52.235545,21.011272",4,umap_backup_1-maja_warszawa9.umap,,True,tylko mapa,,,,,,,,
1990_PL_wiec_Solidarnosc,1990,Lata,PL,Solidarność,wiec,name,Solidarność,False,zwiazkowe,1990 Solidarność Walcząca rally,"At 9.00, SW organised a one-hour rally in Constitution Square. Clashes broke out between left-wing and right-wing groups outside the Congress Hall and on the fringes of the pluralist marches. (Solidarność Walcząca, 7.05.1990)",,,,Point,,"52.221842,21.016655","52.221842,21.016655",0,umap_backup_1-maja_warszawa9.umap,,False,tylko mapa,,,,,,,,
1990_PL_demonstracja_Solidarnosc,1990,Lata,PL,Solidarność,demonstracja,warstwa,Solidarność,False,zwiazkowe,1990-1996; 1998; 2000; 2003; 2007; 2009 Msza święta z okazji dnia św. Józefa Robotnika,"Coroczna msza pierwszomajowa Solidarności regionu Mazowsze w kościele św. Stanisława Kostki na Żoliborzu, organizowana nieprzerwanie od 1981 roku (parafia ks. Popiełuszki) (TVP 1991) 
## 1990
Kilka tysięcy osób uczestniczyło w tradycyjnej uroczystej mszy w kościele św. Stanisława Kostki. Rok temu podobna msza zakończyła się 100-tysięcz-nym pochodem, tym razem pochodu nie było. (GW 1.05.1990)

## 1991


## 1992 
*,Solidarność' się modliła w kościół św. Stanisława Kostki, mszę celebrował ks. Michalak Henryk* (Wyborcza)

## 1994
Działacze Solidarności spotkali się na mszy w kościele św. Stanisława Kostki (TVP)

## 1995
*Przedstawiciele Regionu Mazowsze NSZZ ""Solidarność"" zgromadzili się na pierwszomajowym nabożeństwie w kościele św. Stanisława Kostki na Żoliborzu. - Praca jednoczy człowieka z Bogiem i z drugim człowiekiem - mówił do zgromadzonych biskup Piotr Jarecki. Po mszy wierni i delegaci ""Solidarności"" przeszli z kwiatami i sztandarami pod grób księdza Jerzego Popiełuszki.* (Wyborcza)
## 1997
NSZZ ""Solidarność"" **nie organizuje** w Warszawie żadnych uroczystości. Jak co roku związek organizuje w tym dniu ogólnopolską pielgrzymkę robotników do bazyliki św. Józefa w Kaliszu. (Wyborcza)
## 1998
*""S"" z Warszawy weźmie udział w nabożeństwie o godz. 10 w kościele św. Stanisława Kostki i nie będzie tego dnia manifestować na ulicach stolicy.* (Wyborcza)

## 2000
kościół św.
Stanisława Kostki, msza, poczty sztandarowe, fragment homilii ks.
Stanisława Małkowskiego, wierni, procesja (TVP)

## 2003
kościół św. Stanisława Kostki, poczty sztandarowe (TVP)

## 2006
Brak info na stronie; nie działają linki do wydań Kuriera Mazowsza

## 2007
1 maja br. o godz. 10.00 w kościele Św. Stanisława Kostki na warszawskim Żoliborzu odbędzie się uroczysta Msza Święta w intencji Ludzi Pracy.

Do udziału we Mszy Świętej zapraszamy poczty sztandarowe. (Solidarność Mazowsze)

## 2009
Ks. Prałat Zygmunt Malacki – Proboszcz parafii św. Stanisława Kostki na warszawskim Żoliborzu – zaprasza w dniu 1 maja br. o godz. 10.00 na Mszę św. w intencji ludzi pracy. (Solidarność)

## 2016
Brak info o mszy; 23 kwietnia rocznica imienin Popiełuszki, 27 kwietnia pielgrzymka ogólnopolska do Lichenia


## 2018
Brak info w Kurierze Mazowsza i na stronie Solidarności Mazowsze o mszy 

## 2019
Info o XX pielgrzymce w Kaliszu; brak info o mszy na żoliborzu. 12 kwietnia odbywa się Droga Krzyżowa Ludzi Pracy

## 2020
Informacja ze strony solidarności w marcu informuje o wydarzeniach, które nie odbędą się z powodu obostrzeń sanitarnych. Nie wymienia mszy świętej z okazji dnia św. Józefa Robotnika na Żoliborzu, tak jakby nie odbywała się ona rzeczywiście od wielu lat ",,,,Point,,"52.267744,20.984015","52.267744,20.984015",1,umap_backup_1-maja_warszawa9.umap,,False,tylko mapa,,,,,,,,
1991_PL_demonstracja_Solidarnosc,1991,Lata,PL,Solidarność,demonstracja,warstwa,Solidarność,False,zwiazkowe,1990-1996; 1998; 2000; 2003; 2007; 2009 Msza święta z okazji dnia św. Józefa Robotnika,"Coroczna msza pierwszomajowa Solidarności regionu Mazowsze w kościele św. Stanisława Kostki na Żoliborzu, organizowana nieprzerwanie od 1981 roku (parafia ks. Popiełuszki) (TVP 1991) 
## 1990
Kilka tysięcy osób uczestniczyło w tradycyjnej uroczystej mszy w kościele św. Stanisława Kostki. Rok temu podobna msza zakończyła się 100-tysięcz-nym pochodem, tym razem pochodu nie było. (GW 1.05.1990)

## 1991


## 1992 
*,Solidarność' się modliła w kościół św. Stanisława Kostki, mszę celebrował ks. Michalak Henryk* (Wyborcza)

## 1994
Działacze Solidarności spotkali się na mszy w kościele św. Stanisława Kostki (TVP)

## 1995
*Przedstawiciele Regionu Mazowsze NSZZ ""Solidarność"" zgromadzili się na pierwszomajowym nabożeństwie w kościele św. Stanisława Kostki na Żoliborzu. - Praca jednoczy człowieka z Bogiem i z drugim człowiekiem - mówił do zgromadzonych biskup Piotr Jarecki. Po mszy wierni i delegaci ""Solidarności"" przeszli z kwiatami i sztandarami pod grób księdza Jerzego Popiełuszki.* (Wyborcza)
## 1997
NSZZ ""Solidarność"" **nie organizuje** w Warszawie żadnych uroczystości. Jak co roku związek organizuje w tym dniu ogólnopolską pielgrzymkę robotników do bazyliki św. Józefa w Kaliszu. (Wyborcza)
## 1998
*""S"" z Warszawy weźmie udział w nabożeństwie o godz. 10 w kościele św. Stanisława Kostki i nie będzie tego dnia manifestować na ulicach stolicy.* (Wyborcza)

## 2000
kościół św.
Stanisława Kostki, msza, poczty sztandarowe, fragment homilii ks.
Stanisława Małkowskiego, wierni, procesja (TVP)

## 2003
kościół św. Stanisława Kostki, poczty sztandarowe (TVP)

## 2006
Brak info na stronie; nie działają linki do wydań Kuriera Mazowsza

## 2007
1 maja br. o godz. 10.00 w kościele Św. Stanisława Kostki na warszawskim Żoliborzu odbędzie się uroczysta Msza Święta w intencji Ludzi Pracy.

Do udziału we Mszy Świętej zapraszamy poczty sztandarowe. (Solidarność Mazowsze)

## 2009
Ks. Prałat Zygmunt Malacki – Proboszcz parafii św. Stanisława Kostki na warszawskim Żoliborzu – zaprasza w dniu 1 maja br. o godz. 10.00 na Mszę św. w intencji ludzi pracy. (Solidarność)

## 2016
Brak info o mszy; 23 kwietnia rocznica imienin Popiełuszki, 27 kwietnia pielgrzymka ogólnopolska do Lichenia


## 2018
Brak info w Kurierze Mazowsza i na stronie Solidarności Mazowsze o mszy 

## 2019
Info o XX pielgrzymce w Kaliszu; brak info o mszy na żoliborzu. 12 kwietnia odbywa się Droga Krzyżowa Ludzi Pracy

## 2020
Informacja ze strony solidarności w marcu informuje o wydarzeniach, które nie odbędą się z powodu obostrzeń sanitarnych. Nie wymienia mszy świętej z okazji dnia św. Józefa Robotnika na Żoliborzu, tak jakby nie odbywała się ona rzeczywiście od wielu lat ",,,,Point,,"52.267744,20.984015","52.267744,20.984015",1,umap_backup_1-maja_warszawa9.umap,,False,tylko mapa,,,,,,,,
1992_PL_demonstracja_Solidarnosc,1992,Lata,PL,Solidarność,demonstracja,warstwa,Solidarność,False,zwiazkowe,1990-1996; 1998; 2000; 2003; 2007; 2009 Msza święta z okazji dnia św. Józefa Robotnika,"Coroczna msza pierwszomajowa Solidarności regionu Mazowsze w kościele św. Stanisława Kostki na Żoliborzu, organizowana nieprzerwanie od 1981 roku (parafia ks. Popiełuszki) (TVP 1991) 
## 1990
Kilka tysięcy osób uczestniczyło w tradycyjnej uroczystej mszy w kościele św. Stanisława Kostki. Rok temu podobna msza zakończyła się 100-tysięcz-nym pochodem, tym razem pochodu nie było. (GW 1.05.1990)

## 1991


## 1992 
*,Solidarność' się modliła w kościół św. Stanisława Kostki, mszę celebrował ks. Michalak Henryk* (Wyborcza)

## 1994
Działacze Solidarności spotkali się na mszy w kościele św. Stanisława Kostki (TVP)

## 1995
*Przedstawiciele Regionu Mazowsze NSZZ ""Solidarność"" zgromadzili się na pierwszomajowym nabożeństwie w kościele św. Stanisława Kostki na Żoliborzu. - Praca jednoczy człowieka z Bogiem i z drugim człowiekiem - mówił do zgromadzonych biskup Piotr Jarecki. Po mszy wierni i delegaci ""Solidarności"" przeszli z kwiatami i sztandarami pod grób księdza Jerzego Popiełuszki.* (Wyborcza)
## 1997
NSZZ ""Solidarność"" **nie organizuje** w Warszawie żadnych uroczystości. Jak co roku związek organizuje w tym dniu ogólnopolską pielgrzymkę robotników do bazyliki św. Józefa w Kaliszu. (Wyborcza)
## 1998
*""S"" z Warszawy weźmie udział w nabożeństwie o godz. 10 w kościele św. Stanisława Kostki i nie będzie tego dnia manifestować na ulicach stolicy.* (Wyborcza)

## 2000
kościół św.
Stanisława Kostki, msza, poczty sztandarowe, fragment homilii ks.
Stanisława Małkowskiego, wierni, procesja (TVP)

## 2003
kościół św. Stanisława Kostki, poczty sztandarowe (TVP)

## 2006
Brak info na stronie; nie działają linki do wydań Kuriera Mazowsza

## 2007
1 maja br. o godz. 10.00 w kościele Św. Stanisława Kostki na warszawskim Żoliborzu odbędzie się uroczysta Msza Święta w intencji Ludzi Pracy.

Do udziału we Mszy Świętej zapraszamy poczty sztandarowe. (Solidarność Mazowsze)

## 2009
Ks. Prałat Zygmunt Malacki – Proboszcz parafii św. Stanisława Kostki na warszawskim Żoliborzu – zaprasza w dniu 1 maja br. o godz. 10.00 na Mszę św. w intencji ludzi pracy. (Solidarność)

## 2016
Brak info o mszy; 23 kwietnia rocznica imienin Popiełuszki, 27 kwietnia pielgrzymka ogólnopolska do Lichenia


## 2018
Brak info w Kurierze Mazowsza i na stronie Solidarności Mazowsze o mszy 

## 2019
Info o XX pielgrzymce w Kaliszu; brak info o mszy na żoliborzu. 12 kwietnia odbywa się Droga Krzyżowa Ludzi Pracy

## 2020
Informacja ze strony solidarności w marcu informuje o wydarzeniach, które nie odbędą się z powodu obostrzeń sanitarnych. Nie wymienia mszy świętej z okazji dnia św. Józefa Robotnika na Żoliborzu, tak jakby nie odbywała się ona rzeczywiście od wielu lat ",,,,Point,,"52.267744,20.984015","52.267744,20.984015",1,umap_backup_1-maja_warszawa9.umap,,False,tylko mapa,,,,,,,,
1993_PL_demonstracja_Solidarnosc,1993,Lata,PL,Solidarność,demonstracja,warstwa,Solidarność,False,zwiazkowe,1990-1996; 1998; 2000; 2003; 2007; 2009 Msza święta z okazji dnia św. Józefa Robotnika,"Coroczna msza pierwszomajowa Solidarności regionu Mazowsze w kościele św. Stanisława Kostki na Żoliborzu, organizowana nieprzerwanie od 1981 roku (parafia ks. Popiełuszki) (TVP 1991) 
## 1990
Kilka tysięcy osób uczestniczyło w tradycyjnej uroczystej mszy w kościele św. Stanisława Kostki. Rok temu podobna msza zakończyła się 100-tysięcz-nym pochodem, tym razem pochodu nie było. (GW 1.05.1990)

## 1991


## 1992 
*,Solidarność' się modliła w kościół św. Stanisława Kostki, mszę celebrował ks. Michalak Henryk* (Wyborcza)

## 1994
Działacze Solidarności spotkali się na mszy w kościele św. Stanisława Kostki (TVP)

## 1995
*Przedstawiciele Regionu Mazowsze NSZZ ""Solidarność"" zgromadzili się na pierwszomajowym nabożeństwie w kościele św. Stanisława Kostki na Żoliborzu. - Praca jednoczy człowieka z Bogiem i z drugim człowiekiem - mówił do zgromadzonych biskup Piotr Jarecki. Po mszy wierni i delegaci ""Solidarności"" przeszli z kwiatami i sztandarami pod grób księdza Jerzego Popiełuszki.* (Wyborcza)
## 1997
NSZZ ""Solidarność"" **nie organizuje** w Warszawie żadnych uroczystości. Jak co roku związek organizuje w tym dniu ogólnopolską pielgrzymkę robotników do bazyliki św. Józefa w Kaliszu. (Wyborcza)
## 1998
*""S"" z Warszawy weźmie udział w nabożeństwie o godz. 10 w kościele św. Stanisława Kostki i nie będzie tego dnia manifestować na ulicach stolicy.* (Wyborcza)

## 2000
kościół św.
Stanisława Kostki, msza, poczty sztandarowe, fragment homilii ks.
Stanisława Małkowskiego, wierni, procesja (TVP)

## 2003
kościół św. Stanisława Kostki, poczty sztandarowe (TVP)

## 2006
Brak info na stronie; nie działają linki do wydań Kuriera Mazowsza

## 2007
1 maja br. o godz. 10.00 w kościele Św. Stanisława Kostki na warszawskim Żoliborzu odbędzie się uroczysta Msza Święta w intencji Ludzi Pracy.

Do udziału we Mszy Świętej zapraszamy poczty sztandarowe. (Solidarność Mazowsze)

## 2009
Ks. Prałat Zygmunt Malacki – Proboszcz parafii św. Stanisława Kostki na warszawskim Żoliborzu – zaprasza w dniu 1 maja br. o godz. 10.00 na Mszę św. w intencji ludzi pracy. (Solidarność)

## 2016
Brak info o mszy; 23 kwietnia rocznica imienin Popiełuszki, 27 kwietnia pielgrzymka ogólnopolska do Lichenia


## 2018
Brak info w Kurierze Mazowsza i na stronie Solidarności Mazowsze o mszy 

## 2019
Info o XX pielgrzymce w Kaliszu; brak info o mszy na żoliborzu. 12 kwietnia odbywa się Droga Krzyżowa Ludzi Pracy

## 2020
Informacja ze strony solidarności w marcu informuje o wydarzeniach, które nie odbędą się z powodu obostrzeń sanitarnych. Nie wymienia mszy świętej z okazji dnia św. Józefa Robotnika na Żoliborzu, tak jakby nie odbywała się ona rzeczywiście od wielu lat ",,,,Point,,"52.267744,20.984015","52.267744,20.984015",1,umap_backup_1-maja_warszawa9.umap,,False,tylko mapa,,,,,,,,
1994_PL_demonstracja_Solidarnosc,1994,Lata,PL,Solidarność,demonstracja,warstwa,Solidarność,False,zwiazkowe,1990-1996; 1998; 2000; 2003; 2007; 2009 Msza święta z okazji dnia św. Józefa Robotnika,"Coroczna msza pierwszomajowa Solidarności regionu Mazowsze w kościele św. Stanisława Kostki na Żoliborzu, organizowana nieprzerwanie od 1981 roku (parafia ks. Popiełuszki) (TVP 1991) 
## 1990
Kilka tysięcy osób uczestniczyło w tradycyjnej uroczystej mszy w kościele św. Stanisława Kostki. Rok temu podobna msza zakończyła się 100-tysięcz-nym pochodem, tym razem pochodu nie było. (GW 1.05.1990)

## 1991


## 1992 
*,Solidarność' się modliła w kościół św. Stanisława Kostki, mszę celebrował ks. Michalak Henryk* (Wyborcza)

## 1994
Działacze Solidarności spotkali się na mszy w kościele św. Stanisława Kostki (TVP)

## 1995
*Przedstawiciele Regionu Mazowsze NSZZ ""Solidarność"" zgromadzili się na pierwszomajowym nabożeństwie w kościele św. Stanisława Kostki na Żoliborzu. - Praca jednoczy człowieka z Bogiem i z drugim człowiekiem - mówił do zgromadzonych biskup Piotr Jarecki. Po mszy wierni i delegaci ""Solidarności"" przeszli z kwiatami i sztandarami pod grób księdza Jerzego Popiełuszki.* (Wyborcza)
## 1997
NSZZ ""Solidarność"" **nie organizuje** w Warszawie żadnych uroczystości. Jak co roku związek organizuje w tym dniu ogólnopolską pielgrzymkę robotników do bazyliki św. Józefa w Kaliszu. (Wyborcza)
## 1998
*""S"" z Warszawy weźmie udział w nabożeństwie o godz. 10 w kościele św. Stanisława Kostki i nie będzie tego dnia manifestować na ulicach stolicy.* (Wyborcza)

## 2000
kościół św.
Stanisława Kostki, msza, poczty sztandarowe, fragment homilii ks.
Stanisława Małkowskiego, wierni, procesja (TVP)

## 2003
kościół św. Stanisława Kostki, poczty sztandarowe (TVP)

## 2006
Brak info na stronie; nie działają linki do wydań Kuriera Mazowsza

## 2007
1 maja br. o godz. 10.00 w kościele Św. Stanisława Kostki na warszawskim Żoliborzu odbędzie się uroczysta Msza Święta w intencji Ludzi Pracy.

Do udziału we Mszy Świętej zapraszamy poczty sztandarowe. (Solidarność Mazowsze)

## 2009
Ks. Prałat Zygmunt Malacki – Proboszcz parafii św. Stanisława Kostki na warszawskim Żoliborzu – zaprasza w dniu 1 maja br. o godz. 10.00 na Mszę św. w intencji ludzi pracy. (Solidarność)

## 2016
Brak info o mszy; 23 kwietnia rocznica imienin Popiełuszki, 27 kwietnia pielgrzymka ogólnopolska do Lichenia


## 2018
Brak info w Kurierze Mazowsza i na stronie Solidarności Mazowsze o mszy 

## 2019
Info o XX pielgrzymce w Kaliszu; brak info o mszy na żoliborzu. 12 kwietnia odbywa się Droga Krzyżowa Ludzi Pracy

## 2020
Informacja ze strony solidarności w marcu informuje o wydarzeniach, które nie odbędą się z powodu obostrzeń sanitarnych. Nie wymienia mszy świętej z okazji dnia św. Józefa Robotnika na Żoliborzu, tak jakby nie odbywała się ona rzeczywiście od wielu lat ",,,,Point,,"52.267744,20.984015","52.267744,20.984015",1,umap_backup_1-maja_warszawa9.umap,,False,tylko mapa,,,,,,,,
1995_PL_demonstracja_Solidarnosc,1995,Lata,PL,Solidarność,demonstracja,warstwa,Solidarność,False,zwiazkowe,1990-1996; 1998; 2000; 2003; 2007; 2009 Msza święta z okazji dnia św. Józefa Robotnika,"Coroczna msza pierwszomajowa Solidarności regionu Mazowsze w kościele św. Stanisława Kostki na Żoliborzu, organizowana nieprzerwanie od 1981 roku (parafia ks. Popiełuszki) (TVP 1991) 
## 1990
Kilka tysięcy osób uczestniczyło w tradycyjnej uroczystej mszy w kościele św. Stanisława Kostki. Rok temu podobna msza zakończyła się 100-tysięcz-nym pochodem, tym razem pochodu nie było. (GW 1.05.1990)

## 1991


## 1992 
*,Solidarność' się modliła w kościół św. Stanisława Kostki, mszę celebrował ks. Michalak Henryk* (Wyborcza)

## 1994
Działacze Solidarności spotkali się na mszy w kościele św. Stanisława Kostki (TVP)

## 1995
*Przedstawiciele Regionu Mazowsze NSZZ ""Solidarność"" zgromadzili się na pierwszomajowym nabożeństwie w kościele św. Stanisława Kostki na Żoliborzu. - Praca jednoczy człowieka z Bogiem i z drugim człowiekiem - mówił do zgromadzonych biskup Piotr Jarecki. Po mszy wierni i delegaci ""Solidarności"" przeszli z kwiatami i sztandarami pod grób księdza Jerzego Popiełuszki.* (Wyborcza)
## 1997
NSZZ ""Solidarność"" **nie organizuje** w Warszawie żadnych uroczystości. Jak co roku związek organizuje w tym dniu ogólnopolską pielgrzymkę robotników do bazyliki św. Józefa w Kaliszu. (Wyborcza)
## 1998
*""S"" z Warszawy weźmie udział w nabożeństwie o godz. 10 w kościele św. Stanisława Kostki i nie będzie tego dnia manifestować na ulicach stolicy.* (Wyborcza)

## 2000
kościół św.
Stanisława Kostki, msza, poczty sztandarowe, fragment homilii ks.
Stanisława Małkowskiego, wierni, procesja (TVP)

## 2003
kościół św. Stanisława Kostki, poczty sztandarowe (TVP)

## 2006
Brak info na stronie; nie działają linki do wydań Kuriera Mazowsza

## 2007
1 maja br. o godz. 10.00 w kościele Św. Stanisława Kostki na warszawskim Żoliborzu odbędzie się uroczysta Msza Święta w intencji Ludzi Pracy.

Do udziału we Mszy Świętej zapraszamy poczty sztandarowe. (Solidarność Mazowsze)

## 2009
Ks. Prałat Zygmunt Malacki – Proboszcz parafii św. Stanisława Kostki na warszawskim Żoliborzu – zaprasza w dniu 1 maja br. o godz. 10.00 na Mszę św. w intencji ludzi pracy. (Solidarność)

## 2016
Brak info o mszy; 23 kwietnia rocznica imienin Popiełuszki, 27 kwietnia pielgrzymka ogólnopolska do Lichenia


## 2018
Brak info w Kurierze Mazowsza i na stronie Solidarności Mazowsze o mszy 

## 2019
Info o XX pielgrzymce w Kaliszu; brak info o mszy na żoliborzu. 12 kwietnia odbywa się Droga Krzyżowa Ludzi Pracy

## 2020
Informacja ze strony solidarności w marcu informuje o wydarzeniach, które nie odbędą się z powodu obostrzeń sanitarnych. Nie wymienia mszy świętej z okazji dnia św. Józefa Robotnika na Żoliborzu, tak jakby nie odbywała się ona rzeczywiście od wielu lat ",,,,Point,,"52.267744,20.984015","52.267744,20.984015",1,umap_backup_1-maja_warszawa9.umap,,False,tylko mapa,,,,,,,,
1996_PL_demonstracja_Solidarnosc,1996,Lata,PL,Solidarność,demonstracja,warstwa,Solidarność,False,zwiazkowe,1990-1996; 1998; 2000; 2003; 2007; 2009 Msza święta z okazji dnia św. Józefa Robotnika,"Coroczna msza pierwszomajowa Solidarności regionu Mazowsze w kościele św. Stanisława Kostki na Żoliborzu, organizowana nieprzerwanie od 1981 roku (parafia ks. Popiełuszki) (TVP 1991) 
## 1990
Kilka tysięcy osób uczestniczyło w tradycyjnej uroczystej mszy w kościele św. Stanisława Kostki. Rok temu podobna msza zakończyła się 100-tysięcz-nym pochodem, tym razem pochodu nie było. (GW 1.05.1990)

## 1991


## 1992 
*,Solidarność' się modliła w kościół św. Stanisława Kostki, mszę celebrował ks. Michalak Henryk* (Wyborcza)

## 1994
Działacze Solidarności spotkali się na mszy w kościele św. Stanisława Kostki (TVP)

## 1995
*Przedstawiciele Regionu Mazowsze NSZZ ""Solidarność"" zgromadzili się na pierwszomajowym nabożeństwie w kościele św. Stanisława Kostki na Żoliborzu. - Praca jednoczy człowieka z Bogiem i z drugim człowiekiem - mówił do zgromadzonych biskup Piotr Jarecki. Po mszy wierni i delegaci ""Solidarności"" przeszli z kwiatami i sztandarami pod grób księdza Jerzego Popiełuszki.* (Wyborcza)
## 1997
NSZZ ""Solidarność"" **nie organizuje** w Warszawie żadnych uroczystości. Jak co roku związek organizuje w tym dniu ogólnopolską pielgrzymkę robotników do bazyliki św. Józefa w Kaliszu. (Wyborcza)
## 1998
*""S"" z Warszawy weźmie udział w nabożeństwie o godz. 10 w kościele św. Stanisława Kostki i nie będzie tego dnia manifestować na ulicach stolicy.* (Wyborcza)

## 2000
kościół św.
Stanisława Kostki, msza, poczty sztandarowe, fragment homilii ks.
Stanisława Małkowskiego, wierni, procesja (TVP)

## 2003
kościół św. Stanisława Kostki, poczty sztandarowe (TVP)

## 2006
Brak info na stronie; nie działają linki do wydań Kuriera Mazowsza

## 2007
1 maja br. o godz. 10.00 w kościele Św. Stanisława Kostki na warszawskim Żoliborzu odbędzie się uroczysta Msza Święta w intencji Ludzi Pracy.

Do udziału we Mszy Świętej zapraszamy poczty sztandarowe. (Solidarność Mazowsze)

## 2009
Ks. Prałat Zygmunt Malacki – Proboszcz parafii św. Stanisława Kostki na warszawskim Żoliborzu – zaprasza w dniu 1 maja br. o godz. 10.00 na Mszę św. w intencji ludzi pracy. (Solidarność)

## 2016
Brak info o mszy; 23 kwietnia rocznica imienin Popiełuszki, 27 kwietnia pielgrzymka ogólnopolska do Lichenia


## 2018
Brak info w Kurierze Mazowsza i na stronie Solidarności Mazowsze o mszy 

## 2019
Info o XX pielgrzymce w Kaliszu; brak info o mszy na żoliborzu. 12 kwietnia odbywa się Droga Krzyżowa Ludzi Pracy

## 2020
Informacja ze strony solidarności w marcu informuje o wydarzeniach, które nie odbędą się z powodu obostrzeń sanitarnych. Nie wymienia mszy świętej z okazji dnia św. Józefa Robotnika na Żoliborzu, tak jakby nie odbywała się ona rzeczywiście od wielu lat ",,,,Point,,"52.267744,20.984015","52.267744,20.984015",1,umap_backup_1-maja_warszawa9.umap,,False,tylko mapa,,,,,,,,
1998_PL_demonstracja_Solidarnosc,1998,Lata,PL,Solidarność,demonstracja,warstwa,Solidarność,False,zwiazkowe,1990-1996; 1998; 2000; 2003; 2007; 2009 Msza święta z okazji dnia św. Józefa Robotnika,"Coroczna msza pierwszomajowa Solidarności regionu Mazowsze w kościele św. Stanisława Kostki na Żoliborzu, organizowana nieprzerwanie od 1981 roku (parafia ks. Popiełuszki) (TVP 1991) 
## 1990
Kilka tysięcy osób uczestniczyło w tradycyjnej uroczystej mszy w kościele św. Stanisława Kostki. Rok temu podobna msza zakończyła się 100-tysięcz-nym pochodem, tym razem pochodu nie było. (GW 1.05.1990)

## 1991


## 1992 
*,Solidarność' się modliła w kościół św. Stanisława Kostki, mszę celebrował ks. Michalak Henryk* (Wyborcza)

## 1994
Działacze Solidarności spotkali się na mszy w kościele św. Stanisława Kostki (TVP)

## 1995
*Przedstawiciele Regionu Mazowsze NSZZ ""Solidarność"" zgromadzili się na pierwszomajowym nabożeństwie w kościele św. Stanisława Kostki na Żoliborzu. - Praca jednoczy człowieka z Bogiem i z drugim człowiekiem - mówił do zgromadzonych biskup Piotr Jarecki. Po mszy wierni i delegaci ""Solidarności"" przeszli z kwiatami i sztandarami pod grób księdza Jerzego Popiełuszki.* (Wyborcza)
## 1997
NSZZ ""Solidarność"" **nie organizuje** w Warszawie żadnych uroczystości. Jak co roku związek organizuje w tym dniu ogólnopolską pielgrzymkę robotników do bazyliki św. Józefa w Kaliszu. (Wyborcza)
## 1998
*""S"" z Warszawy weźmie udział w nabożeństwie o godz. 10 w kościele św. Stanisława Kostki i nie będzie tego dnia manifestować na ulicach stolicy.* (Wyborcza)

## 2000
kościół św.
Stanisława Kostki, msza, poczty sztandarowe, fragment homilii ks.
Stanisława Małkowskiego, wierni, procesja (TVP)

## 2003
kościół św. Stanisława Kostki, poczty sztandarowe (TVP)

## 2006
Brak info na stronie; nie działają linki do wydań Kuriera Mazowsza

## 2007
1 maja br. o godz. 10.00 w kościele Św. Stanisława Kostki na warszawskim Żoliborzu odbędzie się uroczysta Msza Święta w intencji Ludzi Pracy.

Do udziału we Mszy Świętej zapraszamy poczty sztandarowe. (Solidarność Mazowsze)

## 2009
Ks. Prałat Zygmunt Malacki – Proboszcz parafii św. Stanisława Kostki na warszawskim Żoliborzu – zaprasza w dniu 1 maja br. o godz. 10.00 na Mszę św. w intencji ludzi pracy. (Solidarność)

## 2016
Brak info o mszy; 23 kwietnia rocznica imienin Popiełuszki, 27 kwietnia pielgrzymka ogólnopolska do Lichenia


## 2018
Brak info w Kurierze Mazowsza i na stronie Solidarności Mazowsze o mszy 

## 2019
Info o XX pielgrzymce w Kaliszu; brak info o mszy na żoliborzu. 12 kwietnia odbywa się Droga Krzyżowa Ludzi Pracy

## 2020
Informacja ze strony solidarności w marcu informuje o wydarzeniach, które nie odbędą się z powodu obostrzeń sanitarnych. Nie wymienia mszy świętej z okazji dnia św. Józefa Robotnika na Żoliborzu, tak jakby nie odbywała się ona rzeczywiście od wielu lat ",,,,Point,,"52.267744,20.984015","52.267744,20.984015",1,umap_backup_1-maja_warszawa9.umap,,False,tylko mapa,,,,,,,,
2007_PL_demonstracja_Solidarnosc,2007,Lata,PL,Solidarność,demonstracja,warstwa,Solidarność,False,zwiazkowe,1990-1996; 1998; 2000; 2003; 2007; 2009 Msza święta z okazji dnia św. Józefa Robotnika,"Coroczna msza pierwszomajowa Solidarności regionu Mazowsze w kościele św. Stanisława Kostki na Żoliborzu, organizowana nieprzerwanie od 1981 roku (parafia ks. Popiełuszki) (TVP 1991) 
## 1990
Kilka tysięcy osób uczestniczyło w tradycyjnej uroczystej mszy w kościele św. Stanisława Kostki. Rok temu podobna msza zakończyła się 100-tysięcz-nym pochodem, tym razem pochodu nie było. (GW 1.05.1990)

## 1991


## 1992 
*,Solidarność' się modliła w kościół św. Stanisława Kostki, mszę celebrował ks. Michalak Henryk* (Wyborcza)

## 1994
Działacze Solidarności spotkali się na mszy w kościele św. Stanisława Kostki (TVP)

## 1995
*Przedstawiciele Regionu Mazowsze NSZZ ""Solidarność"" zgromadzili się na pierwszomajowym nabożeństwie w kościele św. Stanisława Kostki na Żoliborzu. - Praca jednoczy człowieka z Bogiem i z drugim człowiekiem - mówił do zgromadzonych biskup Piotr Jarecki. Po mszy wierni i delegaci ""Solidarności"" przeszli z kwiatami i sztandarami pod grób księdza Jerzego Popiełuszki.* (Wyborcza)
## 1997
NSZZ ""Solidarność"" **nie organizuje** w Warszawie żadnych uroczystości. Jak co roku związek organizuje w tym dniu ogólnopolską pielgrzymkę robotników do bazyliki św. Józefa w Kaliszu. (Wyborcza)
## 1998
*""S"" z Warszawy weźmie udział w nabożeństwie o godz. 10 w kościele św. Stanisława Kostki i nie będzie tego dnia manifestować na ulicach stolicy.* (Wyborcza)

## 2000
kościół św.
Stanisława Kostki, msza, poczty sztandarowe, fragment homilii ks.
Stanisława Małkowskiego, wierni, procesja (TVP)

## 2003
kościół św. Stanisława Kostki, poczty sztandarowe (TVP)

## 2006
Brak info na stronie; nie działają linki do wydań Kuriera Mazowsza

## 2007
1 maja br. o godz. 10.00 w kościele Św. Stanisława Kostki na warszawskim Żoliborzu odbędzie się uroczysta Msza Święta w intencji Ludzi Pracy.

Do udziału we Mszy Świętej zapraszamy poczty sztandarowe. (Solidarność Mazowsze)

## 2009
Ks. Prałat Zygmunt Malacki – Proboszcz parafii św. Stanisława Kostki na warszawskim Żoliborzu – zaprasza w dniu 1 maja br. o godz. 10.00 na Mszę św. w intencji ludzi pracy. (Solidarność)

## 2016
Brak info o mszy; 23 kwietnia rocznica imienin Popiełuszki, 27 kwietnia pielgrzymka ogólnopolska do Lichenia


## 2018
Brak info w Kurierze Mazowsza i na stronie Solidarności Mazowsze o mszy 

## 2019
Info o XX pielgrzymce w Kaliszu; brak info o mszy na żoliborzu. 12 kwietnia odbywa się Droga Krzyżowa Ludzi Pracy

## 2020
Informacja ze strony solidarności w marcu informuje o wydarzeniach, które nie odbędą się z powodu obostrzeń sanitarnych. Nie wymienia mszy świętej z okazji dnia św. Józefa Robotnika na Żoliborzu, tak jakby nie odbywała się ona rzeczywiście od wielu lat ",,,,Point,,"52.267744,20.984015","52.267744,20.984015",1,umap_backup_1-maja_warszawa9.umap,,False,tylko mapa,,,,,,,,
2013_PL_festyn_NIEZNANY,2013,Lata,PL,European Union accession anniversary,festyn,name,,False,niezwiazkowe,2013-2019 Piknik Europejski,"## 2013
*Przystąpienie Polski do UE było wydarzeniem niezwykle doniosłej rangi, które daje znakomite owoce - mówił prezydent Bronisław Komorowski podczas środowego Pikniku Europejskiego w stołecznych Łazienkach Królewskich, gdzie uczczono 9. rocznicę wejścia Polski do UE. (...) Prezydent zwrócił uwagę, że nieprzypadkowa jest symbolika daty 1 maja wejścia Polski do UE. - Kiedyś było to święto obowiązkowe, ściśle związane z systemem totalitarnym, komunistycznym. Dzisiaj dla ogromnej większości Polaków jest to święto członkostwa Polski w Unii Europejskiej - powiedział prezydent* (prezydent.pl)

## 2014

On May 1st, as part of the European Picnic on the 10th anniversary of Poland's EU accession, Komorowski plants the ""oak of freedom"" accompanied by 10-year old children born on May 1st 2004, and a 25 year old born on June 4th 1989. The 25 years old oaks are planted in many different places around Poland, and are supposed to represent 25 years of freedom – the 25th anniversary of the 1989 election and the following democratic transition in Poland and all over the world. President Aleksander Kwaśniewski is also taking part in the ceremony.

## 2015
*W III Pikniku Europejskim, który 1 maja 2015 r., z okazji 11. rocznicy wejścia Polski do Unii Europejskiej, odbył się w Łazienkach Królewskich, wzięło udział ponad 30 tysięcy gości. Uroczystość zaszczycili swoją obecnością prezydent RP Bronisław Komorowski z Małżonką, którzy rozdawali gościom letniej rezydencji króla Stanisława Augusta kokardy w narodowych, biało-czerwonych barwach. (...) Dzisiaj możemy cieszyć się dobrymi owocami mądrych decyzji sprzed wielu lat. Możemy cieszyć się również decyzją sprzed 11 lat, która oznaczała uzyskanie członkostwa w Unii Europejskiej. Polska odniosła wiele sukcesów i potrafiła mądrze wykorzystać członkostwo w Unii Europejskiej, łącząc unijne środki z polską pracą, polskim wysiłkiem, polską kreatywnością i polskim entuzjazmem - podkreślił prezydent Bronisław Komorowski, który w Pałacu na Wyspie spotkał się z ponad 30 ambasadorami krajów Unii Europejskiej i krajów stowarzyszonych, a także z byłym przewodniczącym Parlamentu Europejskiego Jerzym Buzkiem.* (lazienki-krolewskie.pl)

## 2016
*Barwne parady, koncerty, pokazy konne oraz liczne gry i zabawy przyciągnęły na Piknik Europejski tysiące gości. Wydarzenie zostało zorganizowane wspólnie z Ambasadą Królestwa Niderlandów, w ramach Dni Holenderskich w Łazienkach Królewskich.*

*Piknik Europejski odbył się 1 maja 2016 r. już po raz czwarty. Rozpoczął go przed południem przy Pomniku Chopina popularny koncert ""Melomaluszki"" dla najmłodszych gości Łazienek Królewskich. Potem rodziny chętnie brały też udział w grach na świeżym powietrzu oraz animacjach teatralnych. Nie zabrakło również rozrywek z europejskim akcentem - bajek europejskich i zabaw, podczas których, w pustych ramach obrazów, uczestnicy pikniku odtwarzali dzieła mistrzów malarstwa europejskiego.* (lazienki-krolewskie.pl)

## 2017
*Barwne parady, koncerty, pokazy konne oraz plenerowe gry i animacje przyciągnęły na Piknik Europejski w Łazienkach Królewskich tłumy gości. Wydarzenie zostało zorganizowane pod honorowym patronatem Ambasadora Republiki Federalnej Niemiec z okazji 13. rocznicy przystąpienia Polski do UE.* (lazienki-krolewskie.pl)

## 2018
*1 maja 2018 r. odbył się Piknik Europejski, współorganizowany we współpracy z Ambasadą Bułgarii z okazji 14. rocznicy przystąpienia Polski do Unii Europejskiej oraz bułgarskiej prezydencji w Radzie UE. Wśród licznych atrakcji znalazły się: koncerty, pokazy jazdy konnej, parady orkiestr oraz rodzinne gry i zabawy na świeżym powietrzu.* (lazienki-krolewskie.pl)

## 2019
*Barwne parady, pokazy konne oraz plenerowe gry i animacje przyciągnęły na Piknik Europejski w Muzeum Łazienki Królewskie tłumy gości. Wydarzenie zorganizowane zostało z okazji 15. rocznicy przystąpienia Polski do UE.*

*Piknik Europejski odbył się 1 maja 2019 r. Nasi goście obejrzeć mogli parady orkiestr w królewskich ogrodach.* (lazienki-krolewskie.pl)",,,,Point,,"52.213747,21.035793","52.213747,21.035793",0,umap_backup_1-maja_warszawa9.umap,,True,tylko mapa,,,,,,,,
2014_PL_festyn_NIEZNANY,2014,Lata,PL,European Union accession anniversary,festyn,name,,False,niezwiazkowe,2013-2019 Piknik Europejski,"## 2013
*Przystąpienie Polski do UE było wydarzeniem niezwykle doniosłej rangi, które daje znakomite owoce - mówił prezydent Bronisław Komorowski podczas środowego Pikniku Europejskiego w stołecznych Łazienkach Królewskich, gdzie uczczono 9. rocznicę wejścia Polski do UE. (...) Prezydent zwrócił uwagę, że nieprzypadkowa jest symbolika daty 1 maja wejścia Polski do UE. - Kiedyś było to święto obowiązkowe, ściśle związane z systemem totalitarnym, komunistycznym. Dzisiaj dla ogromnej większości Polaków jest to święto członkostwa Polski w Unii Europejskiej - powiedział prezydent* (prezydent.pl)

## 2014

On May 1st, as part of the European Picnic on the 10th anniversary of Poland's EU accession, Komorowski plants the ""oak of freedom"" accompanied by 10-year old children born on May 1st 2004, and a 25 year old born on June 4th 1989. The 25 years old oaks are planted in many different places around Poland, and are supposed to represent 25 years of freedom – the 25th anniversary of the 1989 election and the following democratic transition in Poland and all over the world. President Aleksander Kwaśniewski is also taking part in the ceremony.

## 2015
*W III Pikniku Europejskim, który 1 maja 2015 r., z okazji 11. rocznicy wejścia Polski do Unii Europejskiej, odbył się w Łazienkach Królewskich, wzięło udział ponad 30 tysięcy gości. Uroczystość zaszczycili swoją obecnością prezydent RP Bronisław Komorowski z Małżonką, którzy rozdawali gościom letniej rezydencji króla Stanisława Augusta kokardy w narodowych, biało-czerwonych barwach. (...) Dzisiaj możemy cieszyć się dobrymi owocami mądrych decyzji sprzed wielu lat. Możemy cieszyć się również decyzją sprzed 11 lat, która oznaczała uzyskanie członkostwa w Unii Europejskiej. Polska odniosła wiele sukcesów i potrafiła mądrze wykorzystać członkostwo w Unii Europejskiej, łącząc unijne środki z polską pracą, polskim wysiłkiem, polską kreatywnością i polskim entuzjazmem - podkreślił prezydent Bronisław Komorowski, który w Pałacu na Wyspie spotkał się z ponad 30 ambasadorami krajów Unii Europejskiej i krajów stowarzyszonych, a także z byłym przewodniczącym Parlamentu Europejskiego Jerzym Buzkiem.* (lazienki-krolewskie.pl)

## 2016
*Barwne parady, koncerty, pokazy konne oraz liczne gry i zabawy przyciągnęły na Piknik Europejski tysiące gości. Wydarzenie zostało zorganizowane wspólnie z Ambasadą Królestwa Niderlandów, w ramach Dni Holenderskich w Łazienkach Królewskich.*

*Piknik Europejski odbył się 1 maja 2016 r. już po raz czwarty. Rozpoczął go przed południem przy Pomniku Chopina popularny koncert ""Melomaluszki"" dla najmłodszych gości Łazienek Królewskich. Potem rodziny chętnie brały też udział w grach na świeżym powietrzu oraz animacjach teatralnych. Nie zabrakło również rozrywek z europejskim akcentem - bajek europejskich i zabaw, podczas których, w pustych ramach obrazów, uczestnicy pikniku odtwarzali dzieła mistrzów malarstwa europejskiego.* (lazienki-krolewskie.pl)

## 2017
*Barwne parady, koncerty, pokazy konne oraz plenerowe gry i animacje przyciągnęły na Piknik Europejski w Łazienkach Królewskich tłumy gości. Wydarzenie zostało zorganizowane pod honorowym patronatem Ambasadora Republiki Federalnej Niemiec z okazji 13. rocznicy przystąpienia Polski do UE.* (lazienki-krolewskie.pl)

## 2018
*1 maja 2018 r. odbył się Piknik Europejski, współorganizowany we współpracy z Ambasadą Bułgarii z okazji 14. rocznicy przystąpienia Polski do Unii Europejskiej oraz bułgarskiej prezydencji w Radzie UE. Wśród licznych atrakcji znalazły się: koncerty, pokazy jazdy konnej, parady orkiestr oraz rodzinne gry i zabawy na świeżym powietrzu.* (lazienki-krolewskie.pl)

## 2019
*Barwne parady, pokazy konne oraz plenerowe gry i animacje przyciągnęły na Piknik Europejski w Muzeum Łazienki Królewskie tłumy gości. Wydarzenie zorganizowane zostało z okazji 15. rocznicy przystąpienia Polski do UE.*

*Piknik Europejski odbył się 1 maja 2019 r. Nasi goście obejrzeć mogli parady orkiestr w królewskich ogrodach.* (lazienki-krolewskie.pl)",,,,Point,,"52.213747,21.035793","52.213747,21.035793",0,umap_backup_1-maja_warszawa9.umap,,True,tylko mapa,,,,,,,,
2015_PL_festyn_NIEZNANY,2015,Lata,PL,European Union accession anniversary,festyn,name,,False,niezwiazkowe,2013-2019 Piknik Europejski,"## 2013
*Przystąpienie Polski do UE było wydarzeniem niezwykle doniosłej rangi, które daje znakomite owoce - mówił prezydent Bronisław Komorowski podczas środowego Pikniku Europejskiego w stołecznych Łazienkach Królewskich, gdzie uczczono 9. rocznicę wejścia Polski do UE. (...) Prezydent zwrócił uwagę, że nieprzypadkowa jest symbolika daty 1 maja wejścia Polski do UE. - Kiedyś było to święto obowiązkowe, ściśle związane z systemem totalitarnym, komunistycznym. Dzisiaj dla ogromnej większości Polaków jest to święto członkostwa Polski w Unii Europejskiej - powiedział prezydent* (prezydent.pl)

## 2014

On May 1st, as part of the European Picnic on the 10th anniversary of Poland's EU accession, Komorowski plants the ""oak of freedom"" accompanied by 10-year old children born on May 1st 2004, and a 25 year old born on June 4th 1989. The 25 years old oaks are planted in many different places around Poland, and are supposed to represent 25 years of freedom – the 25th anniversary of the 1989 election and the following democratic transition in Poland and all over the world. President Aleksander Kwaśniewski is also taking part in the ceremony.

## 2015
*W III Pikniku Europejskim, który 1 maja 2015 r., z okazji 11. rocznicy wejścia Polski do Unii Europejskiej, odbył się w Łazienkach Królewskich, wzięło udział ponad 30 tysięcy gości. Uroczystość zaszczycili swoją obecnością prezydent RP Bronisław Komorowski z Małżonką, którzy rozdawali gościom letniej rezydencji króla Stanisława Augusta kokardy w narodowych, biało-czerwonych barwach. (...) Dzisiaj możemy cieszyć się dobrymi owocami mądrych decyzji sprzed wielu lat. Możemy cieszyć się również decyzją sprzed 11 lat, która oznaczała uzyskanie członkostwa w Unii Europejskiej. Polska odniosła wiele sukcesów i potrafiła mądrze wykorzystać członkostwo w Unii Europejskiej, łącząc unijne środki z polską pracą, polskim wysiłkiem, polską kreatywnością i polskim entuzjazmem - podkreślił prezydent Bronisław Komorowski, który w Pałacu na Wyspie spotkał się z ponad 30 ambasadorami krajów Unii Europejskiej i krajów stowarzyszonych, a także z byłym przewodniczącym Parlamentu Europejskiego Jerzym Buzkiem.* (lazienki-krolewskie.pl)

## 2016
*Barwne parady, koncerty, pokazy konne oraz liczne gry i zabawy przyciągnęły na Piknik Europejski tysiące gości. Wydarzenie zostało zorganizowane wspólnie z Ambasadą Królestwa Niderlandów, w ramach Dni Holenderskich w Łazienkach Królewskich.*

*Piknik Europejski odbył się 1 maja 2016 r. już po raz czwarty. Rozpoczął go przed południem przy Pomniku Chopina popularny koncert ""Melomaluszki"" dla najmłodszych gości Łazienek Królewskich. Potem rodziny chętnie brały też udział w grach na świeżym powietrzu oraz animacjach teatralnych. Nie zabrakło również rozrywek z europejskim akcentem - bajek europejskich i zabaw, podczas których, w pustych ramach obrazów, uczestnicy pikniku odtwarzali dzieła mistrzów malarstwa europejskiego.* (lazienki-krolewskie.pl)

## 2017
*Barwne parady, koncerty, pokazy konne oraz plenerowe gry i animacje przyciągnęły na Piknik Europejski w Łazienkach Królewskich tłumy gości. Wydarzenie zostało zorganizowane pod honorowym patronatem Ambasadora Republiki Federalnej Niemiec z okazji 13. rocznicy przystąpienia Polski do UE.* (lazienki-krolewskie.pl)

## 2018
*1 maja 2018 r. odbył się Piknik Europejski, współorganizowany we współpracy z Ambasadą Bułgarii z okazji 14. rocznicy przystąpienia Polski do Unii Europejskiej oraz bułgarskiej prezydencji w Radzie UE. Wśród licznych atrakcji znalazły się: koncerty, pokazy jazdy konnej, parady orkiestr oraz rodzinne gry i zabawy na świeżym powietrzu.* (lazienki-krolewskie.pl)

## 2019
*Barwne parady, pokazy konne oraz plenerowe gry i animacje przyciągnęły na Piknik Europejski w Muzeum Łazienki Królewskie tłumy gości. Wydarzenie zorganizowane zostało z okazji 15. rocznicy przystąpienia Polski do UE.*

*Piknik Europejski odbył się 1 maja 2019 r. Nasi goście obejrzeć mogli parady orkiestr w królewskich ogrodach.* (lazienki-krolewskie.pl)",,,,Point,,"52.213747,21.035793","52.213747,21.035793",0,umap_backup_1-maja_warszawa9.umap,,True,tylko mapa,,,,,,,,
2016_PL_festyn_NIEZNANY,2016,Lata,PL,European Union accession anniversary,festyn,name,,False,niezwiazkowe,2013-2019 Piknik Europejski,"## 2013
*Przystąpienie Polski do UE było wydarzeniem niezwykle doniosłej rangi, które daje znakomite owoce - mówił prezydent Bronisław Komorowski podczas środowego Pikniku Europejskiego w stołecznych Łazienkach Królewskich, gdzie uczczono 9. rocznicę wejścia Polski do UE. (...) Prezydent zwrócił uwagę, że nieprzypadkowa jest symbolika daty 1 maja wejścia Polski do UE. - Kiedyś było to święto obowiązkowe, ściśle związane z systemem totalitarnym, komunistycznym. Dzisiaj dla ogromnej większości Polaków jest to święto członkostwa Polski w Unii Europejskiej - powiedział prezydent* (prezydent.pl)

## 2014

On May 1st, as part of the European Picnic on the 10th anniversary of Poland's EU accession, Komorowski plants the ""oak of freedom"" accompanied by 10-year old children born on May 1st 2004, and a 25 year old born on June 4th 1989. The 25 years old oaks are planted in many different places around Poland, and are supposed to represent 25 years of freedom – the 25th anniversary of the 1989 election and the following democratic transition in Poland and all over the world. President Aleksander Kwaśniewski is also taking part in the ceremony.

## 2015
*W III Pikniku Europejskim, który 1 maja 2015 r., z okazji 11. rocznicy wejścia Polski do Unii Europejskiej, odbył się w Łazienkach Królewskich, wzięło udział ponad 30 tysięcy gości. Uroczystość zaszczycili swoją obecnością prezydent RP Bronisław Komorowski z Małżonką, którzy rozdawali gościom letniej rezydencji króla Stanisława Augusta kokardy w narodowych, biało-czerwonych barwach. (...) Dzisiaj możemy cieszyć się dobrymi owocami mądrych decyzji sprzed wielu lat. Możemy cieszyć się również decyzją sprzed 11 lat, która oznaczała uzyskanie członkostwa w Unii Europejskiej. Polska odniosła wiele sukcesów i potrafiła mądrze wykorzystać członkostwo w Unii Europejskiej, łącząc unijne środki z polską pracą, polskim wysiłkiem, polską kreatywnością i polskim entuzjazmem - podkreślił prezydent Bronisław Komorowski, który w Pałacu na Wyspie spotkał się z ponad 30 ambasadorami krajów Unii Europejskiej i krajów stowarzyszonych, a także z byłym przewodniczącym Parlamentu Europejskiego Jerzym Buzkiem.* (lazienki-krolewskie.pl)

## 2016
*Barwne parady, koncerty, pokazy konne oraz liczne gry i zabawy przyciągnęły na Piknik Europejski tysiące gości. Wydarzenie zostało zorganizowane wspólnie z Ambasadą Królestwa Niderlandów, w ramach Dni Holenderskich w Łazienkach Królewskich.*

*Piknik Europejski odbył się 1 maja 2016 r. już po raz czwarty. Rozpoczął go przed południem przy Pomniku Chopina popularny koncert ""Melomaluszki"" dla najmłodszych gości Łazienek Królewskich. Potem rodziny chętnie brały też udział w grach na świeżym powietrzu oraz animacjach teatralnych. Nie zabrakło również rozrywek z europejskim akcentem - bajek europejskich i zabaw, podczas których, w pustych ramach obrazów, uczestnicy pikniku odtwarzali dzieła mistrzów malarstwa europejskiego.* (lazienki-krolewskie.pl)

## 2017
*Barwne parady, koncerty, pokazy konne oraz plenerowe gry i animacje przyciągnęły na Piknik Europejski w Łazienkach Królewskich tłumy gości. Wydarzenie zostało zorganizowane pod honorowym patronatem Ambasadora Republiki Federalnej Niemiec z okazji 13. rocznicy przystąpienia Polski do UE.* (lazienki-krolewskie.pl)

## 2018
*1 maja 2018 r. odbył się Piknik Europejski, współorganizowany we współpracy z Ambasadą Bułgarii z okazji 14. rocznicy przystąpienia Polski do Unii Europejskiej oraz bułgarskiej prezydencji w Radzie UE. Wśród licznych atrakcji znalazły się: koncerty, pokazy jazdy konnej, parady orkiestr oraz rodzinne gry i zabawy na świeżym powietrzu.* (lazienki-krolewskie.pl)

## 2019
*Barwne parady, pokazy konne oraz plenerowe gry i animacje przyciągnęły na Piknik Europejski w Muzeum Łazienki Królewskie tłumy gości. Wydarzenie zorganizowane zostało z okazji 15. rocznicy przystąpienia Polski do UE.*

*Piknik Europejski odbył się 1 maja 2019 r. Nasi goście obejrzeć mogli parady orkiestr w królewskich ogrodach.* (lazienki-krolewskie.pl)",,,,Point,,"52.213747,21.035793","52.213747,21.035793",0,umap_backup_1-maja_warszawa9.umap,,True,tylko mapa,,,,,,,,
2017_PL_festyn_NIEZNANY,2017,Lata,PL,European Union accession anniversary,festyn,name,,False,niezwiazkowe,2013-2019 Piknik Europejski,"## 2013
*Przystąpienie Polski do UE było wydarzeniem niezwykle doniosłej rangi, które daje znakomite owoce - mówił prezydent Bronisław Komorowski podczas środowego Pikniku Europejskiego w stołecznych Łazienkach Królewskich, gdzie uczczono 9. rocznicę wejścia Polski do UE. (...) Prezydent zwrócił uwagę, że nieprzypadkowa jest symbolika daty 1 maja wejścia Polski do UE. - Kiedyś było to święto obowiązkowe, ściśle związane z systemem totalitarnym, komunistycznym. Dzisiaj dla ogromnej większości Polaków jest to święto członkostwa Polski w Unii Europejskiej - powiedział prezydent* (prezydent.pl)

## 2014

On May 1st, as part of the European Picnic on the 10th anniversary of Poland's EU accession, Komorowski plants the ""oak of freedom"" accompanied by 10-year old children born on May 1st 2004, and a 25 year old born on June 4th 1989. The 25 years old oaks are planted in many different places around Poland, and are supposed to represent 25 years of freedom – the 25th anniversary of the 1989 election and the following democratic transition in Poland and all over the world. President Aleksander Kwaśniewski is also taking part in the ceremony.

## 2015
*W III Pikniku Europejskim, który 1 maja 2015 r., z okazji 11. rocznicy wejścia Polski do Unii Europejskiej, odbył się w Łazienkach Królewskich, wzięło udział ponad 30 tysięcy gości. Uroczystość zaszczycili swoją obecnością prezydent RP Bronisław Komorowski z Małżonką, którzy rozdawali gościom letniej rezydencji króla Stanisława Augusta kokardy w narodowych, biało-czerwonych barwach. (...) Dzisiaj możemy cieszyć się dobrymi owocami mądrych decyzji sprzed wielu lat. Możemy cieszyć się również decyzją sprzed 11 lat, która oznaczała uzyskanie członkostwa w Unii Europejskiej. Polska odniosła wiele sukcesów i potrafiła mądrze wykorzystać członkostwo w Unii Europejskiej, łącząc unijne środki z polską pracą, polskim wysiłkiem, polską kreatywnością i polskim entuzjazmem - podkreślił prezydent Bronisław Komorowski, który w Pałacu na Wyspie spotkał się z ponad 30 ambasadorami krajów Unii Europejskiej i krajów stowarzyszonych, a także z byłym przewodniczącym Parlamentu Europejskiego Jerzym Buzkiem.* (lazienki-krolewskie.pl)

## 2016
*Barwne parady, koncerty, pokazy konne oraz liczne gry i zabawy przyciągnęły na Piknik Europejski tysiące gości. Wydarzenie zostało zorganizowane wspólnie z Ambasadą Królestwa Niderlandów, w ramach Dni Holenderskich w Łazienkach Królewskich.*

*Piknik Europejski odbył się 1 maja 2016 r. już po raz czwarty. Rozpoczął go przed południem przy Pomniku Chopina popularny koncert ""Melomaluszki"" dla najmłodszych gości Łazienek Królewskich. Potem rodziny chętnie brały też udział w grach na świeżym powietrzu oraz animacjach teatralnych. Nie zabrakło również rozrywek z europejskim akcentem - bajek europejskich i zabaw, podczas których, w pustych ramach obrazów, uczestnicy pikniku odtwarzali dzieła mistrzów malarstwa europejskiego.* (lazienki-krolewskie.pl)

## 2017
*Barwne parady, koncerty, pokazy konne oraz plenerowe gry i animacje przyciągnęły na Piknik Europejski w Łazienkach Królewskich tłumy gości. Wydarzenie zostało zorganizowane pod honorowym patronatem Ambasadora Republiki Federalnej Niemiec z okazji 13. rocznicy przystąpienia Polski do UE.* (lazienki-krolewskie.pl)

## 2018
*1 maja 2018 r. odbył się Piknik Europejski, współorganizowany we współpracy z Ambasadą Bułgarii z okazji 14. rocznicy przystąpienia Polski do Unii Europejskiej oraz bułgarskiej prezydencji w Radzie UE. Wśród licznych atrakcji znalazły się: koncerty, pokazy jazdy konnej, parady orkiestr oraz rodzinne gry i zabawy na świeżym powietrzu.* (lazienki-krolewskie.pl)

## 2019
*Barwne parady, pokazy konne oraz plenerowe gry i animacje przyciągnęły na Piknik Europejski w Muzeum Łazienki Królewskie tłumy gości. Wydarzenie zorganizowane zostało z okazji 15. rocznicy przystąpienia Polski do UE.*

*Piknik Europejski odbył się 1 maja 2019 r. Nasi goście obejrzeć mogli parady orkiestr w królewskich ogrodach.* (lazienki-krolewskie.pl)",,,,Point,,"52.213747,21.035793","52.213747,21.035793",0,umap_backup_1-maja_warszawa9.umap,,True,tylko mapa,,,,,,,,
2018_PL_festyn_NIEZNANY,2018,Lata,PL,European Union accession anniversary,festyn,name,,False,niezwiazkowe,2013-2019 Piknik Europejski,"## 2013
*Przystąpienie Polski do UE było wydarzeniem niezwykle doniosłej rangi, które daje znakomite owoce - mówił prezydent Bronisław Komorowski podczas środowego Pikniku Europejskiego w stołecznych Łazienkach Królewskich, gdzie uczczono 9. rocznicę wejścia Polski do UE. (...) Prezydent zwrócił uwagę, że nieprzypadkowa jest symbolika daty 1 maja wejścia Polski do UE. - Kiedyś było to święto obowiązkowe, ściśle związane z systemem totalitarnym, komunistycznym. Dzisiaj dla ogromnej większości Polaków jest to święto członkostwa Polski w Unii Europejskiej - powiedział prezydent* (prezydent.pl)

## 2014

On May 1st, as part of the European Picnic on the 10th anniversary of Poland's EU accession, Komorowski plants the ""oak of freedom"" accompanied by 10-year old children born on May 1st 2004, and a 25 year old born on June 4th 1989. The 25 years old oaks are planted in many different places around Poland, and are supposed to represent 25 years of freedom – the 25th anniversary of the 1989 election and the following democratic transition in Poland and all over the world. President Aleksander Kwaśniewski is also taking part in the ceremony.

## 2015
*W III Pikniku Europejskim, który 1 maja 2015 r., z okazji 11. rocznicy wejścia Polski do Unii Europejskiej, odbył się w Łazienkach Królewskich, wzięło udział ponad 30 tysięcy gości. Uroczystość zaszczycili swoją obecnością prezydent RP Bronisław Komorowski z Małżonką, którzy rozdawali gościom letniej rezydencji króla Stanisława Augusta kokardy w narodowych, biało-czerwonych barwach. (...) Dzisiaj możemy cieszyć się dobrymi owocami mądrych decyzji sprzed wielu lat. Możemy cieszyć się również decyzją sprzed 11 lat, która oznaczała uzyskanie członkostwa w Unii Europejskiej. Polska odniosła wiele sukcesów i potrafiła mądrze wykorzystać członkostwo w Unii Europejskiej, łącząc unijne środki z polską pracą, polskim wysiłkiem, polską kreatywnością i polskim entuzjazmem - podkreślił prezydent Bronisław Komorowski, który w Pałacu na Wyspie spotkał się z ponad 30 ambasadorami krajów Unii Europejskiej i krajów stowarzyszonych, a także z byłym przewodniczącym Parlamentu Europejskiego Jerzym Buzkiem.* (lazienki-krolewskie.pl)

## 2016
*Barwne parady, koncerty, pokazy konne oraz liczne gry i zabawy przyciągnęły na Piknik Europejski tysiące gości. Wydarzenie zostało zorganizowane wspólnie z Ambasadą Królestwa Niderlandów, w ramach Dni Holenderskich w Łazienkach Królewskich.*

*Piknik Europejski odbył się 1 maja 2016 r. już po raz czwarty. Rozpoczął go przed południem przy Pomniku Chopina popularny koncert ""Melomaluszki"" dla najmłodszych gości Łazienek Królewskich. Potem rodziny chętnie brały też udział w grach na świeżym powietrzu oraz animacjach teatralnych. Nie zabrakło również rozrywek z europejskim akcentem - bajek europejskich i zabaw, podczas których, w pustych ramach obrazów, uczestnicy pikniku odtwarzali dzieła mistrzów malarstwa europejskiego.* (lazienki-krolewskie.pl)

## 2017
*Barwne parady, koncerty, pokazy konne oraz plenerowe gry i animacje przyciągnęły na Piknik Europejski w Łazienkach Królewskich tłumy gości. Wydarzenie zostało zorganizowane pod honorowym patronatem Ambasadora Republiki Federalnej Niemiec z okazji 13. rocznicy przystąpienia Polski do UE.* (lazienki-krolewskie.pl)

## 2018
*1 maja 2018 r. odbył się Piknik Europejski, współorganizowany we współpracy z Ambasadą Bułgarii z okazji 14. rocznicy przystąpienia Polski do Unii Europejskiej oraz bułgarskiej prezydencji w Radzie UE. Wśród licznych atrakcji znalazły się: koncerty, pokazy jazdy konnej, parady orkiestr oraz rodzinne gry i zabawy na świeżym powietrzu.* (lazienki-krolewskie.pl)

## 2019
*Barwne parady, pokazy konne oraz plenerowe gry i animacje przyciągnęły na Piknik Europejski w Muzeum Łazienki Królewskie tłumy gości. Wydarzenie zorganizowane zostało z okazji 15. rocznicy przystąpienia Polski do UE.*

*Piknik Europejski odbył się 1 maja 2019 r. Nasi goście obejrzeć mogli parady orkiestr w królewskich ogrodach.* (lazienki-krolewskie.pl)",,,,Point,,"52.213747,21.035793","52.213747,21.035793",0,umap_backup_1-maja_warszawa9.umap,,True,tylko mapa,,,,,,,,
2019_PL_festyn_NIEZNANY,2019,Lata,PL,European Union accession anniversary,festyn,name,,False,niezwiazkowe,2013-2019 Piknik Europejski,"## 2013
*Przystąpienie Polski do UE było wydarzeniem niezwykle doniosłej rangi, które daje znakomite owoce - mówił prezydent Bronisław Komorowski podczas środowego Pikniku Europejskiego w stołecznych Łazienkach Królewskich, gdzie uczczono 9. rocznicę wejścia Polski do UE. (...) Prezydent zwrócił uwagę, że nieprzypadkowa jest symbolika daty 1 maja wejścia Polski do UE. - Kiedyś było to święto obowiązkowe, ściśle związane z systemem totalitarnym, komunistycznym. Dzisiaj dla ogromnej większości Polaków jest to święto członkostwa Polski w Unii Europejskiej - powiedział prezydent* (prezydent.pl)

## 2014

On May 1st, as part of the European Picnic on the 10th anniversary of Poland's EU accession, Komorowski plants the ""oak of freedom"" accompanied by 10-year old children born on May 1st 2004, and a 25 year old born on June 4th 1989. The 25 years old oaks are planted in many different places around Poland, and are supposed to represent 25 years of freedom – the 25th anniversary of the 1989 election and the following democratic transition in Poland and all over the world. President Aleksander Kwaśniewski is also taking part in the ceremony.

## 2015
*W III Pikniku Europejskim, który 1 maja 2015 r., z okazji 11. rocznicy wejścia Polski do Unii Europejskiej, odbył się w Łazienkach Królewskich, wzięło udział ponad 30 tysięcy gości. Uroczystość zaszczycili swoją obecnością prezydent RP Bronisław Komorowski z Małżonką, którzy rozdawali gościom letniej rezydencji króla Stanisława Augusta kokardy w narodowych, biało-czerwonych barwach. (...) Dzisiaj możemy cieszyć się dobrymi owocami mądrych decyzji sprzed wielu lat. Możemy cieszyć się również decyzją sprzed 11 lat, która oznaczała uzyskanie członkostwa w Unii Europejskiej. Polska odniosła wiele sukcesów i potrafiła mądrze wykorzystać członkostwo w Unii Europejskiej, łącząc unijne środki z polską pracą, polskim wysiłkiem, polską kreatywnością i polskim entuzjazmem - podkreślił prezydent Bronisław Komorowski, który w Pałacu na Wyspie spotkał się z ponad 30 ambasadorami krajów Unii Europejskiej i krajów stowarzyszonych, a także z byłym przewodniczącym Parlamentu Europejskiego Jerzym Buzkiem.* (lazienki-krolewskie.pl)

## 2016
*Barwne parady, koncerty, pokazy konne oraz liczne gry i zabawy przyciągnęły na Piknik Europejski tysiące gości. Wydarzenie zostało zorganizowane wspólnie z Ambasadą Królestwa Niderlandów, w ramach Dni Holenderskich w Łazienkach Królewskich.*

*Piknik Europejski odbył się 1 maja 2016 r. już po raz czwarty. Rozpoczął go przed południem przy Pomniku Chopina popularny koncert ""Melomaluszki"" dla najmłodszych gości Łazienek Królewskich. Potem rodziny chętnie brały też udział w grach na świeżym powietrzu oraz animacjach teatralnych. Nie zabrakło również rozrywek z europejskim akcentem - bajek europejskich i zabaw, podczas których, w pustych ramach obrazów, uczestnicy pikniku odtwarzali dzieła mistrzów malarstwa europejskiego.* (lazienki-krolewskie.pl)

## 2017
*Barwne parady, koncerty, pokazy konne oraz plenerowe gry i animacje przyciągnęły na Piknik Europejski w Łazienkach Królewskich tłumy gości. Wydarzenie zostało zorganizowane pod honorowym patronatem Ambasadora Republiki Federalnej Niemiec z okazji 13. rocznicy przystąpienia Polski do UE.* (lazienki-krolewskie.pl)

## 2018
*1 maja 2018 r. odbył się Piknik Europejski, współorganizowany we współpracy z Ambasadą Bułgarii z okazji 14. rocznicy przystąpienia Polski do Unii Europejskiej oraz bułgarskiej prezydencji w Radzie UE. Wśród licznych atrakcji znalazły się: koncerty, pokazy jazdy konnej, parady orkiestr oraz rodzinne gry i zabawy na świeżym powietrzu.* (lazienki-krolewskie.pl)

## 2019
*Barwne parady, pokazy konne oraz plenerowe gry i animacje przyciągnęły na Piknik Europejski w Muzeum Łazienki Królewskie tłumy gości. Wydarzenie zorganizowane zostało z okazji 15. rocznicy przystąpienia Polski do UE.*

*Piknik Europejski odbył się 1 maja 2019 r. Nasi goście obejrzeć mogli parady orkiestr w królewskich ogrodach.* (lazienki-krolewskie.pl)",,,,Point,,"52.213747,21.035793","52.213747,21.035793",0,umap_backup_1-maja_warszawa9.umap,,True,tylko mapa,,,,,,,,
2019_PL_festyn_NIEZNANY_a,2019,Lata,PL,European Union accession anniversary,festyn,warstwa,,False,niezwiazkowe,Festiwal Europejski 2019,"**Wczoraj stołeczni radni wspólnie z warszawiankami i warszawiakami radośnie świętowali 15-lecie Polski w Unii Europejskiej, podczas festiwalu przygotowanego specjalnie z tej okazji. O godz. 14.00, na rogu Karowej i Krakowskiego Przedmieścia, uczestnicy Festiwalu Europejskiego, wspólnie z artystami operowymi, którzy wzorem Jana Kiepury śpiewali z balkonu Hotelu Bristol, wspólnie i radośnie odśpiewali  ""Odę do radości"", a potem kolejne utwory, oczywiście europejskie. Po koncercie korowód, w którym uczestniczyli radni przeszedł do strefy europejskiej kuchni usytuowanej na Podzamczu.* (um.warszawa.pl)*",,,,Point,,"52.2539751,21.0112814","52.2539751,21.0112814",1,umap_backup_1-maja_warszawa9.umap,,True,tylko mapa,,,,,,,,
2019_PL_festyn_NIEZNANY_b,2019,Lata,PL,European Union accession anniversary,festyn,warstwa,,False,niezwiazkowe,Festiwal Europejski 2019,"**Wczoraj stołeczni radni wspólnie z warszawiankami i warszawiakami radośnie świętowali 15-lecie Polski w Unii Europejskiej, podczas festiwalu przygotowanego specjalnie z tej okazji. O godz. 14.00, na rogu Karowej i Krakowskiego Przedmieścia, uczestnicy Festiwalu Europejskiego, wspólnie z artystami operowymi, którzy wzorem Jana Kiepury śpiewali z balkonu Hotelu Bristol, wspólnie i radośnie odśpiewali  ""Odę do radości"", a potem kolejne utwory, oczywiście europejskie. Po koncercie korowód, w którym uczestniczyli radni przeszedł do strefy europejskiej kuchni usytuowanej na Podzamczu.* (um.warszawa.pl)*",,,,Point,,"52.241854,21.015622","52.241854,21.015622",2,umap_backup_1-maja_warszawa9.umap,,True,tylko mapa,,,,,,,,
1999_DE_wiec_Walpurgisnacht-Helmholtzplatz-Walpurgisnacht-Kundgebung,1999,Lata,DE,Walpurgisnacht,wiec,name,Walpurgisnacht,False,niezwiazkowe,1990 Helmholtzplatz Walpurgisnacht Kundgebung,1999 – Kundgebung Walpurgisnacht (rbb),,,,Point,,"52.5430211,13.419032624098314","52.5430211,13.419032624098314",0,1__mai_berlin_aktualna_11_.geojson,,False,tylko mapa,,,,,,,,
1990_DE_wiec_Walpurgisnacht-Walpurgisnacht,1990,Lata,DE,Walpurgisnacht,wiec,geometria,Walpurgisnacht,False,niezwiazkowe,1990 Walpurgisnacht,"
*BDer Käthe-Kollwitz-Platz im Berliner Prenzlauer Berg ist auserwählt (!) für ein Spektakel, bei dem man und frau sich die Augen reiben werden in jenen sagenumwobenen dunklen Stunden zwischen dem 30. April und 1. Mai - der Walpurgisnacht. Da wird der Kolle also zum Hexentanzplatz und seine Namenpatin wäre sicher dafür und mittendrin, denn da streiten sehr irdische, sehr selbstbewußt-realistische Frauen um ihre derzeit in Frage gestellten, teils ziemlich bedrohten und teils noch nicht eingelösten Rechte. Die Aktion geht aber nicht zänkisch über den Platz, sondern mit Spaß, Witz, Wort, Musik und Spiel. Fraueninitiativen und -gruppen aus dem Ost- und Westteil Berlins haben dieses ketzerische Treffen organisiert. Und was seit einigen Jahren in Westberlin schon Sitte war, findet diesmal im Prenzl Berg statt.* (taz 7.04.1990)",,,,Point,,"52.536169,13.416562","52.536169,13.416562",1,1__mai_berlin_aktualna_11_.geojson,,True,tylko mapa,,,,,,,,
1995_DE_demonstracja_Walpurgisnacht-Demo,1995,Lata,DE,Walpurgisnacht,demonstracja,name,Walpurgisnacht,False,niezwiazkowe,1995 Demo (?),"*Nach Angaben der Polizei haben am Vorabend der 1. Mai 300 Jugendlichen von einem Fest auf der Humannplatz zum Kollwitzplatz gezogen* (rbb, 0:18)",,300,300,LineString,1394.2,"52.548644,13.422128","52.536482,13.417277",2,1__mai_berlin_aktualna_11_.geojson,,False,tylko mapa,,,,,,,,
1996_DE_wiec_Walpurgisnacht-Walpurgisnacht-at-Kollwitzplatz,1996,Lata,DE,Walpurgisnacht,wiec,geometria,Walpurgisnacht,False,niezwiazkowe,1996 Walpurgisnacht at Kollwitzplatz,"1996 – festyn w noc Walpurgii organizowany przez władze lokalne, komercyjny; zamieszki od ok. 1
Attendance: 10000 (JW)
1996 – planowany koniec wspólnej, radykalnej i ML demonstracji. Bójki tuż przed Kollwitzplatz, rozbicie obu pochodów przez policję",,10000,10000,Point,,"52.536232,13.417018","52.536232,13.417018",3,1__mai_berlin_aktualna_11_.geojson,,True,tylko mapa,,,,,,,,
1999_DE_wiec_Walpurgisnacht-Walpurginsnacht,1999,Lata,DE,Walpurgisnacht,wiec,geometria,Walpurgisnacht,False,niezwiazkowe,1999. Walpurginsnacht,"1999 – Walpurgisnacht Kollwitzplatz (rbb)
Pokojowy przebieg, żadnych zamieszek",,10000,10000,Point,,"52.536232,13.417018","52.536232,13.417018",4,1__mai_berlin_aktualna_11_.geojson,,True,tylko mapa,,,,,,,,
2001_DE_wiec_Walpurgisnacht-Walpurgisnacht-Spontane-Street-Party,2001,Lata,DE,Walpurgisnacht,wiec,geometria,Walpurgisnacht,False,niezwiazkowe,2001 Walpurgisnacht Spontane Street-Party,"*""Spontane"" Walpurgisfeiern sind für den Volkspark Friedrichshain (ab 20 Uhr) und für den Boxhagener Platz in Friedrichshain angekündigt.* (taz 30.04.2001, s. 24)",,,,Point,,"52.52729246882668,13.434948921203613","52.52729246882668,13.434948921203613",5,1__mai_berlin_aktualna_11_.geojson,,True,tylko mapa,,,,,,,,
2001_DE_festyn_Walpurgisnacht-Tanz-in-den-Mai-auf-dem-Kolle,2001,Lata,DE,Walpurgisnacht,festyn,name,Walpurgisnacht,False,niezwiazkowe,2001. Tanz in den Mai auf dem Kolle,rbb Walpurgisnacht und 1. Mai,,10000,10000,Point,,"52.536232,13.417018","52.536232,13.417018",6,1__mai_berlin_aktualna_11_.geojson,,False,tylko mapa,,,,,,,,
2015_DE_wiec_Walpurgisnacht-Walpurgisnacht-in-Gorli,2015,Lata,DE,Walpurgisnacht,wiec,geometria,Walpurgisnacht,False,niezwiazkowe,Walpurgisnacht in Görli,"## 2012

im Görlitzer Park in Kreuzberg feierten bis zu 900 Personen das ""Hexenfest""

## 2015

*Im Görlitzer Park in Kreuzberg, im Viktoriapark im selben Stadtteil, sowie im Treptower Park im gleichnamigen Bezirk hatten sich insgesamt mehrere Hundert Personen versammelt und ebenfalls friedlich in den Mai gefeiert.* (2015)",,,,Point,,"52.497312,13.434995","52.497312,13.434995",7,1__mai_berlin_aktualna_11_.geojson,,True,tylko mapa,,,,,,,,
1998_DE_wiec_Walpurgisnacht-Freiheit-ist-immer-auch-die-Freiheit-des,1998,Lata,DE,Walpurgisnacht,wiec,geometria,Walpurgisnacht,False,niezwiazkowe,1998 – Freiheit ist immer auch die Freiheit des Andersdenkenden,"*Unterdessen hat auch eine Gruppe namens ""Ratten und Gesindel"" zu einer Demo am Vorabend des 1. Mai in Prenzlauer Berg aufgerufen. Dies sei allerdings keine Walpurgisnacht-Veranstaltung, sondern eine Demo gegen den polizeilichen Belagerungszustand in Prenzlauer Berg im vergangenen Jahr. Die Demo am 30. April beginnt um 17 Uhr am U-Bahnhof Eberswalder Straße.* (taz 30.04.98)
",,,,Point,,"52.54039722388597,13.411688804626467","52.54039722388597,13.411688804626467",8,1__mai_berlin_aktualna_11_.geojson,,True,tylko mapa,,,,,,,,
2004_DE_demonstracja_Walpurgisnacht-Kommunismus-statt-Europa,2004,Lata,DE,Walpurgisnacht,demonstracja,geometria,Walpurgisnacht,False,niezwiazkowe,2004 – Kommunismus statt Europa,"Start: 18 Uhr 30.04 (Tagesspiegel 2004, Route sowohl)
U-Bhf Friedrichstrasse- Unter den Linden - Universitätstrasse - Tucholskystrasse - Augustrstrasse - Rosenthalerplatz

*FREITAG 19:00, S-Bahnhof Friedrichstraße: Ein Sprecher begrüßt die rund 1.500 Anwesenden zur ersten Demo des 1. Mai unter dem Motto ""Kommunismus statt Europa"". Er erklärt die EU zum Zusammenschluss kapitalistischer Nationalstaaten, die Weltmacht spielen wollen.* (taz ticker)",,,,LineString,2449.2,"52.519864,13.388343","52.529668,13.401326",9,1__mai_berlin_aktualna_11_.geojson,,True,tylko mapa,,,,,,,,
2005_DE_wiec_Walpurgisnacht-Berlin-protestiert-friedlich-fur-friedli,2005,Lata,DE,Walpurgisnacht,wiec,geometria,Walpurgisnacht,False,niezwiazkowe,2005 – Berlin protestiert friedlich – für friedlichen Protest gegen Gewalt“,Kundgebung um 16 Uhr am Frankfurter Tor mit anschließender Demonstration,,,,Point,,"52.51577,13.453789","52.51577,13.453789",10,1__mai_berlin_aktualna_11_.geojson,,True,tylko mapa,,,,,,,,
2005_DE_demonstracja_Walpurgisnacht-Berlin-protestiert-friedlich-Fur-friedli,2005,Lata,DE,Walpurgisnacht,demonstracja,geometria,Walpurgisnacht,False,niezwiazkowe,2005 Berlin protestiert friedlich –  Für friedlichen Protest gegen Gewalt,"**16:00 – Demo: Frankfurter Tor → Prenzlauer Allee** Motto: „Berlin protestiert friedlich – Für friedlichen Protest gegen Gewalt"" (ND 29.04.2005)",,,,LineString,3428.3,"52.515646,13.453716","52.527214,13.415744",11,1__mai_berlin_aktualna_11_.geojson,,True,tylko mapa,,,,,,,,
2007_DE_demonstracja_Walpurgisnacht-Walpurgisnacht-Demo,2007,Lata,DE,Walpurgisnacht,demonstracja,name,Walpurgisnacht,False,niezwiazkowe,2007 Walpurgisnacht Demo,"*Am selben Abend in der Zeit von 20 Uhr bis kurz vor 22 Uhr habe ein Aufzug mit rd. 900 Personen vom
Heinrichplatz zum Boxhagener Platz stattgefunden. Die Teilnehmer des Aufzugs hätten sich unter die Teil-
nehmer der Kundgebung gemischt, die – gepaart mit einer Musikveranstaltung – am Boxhagener Platz bis
ca. 22 Uhr stattgefunden habe. Insgesamt hätten an der Veranstaltung 1 500 Personen teilgenommen. Nach
Beendigung der Veranstaltung sei es dann gegen 23 Uhr – zum Teil sehr heftig – zu Flaschen- und Steinwür-
fen auf Polizeibeamte gekommen. Durch gezielte Festnahmen und konsequenten Zugriff habe die Situation
jedoch bis ca. 1 Uhr nachts beruhigt werden könne* (Senat Polizeibericht)

Attendance:
900 (police)",,1500,1500,LineString,3356.1,"52.500235,13.423232","52.511259,13.459282",12,1__mai_berlin_aktualna_11_.geojson,,False,tylko mapa,,,,,,,,
2011_DE_demonstracja_Walpurgisnacht-Walpurgisnacht-Wir-Bleiben-Alle,2011,Lata,DE,Walpurgisnacht,demonstracja,geometria,Walpurgisnacht,False,niezwiazkowe,"2011 Walpurgisnacht ""Wir Bleiben Alle!""","2011 – 30.4, 16:30. Wir bleiben alle, Rosenthaler Platz- Danziger Strasse. Koniec blikso Mauerparku (taz 30.4)
Attendance: 700 (taz)",,700,700,LineString,4533.6,"52.529745,13.401338","52.541115,13.412502",13,1__mai_berlin_aktualna_11_.geojson,,True,tylko mapa,,,,,,,,
2012_DE_demonstracja_Walpurgisnacht-antikapitalistische-Walpurgisnahcht,2012,Lata,DE,Walpurgisnacht,demonstracja,geometria,Walpurgisnacht,False,niezwiazkowe,2012 antikapitalistische Walpurgisnahcht,"Demoroute: Burgsdorfstraße, Lynarstraße, Sparrplatz, Sprengelstraße, U Amrumer Straße, Ostender Straße, Genter Straße, U Seestraße, Müllerstraße, U-Bahnhof Wedding
Attendance: 
3300 (BM 1.05.2012)
6000 (organisers, Aufruf 2013)",,4650,4650,LineString,3964.8,"52.543643,13.363981","52.542962,13.365283",14,1__mai_berlin_aktualna_11_.geojson,,True,tylko mapa,,,,,,,,
2013_DE_demonstracja_Walpurgisnacht-Walpurgisnacht-take-back-the-city,2013,Lata,DE,Walpurgisnacht,demonstracja,geometria,Walpurgisnacht,False,niezwiazkowe,2013 Walpurgisnacht take back the city,"Badstraße (start marszu ok. 20:57, Behmstraße/Badstraße)
Buttmannstraße (skręt w lewo ok. 21:06)
Pankstraße (wysokość Abschnitt 36 / Polizeidirektion 3 ok. 21:17)
Wiesenstraße (akcje na dachach w trakcie przejścia)
Schererstraße (róg Adolfstraße, Zwischenkundgebung ok. 21:41, obok Scherer8)
Müllerstraße (róg Utrechter Straße ok. 22:11)
Seestraße (koniec demonstracji przy U-Bahnhof Seestraße ok. 22:25) (BZ 30.04.2013)
(Tagesspiegel 28.04.2013)
Attendance:
2500 (taz)
2500 (police via taz)",,2500,2500,LineString,5003.1,"52.549597,13.386551","52.55038,13.352294",15,1__mai_berlin_aktualna_11_.geojson,,True,tylko mapa,,,,,,,,
2014_DE_demonstracja_Walpurgisnacht-Antikapitalistische-Walpurgisnacht,2014,Lata,DE,Walpurgisnacht,demonstracja,geometria,Walpurgisnacht,False,niezwiazkowe,2014 Antikapitalistische Walpurgisnacht,"2014 – trasa za taz 30.4
Attendance: 3000 (nd liveticker)
2900 (police via taz)",,3000,3000,LineString,6587.8,"52.550432,13.351976","52.552311,13.381584",16,1__mai_berlin_aktualna_11_.geojson,,True,tylko mapa,,,,,,,,
2015_DE_demonstracja_Walpurgisnacht-Antikapitalistische-Walpurgisnacht,2015,Lata,DE,Walpurgisnacht,demonstracja,geometria,Walpurgisnacht,False,niezwiazkowe,2015 Antikapitalistische Walpurgisnacht,"2015 Antikapitalistische Walpurgisnacht. Trasa za taz 30.4. Start: 18:30

*Straftaten wurden nur vereinzelt begangen, berichtete Polizeipräsident Klaus Kandt. In der Walpurgisnacht habe es 15 Festnahmen gegeben. ""Am Rande der Gegendemonstration zu den beiden NPD-Kundgebungen am Vormittag des 1. Mai wurden acht Verdächtige wegen gefährlicher Körperverletzung und Widerstands gegen Vollstreckungsbeamte festgenommen"", sagte Kandt.* (Berliner Zeitung)

Due to rain, no end-rally (Bz-Berlin.de)

*21.48 Uhr - Veranstalterbilanz: ""Gute, laute Demonstration"": Am U-Bahnhof Eberswalder Straße findet derzeit die Abschlussveranstaltung der ""Antikapitalistischen Walpurgisnacht"" statt. Laut Veranstalter waren zwischen 5000 und 7000 Menschen auf der Straße. Sprecher Martin Steinburg zeigte sich in einer ersten Bilanz zufrieden: ""Wir sind gut durchgekommen und hatten eine gute, laute Demonstration."" Steinburg zufolge wollen die Veranstalter den 30. April als ""Kampftag der Mieterinnen und Mieter"" etablieren und ihre Proteste auch im nächsten Jahr fortsetzen.* (Tagesspiegel)

Attendance:
6000 (organisers via Tsg)
2500 (police via Tsg) – according to Tsg, closer to the truth",,4000,4000,LineString,6566.8,"52.546309,13.359258","52.541014,13.412121",17,1__mai_berlin_aktualna_11_.geojson,,True,tylko mapa,,,,,,,,
2016_DE_demonstracja_Walpurgisnacht-Walpurgisnacht-Demo,2016,Lata,DE,Walpurgisnacht,demonstracja,name,Walpurgisnacht,False,niezwiazkowe,2016 Walpurgisnacht Demo,"2016 Walpurgisnacht Demo – Osloer Strasse–Bernauer Brucke (taz 30.4)
Attendance: 2300 (police, nd-aktuell)",,2300,2300,LineString,4499.8,"52.556897,13.373507","52.538231,13.396046",18,1__mai_berlin_aktualna_11_.geojson,,False,tylko mapa,,,,,,,,
2017_DE_demonstracja_Walpurgisnacht-Walpurgisnacht-Demo,2017,Lata,DE,Walpurgisnacht,demonstracja,name,Walpurgisnacht,False,niezwiazkowe,2017 Walpurgisnacht Demo,"2017 Walpurgisnacht Demo. Trasa za TAZ
Slogan: Selbstorganisiert gegen Rassismus und soziale Ausgrenzung
Attendance:
3000 (police via TsG)
4000 (organisers via Tsg)",,3500,3500,LineString,5925.1,"52.546478,13.359108","52.548005,13.388499",19,1__mai_berlin_aktualna_11_.geojson,,False,tylko mapa,,,,,,,,
2018_DE_demonstracja_Walpurgisnacht-Walpurgisnacht-Demo,2018,Lata,DE,Walpurgisnacht,demonstracja,name,Walpurgisnacht,False,niezwiazkowe,2018 Walpurgisnacht Demo,"2018 Walpurgisnacht Demonstration. Trasa na podstawie mapki taz 
Attendance:
2000 (police, via taz)
4000 (organisers, via taz)",,3000,3000,LineString,3944.4,"52.550341,13.352188","52.556499,13.376967",20,1__mai_berlin_aktualna_11_.geojson,,False,tylko mapa,,,,,,,,
2019_DE_demonstracja_Walpurgisnacht-Walpurgisnacht-Demo,2019,Lata,DE,Walpurgisnacht,demonstracja,name,Walpurgisnacht,False,niezwiazkowe,2019 Walpurgisnacht Demo,"Dabei führte die Route an mehreren Häusern vorbei, deren Mieterinnen sich zum Beispiel wegen Mieterhöhungen in Protesten engagieren, unter anderem an der ""Amma65"" an der Amsterdamer Straße oder der ""Dubliner8"" an der Dubliner Straße. An der ""Amma65"" hielt der Zug kurzzeitig, Mieterinnen des Hauses sprachen durch Mikrofone vom Dach eines Wagens zu den Demonstrantinnen.

Attendance:
",,,,LineString,4851.7,"52.546394,13.359064","52.556577,13.341265",21,1__mai_berlin_aktualna_11_.geojson,,False,tylko mapa,,,,,,,,
2019_DE_wiec_Walpurgisnacht-Weddinger-Walpurgisnacht,2019,Lata,DE,Walpurgisnacht,wiec,geometria,Walpurgisnacht,False,niezwiazkowe,2019 Weddinger Walpurgisnacht,"""Kein Gott, kein Staat, kein Mietvertrag"" skandierten die Demonstrant*innen auf ihrem Spaziergang durch den Weddinger Kiez. Auf roten Fahnen stand ""Revolution"" in schwarzen Lettern, linker Rap begleitete den Auftakt am Leopoldplatz. (taz, 2.05.2019)",,,,Point,,"52.546354,13.359139","52.546354,13.359139",22,1__mai_berlin_aktualna_11_.geojson,,True,tylko mapa,,,,,,,,
2001_DE_wiec_Walpurgisnacht-Antikapitalistische-Walpurgisnacht,2001,Lata,DE,Walpurgisnacht,wiec,geometria,Walpurgisnacht,False,niezwiazkowe,Antikapitalistische Walpurgisnacht,"2001 – *20.00 Uhr - Boxhagener Platz (Friedrichshain) Dort soll es ebenfalls eine Walpurgisnacht-Feier mit Trommeln, Getränken und Feuer(spuckern) geben. Wir werden einen Tag vor dem Naziaufmarsch zeigen, dass Friedrichshain weiterhin ein bunter und widerspenstiger Kiez ist.* (stressfaktor.squat.com)
*Auch am Boxhagener Platz hatten etwa 500 Menschen die Walpurgisnacht mit Lagerfeuern eingeleitet. Erst als gegen 0:30 Uhr Barrikaden auf der Straße errichtet und angezündet wurden, rückte die Polizei aus den Seitenstraßen vor. Sie wurde umgehend aus der Menge mit Steinen und Flaschen beworfen. Wasserwerfer und Räumfahrzeuge beseitigten die Barrikaden. Etwa 200 Personen wurden auf dem Platz eingekesselt. Die Beamten wurden nun aus den Seitenstraßen angegriffen. Erst gegen 1:20 Uhr beruhigte sich die Lage.* (taz 2001)
2002 – *“Auf dem Boxhagener Platz, inzwischen ebenso ein Platz mit Mai-Tradition, wird die Walpurgisnacht etwas esoterisch mit Trommeln und Feuerspuckern begangen, es soll aber auch eine Vorbereitung zu Aktionen gegen den für den 1. Mai geplanten Nazi-Aufmarsch sein (20 Uhr). Wo genau dieser Nazi-Marsch vorbeiführen wird, ist noch das Geheimnis des Innensenators.” (“taz. Tageszeitung 2002 1. Mai”, 2002, p. 21)
2003 – *Die Motivation ist entsprechend hoch. Ergebnisse und Erfolge sind allerdings schwer messbar. Kluge: ""In der Walpurgisnacht waren wir am Boxhagener Platz in Friedrichshain unterwegs. Dort ist es ruhig geblieben, und ich hoffe, wir haben dazu beigetragen."" Vor zwei Jahren war es bei brennenden Barrikaden an gleicher Stelle heiß hergegangen.* (taz 2003)
2004 – *Tausende Autonome wollen sich im Mauerpark und auf dem Boxhagener Platz treffen und die Walpurgisnacht feiern. Linke Gruppen planen eine Kundgebung an der Eberswalder Straße. Anschließend gibt es ein Straßenfest.* (Berliner Zeitung 2004)
2005 – Gegen Yuppisierung
und Umstrukturierung“ (taz 30.04.2005)
2007 – Antikapitalistischer Walpurgisnacht – zum dritten Mal auf Boxi (erstermai.nostate.net 2007)
> *Die Teilnehmer des Aufzugs hätten sich unter die Teilnehmer der Kundgebung gemischt, die – gepaart mit einer Musikveranstaltung – am Boxhagener Platz bis ca. 22 Uhr stattgefunden habe. Insgesamt hätten an der Veranstaltung 1 500 Personen teilgenommen. Nach Beendigung der Veranstaltung sei es dann gegen 23 Uhr – zum Teil sehr heftig – zu Flaschen- und Steinwürfen auf Polizeibeamte gekommen. Durch gezielte Festnahmen und konsequenten Zugriff habe die Situation jedoch bis ca. 1 Uhr nachts beruhigt werden können.*
2009 – Walpurgisnachtfest mit Musik
2010 –30.4. 14:00 Konzert und Kundgebung Reclaim the Kiez (taz 30.4)",,,,Polygon,,,,23,1__mai_berlin_aktualna_11_.geojson,,True,tylko mapa,,,,,,,,
2002_DE_wiec_Walpurgisnacht-Antikapitalistische-Walpurgisnacht,2002,Lata,DE,Walpurgisnacht,wiec,geometria,Walpurgisnacht,False,niezwiazkowe,Antikapitalistische Walpurgisnacht,"2001 – *20.00 Uhr - Boxhagener Platz (Friedrichshain) Dort soll es ebenfalls eine Walpurgisnacht-Feier mit Trommeln, Getränken und Feuer(spuckern) geben. Wir werden einen Tag vor dem Naziaufmarsch zeigen, dass Friedrichshain weiterhin ein bunter und widerspenstiger Kiez ist.* (stressfaktor.squat.com)
*Auch am Boxhagener Platz hatten etwa 500 Menschen die Walpurgisnacht mit Lagerfeuern eingeleitet. Erst als gegen 0:30 Uhr Barrikaden auf der Straße errichtet und angezündet wurden, rückte die Polizei aus den Seitenstraßen vor. Sie wurde umgehend aus der Menge mit Steinen und Flaschen beworfen. Wasserwerfer und Räumfahrzeuge beseitigten die Barrikaden. Etwa 200 Personen wurden auf dem Platz eingekesselt. Die Beamten wurden nun aus den Seitenstraßen angegriffen. Erst gegen 1:20 Uhr beruhigte sich die Lage.* (taz 2001)
2002 – *“Auf dem Boxhagener Platz, inzwischen ebenso ein Platz mit Mai-Tradition, wird die Walpurgisnacht etwas esoterisch mit Trommeln und Feuerspuckern begangen, es soll aber auch eine Vorbereitung zu Aktionen gegen den für den 1. Mai geplanten Nazi-Aufmarsch sein (20 Uhr). Wo genau dieser Nazi-Marsch vorbeiführen wird, ist noch das Geheimnis des Innensenators.” (“taz. Tageszeitung 2002 1. Mai”, 2002, p. 21)
2003 – *Die Motivation ist entsprechend hoch. Ergebnisse und Erfolge sind allerdings schwer messbar. Kluge: ""In der Walpurgisnacht waren wir am Boxhagener Platz in Friedrichshain unterwegs. Dort ist es ruhig geblieben, und ich hoffe, wir haben dazu beigetragen."" Vor zwei Jahren war es bei brennenden Barrikaden an gleicher Stelle heiß hergegangen.* (taz 2003)
2004 – *Tausende Autonome wollen sich im Mauerpark und auf dem Boxhagener Platz treffen und die Walpurgisnacht feiern. Linke Gruppen planen eine Kundgebung an der Eberswalder Straße. Anschließend gibt es ein Straßenfest.* (Berliner Zeitung 2004)
2005 – Gegen Yuppisierung
und Umstrukturierung“ (taz 30.04.2005)
2007 – Antikapitalistischer Walpurgisnacht – zum dritten Mal auf Boxi (erstermai.nostate.net 2007)
> *Die Teilnehmer des Aufzugs hätten sich unter die Teilnehmer der Kundgebung gemischt, die – gepaart mit einer Musikveranstaltung – am Boxhagener Platz bis ca. 22 Uhr stattgefunden habe. Insgesamt hätten an der Veranstaltung 1 500 Personen teilgenommen. Nach Beendigung der Veranstaltung sei es dann gegen 23 Uhr – zum Teil sehr heftig – zu Flaschen- und Steinwürfen auf Polizeibeamte gekommen. Durch gezielte Festnahmen und konsequenten Zugriff habe die Situation jedoch bis ca. 1 Uhr nachts beruhigt werden können.*
2009 – Walpurgisnachtfest mit Musik
2010 –30.4. 14:00 Konzert und Kundgebung Reclaim the Kiez (taz 30.4)",,,,Polygon,,,,23,1__mai_berlin_aktualna_11_.geojson,,True,tylko mapa,,,,,,,,
2003_DE_wiec_Walpurgisnacht-Antikapitalistische-Walpurgisnacht,2003,Lata,DE,Walpurgisnacht,wiec,geometria,Walpurgisnacht,False,niezwiazkowe,Antikapitalistische Walpurgisnacht,"2001 – *20.00 Uhr - Boxhagener Platz (Friedrichshain) Dort soll es ebenfalls eine Walpurgisnacht-Feier mit Trommeln, Getränken und Feuer(spuckern) geben. Wir werden einen Tag vor dem Naziaufmarsch zeigen, dass Friedrichshain weiterhin ein bunter und widerspenstiger Kiez ist.* (stressfaktor.squat.com)
*Auch am Boxhagener Platz hatten etwa 500 Menschen die Walpurgisnacht mit Lagerfeuern eingeleitet. Erst als gegen 0:30 Uhr Barrikaden auf der Straße errichtet und angezündet wurden, rückte die Polizei aus den Seitenstraßen vor. Sie wurde umgehend aus der Menge mit Steinen und Flaschen beworfen. Wasserwerfer und Räumfahrzeuge beseitigten die Barrikaden. Etwa 200 Personen wurden auf dem Platz eingekesselt. Die Beamten wurden nun aus den Seitenstraßen angegriffen. Erst gegen 1:20 Uhr beruhigte sich die Lage.* (taz 2001)
2002 – *“Auf dem Boxhagener Platz, inzwischen ebenso ein Platz mit Mai-Tradition, wird die Walpurgisnacht etwas esoterisch mit Trommeln und Feuerspuckern begangen, es soll aber auch eine Vorbereitung zu Aktionen gegen den für den 1. Mai geplanten Nazi-Aufmarsch sein (20 Uhr). Wo genau dieser Nazi-Marsch vorbeiführen wird, ist noch das Geheimnis des Innensenators.” (“taz. Tageszeitung 2002 1. Mai”, 2002, p. 21)
2003 – *Die Motivation ist entsprechend hoch. Ergebnisse und Erfolge sind allerdings schwer messbar. Kluge: ""In der Walpurgisnacht waren wir am Boxhagener Platz in Friedrichshain unterwegs. Dort ist es ruhig geblieben, und ich hoffe, wir haben dazu beigetragen."" Vor zwei Jahren war es bei brennenden Barrikaden an gleicher Stelle heiß hergegangen.* (taz 2003)
2004 – *Tausende Autonome wollen sich im Mauerpark und auf dem Boxhagener Platz treffen und die Walpurgisnacht feiern. Linke Gruppen planen eine Kundgebung an der Eberswalder Straße. Anschließend gibt es ein Straßenfest.* (Berliner Zeitung 2004)
2005 – Gegen Yuppisierung
und Umstrukturierung“ (taz 30.04.2005)
2007 – Antikapitalistischer Walpurgisnacht – zum dritten Mal auf Boxi (erstermai.nostate.net 2007)
> *Die Teilnehmer des Aufzugs hätten sich unter die Teilnehmer der Kundgebung gemischt, die – gepaart mit einer Musikveranstaltung – am Boxhagener Platz bis ca. 22 Uhr stattgefunden habe. Insgesamt hätten an der Veranstaltung 1 500 Personen teilgenommen. Nach Beendigung der Veranstaltung sei es dann gegen 23 Uhr – zum Teil sehr heftig – zu Flaschen- und Steinwürfen auf Polizeibeamte gekommen. Durch gezielte Festnahmen und konsequenten Zugriff habe die Situation jedoch bis ca. 1 Uhr nachts beruhigt werden können.*
2009 – Walpurgisnachtfest mit Musik
2010 –30.4. 14:00 Konzert und Kundgebung Reclaim the Kiez (taz 30.4)",,,,Polygon,,,,23,1__mai_berlin_aktualna_11_.geojson,,True,tylko mapa,,,,,,,,
2004_DE_wiec_Walpurgisnacht-Antikapitalistische-Walpurgisnacht,2004,Lata,DE,Walpurgisnacht,wiec,geometria,Walpurgisnacht,False,niezwiazkowe,Antikapitalistische Walpurgisnacht,"2001 – *20.00 Uhr - Boxhagener Platz (Friedrichshain) Dort soll es ebenfalls eine Walpurgisnacht-Feier mit Trommeln, Getränken und Feuer(spuckern) geben. Wir werden einen Tag vor dem Naziaufmarsch zeigen, dass Friedrichshain weiterhin ein bunter und widerspenstiger Kiez ist.* (stressfaktor.squat.com)
*Auch am Boxhagener Platz hatten etwa 500 Menschen die Walpurgisnacht mit Lagerfeuern eingeleitet. Erst als gegen 0:30 Uhr Barrikaden auf der Straße errichtet und angezündet wurden, rückte die Polizei aus den Seitenstraßen vor. Sie wurde umgehend aus der Menge mit Steinen und Flaschen beworfen. Wasserwerfer und Räumfahrzeuge beseitigten die Barrikaden. Etwa 200 Personen wurden auf dem Platz eingekesselt. Die Beamten wurden nun aus den Seitenstraßen angegriffen. Erst gegen 1:20 Uhr beruhigte sich die Lage.* (taz 2001)
2002 – *“Auf dem Boxhagener Platz, inzwischen ebenso ein Platz mit Mai-Tradition, wird die Walpurgisnacht etwas esoterisch mit Trommeln und Feuerspuckern begangen, es soll aber auch eine Vorbereitung zu Aktionen gegen den für den 1. Mai geplanten Nazi-Aufmarsch sein (20 Uhr). Wo genau dieser Nazi-Marsch vorbeiführen wird, ist noch das Geheimnis des Innensenators.” (“taz. Tageszeitung 2002 1. Mai”, 2002, p. 21)
2003 – *Die Motivation ist entsprechend hoch. Ergebnisse und Erfolge sind allerdings schwer messbar. Kluge: ""In der Walpurgisnacht waren wir am Boxhagener Platz in Friedrichshain unterwegs. Dort ist es ruhig geblieben, und ich hoffe, wir haben dazu beigetragen."" Vor zwei Jahren war es bei brennenden Barrikaden an gleicher Stelle heiß hergegangen.* (taz 2003)
2004 – *Tausende Autonome wollen sich im Mauerpark und auf dem Boxhagener Platz treffen und die Walpurgisnacht feiern. Linke Gruppen planen eine Kundgebung an der Eberswalder Straße. Anschließend gibt es ein Straßenfest.* (Berliner Zeitung 2004)
2005 – Gegen Yuppisierung
und Umstrukturierung“ (taz 30.04.2005)
2007 – Antikapitalistischer Walpurgisnacht – zum dritten Mal auf Boxi (erstermai.nostate.net 2007)
> *Die Teilnehmer des Aufzugs hätten sich unter die Teilnehmer der Kundgebung gemischt, die – gepaart mit einer Musikveranstaltung – am Boxhagener Platz bis ca. 22 Uhr stattgefunden habe. Insgesamt hätten an der Veranstaltung 1 500 Personen teilgenommen. Nach Beendigung der Veranstaltung sei es dann gegen 23 Uhr – zum Teil sehr heftig – zu Flaschen- und Steinwürfen auf Polizeibeamte gekommen. Durch gezielte Festnahmen und konsequenten Zugriff habe die Situation jedoch bis ca. 1 Uhr nachts beruhigt werden können.*
2009 – Walpurgisnachtfest mit Musik
2010 –30.4. 14:00 Konzert und Kundgebung Reclaim the Kiez (taz 30.4)",,,,Polygon,,,,23,1__mai_berlin_aktualna_11_.geojson,,True,tylko mapa,,,,,,,,
2005_DE_wiec_Walpurgisnacht-Antikapitalistische-Walpurgisnacht,2005,Lata,DE,Walpurgisnacht,wiec,geometria,Walpurgisnacht,False,niezwiazkowe,Antikapitalistische Walpurgisnacht,"2001 – *20.00 Uhr - Boxhagener Platz (Friedrichshain) Dort soll es ebenfalls eine Walpurgisnacht-Feier mit Trommeln, Getränken und Feuer(spuckern) geben. Wir werden einen Tag vor dem Naziaufmarsch zeigen, dass Friedrichshain weiterhin ein bunter und widerspenstiger Kiez ist.* (stressfaktor.squat.com)
*Auch am Boxhagener Platz hatten etwa 500 Menschen die Walpurgisnacht mit Lagerfeuern eingeleitet. Erst als gegen 0:30 Uhr Barrikaden auf der Straße errichtet und angezündet wurden, rückte die Polizei aus den Seitenstraßen vor. Sie wurde umgehend aus der Menge mit Steinen und Flaschen beworfen. Wasserwerfer und Räumfahrzeuge beseitigten die Barrikaden. Etwa 200 Personen wurden auf dem Platz eingekesselt. Die Beamten wurden nun aus den Seitenstraßen angegriffen. Erst gegen 1:20 Uhr beruhigte sich die Lage.* (taz 2001)
2002 – *“Auf dem Boxhagener Platz, inzwischen ebenso ein Platz mit Mai-Tradition, wird die Walpurgisnacht etwas esoterisch mit Trommeln und Feuerspuckern begangen, es soll aber auch eine Vorbereitung zu Aktionen gegen den für den 1. Mai geplanten Nazi-Aufmarsch sein (20 Uhr). Wo genau dieser Nazi-Marsch vorbeiführen wird, ist noch das Geheimnis des Innensenators.” (“taz. Tageszeitung 2002 1. Mai”, 2002, p. 21)
2003 – *Die Motivation ist entsprechend hoch. Ergebnisse und Erfolge sind allerdings schwer messbar. Kluge: ""In der Walpurgisnacht waren wir am Boxhagener Platz in Friedrichshain unterwegs. Dort ist es ruhig geblieben, und ich hoffe, wir haben dazu beigetragen."" Vor zwei Jahren war es bei brennenden Barrikaden an gleicher Stelle heiß hergegangen.* (taz 2003)
2004 – *Tausende Autonome wollen sich im Mauerpark und auf dem Boxhagener Platz treffen und die Walpurgisnacht feiern. Linke Gruppen planen eine Kundgebung an der Eberswalder Straße. Anschließend gibt es ein Straßenfest.* (Berliner Zeitung 2004)
2005 – Gegen Yuppisierung
und Umstrukturierung“ (taz 30.04.2005)
2007 – Antikapitalistischer Walpurgisnacht – zum dritten Mal auf Boxi (erstermai.nostate.net 2007)
> *Die Teilnehmer des Aufzugs hätten sich unter die Teilnehmer der Kundgebung gemischt, die – gepaart mit einer Musikveranstaltung – am Boxhagener Platz bis ca. 22 Uhr stattgefunden habe. Insgesamt hätten an der Veranstaltung 1 500 Personen teilgenommen. Nach Beendigung der Veranstaltung sei es dann gegen 23 Uhr – zum Teil sehr heftig – zu Flaschen- und Steinwürfen auf Polizeibeamte gekommen. Durch gezielte Festnahmen und konsequenten Zugriff habe die Situation jedoch bis ca. 1 Uhr nachts beruhigt werden können.*
2009 – Walpurgisnachtfest mit Musik
2010 –30.4. 14:00 Konzert und Kundgebung Reclaim the Kiez (taz 30.4)",,,,Polygon,,,,23,1__mai_berlin_aktualna_11_.geojson,,True,tylko mapa,,,,,,,,
2006_DE_wiec_Walpurgisnacht-Antikapitalistische-Walpurgisnacht,2006,Lata,DE,Walpurgisnacht,wiec,geometria,Walpurgisnacht,False,niezwiazkowe,Antikapitalistische Walpurgisnacht,"2001 – *20.00 Uhr - Boxhagener Platz (Friedrichshain) Dort soll es ebenfalls eine Walpurgisnacht-Feier mit Trommeln, Getränken und Feuer(spuckern) geben. Wir werden einen Tag vor dem Naziaufmarsch zeigen, dass Friedrichshain weiterhin ein bunter und widerspenstiger Kiez ist.* (stressfaktor.squat.com)
*Auch am Boxhagener Platz hatten etwa 500 Menschen die Walpurgisnacht mit Lagerfeuern eingeleitet. Erst als gegen 0:30 Uhr Barrikaden auf der Straße errichtet und angezündet wurden, rückte die Polizei aus den Seitenstraßen vor. Sie wurde umgehend aus der Menge mit Steinen und Flaschen beworfen. Wasserwerfer und Räumfahrzeuge beseitigten die Barrikaden. Etwa 200 Personen wurden auf dem Platz eingekesselt. Die Beamten wurden nun aus den Seitenstraßen angegriffen. Erst gegen 1:20 Uhr beruhigte sich die Lage.* (taz 2001)
2002 – *“Auf dem Boxhagener Platz, inzwischen ebenso ein Platz mit Mai-Tradition, wird die Walpurgisnacht etwas esoterisch mit Trommeln und Feuerspuckern begangen, es soll aber auch eine Vorbereitung zu Aktionen gegen den für den 1. Mai geplanten Nazi-Aufmarsch sein (20 Uhr). Wo genau dieser Nazi-Marsch vorbeiführen wird, ist noch das Geheimnis des Innensenators.” (“taz. Tageszeitung 2002 1. Mai”, 2002, p. 21)
2003 – *Die Motivation ist entsprechend hoch. Ergebnisse und Erfolge sind allerdings schwer messbar. Kluge: ""In der Walpurgisnacht waren wir am Boxhagener Platz in Friedrichshain unterwegs. Dort ist es ruhig geblieben, und ich hoffe, wir haben dazu beigetragen."" Vor zwei Jahren war es bei brennenden Barrikaden an gleicher Stelle heiß hergegangen.* (taz 2003)
2004 – *Tausende Autonome wollen sich im Mauerpark und auf dem Boxhagener Platz treffen und die Walpurgisnacht feiern. Linke Gruppen planen eine Kundgebung an der Eberswalder Straße. Anschließend gibt es ein Straßenfest.* (Berliner Zeitung 2004)
2005 – Gegen Yuppisierung
und Umstrukturierung“ (taz 30.04.2005)
2007 – Antikapitalistischer Walpurgisnacht – zum dritten Mal auf Boxi (erstermai.nostate.net 2007)
> *Die Teilnehmer des Aufzugs hätten sich unter die Teilnehmer der Kundgebung gemischt, die – gepaart mit einer Musikveranstaltung – am Boxhagener Platz bis ca. 22 Uhr stattgefunden habe. Insgesamt hätten an der Veranstaltung 1 500 Personen teilgenommen. Nach Beendigung der Veranstaltung sei es dann gegen 23 Uhr – zum Teil sehr heftig – zu Flaschen- und Steinwürfen auf Polizeibeamte gekommen. Durch gezielte Festnahmen und konsequenten Zugriff habe die Situation jedoch bis ca. 1 Uhr nachts beruhigt werden können.*
2009 – Walpurgisnachtfest mit Musik
2010 –30.4. 14:00 Konzert und Kundgebung Reclaim the Kiez (taz 30.4)",,,,Polygon,,,,23,1__mai_berlin_aktualna_11_.geojson,,True,tylko mapa,,,,,,,,
2007_DE_wiec_Walpurgisnacht-Antikapitalistische-Walpurgisnacht,2007,Lata,DE,Walpurgisnacht,wiec,geometria,Walpurgisnacht,False,niezwiazkowe,Antikapitalistische Walpurgisnacht,"2001 – *20.00 Uhr - Boxhagener Platz (Friedrichshain) Dort soll es ebenfalls eine Walpurgisnacht-Feier mit Trommeln, Getränken und Feuer(spuckern) geben. Wir werden einen Tag vor dem Naziaufmarsch zeigen, dass Friedrichshain weiterhin ein bunter und widerspenstiger Kiez ist.* (stressfaktor.squat.com)
*Auch am Boxhagener Platz hatten etwa 500 Menschen die Walpurgisnacht mit Lagerfeuern eingeleitet. Erst als gegen 0:30 Uhr Barrikaden auf der Straße errichtet und angezündet wurden, rückte die Polizei aus den Seitenstraßen vor. Sie wurde umgehend aus der Menge mit Steinen und Flaschen beworfen. Wasserwerfer und Räumfahrzeuge beseitigten die Barrikaden. Etwa 200 Personen wurden auf dem Platz eingekesselt. Die Beamten wurden nun aus den Seitenstraßen angegriffen. Erst gegen 1:20 Uhr beruhigte sich die Lage.* (taz 2001)
2002 – *“Auf dem Boxhagener Platz, inzwischen ebenso ein Platz mit Mai-Tradition, wird die Walpurgisnacht etwas esoterisch mit Trommeln und Feuerspuckern begangen, es soll aber auch eine Vorbereitung zu Aktionen gegen den für den 1. Mai geplanten Nazi-Aufmarsch sein (20 Uhr). Wo genau dieser Nazi-Marsch vorbeiführen wird, ist noch das Geheimnis des Innensenators.” (“taz. Tageszeitung 2002 1. Mai”, 2002, p. 21)
2003 – *Die Motivation ist entsprechend hoch. Ergebnisse und Erfolge sind allerdings schwer messbar. Kluge: ""In der Walpurgisnacht waren wir am Boxhagener Platz in Friedrichshain unterwegs. Dort ist es ruhig geblieben, und ich hoffe, wir haben dazu beigetragen."" Vor zwei Jahren war es bei brennenden Barrikaden an gleicher Stelle heiß hergegangen.* (taz 2003)
2004 – *Tausende Autonome wollen sich im Mauerpark und auf dem Boxhagener Platz treffen und die Walpurgisnacht feiern. Linke Gruppen planen eine Kundgebung an der Eberswalder Straße. Anschließend gibt es ein Straßenfest.* (Berliner Zeitung 2004)
2005 – Gegen Yuppisierung
und Umstrukturierung“ (taz 30.04.2005)
2007 – Antikapitalistischer Walpurgisnacht – zum dritten Mal auf Boxi (erstermai.nostate.net 2007)
> *Die Teilnehmer des Aufzugs hätten sich unter die Teilnehmer der Kundgebung gemischt, die – gepaart mit einer Musikveranstaltung – am Boxhagener Platz bis ca. 22 Uhr stattgefunden habe. Insgesamt hätten an der Veranstaltung 1 500 Personen teilgenommen. Nach Beendigung der Veranstaltung sei es dann gegen 23 Uhr – zum Teil sehr heftig – zu Flaschen- und Steinwürfen auf Polizeibeamte gekommen. Durch gezielte Festnahmen und konsequenten Zugriff habe die Situation jedoch bis ca. 1 Uhr nachts beruhigt werden können.*
2009 – Walpurgisnachtfest mit Musik
2010 –30.4. 14:00 Konzert und Kundgebung Reclaim the Kiez (taz 30.4)",,,,Polygon,,,,23,1__mai_berlin_aktualna_11_.geojson,,True,tylko mapa,,,,,,,,
2008_DE_wiec_Walpurgisnacht-Antikapitalistische-Walpurgisnacht,2008,Lata,DE,Walpurgisnacht,wiec,geometria,Walpurgisnacht,False,niezwiazkowe,Antikapitalistische Walpurgisnacht,"2001 – *20.00 Uhr - Boxhagener Platz (Friedrichshain) Dort soll es ebenfalls eine Walpurgisnacht-Feier mit Trommeln, Getränken und Feuer(spuckern) geben. Wir werden einen Tag vor dem Naziaufmarsch zeigen, dass Friedrichshain weiterhin ein bunter und widerspenstiger Kiez ist.* (stressfaktor.squat.com)
*Auch am Boxhagener Platz hatten etwa 500 Menschen die Walpurgisnacht mit Lagerfeuern eingeleitet. Erst als gegen 0:30 Uhr Barrikaden auf der Straße errichtet und angezündet wurden, rückte die Polizei aus den Seitenstraßen vor. Sie wurde umgehend aus der Menge mit Steinen und Flaschen beworfen. Wasserwerfer und Räumfahrzeuge beseitigten die Barrikaden. Etwa 200 Personen wurden auf dem Platz eingekesselt. Die Beamten wurden nun aus den Seitenstraßen angegriffen. Erst gegen 1:20 Uhr beruhigte sich die Lage.* (taz 2001)
2002 – *“Auf dem Boxhagener Platz, inzwischen ebenso ein Platz mit Mai-Tradition, wird die Walpurgisnacht etwas esoterisch mit Trommeln und Feuerspuckern begangen, es soll aber auch eine Vorbereitung zu Aktionen gegen den für den 1. Mai geplanten Nazi-Aufmarsch sein (20 Uhr). Wo genau dieser Nazi-Marsch vorbeiführen wird, ist noch das Geheimnis des Innensenators.” (“taz. Tageszeitung 2002 1. Mai”, 2002, p. 21)
2003 – *Die Motivation ist entsprechend hoch. Ergebnisse und Erfolge sind allerdings schwer messbar. Kluge: ""In der Walpurgisnacht waren wir am Boxhagener Platz in Friedrichshain unterwegs. Dort ist es ruhig geblieben, und ich hoffe, wir haben dazu beigetragen."" Vor zwei Jahren war es bei brennenden Barrikaden an gleicher Stelle heiß hergegangen.* (taz 2003)
2004 – *Tausende Autonome wollen sich im Mauerpark und auf dem Boxhagener Platz treffen und die Walpurgisnacht feiern. Linke Gruppen planen eine Kundgebung an der Eberswalder Straße. Anschließend gibt es ein Straßenfest.* (Berliner Zeitung 2004)
2005 – Gegen Yuppisierung
und Umstrukturierung“ (taz 30.04.2005)
2007 – Antikapitalistischer Walpurgisnacht – zum dritten Mal auf Boxi (erstermai.nostate.net 2007)
> *Die Teilnehmer des Aufzugs hätten sich unter die Teilnehmer der Kundgebung gemischt, die – gepaart mit einer Musikveranstaltung – am Boxhagener Platz bis ca. 22 Uhr stattgefunden habe. Insgesamt hätten an der Veranstaltung 1 500 Personen teilgenommen. Nach Beendigung der Veranstaltung sei es dann gegen 23 Uhr – zum Teil sehr heftig – zu Flaschen- und Steinwürfen auf Polizeibeamte gekommen. Durch gezielte Festnahmen und konsequenten Zugriff habe die Situation jedoch bis ca. 1 Uhr nachts beruhigt werden können.*
2009 – Walpurgisnachtfest mit Musik
2010 –30.4. 14:00 Konzert und Kundgebung Reclaim the Kiez (taz 30.4)",,,,Polygon,,,,23,1__mai_berlin_aktualna_11_.geojson,,True,tylko mapa,,,,,,,,
2009_DE_wiec_Walpurgisnacht-Antikapitalistische-Walpurgisnacht,2009,Lata,DE,Walpurgisnacht,wiec,geometria,Walpurgisnacht,False,niezwiazkowe,Antikapitalistische Walpurgisnacht,"2001 – *20.00 Uhr - Boxhagener Platz (Friedrichshain) Dort soll es ebenfalls eine Walpurgisnacht-Feier mit Trommeln, Getränken und Feuer(spuckern) geben. Wir werden einen Tag vor dem Naziaufmarsch zeigen, dass Friedrichshain weiterhin ein bunter und widerspenstiger Kiez ist.* (stressfaktor.squat.com)
*Auch am Boxhagener Platz hatten etwa 500 Menschen die Walpurgisnacht mit Lagerfeuern eingeleitet. Erst als gegen 0:30 Uhr Barrikaden auf der Straße errichtet und angezündet wurden, rückte die Polizei aus den Seitenstraßen vor. Sie wurde umgehend aus der Menge mit Steinen und Flaschen beworfen. Wasserwerfer und Räumfahrzeuge beseitigten die Barrikaden. Etwa 200 Personen wurden auf dem Platz eingekesselt. Die Beamten wurden nun aus den Seitenstraßen angegriffen. Erst gegen 1:20 Uhr beruhigte sich die Lage.* (taz 2001)
2002 – *“Auf dem Boxhagener Platz, inzwischen ebenso ein Platz mit Mai-Tradition, wird die Walpurgisnacht etwas esoterisch mit Trommeln und Feuerspuckern begangen, es soll aber auch eine Vorbereitung zu Aktionen gegen den für den 1. Mai geplanten Nazi-Aufmarsch sein (20 Uhr). Wo genau dieser Nazi-Marsch vorbeiführen wird, ist noch das Geheimnis des Innensenators.” (“taz. Tageszeitung 2002 1. Mai”, 2002, p. 21)
2003 – *Die Motivation ist entsprechend hoch. Ergebnisse und Erfolge sind allerdings schwer messbar. Kluge: ""In der Walpurgisnacht waren wir am Boxhagener Platz in Friedrichshain unterwegs. Dort ist es ruhig geblieben, und ich hoffe, wir haben dazu beigetragen."" Vor zwei Jahren war es bei brennenden Barrikaden an gleicher Stelle heiß hergegangen.* (taz 2003)
2004 – *Tausende Autonome wollen sich im Mauerpark und auf dem Boxhagener Platz treffen und die Walpurgisnacht feiern. Linke Gruppen planen eine Kundgebung an der Eberswalder Straße. Anschließend gibt es ein Straßenfest.* (Berliner Zeitung 2004)
2005 – Gegen Yuppisierung
und Umstrukturierung“ (taz 30.04.2005)
2007 – Antikapitalistischer Walpurgisnacht – zum dritten Mal auf Boxi (erstermai.nostate.net 2007)
> *Die Teilnehmer des Aufzugs hätten sich unter die Teilnehmer der Kundgebung gemischt, die – gepaart mit einer Musikveranstaltung – am Boxhagener Platz bis ca. 22 Uhr stattgefunden habe. Insgesamt hätten an der Veranstaltung 1 500 Personen teilgenommen. Nach Beendigung der Veranstaltung sei es dann gegen 23 Uhr – zum Teil sehr heftig – zu Flaschen- und Steinwürfen auf Polizeibeamte gekommen. Durch gezielte Festnahmen und konsequenten Zugriff habe die Situation jedoch bis ca. 1 Uhr nachts beruhigt werden können.*
2009 – Walpurgisnachtfest mit Musik
2010 –30.4. 14:00 Konzert und Kundgebung Reclaim the Kiez (taz 30.4)",,,,Polygon,,,,23,1__mai_berlin_aktualna_11_.geojson,,True,tylko mapa,,,,,,,,
2010_DE_wiec_Walpurgisnacht-Antikapitalistische-Walpurgisnacht,2010,Lata,DE,Walpurgisnacht,wiec,geometria,Walpurgisnacht,False,niezwiazkowe,Antikapitalistische Walpurgisnacht,"2001 – *20.00 Uhr - Boxhagener Platz (Friedrichshain) Dort soll es ebenfalls eine Walpurgisnacht-Feier mit Trommeln, Getränken und Feuer(spuckern) geben. Wir werden einen Tag vor dem Naziaufmarsch zeigen, dass Friedrichshain weiterhin ein bunter und widerspenstiger Kiez ist.* (stressfaktor.squat.com)
*Auch am Boxhagener Platz hatten etwa 500 Menschen die Walpurgisnacht mit Lagerfeuern eingeleitet. Erst als gegen 0:30 Uhr Barrikaden auf der Straße errichtet und angezündet wurden, rückte die Polizei aus den Seitenstraßen vor. Sie wurde umgehend aus der Menge mit Steinen und Flaschen beworfen. Wasserwerfer und Räumfahrzeuge beseitigten die Barrikaden. Etwa 200 Personen wurden auf dem Platz eingekesselt. Die Beamten wurden nun aus den Seitenstraßen angegriffen. Erst gegen 1:20 Uhr beruhigte sich die Lage.* (taz 2001)
2002 – *“Auf dem Boxhagener Platz, inzwischen ebenso ein Platz mit Mai-Tradition, wird die Walpurgisnacht etwas esoterisch mit Trommeln und Feuerspuckern begangen, es soll aber auch eine Vorbereitung zu Aktionen gegen den für den 1. Mai geplanten Nazi-Aufmarsch sein (20 Uhr). Wo genau dieser Nazi-Marsch vorbeiführen wird, ist noch das Geheimnis des Innensenators.” (“taz. Tageszeitung 2002 1. Mai”, 2002, p. 21)
2003 – *Die Motivation ist entsprechend hoch. Ergebnisse und Erfolge sind allerdings schwer messbar. Kluge: ""In der Walpurgisnacht waren wir am Boxhagener Platz in Friedrichshain unterwegs. Dort ist es ruhig geblieben, und ich hoffe, wir haben dazu beigetragen."" Vor zwei Jahren war es bei brennenden Barrikaden an gleicher Stelle heiß hergegangen.* (taz 2003)
2004 – *Tausende Autonome wollen sich im Mauerpark und auf dem Boxhagener Platz treffen und die Walpurgisnacht feiern. Linke Gruppen planen eine Kundgebung an der Eberswalder Straße. Anschließend gibt es ein Straßenfest.* (Berliner Zeitung 2004)
2005 – Gegen Yuppisierung
und Umstrukturierung“ (taz 30.04.2005)
2007 – Antikapitalistischer Walpurgisnacht – zum dritten Mal auf Boxi (erstermai.nostate.net 2007)
> *Die Teilnehmer des Aufzugs hätten sich unter die Teilnehmer der Kundgebung gemischt, die – gepaart mit einer Musikveranstaltung – am Boxhagener Platz bis ca. 22 Uhr stattgefunden habe. Insgesamt hätten an der Veranstaltung 1 500 Personen teilgenommen. Nach Beendigung der Veranstaltung sei es dann gegen 23 Uhr – zum Teil sehr heftig – zu Flaschen- und Steinwürfen auf Polizeibeamte gekommen. Durch gezielte Festnahmen und konsequenten Zugriff habe die Situation jedoch bis ca. 1 Uhr nachts beruhigt werden können.*
2009 – Walpurgisnachtfest mit Musik
2010 –30.4. 14:00 Konzert und Kundgebung Reclaim the Kiez (taz 30.4)",,,,Polygon,,,,23,1__mai_berlin_aktualna_11_.geojson,,True,tylko mapa,,,,,,,,
2011_DE_festyn_Walpurgisnacht-Antikapitalistische-Walpurgisnacht-Fest-,2011,Lata,DE,Walpurgisnacht,festyn,name,Walpurgisnacht,False,niezwiazkowe,"Antikapitalistische Walpurgisnacht Fest, Wismarplatz","2011 – 30.4. 14:00 Konzert und Kundgebung ""Finger weg von unserem Kiez! Boxi zurück! (taz 30.4)",,,,Polygon,,,,24,1__mai_berlin_aktualna_11_.geojson,,False,tylko mapa,,,,,,,,
1999_DE_demonstracja_Walpurgisnacht-Walpurgisnacht,1999,Lata,DE,Walpurgisnacht,demonstracja,geometria,Walpurgisnacht,False,niezwiazkowe,Walpurgisnacht 1999,"Reclaim the streets – demonstracyjny pochód w stronę Mauer Parku, zamiast Kollwitz Platz. (route unknown)

Attendance: 100 (rbb)",,100,100,LineString,3316.4,"52.521855,13.413698","52.54379,13.40197",25,1__mai_berlin_aktualna_11_.geojson,,True,tylko mapa,,,,,,,,
1990_DE_demonstracja_Walpurgisnacht-Walpurgisnacht-Frauendemo,1990,Lata,DE,Walpurgisnacht,demonstracja,name,Walpurgisnacht,False,niezwiazkowe,1990 Walpurgisnacht Frauendemo,"1990
*Leider mußten wir feststellen, daß die taz es nicht für nötig gehalten hat, über die Walpurgisnachtdemo in West -Berlin zu berichten. Es ist wohl nicht erwähnenswert, wenn 2.500 Frauen gegen Staats- und Männergewalt auf die Straße gehen.* 21.05.1990 open letter from the Notrufladies (organizers of Frauendemo in Schöneberg) published in taz
* Winterfeld/Goltzstrasse ([F-NL-PGA-2-1146], schwules muesum
* Goltzstrasse ([F-NL-PGA-2-1184], schwules muesum)

Attendance:
2500 (organisers)",,2500,2500,LineString,253.8,"52.494775,13.353994","52.497048,13.353946",26,1__mai_berlin_aktualna_11_.geojson,,False,tylko mapa,,,,,,,,
1991_DE_demonstracja_Walpurgisnacht-Frauendemo,1991,Lata,DE,Walpurgisnacht,demonstracja,name,Walpurgisnacht,False,niezwiazkowe,1991 Frauendemo,"1991
30.04. *Ob alt oder jung, ob geschminktoder pur, in weiten Gewändern oder Alternativ-Look, beflochten oder mitwiderspenstiger Mähne - die Hexen sind los. Start ist um 18 Uhr am Kleistpark (Schöneberg) mit einerverhexten Demo. Im Anschluß daran zieht frau gemeinsam zum Fest ein die alte TU-Mensa (Hardenbergstraße).* (Berliner Zeitung, 29.04.1991)
* Gleditschstrasse ([F-NL-PGA-2-1833], schwules Museum)",,,,LineString,2721.4,"52.490424,13.360212","52.504937,13.334563",27,1__mai_berlin_aktualna_11_.geojson,,False,tylko mapa,,,,,,,,
1992_DE_demonstracja_Walpurgisnacht-Frauendemo,1992,Lata,DE,Walpurgisnacht,demonstracja,name,Walpurgisnacht,False,niezwiazkowe,1992 Frauendemo,"1992 (assumed similiar to 1991)
30.04. 20 Uhr in Tiergarten, der TU-Mensa, Hardenberger Strabe 38,Umzug 18 Uhr ab Kielsipark.* (Berliner Zeitung, 29.04.1992)
* Grunewladstrasse/Potsdamerstrasse([F-NL-PGA-2-1477], schwules muesum)
*Ecke Hohenstaufenstrasse/Habsburgerstrasse ([F-NL-PGA-2-1452], schwules museum)
* Ecke Hohenstaufenstrasse/Martin-Luther Strasse ([F-NL-PGA-2-1428], schwules museum)
* Ecke Martin-Luther Strasse/Motzstrasse ([F-NL-PGA-2-1412], schwules museum)
* (, schwules museum)",,,,LineString,3830.5,"52.490424,13.360212","52.504937,13.334563",28,1__mai_berlin_aktualna_11_.geojson,,False,tylko mapa,,,,,,,,
1994_DE_demonstracja_Walpurgisnacht-Gegen-die-Kriminalisierung-des-Antifasch,1994,Lata,DE,Walpurgisnacht,demonstracja,geometria,Walpurgisnacht,False,niezwiazkowe,1994 - Gegen die Kriminalisierung des Antifaschistiches Widerstands. Für eine Gesselschaft Ohne Knaste,13:15. Gegen die Kriminalisierung des Antifaschistiches Widerstands. Für eine Gesselschaft Ohne Knaste,,,,LineString,434.1,"52.515881,13.323509","52.512068,13.322135",29,1__mai_berlin_aktualna_11_.geojson,,True,tylko mapa,,,,,,,,
1994_DE_demonstracja_Walpurgisnacht-Walpurgisnacht-Frauendemo,1994,Lata,DE,Walpurgisnacht,demonstracja,name,Walpurgisnacht,False,niezwiazkowe,1994 Walpurgisnacht Frauendemo,"18:00 Winterfelderplatz
* Hohnestauferstrasse 9 ([F-NL-PGA-2-1687], schwules museum)
* Ecke Eisenacherstrasse ([[F-NL-PGA-2-1911], schwules museum)
* Ecke Martin-Luther-Strasse/Winterfelderstrasse ([F-NL-PGA-2-1713], schwules museum)
???
20:00 Alten TU-Mensa (Hardenbergerstrasse)",,,,LineString,3523.4,"52.495964,13.354027","52.51199,13.322128",30,1__mai_berlin_aktualna_11_.geojson,,False,tylko mapa,,,,,,,,
1995_DE_demonstracja_Walpurgisnacht-Frauen-Lesben-Demo,1995,Lata,DE,Walpurgisnacht,demonstracja,name,Walpurgisnacht,False,niezwiazkowe,1995 – Frauen Lesben Demo,"30.04, 18:00 Frauen Lesben Demo",,,,Point,,"52.526339,13.387249","52.526339,13.387249",31,1__mai_berlin_aktualna_11_.geojson,,False,tylko mapa,,,,,,,,
1996_DE_demonstracja_Walpurgisnacht-Frauendemo,1996,Lata,DE,Walpurgisnacht,demonstracja,name,Walpurgisnacht,False,niezwiazkowe,1996 Frauendemo,"18:00, Alexanderplatz
* Ecke Oranienburgerstrasse/Auguststrasse (https://www.youtube.com/watch?v=1-hZEuSrsU8&t=465s)
* U-Bahn Oranienburger Tor (https://youtu.be/1-hZEuSrsU8?si=jinhOwBSDe8nb9rz)
????

Zwischendkundgebung Rosenthaler Platz
Ende Friedrichtrasse (taz 2.05.1996)",,,,LineString,2876.7,"52.526953,13.387184","52.521496,13.413106",32,1__mai_berlin_aktualna_11_.geojson,,False,tylko mapa,,,,,,,,
1997_DE_demonstracja_Walpurgisnacht-Frauen-Lesben-Madchen-gegen-Gewalt,1997,Lata,DE,Walpurgisnacht,demonstracja,geometria,Walpurgisnacht,False,niezwiazkowe,"1997 – Frauen, Lesben, Mädchen gegen Gewalt","30.4.1997 demo 18 uhr sophie-charlotte-platz(u-bhf sophie-charloite-p. 
party 20 uhr alte tu-mensa hardenbergstr. 35(u-bhf ernst-reutet-platz)
demoroute:sophie-charlotte-platz, windscheidstr., kantstr., leibnitzstr.,ku-damm, knesebeckstr. (savigny-platz), erst-reuter-platz (flyer, nadir.org)",,,,LineString,3959.3,"52.510929,13.297307","52.511931,13.321987",33,1__mai_berlin_aktualna_11_.geojson,,True,tylko mapa,,,,,,,,
1998_DE_demonstracja_Walpurgisnacht-Frauen-Lesben-Madchen,1998,Lata,DE,Walpurgisnacht,demonstracja,geometria,Walpurgisnacht,False,niezwiazkowe,"1998 – Frauen, Lesben, Mädchen","Route — Walpurgisnacht feminist demo, 30 April 1998, Berlin Start: Breitscheidplatz, 18:00 — End: Alte TU-Mensa, Hardenbergstraße 34, 20:00

Blurred poster – inferred with AI:
Breitscheidplatz, Ansbacher Straße, Wittenbergplatz, Tauentzienstraße, Marburger Straße, Los-Angeles-Platz, Augsburger Straße, Rankstraße, Kurfürstendamm, Fasa…Breitscheidplatz, Ansbacher Straße, Wittenbergplatz, Tauentzienstraße, Marburger Straße, Los-Angeles-Platz, Augsburger Straße, Rankstraße, Kurfürstendamm, Fasanenstraße, Lietzenburger Straße, Bleibtreustraße, Kurfürstendamm, Uhlandstraße, Kantstraße, Savignyplatz, Knesebeckstraße, Hardenbergstraße",,,,LineString,5254.1,"52.511951,13.321931","52.50512,13.335515",34,1__mai_berlin_aktualna_11_.geojson,,True,tylko mapa,,,,,,,,
1999_DE_demonstracja_Walpurgisnacht-Frauen-Lesben-Madchen-gegen-Gewalt,1999,Lata,DE,Walpurgisnacht,demonstracja,geometria,Walpurgisnacht,False,niezwiazkowe,"1999 – Frauen, Lesben, Mädchen gegen Gewalt","am 30.April um 18 Uhrab Karl-Marx-Platz(U7 Karl-Marx-Str.)ab 20 Uhr im SO 36D.Janes Elvi und Almut(Soli für den Notruf) (Flyer nadir.org)
*Karl-Marx-Platz – Thomasstrasse – Frauenknast – Hermannstrasse – Kottbusser Damm, Adalbertstr., O-Str., Heinrichplatz ",,,,LineString,4288.1,"52.473756,13.441193","52.500242,13.422965",35,1__mai_berlin_aktualna_11_.geojson,,True,tylko mapa,,,,,,,,
2000_DE_demonstracja_Walpurgisnacht-Frauen-Lesben-Madchen-gegen-Gewalt,2000,Lata,DE,Walpurgisnacht,demonstracja,geometria,Walpurgisnacht,False,niezwiazkowe,"2000 – Frauen, Lesben Mädchen gegen Gewalt","30.04, 18:00
SCHWERPUNKTTHEMA: ABSCHIEBUNG, FRAUENHANDEL, PROSTITUTION
Demoroute: Hermannplatz, Sonnenallee, Hertzbergstr., Richardplatz, Kart-Marx-Platz, Karl-Mare-Str., Hermannplatz,Urbanstr., Kortestr., Gneisenaustr., Zossener Str., Bergmannstr., Mehringdamm UBhf (Flyer)

Attendance: 300 (Tsg)",,300,300,LineString,8157.8,"52.492586,13.387637","52.487635,13.42569",36,1__mai_berlin_aktualna_11_.geojson,,True,tylko mapa,,,,,,,,
2001_DE_demonstracja_Walpurgisnacht-Walpurgisnacht-Frauendemo-Wir-erobern-un,2001,Lata,DE,Walpurgisnacht,demonstracja,name,Walpurgisnacht,False,niezwiazkowe,2001 Walpurgisnacht Frauendemo – Wir erobern uns die Nacht zurück!,"* Hermannplatz 9 richtung Kottbusser Damm 0:16 kanalb
* Kottbusser Damm 00:25 kanalb
* Kottbusser Tor – Oranienplatz rbb
",,,,LineString,1894.8,"52.486223,13.424093","52.50221,13.416023",37,1__mai_berlin_aktualna_11_.geojson,,False,tylko mapa,,,,,,,,
2001_DE_demonstracja_Walpurgisnacht-Walpurgisnachtdemo-errobern-wie-die-Nach,2001,Lata,DE,Walpurgisnacht,demonstracja,name,Walpurgisnacht,False,niezwiazkowe,2001 Walpurgisnachtdemo – errobern wie die Nacht zurück!,2001 Walpurgisnacht (kanal.b),,,,Point,,"52.486282,13.424113","52.486282,13.424113",38,1__mai_berlin_aktualna_11_.geojson,,False,tylko mapa,,,,,,,,
1993_DE_demonstracja_Walpurgisnacht-Walpurgisnacht-Demo,1993,Lata,DE,Walpurgisnacht,demonstracja,name,Walpurgisnacht,False,niezwiazkowe,Walpurgisnacht Demo 1993,"30.04, 18:00 – Um 18 Uhr treffen sich Frauen auf dem Winterfeldtplatz. Die Nacht vor dem 1. Mai nutzen sie, um auf Gewalt gegen Frauen aufmerksam zu machen. Der Demonstrationszug verläuft vom Nollendorfplatz zum Zoo (BZ 30.04.93)
* Pallaststrasse (Vor 20 Jahren: Alljährliche Mai-Randale in Berlin | Spiegel TV 0:09)
* Ecke Büllowstrasse/Frobenstrasse ([F-NL-PGA-2-1537], schwules museum)
* rechts Karl-Heinrich-Strasse (F-NL-PGA-2-1553], schwules museum)


",,,,LineString,2698.2,"52.496115,13.354354","52.505068,13.341437",39,1__mai_berlin_aktualna_11_.geojson,,False,tylko mapa,,,,,,,,
1990_DE_festyn_PDS,1990,Lata,DE,East German Left,festyn,name,PDS,False,niezwiazkowe,"1990 PDS-Fest ""1. Mai wird 100""",(ND 2.05.1990),,,,Point,,"52.512487,13.400123","52.512487,13.400123",1,1__mai_berlin_aktualna_12_.geojson,,False,tylko mapa,,,,,,15500,2,demonstracja
1991_DE_festyn_PDS,1991,Lata,DE,East German Left,festyn,name,PDS,False,niezwiazkowe,1991 PDS Strassenfest,"From invitation:

**Kommt alle zur Kundgebung des DGB am 1. Mai.**
*11 Uhr Platz der Republik, Reichstagsgebäude* 

**Straßenfest der PDS** 
*Am Rosa-Luxemburg-Platz von 14-18 Uhr Gespräche mit Gregor Gysi und Käthe ReichelStände der AG's und IG’s Linker Medien- und Lesemarkt Spielaktionen für Kinderund Erwachsene PDS»Tag der Ottenen Tür«im Parteivorstand der PDS*",,,,Point,,"52.527149,13.411195","52.527149,13.411195",2,1__mai_berlin_aktualna_12_.geojson,,False,tylko mapa,,,,,,,,
1993_DE_spotkanie_PDS,1993,Lata,DE,East German Left,spotkanie,name,PDS,False,niezwiazkowe,1993 PDS Tag der offenen Tür,"9:30 – Kundgebung
11:30 – Tag der offenen Tür (nur Berliner PDS) (jw 30.04.1993)",,,,Point,,"52.526457,13.411689","52.526457,13.411689",3,1__mai_berlin_aktualna_12_.geojson,,False,tylko mapa,,,,,,6000,1,demonstracja
1994_DE_wiec_PDS,1994,name,DE,East German Left,wiec,geometria,PDS,False,niezwiazkowe,1994 ,,,,,Point,,"52.52666,13.411271","52.52666,13.411271",4,1__mai_berlin_aktualna_12_.geojson,,True,tylko mapa,,,,,,1000,1,demonstracja
1994_DE_demonstracja_PDS,1994,Lata,DE,East German Left,demonstracja,name,PDS,False,niezwiazkowe,1994 PDS Demo,"*Die PDS Berlin ruft ihre Mitglieder und Sympathisanten auf, an den Maiveranstaltungen der Gewerkschaften teilzunehmen. Um 10.15 Uhr ist Treffpunkt vor dem Karl-Liebknecht-Haus.* (nd 27.04)

*Auch die PDS, die rund tausend Anhänger mobilisierte, erließ es bei dem Transparent: „Gegen Rechtsruck und Sozialabbau"". Erstaunt oder amüsiert reagierten Teilnehmer auf einen mit roten Fahnenüberladenen Lastwagen der „fdj"".* (BZ 2.05.94)

Attendance: 
1000 (BZ 2.05.1994)",,1000,1000,LineString,1791.9,"52.526274,13.411506","52.517944,13.400229",5,1__mai_berlin_aktualna_12_.geojson,,False,tylko mapa,,,,,,1000,1,demonstracja
1994_DE_festyn_PDS,1994,Lata,DE,East German Left,festyn,name,PDS,False,niezwiazkowe,1994 PDS Tanz in den Mai,*Schon am Vorabend ist etwas los. Am 30. April lädt die PDS um 19.30 Uhr in die Kongreßhalle am Alex ein. Reinhold Ändert sowie der Gewerkschafter und Bundestagskandidat Manfred Müller werden dabei sein. Es wird eine Versteigerung geben und Musik für den Tanz in den Mai.* (ND 28.04.1994,,,,Point,,"52.52068,13.4164507","52.52068,13.4164507",6,1__mai_berlin_aktualna_12_.geojson,,False,tylko mapa,,,,,,1000,1,demonstracja
1995_DE_festyn_PDS,1995,Lata,DE,East German Left,festyn,name,PDS,False,niezwiazkowe,1995 PDS 1. Mai Fest,"*Bei der PDS rund um das Karl-Liebknecht-Haus ging es mit Jazzmusik und Hofschoppen eher familiär zu. Viele Besucher waren gekommen, um die Diskussionsrunden zu erleben, etwa zur Länderehe Berlin-Brandenburg. Die uniformierte Staatsmacht war von der Sicherheitslage offensichtlich so überzeugt, daß sie sich gar nicht erst blicken ließ.* (ND 2.05.1995)",,,,Point,,"52.526588,13.411625","52.526588,13.411625",7,1__mai_berlin_aktualna_12_.geojson,,False,tylko mapa,,,,,,,,
1996_DE_wiec_PDS,1996,Lata,DE,East German Left,wiec,name,PDS,False,niezwiazkowe,1996 PDS Kundgebung,"# 1996
12:15 **Gegen Sozialabbau und Ausgrenzung** (zusammen mit Ostdeutsches Kuratorium von Verbänden)
*Die PDS, die mit einer geballten Faust als Logo, und der Parole »Kämpfen für Arbeit« zum 1. Mai mobilisiert, ruft ihre Mitglieder auf, zu der HBV-Demo zu gehen und veranstaltet selbst eine Kundgebung am Alexanderplatz.* (JW, 30.04.1996)
# 1998
12:30 **Gegen rechts – für eine gerechte Republik**
*Kundgebung der PDS 12.30 Uhr auf dem Berliner Alexanderplatzmit Petra Pau, Petra Sitte,Lothar Bisky und Uwe Doering,ab 11 Uhr Konzert mit „The Clogs""* (PDS Einladung)

*Nach der Kundgebung der Gewerkschaften »Zum Tag der Arbeit« vor dem Roten Rathaus zogen viele Teilnehmer gleich weiter auf den Alex zur Maifeier der PDS. Dort zählten die Veranstalter 12 000 Teilnehmer. Vor ihnen forderte PDS-Vorsitzender Lothar Bisky einen Politikwechsel in Deutschland und eine gerechte Republik. Allein ein Regierungswechsel reiche nicht. So, wie unser Land heute ökologisch, ökonomisch, sozial, kulturell und moralisch verfaßt sei, dürfe es nicht bleiben* (ND)
Attendance:
12000 (ND, 2.05.1998)
1000 Teilnehmer (BZ, 2.05.1998)

# 1999
ca. 12:00 – **Frieden schaffen ohne Waffen!**
*Eine der größten Maikundgebungen mit 10 000 Teilnehmergegen den NATO-Krieg fand auf dem Berliner Alexanderplatz statt. Aufgerufen dazu hatte die PDS*
10 000 Teilnehmer (ND, 3.05.1999)

# 2000
12:30 – *Ausbildung jetzt. Arbeit jetzt. Frieden jetzt. Atomausstieg jetzt.*
**Es sprechen Gregor Gysi, Christa Luft und Petra Pau.**
7 000 Teilnehmer (ND, 2.05.2000)

# 2001
11:30 
*Auch PDS-Chefin Petra Pau kritisierte auf der Kundgebung am Alex vor 7000 Teilnehmern die ""unsägliche Faulheits-Debatte"". Sie warf dem Kanzler fehlendes Engagement beim Aufbau Ost vor.* (Berliner Kurier 2.05.2001)
*Ostdeutsche seien keine Jammerossis, sagte auf einer PDS-Kundgebung auf dem Berliner Alexanderplatz die Parteivorsitzende Gabriele Zimmer zu 7500 Teilnehmern.* (ND, 2.05.2001)

# 2002
12:30 
** (ND 30.04.2002)",,4000,4000,Point,,"52.52192,13.413247","52.52192,13.413247",8,1__mai_berlin_aktualna_12_.geojson,,False,tylko mapa,,,,,,2200,2,demonstracja
1997_DE_wiec_PDS,1997,Lata,DE,East German Left,wiec,name,PDS,False,niezwiazkowe,"1997 PDS Kundgebung ""sozial und solidarisch""","**12:00** – u.a. Lothar Bisky, Petra Pau, Christa Luft und Elke Breitenbach (HBV) sprechen. (ND 30.04.1997)",,7333,7333,Point,,"52.521712,13.413073","52.521712,13.413073",9,1__mai_berlin_aktualna_12_.geojson,,False,tylko mapa,,,,,,7333,3,demonstracja
1998_DE_wiec_PDS,1998,Lata,DE,East German Left,wiec,name,PDS,False,niezwiazkowe,1998 PDS Kundgebung,"# 1996
12:15 **Gegen Sozialabbau und Ausgrenzung** (zusammen mit Ostdeutsches Kuratorium von Verbänden)
*Die PDS, die mit einer geballten Faust als Logo, und der Parole »Kämpfen für Arbeit« zum 1. Mai mobilisiert, ruft ihre Mitglieder auf, zu der HBV-Demo zu gehen und veranstaltet selbst eine Kundgebung am Alexanderplatz.* (JW, 30.04.1996)
# 1998
12:30 **Gegen rechts – für eine gerechte Republik**
*Kundgebung der PDS 12.30 Uhr auf dem Berliner Alexanderplatzmit Petra Pau, Petra Sitte,Lothar Bisky und Uwe Doering,ab 11 Uhr Konzert mit „The Clogs""* (PDS Einladung)

*Nach der Kundgebung der Gewerkschaften »Zum Tag der Arbeit« vor dem Roten Rathaus zogen viele Teilnehmer gleich weiter auf den Alex zur Maifeier der PDS. Dort zählten die Veranstalter 12 000 Teilnehmer. Vor ihnen forderte PDS-Vorsitzender Lothar Bisky einen Politikwechsel in Deutschland und eine gerechte Republik. Allein ein Regierungswechsel reiche nicht. So, wie unser Land heute ökologisch, ökonomisch, sozial, kulturell und moralisch verfaßt sei, dürfe es nicht bleiben* (ND)
Attendance:
12000 (ND, 2.05.1998)
1000 Teilnehmer (BZ, 2.05.1998)

# 1999
ca. 12:00 – **Frieden schaffen ohne Waffen!**
*Eine der größten Maikundgebungen mit 10 000 Teilnehmergegen den NATO-Krieg fand auf dem Berliner Alexanderplatz statt. Aufgerufen dazu hatte die PDS*
10 000 Teilnehmer (ND, 3.05.1999)

# 2000
12:30 – *Ausbildung jetzt. Arbeit jetzt. Frieden jetzt. Atomausstieg jetzt.*
**Es sprechen Gregor Gysi, Christa Luft und Petra Pau.**
7 000 Teilnehmer (ND, 2.05.2000)

# 2001
11:30 
*Auch PDS-Chefin Petra Pau kritisierte auf der Kundgebung am Alex vor 7000 Teilnehmern die ""unsägliche Faulheits-Debatte"". Sie warf dem Kanzler fehlendes Engagement beim Aufbau Ost vor.* (Berliner Kurier 2.05.2001)
*Ostdeutsche seien keine Jammerossis, sagte auf einer PDS-Kundgebung auf dem Berliner Alexanderplatz die Parteivorsitzende Gabriele Zimmer zu 7500 Teilnehmern.* (ND, 2.05.2001)

# 2002
12:30 
** (ND 30.04.2002)
",,6500,6500,Point,,"52.52192,13.413247","52.52192,13.413247",10,1__mai_berlin_aktualna_12_.geojson,,False,tylko mapa,,,,,,6500,2,demonstracja
1999_DE_wiec_PDS,1999,Lata,DE,East German Left,wiec,name,PDS,False,niezwiazkowe,1999 PDS Kundgebung,"# 1996
12:15 **Gegen Sozialabbau und Ausgrenzung** (zusammen mit Ostdeutsches Kuratorium von Verbänden)
*Die PDS, die mit einer geballten Faust als Logo, und der Parole »Kämpfen für Arbeit« zum 1. Mai mobilisiert, ruft ihre Mitglieder auf, zu der HBV-Demo zu gehen und veranstaltet selbst eine Kundgebung am Alexanderplatz.* (JW, 30.04.1996)
# 1998
12:30 **Gegen rechts – für eine gerechte Republik**
*Kundgebung der PDS 12.30 Uhr auf dem Berliner Alexanderplatzmit Petra Pau, Petra Sitte,Lothar Bisky und Uwe Doering,ab 11 Uhr Konzert mit „The Clogs""* (PDS Einladung)

*Nach der Kundgebung der Gewerkschaften »Zum Tag der Arbeit« vor dem Roten Rathaus zogen viele Teilnehmer gleich weiter auf den Alex zur Maifeier der PDS. Dort zählten die Veranstalter 12 000 Teilnehmer. Vor ihnen forderte PDS-Vorsitzender Lothar Bisky einen Politikwechsel in Deutschland und eine gerechte Republik. Allein ein Regierungswechsel reiche nicht. So, wie unser Land heute ökologisch, ökonomisch, sozial, kulturell und moralisch verfaßt sei, dürfe es nicht bleiben* (ND)
Attendance:
12000 (ND, 2.05.1998)
1000 Teilnehmer (BZ, 2.05.1998)

# 1999
ca. 12:00 – **Frieden schaffen ohne Waffen!**
*Eine der größten Maikundgebungen mit 10 000 Teilnehmergegen den NATO-Krieg fand auf dem Berliner Alexanderplatz statt. Aufgerufen dazu hatte die PDS*
10 000 Teilnehmer (ND, 3.05.1999)

# 2000
12:30 – *Ausbildung jetzt. Arbeit jetzt. Frieden jetzt. Atomausstieg jetzt.*
**Es sprechen Gregor Gysi, Christa Luft und Petra Pau.**
7 000 Teilnehmer (ND, 2.05.2000)

# 2001
11:30 
*Auch PDS-Chefin Petra Pau kritisierte auf der Kundgebung am Alex vor 7000 Teilnehmern die ""unsägliche Faulheits-Debatte"". Sie warf dem Kanzler fehlendes Engagement beim Aufbau Ost vor.* (Berliner Kurier 2.05.2001)
*Ostdeutsche seien keine Jammerossis, sagte auf einer PDS-Kundgebung auf dem Berliner Alexanderplatz die Parteivorsitzende Gabriele Zimmer zu 7500 Teilnehmern.* (ND, 2.05.2001)

# 2002
12:30 
** (ND 30.04.2002)
",,10000,10000,Point,,"52.52192,13.413247","52.52192,13.413247",11,1__mai_berlin_aktualna_12_.geojson,,False,tylko mapa,,,,,,10000,1,demonstracja
2000_DE_wiec_PDS,2000,Lata,DE,East German Left,wiec,name,PDS,False,niezwiazkowe,2000 PDS Kundgebung,"# 1996
12:15 **Gegen Sozialabbau und Ausgrenzung** (zusammen mit Ostdeutsches Kuratorium von Verbänden)
*Die PDS, die mit einer geballten Faust als Logo, und der Parole »Kämpfen für Arbeit« zum 1. Mai mobilisiert, ruft ihre Mitglieder auf, zu der HBV-Demo zu gehen und veranstaltet selbst eine Kundgebung am Alexanderplatz.* (JW, 30.04.1996)
# 1998
12:30 **Gegen rechts – für eine gerechte Republik**
*Kundgebung der PDS 12.30 Uhr auf dem Berliner Alexanderplatzmit Petra Pau, Petra Sitte,Lothar Bisky und Uwe Doering,ab 11 Uhr Konzert mit „The Clogs""* (PDS Einladung)

*Nach der Kundgebung der Gewerkschaften »Zum Tag der Arbeit« vor dem Roten Rathaus zogen viele Teilnehmer gleich weiter auf den Alex zur Maifeier der PDS. Dort zählten die Veranstalter 12 000 Teilnehmer. Vor ihnen forderte PDS-Vorsitzender Lothar Bisky einen Politikwechsel in Deutschland und eine gerechte Republik. Allein ein Regierungswechsel reiche nicht. So, wie unser Land heute ökologisch, ökonomisch, sozial, kulturell und moralisch verfaßt sei, dürfe es nicht bleiben* (ND)
Attendance:
12000 (ND, 2.05.1998)
1000 Teilnehmer (BZ, 2.05.1998)

# 1999
ca. 12:00 – **Frieden schaffen ohne Waffen!**
*Eine der größten Maikundgebungen mit 10 000 Teilnehmergegen den NATO-Krieg fand auf dem Berliner Alexanderplatz statt. Aufgerufen dazu hatte die PDS*
10 000 Teilnehmer (ND, 3.05.1999)

# 2000
12:30 – *Ausbildung jetzt. Arbeit jetzt. Frieden jetzt. Atomausstieg jetzt.*
**Es sprechen Gregor Gysi, Christa Luft und Petra Pau.**
7 000 Teilnehmer (ND, 2.05.2000)

# 2001
11:30 
*Auch PDS-Chefin Petra Pau kritisierte auf der Kundgebung am Alex vor 7000 Teilnehmern die ""unsägliche Faulheits-Debatte"". Sie warf dem Kanzler fehlendes Engagement beim Aufbau Ost vor.* (Berliner Kurier 2.05.2001)
*Ostdeutsche seien keine Jammerossis, sagte auf einer PDS-Kundgebung auf dem Berliner Alexanderplatz die Parteivorsitzende Gabriele Zimmer zu 7500 Teilnehmern.* (ND, 2.05.2001)

# 2002
12:30 
** (ND 30.04.2002)
",,3666,3666,Point,,"52.52192,13.413247","52.52192,13.413247",12,1__mai_berlin_aktualna_12_.geojson,,False,tylko mapa,,,,,,3667,3,demonstracja
2001_DE_wiec_PDS,2001,Lata,DE,East German Left,wiec,name,PDS,False,niezwiazkowe,2001 PDS Kundgebung,"# 1996
12:15 **Gegen Sozialabbau und Ausgrenzung** (zusammen mit Ostdeutsches Kuratorium von Verbänden)
*Die PDS, die mit einer geballten Faust als Logo, und der Parole »Kämpfen für Arbeit« zum 1. Mai mobilisiert, ruft ihre Mitglieder auf, zu der HBV-Demo zu gehen und veranstaltet selbst eine Kundgebung am Alexanderplatz.* (JW, 30.04.1996)
# 1998
12:30 **Gegen rechts – für eine gerechte Republik**
*Kundgebung der PDS 12.30 Uhr auf dem Berliner Alexanderplatzmit Petra Pau, Petra Sitte,Lothar Bisky und Uwe Doering,ab 11 Uhr Konzert mit „The Clogs""* (PDS Einladung)

*Nach der Kundgebung der Gewerkschaften »Zum Tag der Arbeit« vor dem Roten Rathaus zogen viele Teilnehmer gleich weiter auf den Alex zur Maifeier der PDS. Dort zählten die Veranstalter 12 000 Teilnehmer. Vor ihnen forderte PDS-Vorsitzender Lothar Bisky einen Politikwechsel in Deutschland und eine gerechte Republik. Allein ein Regierungswechsel reiche nicht. So, wie unser Land heute ökologisch, ökonomisch, sozial, kulturell und moralisch verfaßt sei, dürfe es nicht bleiben* (ND)
Attendance:
12000 (ND, 2.05.1998)
1000 Teilnehmer (BZ, 2.05.1998)

# 1999
ca. 12:00 – **Frieden schaffen ohne Waffen!**
*Eine der größten Maikundgebungen mit 10 000 Teilnehmergegen den NATO-Krieg fand auf dem Berliner Alexanderplatz statt. Aufgerufen dazu hatte die PDS*
10 000 Teilnehmer (ND, 3.05.1999)

# 2000
12:30 – *Ausbildung jetzt. Arbeit jetzt. Frieden jetzt. Atomausstieg jetzt.*
**Es sprechen Gregor Gysi, Christa Luft und Petra Pau.**
7 000 Teilnehmer (ND, 2.05.2000)

# 2001
11:30 
*Auch PDS-Chefin Petra Pau kritisierte auf der Kundgebung am Alex vor 7000 Teilnehmern die ""unsägliche Faulheits-Debatte"". Sie warf dem Kanzler fehlendes Engagement beim Aufbau Ost vor.* (Berliner Kurier 2.05.2001)
*Ostdeutsche seien keine Jammerossis, sagte auf einer PDS-Kundgebung auf dem Berliner Alexanderplatz die Parteivorsitzende Gabriele Zimmer zu 7500 Teilnehmern.* (ND, 2.05.2001)

# 2002
12:30 
** (ND 30.04.2002)
",,7250,7250,Point,,"52.52192,13.413247","52.52192,13.413247",13,1__mai_berlin_aktualna_12_.geojson,,False,tylko mapa,,,,,,7250,2,demonstracja
2002_DE_wiec_PDS,2002,Lata,DE,East German Left,wiec,name,PDS,False,niezwiazkowe,2002 PDS Kundgebung,"# 1996
12:15 **Gegen Sozialabbau und Ausgrenzung** (zusammen mit Ostdeutsches Kuratorium von Verbänden)
*Die PDS, die mit einer geballten Faust als Logo, und der Parole »Kämpfen für Arbeit« zum 1. Mai mobilisiert, ruft ihre Mitglieder auf, zu der HBV-Demo zu gehen und veranstaltet selbst eine Kundgebung am Alexanderplatz.* (JW, 30.04.1996)
# 1998
12:30 **Gegen rechts – für eine gerechte Republik**
*Kundgebung der PDS 12.30 Uhr auf dem Berliner Alexanderplatzmit Petra Pau, Petra Sitte,Lothar Bisky und Uwe Doering,ab 11 Uhr Konzert mit „The Clogs""* (PDS Einladung)

*Nach der Kundgebung der Gewerkschaften »Zum Tag der Arbeit« vor dem Roten Rathaus zogen viele Teilnehmer gleich weiter auf den Alex zur Maifeier der PDS. Dort zählten die Veranstalter 12 000 Teilnehmer. Vor ihnen forderte PDS-Vorsitzender Lothar Bisky einen Politikwechsel in Deutschland und eine gerechte Republik. Allein ein Regierungswechsel reiche nicht. So, wie unser Land heute ökologisch, ökonomisch, sozial, kulturell und moralisch verfaßt sei, dürfe es nicht bleiben* (ND)
Attendance:
12000 (ND, 2.05.1998)
1000 Teilnehmer (BZ, 2.05.1998)

# 1999
ca. 12:00 – **Frieden schaffen ohne Waffen!**
*Eine der größten Maikundgebungen mit 10 000 Teilnehmergegen den NATO-Krieg fand auf dem Berliner Alexanderplatz statt. Aufgerufen dazu hatte die PDS*
10 000 Teilnehmer (ND, 3.05.1999)

# 2000
12:30 – *Ausbildung jetzt. Arbeit jetzt. Frieden jetzt. Atomausstieg jetzt.*
**Es sprechen Gregor Gysi, Christa Luft und Petra Pau.**
7 000 Teilnehmer (ND, 2.05.2000)

# 2001
11:30 
*Auch PDS-Chefin Petra Pau kritisierte auf der Kundgebung am Alex vor 7000 Teilnehmern die ""unsägliche Faulheits-Debatte"". Sie warf dem Kanzler fehlendes Engagement beim Aufbau Ost vor.* (Berliner Kurier 2.05.2001)
*Ostdeutsche seien keine Jammerossis, sagte auf einer PDS-Kundgebung auf dem Berliner Alexanderplatz die Parteivorsitzende Gabriele Zimmer zu 7500 Teilnehmern.* (ND, 2.05.2001)

# 2002
12:30 
** (ND 30.04.2002)
",,2250,2250,Point,,"52.52192,13.413247","52.52192,13.413247",14,1__mai_berlin_aktualna_12_.geojson,,False,tylko mapa,,,,,,2250,2,demonstracja
1992_DE_demonstracja_PDS,1992,Lata,DE,East German Left,demonstracja,name,PDS,False,niezwiazkowe,"""The East strikes back"". East German left demonstration 1992","*Am Abend gingen die Auseinan-dersetzungen in Prenzlauer Berg indie zweite Runde: Unter dem Motto""Der Osten schlägt zurück"" zogengegen 20 Uhr etwa 200 Demonstranten vom Heimholtzplatz in Richtung Kollwitzplatz. Entlang der Duncker-und der Husemannstraße hinterließen die Autonomen eine Spur der Verwüstung. Bauwagen wurden umgekippt, Mulicontainer auf die Straße geschoben, Autos angezündet und Schaufenster eingeworfen.* (BZ 2.05.1992)

200 – BZ
1000 – Gluckspilz",,600,600,LineString,2077.6,"52.543033,13.419006","52.536338,13.417032",16,1__mai_berlin_aktualna_12_.geojson,,False,tylko mapa,,,,,,6000,1,demonstracja
1990_DE_demonstracja_PDS,1990,Lata,DE,East German Left,demonstracja,geometria,PDS,False,niezwiazkowe,"1990. Ost-Gruppen 100 Jahre 1. Mai – Widerstand gegen Unterdrückung, Kapital und Faschismus","Friedrichstraße/Ecke Hannoversche Straße – Wilhelm-Pieck-Straße – Schönhauser Allee – Metzer Straße – Kollwitzstraße -Kollwitzplatz; (telegraph 7/1990)

Początek demonstracji przed stałym przedstawicielstwem RFN w Berlinie

**Aufruf** (excerpt)
*Der faschistische Plan von Großraum Europa im 'dritten Reich‘ wird mit dem entstehenden 'vierten Reich deutscher Nation‘ innerhalb des 'europäischen Hauses‘ eine neue und wesentlich effektivere Gestalt annehmen.* (taz 27.04.1990)

*Etwas 2000 Demonstranten blieben am Vormittag auf dem Kollwitzplatz in Prenzlauer Berg gelassen, fackelten zwar eine ehemalige deutsche Reichskriegsflagge ab, beschränkten sich aber ansonsten auf die Gewalt des Wortes im Kampf gegen Faschismus und Großkapital. * (BZ 2.05.1990)

Organizers: *Revolutionärer Jugendverband (RAJV), Autonome Antifa, Antifa-Jugend Berlin, Sozialistischer Studentenbund, AG Junge GenossInnen, Besetzte Häuser, Marxistischer Jugendverband (MJV), MitgliederInnen Vereinigte Linke, VSJV „Rosa Luxemburg“, MitgliederInnen des Unabh. Frauenverband*

Attendance:
2000 (Glückspilz)","Widerstand gegen Unterdrückung, Kapital und Faschismus",2000,2000,LineString,2675.0,"52.527146,13.386986","52.536267,13.417075",17,1__mai_berlin_aktualna_12_.geojson,,True,tylko mapa,,,,,,15500,2,demonstracja
1992_DE_wiec_PDS,1992,Lata,DE,East German Left,wiec,geometria,PDS,False,niezwiazkowe,Helmholtzplatz,"1992 – początek demonstracji ""Osten schlägt zurück"" (20:00)

## 1993 

*Nach einem Stadtteilfest der Hausbestzern auf dem Helmhotzplatz hatten angetrunkene Randalier Gerümpel angerundet und Bauzäune auf die Strasse geworfen. Die Auseinandersetzungen dauerten bis Mitternacht* (BZ 3.05.1993)",,,,Point,,"52.5430211,13.419032624098314","52.5430211,13.419032624098314",18,1__mai_berlin_aktualna_12_.geojson,,True,tylko mapa,,,,,,6000,1,demonstracja
1993_DE_wiec_PDS,1993,Lata,DE,East German Left,wiec,geometria,PDS,False,niezwiazkowe,Helmholtzplatz,"1992 – początek demonstracji ""Osten schlägt zurück"" (20:00)

## 1993 

*Nach einem Stadtteilfest der Hausbestzern auf dem Helmhotzplatz hatten angetrunkene Randalier Gerümpel angerundet und Bauzäune auf die Strasse geworfen. Die Auseinandersetzungen dauerten bis Mitternacht* (BZ 3.05.1993)",,,,Point,,"52.5430211,13.419032624098314","52.5430211,13.419032624098314",18,1__mai_berlin_aktualna_12_.geojson,,True,tylko mapa,,,,,,6000,1,demonstracja
1995_DE_festyn_PDS_a,1995,Lata,DE,East German Left,festyn,name,PDS,False,niezwiazkowe,Widerspenstig und lebendig Hummanplatz Maifest,"## 1995
festyn, z dala od potencjalnie niebezpiecznego Kollwitzplatz

*“Unter dem Motto ""Widerspenstig & Lebendig"" findet am Humannplatz in Prenzlauer Berg von 10 bis 19 Uhr ein ""buntes, froehliches Strassenfest gegen den grauen Alltag"" statt. ""Leider haben die Faschisten in den letzten Jahren den 1. Mai genutzt, um an die Oeffentlichkeit zu treten und gegen Minderheiten zu hetzen (...) Wir wollen dieser Entwicklung entgegentreten"", heisst es in einem Aufruf. Neben tuerkischer und lateinamerikanischer Musik gibt es Punk aus Bernau, internationales Essen und Informationsstaende. Im Diskussionszelt finden u.a. Gespraechsrunden zur Lage der vietnamesischen VertragsarbeiterInnen (15 Uhr) statt. Um 14 Uhr berichten Antifaschistische Widerstandskaempfer, danach informiert die Vorbereitungsgruppe 8. Mai.* taz 1995
## 1996
– festyn organizowany przez grupy lewicowe; ma być alternatywą dla zamieszek, polityczny, ale bez przemocy

*In Kreuzberg will ein von kommunistischen und stalinistischen Gruppierungen dominiertes Bündnis am Oranienplatz demonstrieren, in Mitte und Prenzlauer Berg rufen ein autonomes Bündnis zur Demo (Rosa-Luxemburg- Platz), organisieren Ostinitiativen ein ""lebendiges und widerspenstiges"" Straßenfest (Humannplatz) und findet bereits in der Nacht zum 1. Mai die Walpurgisfeier statt (Kollwitzplatz).* (taz 1996)

## 1997 
festyn wspierany przez PDS/Zielonych (Glückspilz)

*Weitere Mai-Veranstaltungen der PDS gibt es in den Bezirken: Kreuzberg, 15-21 Uhr, Mariannenplatz, Prenzlauer Berg, 10-18 Uhr, Humannplatz, Treptow, 14-18 Uhr, Springbornclub Johannisthai, Köpenick, 14-18 Uhr, Luisenhain, Marzahn, 13-18 Uhr, Alt-Marzahn 64, Hohenschönhausen, 10-17 Uhr, Oberseepark, Hellersdorf, 11-19 Uhr, Boulevard Kastanienallee.* ND 30.04.1997

## 1998 
pokojowo zakończony festyn (podobnie jak rok wcześniej, również współorganizowany przez PDS) BZ (3.05.1999)
## 1999
peaceful festival

## 2000
 peaceful festival
*9-24 Uhr Bündnisfest auf dem Humannplatz, Prenzlauer Berg* (ND 30.04.2000)

## 2001
*ab 11.00 Uhr - Humannplatz (Prenzlauer Berg) 7. Humannplatz-Fest mit viel Musik, Essen- und Infoständen* (stressfaktor)

## 2002
*Berlin ruft die PDS für 12.30 Uhr zu einer Kundgebung auf dem Alexanderplatz. Maifeste veranstalten die Sozialisten an der Bötzoweiche (10-20 Uhr, Bötzowstraße, Prenzlauer Berg), am Obersee (11-18 Uhr, Lindenweg, Lichtenberg), auf dem Humannplatz (12-20 Uhr, Prenzlauer Berg)*

## 2003
*Dann am 1. Mai selbst trifft man sich ab 10 Uhr auf dem Mariannenplatz an Marktständen zum Debattieren, von dort aus strebt eine erste irgendwie revolutionäre Gruppe zur Protestkundgebung auf dem Oranienplatz. Dieweil startet um 14 Uhr auf dem Humannplatz in Prenzlauer Berg ein konkurrierendes Kleinhändler-Polit-Fest, friedlich und mit großem PDS-Anteil.* taz 2003

## End
*Unter dem Motto »widerspenstig und lebendig« hatte ein Bündnis aus linken Gruppierungen erstmals 1995 das Fest auf dem Humannplatz in Prenzlauer Berg mit dem Ziel organisiert, den Feiertag im Ostteil der Stadt »jenseits von traditionellen Massenaufläufen und revolutionärer Verbalrhetorik wiederzubeleben«, wie es in einer Presseerklärung heißt. »Die politische Ausrichtung des Festes fiel schnell hinten runter«, konstatieren die Organisatoren neun Jahre später. Inhaltliche Angebote seien auf breites Desinteresse gestoßen. »Wir haben keine Lust mehr«, gab das Festkomitee bekannt. In den Jahren seines Bestehens hatte das ausnahmslos friedlich verlaufende Fest immer stärkeren Zulauf bekommen.* ND 28.04.2004",,,,Point,,"52.549074000000005,13.422295698381111","52.549074000000005,13.422295698381111",19,1__mai_berlin_aktualna_12_.geojson,,False,tylko mapa,,,,,,,,
1996_DE_festyn_PDS,1996,Lata,DE,East German Left,festyn,name,PDS,False,niezwiazkowe,Widerspenstig und lebendig Hummanplatz Maifest,"## 1995
festyn, z dala od potencjalnie niebezpiecznego Kollwitzplatz

*“Unter dem Motto ""Widerspenstig & Lebendig"" findet am Humannplatz in Prenzlauer Berg von 10 bis 19 Uhr ein ""buntes, froehliches Strassenfest gegen den grauen Alltag"" statt. ""Leider haben die Faschisten in den letzten Jahren den 1. Mai genutzt, um an die Oeffentlichkeit zu treten und gegen Minderheiten zu hetzen (...) Wir wollen dieser Entwicklung entgegentreten"", heisst es in einem Aufruf. Neben tuerkischer und lateinamerikanischer Musik gibt es Punk aus Bernau, internationales Essen und Informationsstaende. Im Diskussionszelt finden u.a. Gespraechsrunden zur Lage der vietnamesischen VertragsarbeiterInnen (15 Uhr) statt. Um 14 Uhr berichten Antifaschistische Widerstandskaempfer, danach informiert die Vorbereitungsgruppe 8. Mai.* taz 1995
## 1996
– festyn organizowany przez grupy lewicowe; ma być alternatywą dla zamieszek, polityczny, ale bez przemocy

*In Kreuzberg will ein von kommunistischen und stalinistischen Gruppierungen dominiertes Bündnis am Oranienplatz demonstrieren, in Mitte und Prenzlauer Berg rufen ein autonomes Bündnis zur Demo (Rosa-Luxemburg- Platz), organisieren Ostinitiativen ein ""lebendiges und widerspenstiges"" Straßenfest (Humannplatz) und findet bereits in der Nacht zum 1. Mai die Walpurgisfeier statt (Kollwitzplatz).* (taz 1996)

## 1997 
festyn wspierany przez PDS/Zielonych (Glückspilz)

*Weitere Mai-Veranstaltungen der PDS gibt es in den Bezirken: Kreuzberg, 15-21 Uhr, Mariannenplatz, Prenzlauer Berg, 10-18 Uhr, Humannplatz, Treptow, 14-18 Uhr, Springbornclub Johannisthai, Köpenick, 14-18 Uhr, Luisenhain, Marzahn, 13-18 Uhr, Alt-Marzahn 64, Hohenschönhausen, 10-17 Uhr, Oberseepark, Hellersdorf, 11-19 Uhr, Boulevard Kastanienallee.* ND 30.04.1997

## 1998 
pokojowo zakończony festyn (podobnie jak rok wcześniej, również współorganizowany przez PDS) BZ (3.05.1999)
## 1999
peaceful festival

## 2000
 peaceful festival
*9-24 Uhr Bündnisfest auf dem Humannplatz, Prenzlauer Berg* (ND 30.04.2000)

## 2001
*ab 11.00 Uhr - Humannplatz (Prenzlauer Berg) 7. Humannplatz-Fest mit viel Musik, Essen- und Infoständen* (stressfaktor)

## 2002
*Berlin ruft die PDS für 12.30 Uhr zu einer Kundgebung auf dem Alexanderplatz. Maifeste veranstalten die Sozialisten an der Bötzoweiche (10-20 Uhr, Bötzowstraße, Prenzlauer Berg), am Obersee (11-18 Uhr, Lindenweg, Lichtenberg), auf dem Humannplatz (12-20 Uhr, Prenzlauer Berg)*

## 2003
*Dann am 1. Mai selbst trifft man sich ab 10 Uhr auf dem Mariannenplatz an Marktständen zum Debattieren, von dort aus strebt eine erste irgendwie revolutionäre Gruppe zur Protestkundgebung auf dem Oranienplatz. Dieweil startet um 14 Uhr auf dem Humannplatz in Prenzlauer Berg ein konkurrierendes Kleinhändler-Polit-Fest, friedlich und mit großem PDS-Anteil.* taz 2003

## End
*Unter dem Motto »widerspenstig und lebendig« hatte ein Bündnis aus linken Gruppierungen erstmals 1995 das Fest auf dem Humannplatz in Prenzlauer Berg mit dem Ziel organisiert, den Feiertag im Ostteil der Stadt »jenseits von traditionellen Massenaufläufen und revolutionärer Verbalrhetorik wiederzubeleben«, wie es in einer Presseerklärung heißt. »Die politische Ausrichtung des Festes fiel schnell hinten runter«, konstatieren die Organisatoren neun Jahre später. Inhaltliche Angebote seien auf breites Desinteresse gestoßen. »Wir haben keine Lust mehr«, gab das Festkomitee bekannt. In den Jahren seines Bestehens hatte das ausnahmslos friedlich verlaufende Fest immer stärkeren Zulauf bekommen.* ND 28.04.2004",,,,Point,,"52.549074000000005,13.422295698381111","52.549074000000005,13.422295698381111",19,1__mai_berlin_aktualna_12_.geojson,,False,tylko mapa,,,,,,2200,2,demonstracja
1997_DE_festyn_PDS,1997,Lata,DE,East German Left,festyn,name,PDS,False,niezwiazkowe,Widerspenstig und lebendig Hummanplatz Maifest,"## 1995
festyn, z dala od potencjalnie niebezpiecznego Kollwitzplatz

*“Unter dem Motto ""Widerspenstig & Lebendig"" findet am Humannplatz in Prenzlauer Berg von 10 bis 19 Uhr ein ""buntes, froehliches Strassenfest gegen den grauen Alltag"" statt. ""Leider haben die Faschisten in den letzten Jahren den 1. Mai genutzt, um an die Oeffentlichkeit zu treten und gegen Minderheiten zu hetzen (...) Wir wollen dieser Entwicklung entgegentreten"", heisst es in einem Aufruf. Neben tuerkischer und lateinamerikanischer Musik gibt es Punk aus Bernau, internationales Essen und Informationsstaende. Im Diskussionszelt finden u.a. Gespraechsrunden zur Lage der vietnamesischen VertragsarbeiterInnen (15 Uhr) statt. Um 14 Uhr berichten Antifaschistische Widerstandskaempfer, danach informiert die Vorbereitungsgruppe 8. Mai.* taz 1995
## 1996
– festyn organizowany przez grupy lewicowe; ma być alternatywą dla zamieszek, polityczny, ale bez przemocy

*In Kreuzberg will ein von kommunistischen und stalinistischen Gruppierungen dominiertes Bündnis am Oranienplatz demonstrieren, in Mitte und Prenzlauer Berg rufen ein autonomes Bündnis zur Demo (Rosa-Luxemburg- Platz), organisieren Ostinitiativen ein ""lebendiges und widerspenstiges"" Straßenfest (Humannplatz) und findet bereits in der Nacht zum 1. Mai die Walpurgisfeier statt (Kollwitzplatz).* (taz 1996)

## 1997 
festyn wspierany przez PDS/Zielonych (Glückspilz)

*Weitere Mai-Veranstaltungen der PDS gibt es in den Bezirken: Kreuzberg, 15-21 Uhr, Mariannenplatz, Prenzlauer Berg, 10-18 Uhr, Humannplatz, Treptow, 14-18 Uhr, Springbornclub Johannisthai, Köpenick, 14-18 Uhr, Luisenhain, Marzahn, 13-18 Uhr, Alt-Marzahn 64, Hohenschönhausen, 10-17 Uhr, Oberseepark, Hellersdorf, 11-19 Uhr, Boulevard Kastanienallee.* ND 30.04.1997

## 1998 
pokojowo zakończony festyn (podobnie jak rok wcześniej, również współorganizowany przez PDS) BZ (3.05.1999)
## 1999
peaceful festival

## 2000
 peaceful festival
*9-24 Uhr Bündnisfest auf dem Humannplatz, Prenzlauer Berg* (ND 30.04.2000)

## 2001
*ab 11.00 Uhr - Humannplatz (Prenzlauer Berg) 7. Humannplatz-Fest mit viel Musik, Essen- und Infoständen* (stressfaktor)

## 2002
*Berlin ruft die PDS für 12.30 Uhr zu einer Kundgebung auf dem Alexanderplatz. Maifeste veranstalten die Sozialisten an der Bötzoweiche (10-20 Uhr, Bötzowstraße, Prenzlauer Berg), am Obersee (11-18 Uhr, Lindenweg, Lichtenberg), auf dem Humannplatz (12-20 Uhr, Prenzlauer Berg)*

## 2003
*Dann am 1. Mai selbst trifft man sich ab 10 Uhr auf dem Mariannenplatz an Marktständen zum Debattieren, von dort aus strebt eine erste irgendwie revolutionäre Gruppe zur Protestkundgebung auf dem Oranienplatz. Dieweil startet um 14 Uhr auf dem Humannplatz in Prenzlauer Berg ein konkurrierendes Kleinhändler-Polit-Fest, friedlich und mit großem PDS-Anteil.* taz 2003

## End
*Unter dem Motto »widerspenstig und lebendig« hatte ein Bündnis aus linken Gruppierungen erstmals 1995 das Fest auf dem Humannplatz in Prenzlauer Berg mit dem Ziel organisiert, den Feiertag im Ostteil der Stadt »jenseits von traditionellen Massenaufläufen und revolutionärer Verbalrhetorik wiederzubeleben«, wie es in einer Presseerklärung heißt. »Die politische Ausrichtung des Festes fiel schnell hinten runter«, konstatieren die Organisatoren neun Jahre später. Inhaltliche Angebote seien auf breites Desinteresse gestoßen. »Wir haben keine Lust mehr«, gab das Festkomitee bekannt. In den Jahren seines Bestehens hatte das ausnahmslos friedlich verlaufende Fest immer stärkeren Zulauf bekommen.* ND 28.04.2004",,,,Point,,"52.549074000000005,13.422295698381111","52.549074000000005,13.422295698381111",19,1__mai_berlin_aktualna_12_.geojson,,False,tylko mapa,,,,,,7333,3,demonstracja
1998_DE_festyn_PDS,1998,Lata,DE,East German Left,festyn,name,PDS,False,niezwiazkowe,Widerspenstig und lebendig Hummanplatz Maifest,"## 1995
festyn, z dala od potencjalnie niebezpiecznego Kollwitzplatz

*“Unter dem Motto ""Widerspenstig & Lebendig"" findet am Humannplatz in Prenzlauer Berg von 10 bis 19 Uhr ein ""buntes, froehliches Strassenfest gegen den grauen Alltag"" statt. ""Leider haben die Faschisten in den letzten Jahren den 1. Mai genutzt, um an die Oeffentlichkeit zu treten und gegen Minderheiten zu hetzen (...) Wir wollen dieser Entwicklung entgegentreten"", heisst es in einem Aufruf. Neben tuerkischer und lateinamerikanischer Musik gibt es Punk aus Bernau, internationales Essen und Informationsstaende. Im Diskussionszelt finden u.a. Gespraechsrunden zur Lage der vietnamesischen VertragsarbeiterInnen (15 Uhr) statt. Um 14 Uhr berichten Antifaschistische Widerstandskaempfer, danach informiert die Vorbereitungsgruppe 8. Mai.* taz 1995
## 1996
– festyn organizowany przez grupy lewicowe; ma być alternatywą dla zamieszek, polityczny, ale bez przemocy

*In Kreuzberg will ein von kommunistischen und stalinistischen Gruppierungen dominiertes Bündnis am Oranienplatz demonstrieren, in Mitte und Prenzlauer Berg rufen ein autonomes Bündnis zur Demo (Rosa-Luxemburg- Platz), organisieren Ostinitiativen ein ""lebendiges und widerspenstiges"" Straßenfest (Humannplatz) und findet bereits in der Nacht zum 1. Mai die Walpurgisfeier statt (Kollwitzplatz).* (taz 1996)

## 1997 
festyn wspierany przez PDS/Zielonych (Glückspilz)

*Weitere Mai-Veranstaltungen der PDS gibt es in den Bezirken: Kreuzberg, 15-21 Uhr, Mariannenplatz, Prenzlauer Berg, 10-18 Uhr, Humannplatz, Treptow, 14-18 Uhr, Springbornclub Johannisthai, Köpenick, 14-18 Uhr, Luisenhain, Marzahn, 13-18 Uhr, Alt-Marzahn 64, Hohenschönhausen, 10-17 Uhr, Oberseepark, Hellersdorf, 11-19 Uhr, Boulevard Kastanienallee.* ND 30.04.1997

## 1998 
pokojowo zakończony festyn (podobnie jak rok wcześniej, również współorganizowany przez PDS) BZ (3.05.1999)
## 1999
peaceful festival

## 2000
 peaceful festival
*9-24 Uhr Bündnisfest auf dem Humannplatz, Prenzlauer Berg* (ND 30.04.2000)

## 2001
*ab 11.00 Uhr - Humannplatz (Prenzlauer Berg) 7. Humannplatz-Fest mit viel Musik, Essen- und Infoständen* (stressfaktor)

## 2002
*Berlin ruft die PDS für 12.30 Uhr zu einer Kundgebung auf dem Alexanderplatz. Maifeste veranstalten die Sozialisten an der Bötzoweiche (10-20 Uhr, Bötzowstraße, Prenzlauer Berg), am Obersee (11-18 Uhr, Lindenweg, Lichtenberg), auf dem Humannplatz (12-20 Uhr, Prenzlauer Berg)*

## 2003
*Dann am 1. Mai selbst trifft man sich ab 10 Uhr auf dem Mariannenplatz an Marktständen zum Debattieren, von dort aus strebt eine erste irgendwie revolutionäre Gruppe zur Protestkundgebung auf dem Oranienplatz. Dieweil startet um 14 Uhr auf dem Humannplatz in Prenzlauer Berg ein konkurrierendes Kleinhändler-Polit-Fest, friedlich und mit großem PDS-Anteil.* taz 2003

## End
*Unter dem Motto »widerspenstig und lebendig« hatte ein Bündnis aus linken Gruppierungen erstmals 1995 das Fest auf dem Humannplatz in Prenzlauer Berg mit dem Ziel organisiert, den Feiertag im Ostteil der Stadt »jenseits von traditionellen Massenaufläufen und revolutionärer Verbalrhetorik wiederzubeleben«, wie es in einer Presseerklärung heißt. »Die politische Ausrichtung des Festes fiel schnell hinten runter«, konstatieren die Organisatoren neun Jahre später. Inhaltliche Angebote seien auf breites Desinteresse gestoßen. »Wir haben keine Lust mehr«, gab das Festkomitee bekannt. In den Jahren seines Bestehens hatte das ausnahmslos friedlich verlaufende Fest immer stärkeren Zulauf bekommen.* ND 28.04.2004",,,,Point,,"52.549074000000005,13.422295698381111","52.549074000000005,13.422295698381111",19,1__mai_berlin_aktualna_12_.geojson,,False,tylko mapa,,,,,,6500,2,demonstracja
1999_DE_festyn_PDS,1999,Lata,DE,East German Left,festyn,name,PDS,False,niezwiazkowe,Widerspenstig und lebendig Hummanplatz Maifest,"## 1995
festyn, z dala od potencjalnie niebezpiecznego Kollwitzplatz

*“Unter dem Motto ""Widerspenstig & Lebendig"" findet am Humannplatz in Prenzlauer Berg von 10 bis 19 Uhr ein ""buntes, froehliches Strassenfest gegen den grauen Alltag"" statt. ""Leider haben die Faschisten in den letzten Jahren den 1. Mai genutzt, um an die Oeffentlichkeit zu treten und gegen Minderheiten zu hetzen (...) Wir wollen dieser Entwicklung entgegentreten"", heisst es in einem Aufruf. Neben tuerkischer und lateinamerikanischer Musik gibt es Punk aus Bernau, internationales Essen und Informationsstaende. Im Diskussionszelt finden u.a. Gespraechsrunden zur Lage der vietnamesischen VertragsarbeiterInnen (15 Uhr) statt. Um 14 Uhr berichten Antifaschistische Widerstandskaempfer, danach informiert die Vorbereitungsgruppe 8. Mai.* taz 1995
## 1996
– festyn organizowany przez grupy lewicowe; ma być alternatywą dla zamieszek, polityczny, ale bez przemocy

*In Kreuzberg will ein von kommunistischen und stalinistischen Gruppierungen dominiertes Bündnis am Oranienplatz demonstrieren, in Mitte und Prenzlauer Berg rufen ein autonomes Bündnis zur Demo (Rosa-Luxemburg- Platz), organisieren Ostinitiativen ein ""lebendiges und widerspenstiges"" Straßenfest (Humannplatz) und findet bereits in der Nacht zum 1. Mai die Walpurgisfeier statt (Kollwitzplatz).* (taz 1996)

## 1997 
festyn wspierany przez PDS/Zielonych (Glückspilz)

*Weitere Mai-Veranstaltungen der PDS gibt es in den Bezirken: Kreuzberg, 15-21 Uhr, Mariannenplatz, Prenzlauer Berg, 10-18 Uhr, Humannplatz, Treptow, 14-18 Uhr, Springbornclub Johannisthai, Köpenick, 14-18 Uhr, Luisenhain, Marzahn, 13-18 Uhr, Alt-Marzahn 64, Hohenschönhausen, 10-17 Uhr, Oberseepark, Hellersdorf, 11-19 Uhr, Boulevard Kastanienallee.* ND 30.04.1997

## 1998 
pokojowo zakończony festyn (podobnie jak rok wcześniej, również współorganizowany przez PDS) BZ (3.05.1999)
## 1999
peaceful festival

## 2000
 peaceful festival
*9-24 Uhr Bündnisfest auf dem Humannplatz, Prenzlauer Berg* (ND 30.04.2000)

## 2001
*ab 11.00 Uhr - Humannplatz (Prenzlauer Berg) 7. Humannplatz-Fest mit viel Musik, Essen- und Infoständen* (stressfaktor)

## 2002
*Berlin ruft die PDS für 12.30 Uhr zu einer Kundgebung auf dem Alexanderplatz. Maifeste veranstalten die Sozialisten an der Bötzoweiche (10-20 Uhr, Bötzowstraße, Prenzlauer Berg), am Obersee (11-18 Uhr, Lindenweg, Lichtenberg), auf dem Humannplatz (12-20 Uhr, Prenzlauer Berg)*

## 2003
*Dann am 1. Mai selbst trifft man sich ab 10 Uhr auf dem Mariannenplatz an Marktständen zum Debattieren, von dort aus strebt eine erste irgendwie revolutionäre Gruppe zur Protestkundgebung auf dem Oranienplatz. Dieweil startet um 14 Uhr auf dem Humannplatz in Prenzlauer Berg ein konkurrierendes Kleinhändler-Polit-Fest, friedlich und mit großem PDS-Anteil.* taz 2003

## End
*Unter dem Motto »widerspenstig und lebendig« hatte ein Bündnis aus linken Gruppierungen erstmals 1995 das Fest auf dem Humannplatz in Prenzlauer Berg mit dem Ziel organisiert, den Feiertag im Ostteil der Stadt »jenseits von traditionellen Massenaufläufen und revolutionärer Verbalrhetorik wiederzubeleben«, wie es in einer Presseerklärung heißt. »Die politische Ausrichtung des Festes fiel schnell hinten runter«, konstatieren die Organisatoren neun Jahre später. Inhaltliche Angebote seien auf breites Desinteresse gestoßen. »Wir haben keine Lust mehr«, gab das Festkomitee bekannt. In den Jahren seines Bestehens hatte das ausnahmslos friedlich verlaufende Fest immer stärkeren Zulauf bekommen.* ND 28.04.2004",,,,Point,,"52.549074000000005,13.422295698381111","52.549074000000005,13.422295698381111",19,1__mai_berlin_aktualna_12_.geojson,,False,tylko mapa,,,,,,10000,1,demonstracja
2000_DE_festyn_PDS,2000,Lata,DE,East German Left,festyn,name,PDS,False,niezwiazkowe,Widerspenstig und lebendig Hummanplatz Maifest,"## 1995
festyn, z dala od potencjalnie niebezpiecznego Kollwitzplatz

*“Unter dem Motto ""Widerspenstig & Lebendig"" findet am Humannplatz in Prenzlauer Berg von 10 bis 19 Uhr ein ""buntes, froehliches Strassenfest gegen den grauen Alltag"" statt. ""Leider haben die Faschisten in den letzten Jahren den 1. Mai genutzt, um an die Oeffentlichkeit zu treten und gegen Minderheiten zu hetzen (...) Wir wollen dieser Entwicklung entgegentreten"", heisst es in einem Aufruf. Neben tuerkischer und lateinamerikanischer Musik gibt es Punk aus Bernau, internationales Essen und Informationsstaende. Im Diskussionszelt finden u.a. Gespraechsrunden zur Lage der vietnamesischen VertragsarbeiterInnen (15 Uhr) statt. Um 14 Uhr berichten Antifaschistische Widerstandskaempfer, danach informiert die Vorbereitungsgruppe 8. Mai.* taz 1995
## 1996
– festyn organizowany przez grupy lewicowe; ma być alternatywą dla zamieszek, polityczny, ale bez przemocy

*In Kreuzberg will ein von kommunistischen und stalinistischen Gruppierungen dominiertes Bündnis am Oranienplatz demonstrieren, in Mitte und Prenzlauer Berg rufen ein autonomes Bündnis zur Demo (Rosa-Luxemburg- Platz), organisieren Ostinitiativen ein ""lebendiges und widerspenstiges"" Straßenfest (Humannplatz) und findet bereits in der Nacht zum 1. Mai die Walpurgisfeier statt (Kollwitzplatz).* (taz 1996)

## 1997 
festyn wspierany przez PDS/Zielonych (Glückspilz)

*Weitere Mai-Veranstaltungen der PDS gibt es in den Bezirken: Kreuzberg, 15-21 Uhr, Mariannenplatz, Prenzlauer Berg, 10-18 Uhr, Humannplatz, Treptow, 14-18 Uhr, Springbornclub Johannisthai, Köpenick, 14-18 Uhr, Luisenhain, Marzahn, 13-18 Uhr, Alt-Marzahn 64, Hohenschönhausen, 10-17 Uhr, Oberseepark, Hellersdorf, 11-19 Uhr, Boulevard Kastanienallee.* ND 30.04.1997

## 1998 
pokojowo zakończony festyn (podobnie jak rok wcześniej, również współorganizowany przez PDS) BZ (3.05.1999)
## 1999
peaceful festival

## 2000
 peaceful festival
*9-24 Uhr Bündnisfest auf dem Humannplatz, Prenzlauer Berg* (ND 30.04.2000)

## 2001
*ab 11.00 Uhr - Humannplatz (Prenzlauer Berg) 7. Humannplatz-Fest mit viel Musik, Essen- und Infoständen* (stressfaktor)

## 2002
*Berlin ruft die PDS für 12.30 Uhr zu einer Kundgebung auf dem Alexanderplatz. Maifeste veranstalten die Sozialisten an der Bötzoweiche (10-20 Uhr, Bötzowstraße, Prenzlauer Berg), am Obersee (11-18 Uhr, Lindenweg, Lichtenberg), auf dem Humannplatz (12-20 Uhr, Prenzlauer Berg)*

## 2003
*Dann am 1. Mai selbst trifft man sich ab 10 Uhr auf dem Mariannenplatz an Marktständen zum Debattieren, von dort aus strebt eine erste irgendwie revolutionäre Gruppe zur Protestkundgebung auf dem Oranienplatz. Dieweil startet um 14 Uhr auf dem Humannplatz in Prenzlauer Berg ein konkurrierendes Kleinhändler-Polit-Fest, friedlich und mit großem PDS-Anteil.* taz 2003

## End
*Unter dem Motto »widerspenstig und lebendig« hatte ein Bündnis aus linken Gruppierungen erstmals 1995 das Fest auf dem Humannplatz in Prenzlauer Berg mit dem Ziel organisiert, den Feiertag im Ostteil der Stadt »jenseits von traditionellen Massenaufläufen und revolutionärer Verbalrhetorik wiederzubeleben«, wie es in einer Presseerklärung heißt. »Die politische Ausrichtung des Festes fiel schnell hinten runter«, konstatieren die Organisatoren neun Jahre später. Inhaltliche Angebote seien auf breites Desinteresse gestoßen. »Wir haben keine Lust mehr«, gab das Festkomitee bekannt. In den Jahren seines Bestehens hatte das ausnahmslos friedlich verlaufende Fest immer stärkeren Zulauf bekommen.* ND 28.04.2004",,,,Point,,"52.549074000000005,13.422295698381111","52.549074000000005,13.422295698381111",19,1__mai_berlin_aktualna_12_.geojson,,False,tylko mapa,,,,,,3667,3,demonstracja
2001_DE_festyn_PDS,2001,Lata,DE,East German Left,festyn,name,PDS,False,niezwiazkowe,Widerspenstig und lebendig Hummanplatz Maifest,"## 1995
festyn, z dala od potencjalnie niebezpiecznego Kollwitzplatz

*“Unter dem Motto ""Widerspenstig & Lebendig"" findet am Humannplatz in Prenzlauer Berg von 10 bis 19 Uhr ein ""buntes, froehliches Strassenfest gegen den grauen Alltag"" statt. ""Leider haben die Faschisten in den letzten Jahren den 1. Mai genutzt, um an die Oeffentlichkeit zu treten und gegen Minderheiten zu hetzen (...) Wir wollen dieser Entwicklung entgegentreten"", heisst es in einem Aufruf. Neben tuerkischer und lateinamerikanischer Musik gibt es Punk aus Bernau, internationales Essen und Informationsstaende. Im Diskussionszelt finden u.a. Gespraechsrunden zur Lage der vietnamesischen VertragsarbeiterInnen (15 Uhr) statt. Um 14 Uhr berichten Antifaschistische Widerstandskaempfer, danach informiert die Vorbereitungsgruppe 8. Mai.* taz 1995
## 1996
– festyn organizowany przez grupy lewicowe; ma być alternatywą dla zamieszek, polityczny, ale bez przemocy

*In Kreuzberg will ein von kommunistischen und stalinistischen Gruppierungen dominiertes Bündnis am Oranienplatz demonstrieren, in Mitte und Prenzlauer Berg rufen ein autonomes Bündnis zur Demo (Rosa-Luxemburg- Platz), organisieren Ostinitiativen ein ""lebendiges und widerspenstiges"" Straßenfest (Humannplatz) und findet bereits in der Nacht zum 1. Mai die Walpurgisfeier statt (Kollwitzplatz).* (taz 1996)

## 1997 
festyn wspierany przez PDS/Zielonych (Glückspilz)

*Weitere Mai-Veranstaltungen der PDS gibt es in den Bezirken: Kreuzberg, 15-21 Uhr, Mariannenplatz, Prenzlauer Berg, 10-18 Uhr, Humannplatz, Treptow, 14-18 Uhr, Springbornclub Johannisthai, Köpenick, 14-18 Uhr, Luisenhain, Marzahn, 13-18 Uhr, Alt-Marzahn 64, Hohenschönhausen, 10-17 Uhr, Oberseepark, Hellersdorf, 11-19 Uhr, Boulevard Kastanienallee.* ND 30.04.1997

## 1998 
pokojowo zakończony festyn (podobnie jak rok wcześniej, również współorganizowany przez PDS) BZ (3.05.1999)
## 1999
peaceful festival

## 2000
 peaceful festival
*9-24 Uhr Bündnisfest auf dem Humannplatz, Prenzlauer Berg* (ND 30.04.2000)

## 2001
*ab 11.00 Uhr - Humannplatz (Prenzlauer Berg) 7. Humannplatz-Fest mit viel Musik, Essen- und Infoständen* (stressfaktor)

## 2002
*Berlin ruft die PDS für 12.30 Uhr zu einer Kundgebung auf dem Alexanderplatz. Maifeste veranstalten die Sozialisten an der Bötzoweiche (10-20 Uhr, Bötzowstraße, Prenzlauer Berg), am Obersee (11-18 Uhr, Lindenweg, Lichtenberg), auf dem Humannplatz (12-20 Uhr, Prenzlauer Berg)*

## 2003
*Dann am 1. Mai selbst trifft man sich ab 10 Uhr auf dem Mariannenplatz an Marktständen zum Debattieren, von dort aus strebt eine erste irgendwie revolutionäre Gruppe zur Protestkundgebung auf dem Oranienplatz. Dieweil startet um 14 Uhr auf dem Humannplatz in Prenzlauer Berg ein konkurrierendes Kleinhändler-Polit-Fest, friedlich und mit großem PDS-Anteil.* taz 2003

## End
*Unter dem Motto »widerspenstig und lebendig« hatte ein Bündnis aus linken Gruppierungen erstmals 1995 das Fest auf dem Humannplatz in Prenzlauer Berg mit dem Ziel organisiert, den Feiertag im Ostteil der Stadt »jenseits von traditionellen Massenaufläufen und revolutionärer Verbalrhetorik wiederzubeleben«, wie es in einer Presseerklärung heißt. »Die politische Ausrichtung des Festes fiel schnell hinten runter«, konstatieren die Organisatoren neun Jahre später. Inhaltliche Angebote seien auf breites Desinteresse gestoßen. »Wir haben keine Lust mehr«, gab das Festkomitee bekannt. In den Jahren seines Bestehens hatte das ausnahmslos friedlich verlaufende Fest immer stärkeren Zulauf bekommen.* ND 28.04.2004",,,,Point,,"52.549074000000005,13.422295698381111","52.549074000000005,13.422295698381111",19,1__mai_berlin_aktualna_12_.geojson,,False,tylko mapa,,,,,,7250,2,demonstracja
2002_DE_festyn_PDS,2002,Lata,DE,East German Left,festyn,name,PDS,False,niezwiazkowe,Widerspenstig und lebendig Hummanplatz Maifest,"## 1995
festyn, z dala od potencjalnie niebezpiecznego Kollwitzplatz

*“Unter dem Motto ""Widerspenstig & Lebendig"" findet am Humannplatz in Prenzlauer Berg von 10 bis 19 Uhr ein ""buntes, froehliches Strassenfest gegen den grauen Alltag"" statt. ""Leider haben die Faschisten in den letzten Jahren den 1. Mai genutzt, um an die Oeffentlichkeit zu treten und gegen Minderheiten zu hetzen (...) Wir wollen dieser Entwicklung entgegentreten"", heisst es in einem Aufruf. Neben tuerkischer und lateinamerikanischer Musik gibt es Punk aus Bernau, internationales Essen und Informationsstaende. Im Diskussionszelt finden u.a. Gespraechsrunden zur Lage der vietnamesischen VertragsarbeiterInnen (15 Uhr) statt. Um 14 Uhr berichten Antifaschistische Widerstandskaempfer, danach informiert die Vorbereitungsgruppe 8. Mai.* taz 1995
## 1996
– festyn organizowany przez grupy lewicowe; ma być alternatywą dla zamieszek, polityczny, ale bez przemocy

*In Kreuzberg will ein von kommunistischen und stalinistischen Gruppierungen dominiertes Bündnis am Oranienplatz demonstrieren, in Mitte und Prenzlauer Berg rufen ein autonomes Bündnis zur Demo (Rosa-Luxemburg- Platz), organisieren Ostinitiativen ein ""lebendiges und widerspenstiges"" Straßenfest (Humannplatz) und findet bereits in der Nacht zum 1. Mai die Walpurgisfeier statt (Kollwitzplatz).* (taz 1996)

## 1997 
festyn wspierany przez PDS/Zielonych (Glückspilz)

*Weitere Mai-Veranstaltungen der PDS gibt es in den Bezirken: Kreuzberg, 15-21 Uhr, Mariannenplatz, Prenzlauer Berg, 10-18 Uhr, Humannplatz, Treptow, 14-18 Uhr, Springbornclub Johannisthai, Köpenick, 14-18 Uhr, Luisenhain, Marzahn, 13-18 Uhr, Alt-Marzahn 64, Hohenschönhausen, 10-17 Uhr, Oberseepark, Hellersdorf, 11-19 Uhr, Boulevard Kastanienallee.* ND 30.04.1997

## 1998 
pokojowo zakończony festyn (podobnie jak rok wcześniej, również współorganizowany przez PDS) BZ (3.05.1999)
## 1999
peaceful festival

## 2000
 peaceful festival
*9-24 Uhr Bündnisfest auf dem Humannplatz, Prenzlauer Berg* (ND 30.04.2000)

## 2001
*ab 11.00 Uhr - Humannplatz (Prenzlauer Berg) 7. Humannplatz-Fest mit viel Musik, Essen- und Infoständen* (stressfaktor)

## 2002
*Berlin ruft die PDS für 12.30 Uhr zu einer Kundgebung auf dem Alexanderplatz. Maifeste veranstalten die Sozialisten an der Bötzoweiche (10-20 Uhr, Bötzowstraße, Prenzlauer Berg), am Obersee (11-18 Uhr, Lindenweg, Lichtenberg), auf dem Humannplatz (12-20 Uhr, Prenzlauer Berg)*

## 2003
*Dann am 1. Mai selbst trifft man sich ab 10 Uhr auf dem Mariannenplatz an Marktständen zum Debattieren, von dort aus strebt eine erste irgendwie revolutionäre Gruppe zur Protestkundgebung auf dem Oranienplatz. Dieweil startet um 14 Uhr auf dem Humannplatz in Prenzlauer Berg ein konkurrierendes Kleinhändler-Polit-Fest, friedlich und mit großem PDS-Anteil.* taz 2003

## End
*Unter dem Motto »widerspenstig und lebendig« hatte ein Bündnis aus linken Gruppierungen erstmals 1995 das Fest auf dem Humannplatz in Prenzlauer Berg mit dem Ziel organisiert, den Feiertag im Ostteil der Stadt »jenseits von traditionellen Massenaufläufen und revolutionärer Verbalrhetorik wiederzubeleben«, wie es in einer Presseerklärung heißt. »Die politische Ausrichtung des Festes fiel schnell hinten runter«, konstatieren die Organisatoren neun Jahre später. Inhaltliche Angebote seien auf breites Desinteresse gestoßen. »Wir haben keine Lust mehr«, gab das Festkomitee bekannt. In den Jahren seines Bestehens hatte das ausnahmslos friedlich verlaufende Fest immer stärkeren Zulauf bekommen.* ND 28.04.2004",,,,Point,,"52.549074000000005,13.422295698381111","52.549074000000005,13.422295698381111",19,1__mai_berlin_aktualna_12_.geojson,,False,tylko mapa,,,,,,2250,2,demonstracja
2003_DE_festyn_PDS,2003,Lata,DE,East German Left,festyn,name,PDS,False,niezwiazkowe,Widerspenstig und lebendig Hummanplatz Maifest,"## 1995
festyn, z dala od potencjalnie niebezpiecznego Kollwitzplatz

*“Unter dem Motto ""Widerspenstig & Lebendig"" findet am Humannplatz in Prenzlauer Berg von 10 bis 19 Uhr ein ""buntes, froehliches Strassenfest gegen den grauen Alltag"" statt. ""Leider haben die Faschisten in den letzten Jahren den 1. Mai genutzt, um an die Oeffentlichkeit zu treten und gegen Minderheiten zu hetzen (...) Wir wollen dieser Entwicklung entgegentreten"", heisst es in einem Aufruf. Neben tuerkischer und lateinamerikanischer Musik gibt es Punk aus Bernau, internationales Essen und Informationsstaende. Im Diskussionszelt finden u.a. Gespraechsrunden zur Lage der vietnamesischen VertragsarbeiterInnen (15 Uhr) statt. Um 14 Uhr berichten Antifaschistische Widerstandskaempfer, danach informiert die Vorbereitungsgruppe 8. Mai.* taz 1995
## 1996
– festyn organizowany przez grupy lewicowe; ma być alternatywą dla zamieszek, polityczny, ale bez przemocy

*In Kreuzberg will ein von kommunistischen und stalinistischen Gruppierungen dominiertes Bündnis am Oranienplatz demonstrieren, in Mitte und Prenzlauer Berg rufen ein autonomes Bündnis zur Demo (Rosa-Luxemburg- Platz), organisieren Ostinitiativen ein ""lebendiges und widerspenstiges"" Straßenfest (Humannplatz) und findet bereits in der Nacht zum 1. Mai die Walpurgisfeier statt (Kollwitzplatz).* (taz 1996)

## 1997 
festyn wspierany przez PDS/Zielonych (Glückspilz)

*Weitere Mai-Veranstaltungen der PDS gibt es in den Bezirken: Kreuzberg, 15-21 Uhr, Mariannenplatz, Prenzlauer Berg, 10-18 Uhr, Humannplatz, Treptow, 14-18 Uhr, Springbornclub Johannisthai, Köpenick, 14-18 Uhr, Luisenhain, Marzahn, 13-18 Uhr, Alt-Marzahn 64, Hohenschönhausen, 10-17 Uhr, Oberseepark, Hellersdorf, 11-19 Uhr, Boulevard Kastanienallee.* ND 30.04.1997

## 1998 
pokojowo zakończony festyn (podobnie jak rok wcześniej, również współorganizowany przez PDS) BZ (3.05.1999)
## 1999
peaceful festival

## 2000
 peaceful festival
*9-24 Uhr Bündnisfest auf dem Humannplatz, Prenzlauer Berg* (ND 30.04.2000)

## 2001
*ab 11.00 Uhr - Humannplatz (Prenzlauer Berg) 7. Humannplatz-Fest mit viel Musik, Essen- und Infoständen* (stressfaktor)

## 2002
*Berlin ruft die PDS für 12.30 Uhr zu einer Kundgebung auf dem Alexanderplatz. Maifeste veranstalten die Sozialisten an der Bötzoweiche (10-20 Uhr, Bötzowstraße, Prenzlauer Berg), am Obersee (11-18 Uhr, Lindenweg, Lichtenberg), auf dem Humannplatz (12-20 Uhr, Prenzlauer Berg)*

## 2003
*Dann am 1. Mai selbst trifft man sich ab 10 Uhr auf dem Mariannenplatz an Marktständen zum Debattieren, von dort aus strebt eine erste irgendwie revolutionäre Gruppe zur Protestkundgebung auf dem Oranienplatz. Dieweil startet um 14 Uhr auf dem Humannplatz in Prenzlauer Berg ein konkurrierendes Kleinhändler-Polit-Fest, friedlich und mit großem PDS-Anteil.* taz 2003

## End
*Unter dem Motto »widerspenstig und lebendig« hatte ein Bündnis aus linken Gruppierungen erstmals 1995 das Fest auf dem Humannplatz in Prenzlauer Berg mit dem Ziel organisiert, den Feiertag im Ostteil der Stadt »jenseits von traditionellen Massenaufläufen und revolutionärer Verbalrhetorik wiederzubeleben«, wie es in einer Presseerklärung heißt. »Die politische Ausrichtung des Festes fiel schnell hinten runter«, konstatieren die Organisatoren neun Jahre später. Inhaltliche Angebote seien auf breites Desinteresse gestoßen. »Wir haben keine Lust mehr«, gab das Festkomitee bekannt. In den Jahren seines Bestehens hatte das ausnahmslos friedlich verlaufende Fest immer stärkeren Zulauf bekommen.* ND 28.04.2004",,,,Point,,"52.549074000000005,13.422295698381111","52.549074000000005,13.422295698381111",19,1__mai_berlin_aktualna_12_.geojson,,False,tylko mapa,,,,,,,,
1992_DE_demonstracja_PDS_a,1992,Lata,DE,East German Left,demonstracja,geometria,PDS,False,niezwiazkowe,1992 – Zug der Widerspensigsten,"Slogan: *Alles was uns fällt, ist Solidarität*
Attendance: mehr als 5000 ~ 6000 (ND)
",,5500,5500,LineString,1055.4,"52.521613,13.412402","52.518336,13.399631",20,1__mai_berlin_aktualna_12_.geojson,,True,tylko mapa,,,,,,6000,1,demonstracja
1993_DE_demonstracja_PDS,1993,Lata,DE,East German Left,demonstracja,name,PDS,False,niezwiazkowe,BKG Demonstration 1993,"(Berliner Zeitung 30.04; [@hurtgenDokumenteBundnisKritischer2017 {89}]

*Gut 5000 Kritische Gewerkschafterinnen, Wehrdienstverweigerer, Arbeitslose, Behinderte, Vertreter von Bürgerinitiativen, KPD, PDS sammelten sich hier [Rosa-Luxemburg-Platz] gegen 9 Uhr gemeinsam* (jw 2.05.1993)

Veranstalter: *Ostberliner Betriebs- und Personalratsinitiative und einem „Bündnis Kritischer GewerkschafterInnen""* (taz 1993)
Attendance: ~6000 (JW 3.05)",,6000,6000,LineString,1693.0,"52.526933,13.410929","52.518519,13.399843",21,1__mai_berlin_aktualna_12_.geojson,,False,tylko mapa,,,,,,6000,1,demonstracja
1992_DE_demonstracja_FAP,1992,Lata,DE,Neo-Nazi May Day,demonstracja,warstwa,FAP,True,kontra,"1992. FAP ""1. Mai – Chaoten Frei""","*Schon am Nachmittag hatten sich in Ost-Berlin fünfzig Neonazis der „Freiheitlichen Deutschen Arbeiterpartei“ (FAP) mit 200 Antifas Scharmützel geliefert. Die GegendemonstrantInnen verhinderten den von der FAP angemeldeten Aufmarsch, die Polizei eskortierte die Neonazis zum S-Bahnhof* (taz 2.05.1992)",,50,50,Point,,"52.5387445,13.433763416678673","52.5387445,13.433763416678673",0,1__mai_berlin_aktualna_13_.geojson,,True,tylko mapa,,,,,,,,
1993_DE_demonstracja_NIEZNANY,1993,Lata,DE,Neo-Nazi May Day,demonstracja,warstwa,,True,kontra,1993 Friedrichsfelde,"1993 – 100 członków FAP organizuje demonstrację. Blokada antify:

In Berlin-Friedrichsfelde machten 100 FAP-Nazis eine Demo, die von den Bullen geschützt wurde. Viele mobilisierte Antifas wurden an Sperren abgefangen, 40 wurden festgenommen; nur etwa 30 erreichten den Schauplatz, es gab einzelne kurze Auseinandersetzungen mit Nazis.",,100,100,Point,,"52.5061644,13.5128387","52.5061644,13.5128387",1,1__mai_berlin_aktualna_13_.geojson,,True,mapa+rocznik,pelny,"9:00 - ÖTV-Haus9:15 - PDS Auftaktkundgebung Rosa-Luxemburg-Platz Kundgebung, danach ""Zug der Widerspenstigen"" zur DGB-Kundgebung9:30 - IG Metall HausSPD Demonstration Start am IG-Metall-Haus, Alte Jakobstraße Motto: Unterstützung für den aktuellen Kampf der Metaller Zusätzlich: viele SPD-Bezirksverbände bieten Tanz in den Mai oder 1.-Mai-Fest an9:30 - BKG (Bündnis Kritischer Gewerkschaften) march von Luxemburg Platz zu Marx-Engels-Forum Motto: ""Solidarität statt Solidarpakt""10:00 - Gewerkschaftshaus Mitte10:45 - BKG short end-rally Marx-Engels-Forum danach Anschluss an die Demonstration des DGB11:00 - Hauptveranstaltung DGB Lustgarten12:00 - Helmholtzplatz in Prenzlauer Berg Bezirksfest12:30 - DAG (Deutsche Angestellten-Gewerkschaft) ""Hof-Info-Fest"" DAG-Haus, Blissestraße (Umbenennung in ""Siegfried-Aufhäuser-Haus"") Motto: ""Gegen Sozialabbau – für soziale Gerechtigkeit"" Informationen mit musikalischem Programm (taz)",,,Trasa,,,
1994_DE_demonstracja_FAP,1994,Lata,DE,Neo-Nazi May Day,demonstracja,name,FAP,True,kontra,1994 FAP Demo,"Am Vormittag hatte die FAP noch auf einen geplanten Aufmarsch in Johannisthal verzichtet, nachdem sich etwa fünfhundert GegendemonstrantInnen an der Kreuzung Sterndamm/Königsheideweg zu einer ebenfalls genehmigten Kundgebung eingefunden hatten. Zuvor waren nach Angaben der Gegendemonstranten mehrere Fahrzeuge mit Neonazis von der Polizei „festgesetzt“ worden. (taz 3.05.1994)

Attendance: 400 (taz)
",,5,5,Point,,"52.448144,13.508785","52.448144,13.508785",2,1__mai_berlin_aktualna_13_.geojson,,True,tylko mapa,,,,,,,,
1996_DE_demonstracja_NPD,1996,Lata,DE,Neo-Nazi May Day,demonstracja,name,NPD,True,kontra,1996 NPD + Junge Nationaldemokraten,"1996 – 300-500 take part in nazi demonstration; little to no blockades, only 40 DGB members according to HBV leader (jw, 2.05.96), Gluckspilz Nachbereitung reports *relativ bescheidene* mobilisation of Antifa ",,350,350,Point,,"52.5429481,13.563142","52.5429481,13.563142",3,1__mai_berlin_aktualna_13_.geojson,,True,tylko mapa,,,,,,350,2,demonstracja
2000_DE_demonstracja_NPD,2000,Lata,DE,Neo-Nazi May Day,demonstracja,name,NPD,True,kontra,2000 NPD Aufmarsch,"Planned route: 
U-Bhf. Louis-Lewin-Str. - Louis-Lewin-Str. - Riesaerstr. - Stendalerstr. - Zossenerstr. - Alte Hellersdorferstr. - Gothaerstr. - Alte Hellersdorferstr. - Hellersdorferstr. - Cecilienstr. - Lilly-Braun-Str. (http://www.stressfaktor.squat.net/2002/sonderseiten/mai.php)

*. Inzwischen demonstrieren bald 1.000 Rechtsextreme für Deutschtum und Arbeit für Deutsche* Taz 2.05.2000 ",Für Deutschtum und Arbeit für Deutsche,1000,1000,LineString,7278.6,"52.539516,13.619818","52.522723,13.593307",4,1__mai_berlin_aktualna_13_.geojson,,True,tylko mapa,,,,,,1000,1,demonstracja
2000_DE_demonstracja_NPD_a,2000,Lata,DE,Neo-Nazi May Day,demonstracja,warstwa,NPD,True,kontra,2000 NPD. Arbeit zuerst für Deutsche,"Der Kampf um die Straßen, Köpfe und Parlamente: Mehr als 1.000 Rechtsextreme von NPD, „Freien Kameradschaften“ und Skinheads demonstrieren am 1. Mai 2000 bei einer Kundgebung in Berlin-Hellersdorf unter dem Motto „Arbeit zuerst für Deutsche“ (taz 30.08.2000)",Arbeit zuerst für Deutsche,1000,1000,Point,,"52.539249,13.619703","52.539249,13.619703",5,1__mai_berlin_aktualna_13_.geojson,,True,tylko mapa,,,,,,1000,1,demonstracja
2001_DE_demonstracja_NPD,2001,Lata,DE,Neo-Nazi May Day,demonstracja,name,NPD,True,kontra,2001 NPD Demo,"Tagesspiegel, s. 10

Das Oberverwaltungsgericht hat am Freitagabend beschlossen, den geplantenNPD-Aufmarsch am 1.Mai nach Hohenschönhausen zu verlegen.Die Route: S-Bahnhof Gehrenseestraße, Pablo-Picasso-Straße, SeehausenerStraße, Vincent-van-Gogh-Straße, Prendener Straße, Dorfstraße,Ernst-Barlach-Straße, Egon-Erwin-Kisch Straße, S-Bahnhof Wartenberg.Die Zeit: 11.00 Uhr bis 14.00 Uhr. (DGB

Attendance: 900 (MAZ)",Deutschland zuerst – gemeinsam für soziale Gerechtigkeit in einem Europa der Vaterländer,100,100,LineString,4429.9,"52.555559,13.525429","52.573455,13.50484",6,1__mai_berlin_aktualna_13_.geojson,,True,tylko mapa,,,,,,100,1,demonstracja
2002_DE_demonstracja_NPD,2002,Lata,DE,Neo-Nazi May Day,demonstracja,name,NPD,True,kontra,2002 – NPD-Demonstration,"na podst. Rucht 2003, 250",,700,700,LineString,1743.0,"52.566719,13.514635","52.555687,13.525729",7,1__mai_berlin_aktualna_13_.geojson,,True,tylko mapa,,,,,,700,1,demonstracja
2003_DE_demonstracja_NPD,2003,Lata,DE,Neo-Nazi May Day,demonstracja,warstwa,NPD,True,kontra,2003. NPD Wir sind das Volk,"Zwischen 11 und 15 Uhr will die NPD unter dem Motto »Wir sind das Volk« mit einen »Siegeszug« voraussichtlich zwischen Raußendorffplatz und dem Coubertin-Platz am Olympiastadion das Scheitern des NPD-Verbotes feiern (ND 30.04.2003, Tagesspiegel 30.04.2003)",,1675,1675,LineString,1818.7,"52.508608,13.259173","52.514928,13.246081",8,1__mai_berlin_aktualna_13_.geojson,,True,tylko mapa,,,,,,1675,2,demonstracja
2004_DE_demonstracja_NPD,2004,Lata,DE,Neo-Nazi May Day,demonstracja,name,NPD,True,kontra,2004 NPD Demo (blocked)," (blocked at Lichtenberger Bridge) die Route der Neonazis inzwischen fest. Sie soll vom S-Bahnhof Lichtenberg über Frankfurter Allee, Petersburger Straße, Landsberger Allee, Weißenseer Weg zurück zum S-Bahnhof Lichtenberg führen. Der Naziaufmarsch sei die erste große Veranstaltung nach dem Scheitern des NPD-Verbots vor dem Bundesverfassungsgericht. Deshalb sei mit sehr vielen Teilnehmern zu rechnen. (nd 28.04.2004)

Slogans:
Nein zur Ost-Erweiterung; Wir sind das Volk; Gute Heimreise Jetzt

Attendance:
2500 (Umbruch-Archiv)",,2300,2300,MultiLineString,2162.3,"52.514628,13.481426","52.509665,13.497822",9,1__mai_berlin_aktualna_13_.geojson,,True,tylko mapa,,,,,,2300,1,demonstracja
2009_DE_festyn_NPD,2009,Lata,DE,Neo-Nazi May Day,festyn,name,NPD,True,kontra,2009 NPD Strassenfest,"12:12-16:27, ca. 280 Teilnehmer (Polizeilische Darstellung)",,280,280,Point,,"52.455513,13.580357","52.455513,13.580357",10,1__mai_berlin_aktualna_13_.geojson,,True,tylko mapa,,,,,,200,1,demonstracja
2010_DE_demonstracja_NPD,2010,Lata,DE,Neo-Nazi May Day,demonstracja,name,NPD,True,kontra,2010 – planned route of NPD demonstration,"2010 – 12:00, 1.05 NPD demonstration route. S-Bhf Bornholmer Strasse – S-Bhf Landsberger Strasse (taz 30.4)

*16.40 Uhr: Rückzug. Die Demo der Rechtsextremen muss auf Höhe der Seelower Straße umdrehen. Noch auf der Bornholmer Straße machen die Demonstranten kehrt, ohne die Schönhauser Allee erreicht zu haben.* (Tagesspiegel liveticker)",,700,700,LineString,921.8,"52.554672,13.397554","52.553903,13.41113",11,1__mai_berlin_aktualna_13_.geojson,,True,tylko mapa,,,,,,700,1,demonstracja
2010_DE_demonstracja_NPD_a,2010,Lata,DE,Neo-Nazi May Day,demonstracja,name,NPD,True,kontra,2010 NPD Demo,"*13.45 Uhr: Die Kundgebung der Neonazis in Prenzlauer Berg hat begonnen. 300 Rechtsextreme haben sich inzwischen versammelt. Ein Redner spricht weitschweifig über die Reconquista, die Rückeroberung Spaniens von den muslimischen Besatzern im Mittelalter. Das Ganze wird übertönt durch Reggae-Musik und Kochtopfklappern von umliegenden Balkonen.* (Tagesspiegel-liveticker)

*14.40 Mit knapp drei Stunden Verspätung formieren sich knapp 600 Rechtsextreme in der Bornholmer Straße zum Marsch. Angeführt wird der Zug von Berliner Rechten, die ein breites Frontplakat mit der Aufschrift ""Stoßt auf das Tor zur Freiheit"" tragen.* (Tagesspiegel liveticker)",,700,700,Point,,"52.554757,13.397645","52.554757,13.397645",12,1__mai_berlin_aktualna_13_.geojson,,True,tylko mapa,,,,,,700,1,demonstracja
2010_DE_demonstracja_NIEZNANY,2010,Lata,DE,Neo-Nazi May Day,demonstracja,name,,True,kontra,2010 Spontan Nazi Demo,"Während rund 600 Rechte am 1. Mai in Pankow warteten, hatten sich, wie berichtet, 300 weitere am Südkreuz versammelt. Darunter der frühere NPD-Landesvorsitzende Jörg Hähnel und Anhänger der verbotenen „Kameradschaft Tor“ und „Frontbann 24“. Am S-Bahnhof Halensee verließen sie auf Kommando die Bahn und stürmten Richtung Adenauerplatz. Dabei attackierten sie Passanten und warfen Flaschen auf Polizisten. (https://blog.zeit.de/stoerungsmelder/2010/05/03/naziaktion-auf-dem-kudamm-hat-rechtliche-folgen_3171)",,700,700,Point,,"52.496721,13.289573","52.496721,13.289573",13,1__mai_berlin_aktualna_13_.geojson,,True,tylko mapa,,,,,,,,
2013_DE_demonstracja_NPD,2013,Lata,DE,Neo-Nazi May Day,demonstracja,name,NPD,True,kontra,2013 NPD Demo,,Raus aus dem Euro – Gegen Euro und Großkapital,300,300,LineString,2717.0,"52.456428,13.509904","52.454878,13.512179",14,1__mai_berlin_aktualna_13_.geojson,,True,tylko mapa,,,,,,300,1,demonstracja
2013_DE_wiec_NPD,2013,Lata,DE,Neo-Nazi May Day,wiec,name,NPD,True,kontra,2013 NPD Kundgebung,(taz 30.04.2013),,300,300,Point,,"52.454833,13.512127","52.454833,13.512127",15,1__mai_berlin_aktualna_13_.geojson,,True,tylko mapa,,,,,,300,1,demonstracja
2015_DE_wiec_NPD,2015,Lata,DE,Neo-Nazi May Day,wiec,name,NPD,True,kontra,2015 NPD Kundgebung,"14:00, 2015 – Die NPD plant zwei kleinere Kundgebungen – ab 12 Uhr in Hohenschönhausen an der Zingster Straße/Ecke Falkenberger Chaussee (Nahe S-Hohenschönhausen) sowie im Anschluss in Marzahn am Ahrensfelder Platz (nahe S-Ahrensfelde). Antifa-Demo und Kundgebungen gegen die NPD – anschließend NPD-Kundgebung in Marzahn stören. (taz 30.04.2015)",,50,50,Point,,"52.570925,13.565866","52.570925,13.565866",16,1__mai_berlin_aktualna_13_.geojson,,True,tylko mapa,,,,,,50,1,demonstracja
2015_DE_wiec_NPD_a,2015,Lata,DE,Neo-Nazi May Day,wiec,name,NPD,True,kontra,2015 NPD Kundgebung,"2015 – Die NPD plant zwei kleinere Kundgebungen – ab 12 Uhr in Hohenschönhausen an der Zingster Straße/Ecke Falkenberger Chaussee (Nahe S-Hohenschönhausen) sowie im Anschluss in Marzahn am Ahrensfelder Platz (nahe S-Ahrensfelde). Antifa-Demo und Kundgebungen gegen die NPD – anschließend NPD-Kundgebung in Marzahn stören. Vortreffpunkt für die gemeinsame Anreise aus der Innenstadt: 10.15 Uhr am Ostkreuz, Ausgang Sonntagsstraße. (taz 30.04.2015)

Attendance: 30",,50,50,Point,,"52.563125,13.504812","52.563125,13.504812",17,1__mai_berlin_aktualna_13_.geojson,,True,tylko mapa,,,,,,50,1,demonstracja
2016_DE_demonstracja_NPD,2016,Lata,DE,Neo-Nazi May Day,demonstracja,warstwa,NPD,True,kontra,2016 NPD „Asylflut stoppen“,"10:00 (BZ 27.04)
Jetzt #Bärgida-Hymne „Wir sind das Volk“ bei Nazi-Kundgebung in Berlin #b0105 #nobaergida #nonazis” (https://x.com/JFDA_eV/status/726692549159706624)",,50,50,Point,,"52.54765928050418,13.451675176620485","52.54765928050418,13.451675176620485",18,1__mai_berlin_aktualna_13_.geojson,,True,tylko mapa,,,,,,50,1,demonstracja
2016_DE_wiec_NPD,2016,Lata,DE,Neo-Nazi May Day,wiec,name,NPD,True,kontra,2016 NPD Kundgebung,,,50,50,Point,,"52.563047,13.505502","52.563047,13.505502",19,1__mai_berlin_aktualna_13_.geojson,,True,tylko mapa,,,,,,50,1,demonstracja
2016_DE_wiec_NPD_a,2016,Lata,DE,Neo-Nazi May Day,wiec,name,NPD,True,kontra,2016 NPD Kundgebung,,,50,50,Point,,"52.453721,13.510178","52.453721,13.510178",20,1__mai_berlin_aktualna_13_.geojson,,True,tylko mapa,,,,,,50,1,demonstracja
2017_DE_festyn_AfD,2017,Lata,DE,Neo-Nazi May Day,festyn,name,AfD,True,kontra,2017 AFD Maifest ,"*Super Protest gegen das Parteifest der AfD im Pankower Bürgerpark heute. Rund 600 Demonstrantinnen sorgten dafür, dass das traurige Häufchen von rund 60 AfD Anhängerinnen und Parteifunktionärinnen mit ihrem Grill und ihrer Hüpfburg in einem Polizeikessel feiern mussten. Statt Parkpanorama und Gespräche mit Anwohnerinnen, gab es blau-weiße Polizeiauto und komplette Isolation* (Berliner Bündnis Gegen Rechts)",,50,50,Point,,"52.569,13.406872","52.569,13.406872",21,1__mai_berlin_aktualna_13_.geojson,,True,tylko mapa,,,,,,,,
2017_DE_demonstracja_Bargida,2017,Lata,DE,Neo-Nazi May Day,demonstracja,warstwa,Bärgida,True,kontra,2017 Bärgida,"Berlińska sekcja organizacji Bärgida organizuje niewielką, **cykliczną Montagsdemonstration, która wypada 1. Maja 2017.** 
18.30 Uhr, Washingtonplatz, Aufzug ab 19.15 Uhr über S-Bahnhof Sayignyplatz, Schlüterstraße, Niebuhrstraße, Bleibtreustraße, Kurfürstendamm, Breitscheidplatz, Tauentzienstraße, Wittenbergplatz (Berliner Morgenpost)

28.04.2017

Treffpunkt von #No Bärgida ist der Hauptbahnhof (Washingtonplatz) um 18.30 Uhr. Die Rassist_innen, Nazi-Hooligans und Flüchtlingsfeinde von Bärgida versammeln sich ebenso um 18.30 Uhr am selben Ort. Bärgida führt häufig spontane Aufmärsche im Anschluss an die Kundgebung am Washingtonplatz durch. Zu diesem Zweck fahren die Rassist_innen mit U oder S-Bahn zum Startpunkt des Aufmarsches.
Aktionskarte Bärgida, 01.05.2017, Berlin-Charlottenburg (Änderungen möglich) (Berlin Gegen Nazis)

## Twitter summary (via Grok)
Grok twitter AI summary
- Approx. 19:50 (@BerlingegenNazi) – Bärgida is about to arrive at Breitscheidplatz.  
    [Link](/BerlingegenNazi/status/859103164318011395)  
    „1950 Bärgida gleich am Breidscheidplatz. #nobärgida #b0105 #Charlottenburg” (with photo)
- Approx. 19:56 (@BerlingegenNazi) – Intermediate rally at Breitscheidplatz. Previously the far-right chanted “Europa, Jugend, Reconquista”.  
    [Link](/BerlingegenNazi/status/859104797802336257)  
    „1956 Zwischenkundgebung am Breidscheidplatz zuvor wurde „Europa, Jugend, Reconquista“ von den Rechtsextremen skandiert. #nobärgida”
- Approx. 20:15 (@BerlingegenNazi) – A group of passers-by and some tourists are visibly enjoying the protest against the aggressive far-right extremists behind the barriers.  
    [Link](/BerlingegenNazi/status/859109158200782849)  
    „2015 Eine Gruppe Passanten und einige Tourist_innen haben sichtlich Spaß am Protest gegen aggressive Rechtsextreme hinter Gittern.#nobärgida” (2 photos)
- Approx. 20:25 (@BerlingegenNazi) – Bärgida starts moving again. Next to them a refugee from Afghanistan is explaining racism to a camera crew from Singapore.  
    [Link](/BerlingegenNazi/status/859111357039489027)  
    „2025 Bärgida läuft wieder. Daneben erklärt ein Geflüchteter aus Afghanistan einem Kamerateam aus Singapur Rassismus #nobärgida”
- Approx. 20:26 (@BerlingegenNazi) – Bärgida has expanded its usually unchanging music repertoire – a new Söhne Mannheims song is being played.  
    [Link](/BerlingegenNazi/status/859112248232611843)  
    „2026 Bärgida hat das eigentlich immer gleichbleibende Musikreportoire erweitert - Der neue Söhne Mannheims Song wird gespielt #nobärgida” (with photo)
- Approx. 20:44 (@BerlingegenNazi) – The end of Bärgida’s closing rally is delayed because one of the speakers refuses to give his personal details.  
    [Link](/BerlingegenNazi/status/859116496643076097)  
    „2044 Ende der Abschlusskundgebung Bärgida verzögert sich, da sich ein Redner weigert die Personalien abzugeben. #nobärgida”
- Approx. 20:51 (@BerlingegenNazi) – Closing with the first verse. Earlier an announcement was made over Bärgida’s loudspeakers: “17. Juni Volksaufstand 2.0 – unangemeldet”.  
    [Link](/BerlingegenNazi/status/859118744890732544)  
    „2051 Abschluss mit 1.Strophe. Vorher Ansage über Bärgida-Lautsprecher „17.Juni Volksaufstand 2.0 -unangemeldet“ #nobärgida #1Mai”
- Approx. 20:56 (@BerlingegenNazi) – Thanks to everyone who protested against the far-right march in Charlottenburg.  
    [Link](/BerlingegenNazi/status/859119358412509185)  
    „Danke an alle die gegen den rechtsextremen Aufmarsch in #Charlottenburg protestiert haben #nobärgida” (with photo)
- Approx. 21:00 (@BerlingegenNazi) – One arrest from the ranks of the far-right extremists of Bärgida.  
    [Link](/BerlingegenNazi/status/859120836334243841)  
    „2100 eine Festnahme aus den Reihen der Rechtsextremen von Bärgida #nobärgida”
- Approx. 22:54 (@nopegida_berlin) – Thanks from NoBärgida.  
    [Link](/nopegida_berlin/status/859148966818193409)  
    „Danke, dass ihr heute da wart. Wir mussten einfach mal raus & andere Volkspfosten am Montag sehen. Nächste Woche geht's weiter #nobärgida” (quotes the post with thanks and photo from Charlottenburg)",,40,40,LineString,6422.3,"52.523366,13.369417","52.501717,13.342489",22,1__mai_berlin_aktualna_13_.geojson,,True,tylko mapa,,,,,,,,
2018_DE_festyn_AfD,2018,Lata,DE,Neo-Nazi May Day,festyn,name,AfD,True,kontra,2018 AFD Maifest ,"*Bei einem Sommerfest der Berliner AfD im Bleichröderpark in Pankow versammelten sich am Dienstag einige hundert Demonstranten. Erklärtes Ziel war es, das sogenannte Maifest der Partei zu stören. Die Protestierenden hatten ihre Lautsprecher, meist mit Punk-Musik, daher in Richtung des Festes gerichtet, wo die AfD Volksmusik und Schlager erklingen ließ. Nennenswerte Zwischenfälle oder Gewalttaten gab es bis zum Redaktionsschluss dieser Ausgabe nicht.* (Berliner Morgenpost)",,30,30,Point,,"52.569197,13.393312","52.569197,13.393312",23,1__mai_berlin_aktualna_13_.geojson,,True,tylko mapa,,,,,,,,
2019_DE_festyn_AfD,2019,Lata,DE,Neo-Nazi May Day,festyn,name,AfD,True,kontra,2019 AfD Maifest,"Festyn majowy zorganizowany przez AfD zostaje oprotestowany przez około 500 osób. Wśród blokujących Antifa, członkowie Linke, SPD; SPD nawołuje do bojkotu i blokad obchodów święta, oraz udziału w ich święcie 

*Ein Sperrkreis von 50 Metern und ein Großaufgebot der Polizei trennten am Nachmittag des 1. Mai die Teilnehmer des Bürgerfests der Pankower AfD in Alt-Blankenburg von etwa 500 Demonstranten, die angetreten waren, „die völkische Party zu crashen*
(BM 1.05.2019)",,100,100,Point,,"52.59100795,13.44265682776852","52.59100795,13.44265682776852",24,1__mai_berlin_aktualna_13_.geojson,,True,tylko mapa,,,,,,,,
1993_DE_kontra_Antifa,1993,Lata,DE,Neo-Nazi May Day,kontra,name,Antifa,True,kontra,1993 Antifa Blockade,"In Berlin-Friedrichsfelde machten 100 FAP-Nazis eine Demo, die von den Bullen geschützt wurde. Viele mobilisierte Antifas wurden an Sperren abgefangen, 40 wurden festgenommen; nur etwa 30 erreichten den Schauplatz, es gab einzelne kurze Auseinandersetzungen mit Nazis. (Glückspilz Archiv)",,,,Point,,"52.505695,13.513012","52.505695,13.513012",25,1__mai_berlin_aktualna_13_.geojson,,True,tylko mapa,,,,,,,,
1994_DE_kontra_FAP,1994,Lata,DE,Neo-Nazi May Day,kontra,name,FAP,True,kontra,1994 FAP blockade,"Am Vormittag hatte die FAP noch auf einen geplanten Aufmarsch in Johannisthal verzichtet, nachdem sich etwa fünfhundert GegendemonstrantInnen an der Kreuzung Sterndamm/Königsheideweg zu einer ebenfalls genehmigten Kundgebung eingefunden hatten. Zuvor waren nach Angaben der Gegendemonstranten mehrere Fahrzeuge mit Neonazis von der Polizei „festgesetzt“ worden. (taz 3.05.1994)
",,450,450,Point,,"52.446581,13.506382","52.446581,13.506382",26,1__mai_berlin_aktualna_13_.geojson,,True,tylko mapa,,,,,,,,
2000_DE_festyn_NIEZNANY,2000,Lata,DE,Neo-Nazi May Day,festyn,name,,True,kontra,"2000 ""Kulturfest gegen Rechts"", 10 Uhr, Alice-Salomon-Platz in Hellersdorf","PDS organized ""Kulturfest gegen Rechts"", 10 Uhr, Alice-Salomon-Platz in Hellersdorf. 10 000 in attendance",,10000,10000,Point,,"52.5369,13.60455","52.5369,13.60455",27,1__mai_berlin_aktualna_13_.geojson,,True,tylko mapa,,,,,,,,
2002_DE_kontra_NIEZNANY,2002,name,DE,Neo-Nazi May Day,kontra,name,,True,kontra,2002 Counter-demonstration,"Ab 10 Uhr finden zwei Gegenkundgebungen gegen den NPD-Aufmarsch in Hohenschönhausen statt - am Lindencenter am Prerower Platz sowie an der Falkenberger Chaussee Ecke Prendener Straße. Die NPD will eine Stunde später, um 11 Uhr, am S-Bahnhof Hohenschönhausen losmarschieren. (taz 30.04.2002)",,1000,1000,Point,,"52.568525,13.520651","52.568525,13.520651",28,1__mai_berlin_aktualna_13_.geojson,,True,tylko mapa,,,,,,,,
2002_DE_kontra_NIEZNANY_a,2002,name,DE,Neo-Nazi May Day,kontra,name,,True,kontra,2002 Counter-demonstration,"Ab 10 Uhr finden zwei Gegenkundgebungen gegen den NPD-Aufmarsch in Hohenschönhausen statt - am Lindencenter am Prerower Platz sowie an der Falkenberger Chaussee Ecke Prendener Straße. Die NPD will eine Stunde später, um 11 Uhr, am S-Bahnhof Hohenschönhausen losmarschieren. (taz 30.04.2002)",,1000,1000,Point,,"52.563752,13.506682","52.563752,13.506682",29,1__mai_berlin_aktualna_13_.geojson,,True,tylko mapa,,,,,,,,
2003_DE_demonstracja_NIEZNANY,2003,Lata,DE,Neo-Nazi May Day,demonstracja,warstwa,,True,kontra,2003 Fegt die Nazis aus der Stadt,"13:30 – Berliner Initiative: Europa ohne Rassismus blokuje część trasy przemarszu NPD 1. Maja (ND 1.05.03)
Attendance: 300 (taz)",,250,250,Point,,"52.508666,13.259395","52.508666,13.259395",30,1__mai_berlin_aktualna_13_.geojson,,True,tylko mapa,,,,,,,,
2004_DE_kontra_Antifa,2004,Lata,DE,Neo-Nazi May Day,kontra,name,Antifa,True,kontra,2004 Antifa Blockade,"Zur bundesweiten Großdemo in Berlin hatten die NPD und faschistische ""Freie Kameradschaften"" aufgerufen. Rund 2500 Nazis fanden sich ab 10 Uhr am Bahnhof Lichtenberg ein und wollten von dort durch die Bezirke Lichtenberg und Friedrichshain marschieren. Doch dazu kam es nicht. An verschiedenen Stellen blockierten nach Polizeiangaben 4500 AntifaschistInnen über Stunden die vorgesehene Demoroute entlang der Frankfurter Allee.

Attendance:
4500 (Umbruch)",,3400,3400,Point,,"52.511545,13.496209","52.511545,13.496209",31,1__mai_berlin_aktualna_13_.geojson,,True,tylko mapa,,,,,,3400,2,kontrdemonstracja
2009_DE_kontra_SPD,2009,Lata,DE,Neo-Nazi May Day,kontra,name,SPD,True,kontra,2009 Counterdemonstration NPD (registered by SPD),"12:08 – 13:05 Uhr  
von Bahnhofstraße 23-25  bis Seelenbinderstraße 17-21  
ca. 2.500 Teilnehmer (Polizeilische Darstellung)
Seelenbinderstraße 17-21 – die Linke Kundgebung, 3500 Teilnehmer",,3500,3500,LineString,1287.5,"52.458278,13.579284","52.455702,13.577256",32,1__mai_berlin_aktualna_13_.geojson,,True,tylko mapa,,,,,,,,
2010_DE_demonstracja_NIEZNANY_a,2010,Lata,DE,Neo-Nazi May Day,demonstracja,name,,True,kontra,2010 – Demonstration against Zum Henker,"2010 – Demonstration against a Nazi bar Zum Henker (taz 30.4)
Attendance:
50 (Police, via taz)",,50,50,LineString,601.9,"52.454558,13.511517","52.459043,13.512483",33,1__mai_berlin_aktualna_13_.geojson,,True,tylko mapa,,,,,,,,
2010_DE_demonstracja_NIEZNANY_b,2010,Lata,DE,Neo-Nazi May Day,demonstracja,name,,True,kontra,2010 – Demonstration against Zum Henker bar,"2010 – 30.4, 17:00 (taz 30.4)",,500,500,Point,,"52.454427,13.511109","52.454427,13.511109",34,1__mai_berlin_aktualna_13_.geojson,,True,tylko mapa,,,,,,,,
2010_DE_kontra_NPD,2010,Lata,DE,Neo-Nazi May Day,kontra,name,NPD,True,kontra,2010 Anti-NPD Blockade,"* Blockades at many different sites – this is the site of the main counter 
*An die **10.000 Menschen** versammeln sich an mehreren Plätzen, darunter Antifa-Aktivisten und Punks, aber auch bürgerliche Protestierer, Eltern mit ihren Kindern und Rentner mit roten Nelken in der Hand. Anwohner stehen auf Balkonen und klopfen auf Töpfe, auf Transparenten steht: ""Berlin bleibt bunt, Scheiße bleibt braun.""* (taz, 3.05.2010)

*600 Neonazis kommen nicht mehr weiter. Sie stecken fest, gleich am Anfang ihrer Demonstration. Thierse hält sie auf, zusammen mit dem Bezirksbürgermeister und Abgeordneten von Grünen und Linkspartei. Was für ein Bild! Journalisten eilen zu dem Grüppchen. Fotoapparate klicken. Und jetzt? Gehts jetzt rund?* (taz, 3.05.2010)

**Sitting blockade at the Malmoer Strasse**
*Die Polizei kesselt die auf der Fahrbahn verstreuten Gegendemonstranten an der Bornholmer Ecke Malmöer Straße ein. Es entwickelt sich eine spontane Sitzblockade - eher eine symbolische Aktion eines eher bürgerlichen Publikums. Die Blockierer rufen: ""Wir sind friedlich, was seid ihr?"" Die Polizei zerrt und trägt daraufhin die Demonstranten von der Fahrbahn. Dabei geht es wenig sanft zu* (Tagesspiegel liveticker)",,10000,10000,Point,,"52.553602,13.414199","52.553602,13.414199",35,1__mai_berlin_aktualna_13_.geojson,,True,tylko mapa,,,,,,700,1,demonstracja
2013_DE_demonstracja_NIEZNANY,2013,Lata,DE,Neo-Nazi May Day,demonstracja,name,,True,kontra,2013 Anti-Nazi Demo,,,2000,2000,LineString,1593.8,"52.456258,13.510607","52.462403,13.514201",36,1__mai_berlin_aktualna_13_.geojson,,True,tylko mapa,,,,,,,,
2002_DE_kontra_NPD,2002,Lata,DE,Neo-Nazi May Day,kontra,name,NPD,True,kontra,2015 – NPD Counterdemonstration,12-13:30 (taz 30.04),,500,500,Point,,"52.566334,13.512089","52.566334,13.512089",37,1__mai_berlin_aktualna_13_.geojson,,True,tylko mapa,,,,,,700,1,demonstracja
2015_DE_kontra_NPD,2015,Lata,DE,Neo-Nazi May Day,kontra,name,NPD,True,kontra,2015 – NPD Counterdemonstration,12-13:30 (taz 30.04),,500,500,Point,,"52.566334,13.512089","52.566334,13.512089",37,1__mai_berlin_aktualna_13_.geojson,,True,tylko mapa,,,,,,50,1,demonstracja
2016_DE_wiec_NIEZNANY,2016,Lata,DE,Neo-Nazi May Day,wiec,name,,True,kontra,"2016 – Kundgebung „1. Mai – Nazifrei!“ am Busbahnhof Schöneweide, Beginn 13 Uhr",(B.Z. Stimme 27.04),,900,900,Point,,"52.453028,13.510523","52.453028,13.510523",38,1__mai_berlin_aktualna_13_.geojson,,True,tylko mapa,,,,,,,,
2016_DE_wiec_NIEZNANY_a,2016,Lata,DE,Neo-Nazi May Day,wiec,name,,True,kontra,2016 – Kundgebung „1. Mai – Nazifreiheit!“ am Cajamarcaplatz ,"auf dem Vorplatz des S-Bahnhof Schöneweide, Beginn 13.30 Uhr (BZ 27.04)",,900,900,Point,,"52.45598977913197,13.50997567176819","52.45598977913197,13.50997567176819",39,1__mai_berlin_aktualna_13_.geojson,,True,tylko mapa,,,,,,,,
2016_DE_wiec_NIEZNANY_b,2016,Lata,DE,Neo-Nazi May Day,wiec,name,,True,kontra,"2016 – Kundgebung „Gemeinsam gegen Rassismus – Refugees Welcome“,","Berlin-Lichtenberg; Beginn 11.30 Uhr (BZ, 27.04)",,900,900,Point,,"52.563569,13.507084","52.563569,13.507084",40,1__mai_berlin_aktualna_13_.geojson,,True,tylko mapa,,,,,,,,
2016_DE_wiec_NIEZNANY_c,2016,Lata,DE,Neo-Nazi May Day,wiec,name,,True,kontra,"2016 – Kundgebung „Schöner weiden ohne Nazis""", Beginn 13.30 Uhr an der Schnellerstrasse/Brückenstrasse,,900,900,Point,,"52.456456,13.509892","52.456456,13.509892",41,1__mai_berlin_aktualna_13_.geojson,,True,tylko mapa,,,,,,,,
2016_DE_wiec_Grune,2016,Lata,DE,Neo-Nazi May Day,wiec,name,Grüne,True,kontra,2016 Kundgebung Die Grünen „Pankow ist bunt und vielfältig“ ,"10:00 (BZ, 27.04)
Attendance: (Overall 900)",,900,900,Point,,"52.547026,13.448166","52.547026,13.448166",42,1__mai_berlin_aktualna_13_.geojson,,True,tylko mapa,,,,,,,,
2017_DE_wiec_NIEZNANY,2017,Lata,DE,Neo-Nazi May Day,wiec,name,,True,kontra,2017 Kundgebung „Berlin solidarisch gegen Nazis“,"10:00, Antonplatz (Berliner Morgenpost)",,,,Point,,"52.548076,13.451021","52.548076,13.451021",43,1__mai_berlin_aktualna_13_.geojson,,True,tylko mapa,,,,,,,,
1990_DE_wiec_DGB,1990,Lata,DE,DGB,wiec,name,DGB,False,zwiazkowe,1990. East German May 1st rally in Lustgarten,"Lustgarten, Museumsinsel, Mitte.

1990: FDGB auftakt rally, ~7,000 participants. First joint East-West May Day event since 1947. (1990_DE; ND 2.05.1990)",,,,Point,,"52.5185383,13.399396320043286","52.5185383,13.399396320043286",0,1__mai_berlin_aktualna_14_.geojson,,False,tylko mapa,,,,,,56667,3,demonstracja
1995_DE_wiec_DGB,1995,Lata,DE,DGB,wiec,geometria,DGB,False,zwiazkowe,Köllnischer Park,"Köllnischer Park, Mitte.

1995: DGB Berlin main rally site. ~10,000 participants — more than expected; square too small. Main speaker: Manfred Birkhahn (HBV). Focus: 50th anniversary of liberation from fascism. (1995_DE; ND 28.04.1995)",,,,Point,,"52.5130928,13.414440081646378","52.5130928,13.414440081646378",2,1__mai_berlin_aktualna_14_.geojson,,True,tylko mapa,,,,,,7400,5,demonstracja
1990_DE_wiec_DGB_a,1990,Lata,DE,DGB,wiec,name,DGB,False,zwiazkowe,Platz der Republik – joint rally,"Platz der Republik, before the Reichstag, Tiergarten.

1990: Joint end-rally for East and West German trade unions. ~60,000 participants. Speakers: Ernst Breit (DGB), Helga Mausch (FDGB), Gregor Gysi (PDS), Ingrid Boche. First joint celebration since 1947. (1990_DE; taz 2.05.1990)
1991: End-rally. ~25,000–30,000. Speaker: Christiane Bretz (DGB Berlin). Central DGB event in Halle. (1991_DE)
1992 onwards: No longer main DGB Berlin rally site — replaced by Lustgarten (1992–1994), Köllnischer Park (1995), Rotes Rathaus (1996–2005), Brandenburger Tor (2006–2019). (1992_DE onwards)

[Open in Obsidian by year: see individual year notes 1990_DE–2019_DE]",,,,Point,,"52.51867525,13.373124868231805","52.51867525,13.373124868231805",4,1__mai_berlin_aktualna_14_.geojson,,False,tylko mapa,,,,,,56667,3,demonstracja
1991_DE_wiec_DGB,1991,Lata,DE,DGB,wiec,name,DGB,False,zwiazkowe,Platz der Republik – joint rally,"Platz der Republik, before the Reichstag, Tiergarten.

1990: Joint end-rally for East and West German trade unions. ~60,000 participants. Speakers: Ernst Breit (DGB), Helga Mausch (FDGB), Gregor Gysi (PDS), Ingrid Boche. First joint celebration since 1947. (1990_DE; taz 2.05.1990)
1991: End-rally. ~25,000–30,000. Speaker: Christiane Bretz (DGB Berlin). Central DGB event in Halle. (1991_DE)
1992 onwards: No longer main DGB Berlin rally site — replaced by Lustgarten (1992–1994), Köllnischer Park (1995), Rotes Rathaus (1996–2005), Brandenburger Tor (2006–2019). (1992_DE onwards)

[Open in Obsidian by year: see individual year notes 1990_DE–2019_DE]",,,,Point,,"52.51867525,13.373124868231805","52.51867525,13.373124868231805",4,1__mai_berlin_aktualna_14_.geojson,,False,tylko mapa,,,,,,10000,3,demonstracja
1994_DE_festyn_DGB,1994,Lata,DE,DGB,festyn,name,DGB,False,zwiazkowe,1994 DGB-Jugend Tanz in den Mai,19:00 Na zakończenie akcji *Unsere Toleranz hat Grenzen! Gegen Rassismus und Naziterror!* DGB-Jugend organizuje Tanz in den Mai (ulotka DGBG000664),,1500,1500,Point,,"52.4936405,13.3876998","52.4936405,13.3876998",6,1__mai_berlin_aktualna_14_.geojson,,False,tylko mapa,,,,,,6000,3,demonstracja
2000_DE_festyn_DGB,2000,Lata,DE,DGB,festyn,name,DGB,False,zwiazkowe,2000-2003 DGB Tanz in den Mai,"The idea for Tanz in den Mai event in front of the Rotes Rathaus was connected with the Bürgermeisterempfang. Although the event organised by DGB Jugend was organised independently, after Bürgermeisterempfang finished, its participants were welcomed to join the ""Tanz in den Mai"" event

*Die AG schlägt vor, dass gepruft werden soll, welche Kosten durch den Aufbau eines Zeltes für 700 - 800 Personen entstehen. Eine Vorabendveranstaltung Open air” wird als nicht realistisch angesehen. Der Vorteil einer Veranstaltung im Zelt liegt darin, dass die TeilnehmerInnen des Empfangs beim Regierenden Bürgermeister unter dem Dach der Gewerkschaften weiterfeiern können und auch Kolleginnen, die keine Karte für den Empfang erhalten haben, Gelegenheit zum Feiern erhalten. Außerdem kann das Zelt am 1. Mai auch für Diskus-sionsrunden genutzt werden.* (Konzeptionelle Vorschläge des AG 1. Mai, DGBG 31.07.2000)

## 2000
am Vorabend: openair Tanz in den Mai ab 15.00 Uhr an der Bühne (web.archive berlin brandenburg DGB)

## 2001
17-22
Gegen Dummheit, Hass und Gewalt
*eine gesellige Veranstaltung zur Einleitung des Maifestes. Es erwarten Sie Live-Bands, DJ's und Gesprächspartner aus den Gewerkschaften**

## 2002
*""Tanz in den Mai"" und ""DGB-Jugend Party""  
Am 30. April 2002 ab 17.00 Uhr - 0.00 Uhr* 

**vor dem Roten Rathaus, mit Live-Band und Gesprächspartnern aus den Gewerkschaften**

## 2003
30.04
*12 bis 24 Uhr Infomarkt, Mai-Empfang, Rock gegen Rechts am Roten Rathaus mit DGB-Jugend;* (ND 30.04.2003)

No indications after 2003",,750,750,Point,,"52.519746,13.409028","52.519746,13.409028",7,1__mai_berlin_aktualna_14_.geojson,,False,tylko mapa,,,,,,11167,6,demonstracja
2001_DE_festyn_DGB,2001,Lata,DE,DGB,festyn,name,DGB,False,zwiazkowe,2000-2003 DGB Tanz in den Mai,"The idea for Tanz in den Mai event in front of the Rotes Rathaus was connected with the Bürgermeisterempfang. Although the event organised by DGB Jugend was organised independently, after Bürgermeisterempfang finished, its participants were welcomed to join the ""Tanz in den Mai"" event

*Die AG schlägt vor, dass gepruft werden soll, welche Kosten durch den Aufbau eines Zeltes für 700 - 800 Personen entstehen. Eine Vorabendveranstaltung Open air” wird als nicht realistisch angesehen. Der Vorteil einer Veranstaltung im Zelt liegt darin, dass die TeilnehmerInnen des Empfangs beim Regierenden Bürgermeister unter dem Dach der Gewerkschaften weiterfeiern können und auch Kolleginnen, die keine Karte für den Empfang erhalten haben, Gelegenheit zum Feiern erhalten. Außerdem kann das Zelt am 1. Mai auch für Diskus-sionsrunden genutzt werden.* (Konzeptionelle Vorschläge des AG 1. Mai, DGBG 31.07.2000)

## 2000
am Vorabend: openair Tanz in den Mai ab 15.00 Uhr an der Bühne (web.archive berlin brandenburg DGB)

## 2001
17-22
Gegen Dummheit, Hass und Gewalt
*eine gesellige Veranstaltung zur Einleitung des Maifestes. Es erwarten Sie Live-Bands, DJ's und Gesprächspartner aus den Gewerkschaften**

## 2002
*""Tanz in den Mai"" und ""DGB-Jugend Party""  
Am 30. April 2002 ab 17.00 Uhr - 0.00 Uhr* 

**vor dem Roten Rathaus, mit Live-Band und Gesprächspartnern aus den Gewerkschaften**

## 2003
30.04
*12 bis 24 Uhr Infomarkt, Mai-Empfang, Rock gegen Rechts am Roten Rathaus mit DGB-Jugend;* (ND 30.04.2003)

No indications after 2003",,750,750,Point,,"52.519746,13.409028","52.519746,13.409028",7,1__mai_berlin_aktualna_14_.geojson,,False,tylko mapa,,,,,,16833,6,demonstracja
2002_DE_festyn_DGB,2002,Lata,DE,DGB,festyn,name,DGB,False,zwiazkowe,2000-2003 DGB Tanz in den Mai,"The idea for Tanz in den Mai event in front of the Rotes Rathaus was connected with the Bürgermeisterempfang. Although the event organised by DGB Jugend was organised independently, after Bürgermeisterempfang finished, its participants were welcomed to join the ""Tanz in den Mai"" event

*Die AG schlägt vor, dass gepruft werden soll, welche Kosten durch den Aufbau eines Zeltes für 700 - 800 Personen entstehen. Eine Vorabendveranstaltung Open air” wird als nicht realistisch angesehen. Der Vorteil einer Veranstaltung im Zelt liegt darin, dass die TeilnehmerInnen des Empfangs beim Regierenden Bürgermeister unter dem Dach der Gewerkschaften weiterfeiern können und auch Kolleginnen, die keine Karte für den Empfang erhalten haben, Gelegenheit zum Feiern erhalten. Außerdem kann das Zelt am 1. Mai auch für Diskus-sionsrunden genutzt werden.* (Konzeptionelle Vorschläge des AG 1. Mai, DGBG 31.07.2000)

## 2000
am Vorabend: openair Tanz in den Mai ab 15.00 Uhr an der Bühne (web.archive berlin brandenburg DGB)

## 2001
17-22
Gegen Dummheit, Hass und Gewalt
*eine gesellige Veranstaltung zur Einleitung des Maifestes. Es erwarten Sie Live-Bands, DJ's und Gesprächspartner aus den Gewerkschaften**

## 2002
*""Tanz in den Mai"" und ""DGB-Jugend Party""  
Am 30. April 2002 ab 17.00 Uhr - 0.00 Uhr* 

**vor dem Roten Rathaus, mit Live-Band und Gesprächspartnern aus den Gewerkschaften**

## 2003
30.04
*12 bis 24 Uhr Infomarkt, Mai-Empfang, Rock gegen Rechts am Roten Rathaus mit DGB-Jugend;* (ND 30.04.2003)

No indications after 2003",,750,750,Point,,"52.519746,13.409028","52.519746,13.409028",7,1__mai_berlin_aktualna_14_.geojson,,False,tylko mapa,,,,,,13500,4,demonstracja
2003_DE_festyn_DGB,2003,Lata,DE,DGB,festyn,name,DGB,False,zwiazkowe,2000-2003 DGB Tanz in den Mai,"The idea for Tanz in den Mai event in front of the Rotes Rathaus was connected with the Bürgermeisterempfang. Although the event organised by DGB Jugend was organised independently, after Bürgermeisterempfang finished, its participants were welcomed to join the ""Tanz in den Mai"" event

*Die AG schlägt vor, dass gepruft werden soll, welche Kosten durch den Aufbau eines Zeltes für 700 - 800 Personen entstehen. Eine Vorabendveranstaltung Open air” wird als nicht realistisch angesehen. Der Vorteil einer Veranstaltung im Zelt liegt darin, dass die TeilnehmerInnen des Empfangs beim Regierenden Bürgermeister unter dem Dach der Gewerkschaften weiterfeiern können und auch Kolleginnen, die keine Karte für den Empfang erhalten haben, Gelegenheit zum Feiern erhalten. Außerdem kann das Zelt am 1. Mai auch für Diskus-sionsrunden genutzt werden.* (Konzeptionelle Vorschläge des AG 1. Mai, DGBG 31.07.2000)

## 2000
am Vorabend: openair Tanz in den Mai ab 15.00 Uhr an der Bühne (web.archive berlin brandenburg DGB)

## 2001
17-22
Gegen Dummheit, Hass und Gewalt
*eine gesellige Veranstaltung zur Einleitung des Maifestes. Es erwarten Sie Live-Bands, DJ's und Gesprächspartner aus den Gewerkschaften**

## 2002
*""Tanz in den Mai"" und ""DGB-Jugend Party""  
Am 30. April 2002 ab 17.00 Uhr - 0.00 Uhr* 

**vor dem Roten Rathaus, mit Live-Band und Gesprächspartnern aus den Gewerkschaften**

## 2003
30.04
*12 bis 24 Uhr Infomarkt, Mai-Empfang, Rock gegen Rechts am Roten Rathaus mit DGB-Jugend;* (ND 30.04.2003)

No indications after 2003",,750,750,Point,,"52.519746,13.409028","52.519746,13.409028",7,1__mai_berlin_aktualna_14_.geojson,,False,tylko mapa,,,,,,13500,2,demonstracja
1990_DE_festyn_DGB,1990,Lata,DE,DGB,festyn,name,DGB,False,zwiazkowe,DGB Maifest 1990,"First joint rally in Berlin since 1948;

10:45	Berliner Hymnentafel: ""Wann wir schreiten...""
10:48	We Shall Overcome
10:55	Friede auf unserer Erde
10:58	Für Freiheit und Recht
11:00	Start of ARD live broadcast
11:03	Solidaritätslied
11:06	Lied der Freiheit (Nabucco)
11:10	Rede Michael Pagels
11:18	Rede Ingrid Boche
11:23	Rede Ernst Breit
11:43	Rede Rosemarie Lubasch
11:48	Rede Mathias Oertel
11:56	Rede Johan Stekelenburg
12:05	Brüder zur Sonne, zur Freiheit (Hymnentafel)
IG Metall-Bühne	
12:08	Petticoats
12:38	IG Metall-Chor
13:53	Gruppe ""Erich Weinert""
14:38	Gruppe aus Eisenhüttenstadt
15:08	Petticoats
DGB-Jugend-Bühne	
12:30	TTS
13:25	Ramikuna
14:25	Das Gelbe vom Ei
15:30	Beginn Abbau",,56667,56667,Point,,"52.518663,13.372787","52.518663,13.372787",8,1__mai_berlin_aktualna_14_.geojson,,False,tylko mapa,,,,,,56667,3,demonstracja
1991_DE_festyn_DGB,1991,Lata,DE,DGB,festyn,name,DGB,False,zwiazkowe,DGB Maifest 1991,"10:30-11:00 Berliner Singgemeinschaft Märkisches Ufer – Der Mai ist gekommen; Wenn wir schreiten Seit an Seit

11:00 Begrüßung Berd Riessmann
11:15 Christiane Bretz (DGB BB Vorsitzende), Holger Kasselow (Betriebsratvorsitzende Werks für Fernsehelektronik (WF))
Speeches:

11:45 Political and cultural programme
Tiemponuevo (Chilean music)
Distel (Berlin cabaret)
Bügelbrett (cabaret)
Angelika Weiz (singer)",,10000,10000,Point,,"52.518663,13.372787","52.518663,13.372787",9,1__mai_berlin_aktualna_14_.geojson,,False,tylko mapa,,,,,,10000,3,demonstracja
1992_DE_festyn_DGB,1992,Lata,DE,DGB,festyn,name,DGB,False,zwiazkowe,DGB Maifest 1992,"1992 **Lustgarten rally as a sign of Berlin's unification**
*Sie werden sicher wissen, daß der Deutsche Gewerkschaftsbund, Landesbezirk Berlin-Brandenburg, am 1. Mai 1992 erstmals seine Maikundgebung im Lustgarten durchgeführt hat, nachdem diese traditionellen Veranstaltungen bis 1991 vordem Reichstag stattfanden. Unsere Absicht dabei war, ein politisches Zeichen für den Zusammenschluß Berlins zu setzen und auch die künftigen Maikundgebungenim Bereich des Lustgartens durchzuführen* (Bernd Rissmann in a letter to Gerhard Keil, Bezirk Mitte Bürgermeister, 26.08.1992; DGBG000664)

10:20	Großes Berliner Blasorchester
11:00	Christiane Bretz (chair, DGB Berlin/Brandenburg)
11:00	Chair of the European Trade Union Confederation (ETUC)
12:00	Großes Berliner Blasorchester (second set)
12:45	Tiemponuevo
13:30	Schauorchester Ungelenk
14:30	Familie Kuklew
15:00	Die Zöllner
16:00	End",,25600,25600,Point,,"52.519067,13.399352","52.519067,13.399352",10,1__mai_berlin_aktualna_14_.geojson,,False,tylko mapa,,,,,,23000,6,demonstracja
1993_DE_festyn_DGB,1993,Lata,DE,DGB,festyn,name,DGB,False,zwiazkowe,DGB Maifest 1993,"11:00 - Hauptveranstaltung DGB Lustgarten (Familienfest)

**Speeches:**
* Yilmaz Karahasan (member of IG Metall Bundesvorstand)
* Burgunde Grosse (vorsitzende DGB Kreis Berlin-Nord)
* Ursula Schäfer (vorsitzende DGB Kreis Berlin-Süd)
Renft Combo, Distel Kabaret, Berliner Blaßorchestra as element of cultural programme",,28333,28333,Point,,"52.519067,13.399352","52.519067,13.399352",11,1__mai_berlin_aktualna_14_.geojson,,False,tylko mapa,,,,,,16667,3,demonstracja
1994_DE_festyn_DGB_a,1994,Lata,DE,DGB,festyn,name,DGB,False,zwiazkowe,DGB Maifest 1994,"**Introduction and moderation**
* Burgunde Grosse (vorsitzende DGB Kreis Berlin-Nord)
* Ursula Schäfer (vorsitzende DGB Kreis Berlin-Süd)
**Speech**
Irmgard Meyer (Bundesvorstand IG BSE)
Constanze Lindemeyer (Bezirksvorsitzende IG Metall)
**Cutural Programme**
Die Petticoats
BSR Orchester
BVG Orchester
(u.a. Roter Adler, Berliner Luft)
andere Gruppen",,6000,6000,Point,,"52.519067,13.399352","52.519067,13.399352",12,1__mai_berlin_aktualna_14_.geojson,,False,tylko mapa,,,,,,6000,3,demonstracja
1995_DE_festyn_DGB,1995,Lata,DE,DGB,festyn,name,DGB,False,zwiazkowe,DGB Maifest 1995,"~10,000 participants — more than expected; square too small. Main speaker: Manfred Birkhahn (HBV). Focus: 50th anniversary of liberation from fascism. (1995_DE; ND 28.04.1995)

*Mehrere tausend Berliner beteiligen sich am 01.05.1995 an der traditionellen Mai Demonstration der Gewerkschaften in Berlin. Bei strahlendem Sonnenschein zogen die Demonstranten durch Kreuzberg zur Kundgebung am Köllnischen Park in Mitte, an der auch Ingrid Stahmer (2.v.r.), SPD-Bewerberin für das Amt des Regierenden Bürgermeisters bei den Wahlen im Oktober, Senatorin Christine Bergmann (SPD/M) und die Berliner PDS Landesvorsitzende Petra Pau (2.v.l.) teilnahmen.* 

- **11:00 – Main Rally and Festival:** DGB rally at Köllnischer Park in Mitte, followed by a May Day festival at the same location.
	- Główny mówca Manfred Birkhahn z HBV

Disruptions caused by kurdish groups",,7400,7400,Point,,"52.513139,13.414135","52.513139,13.414135",13,1__mai_berlin_aktualna_14_.geojson,,False,tylko mapa,,,,,,7400,5,demonstracja
1996_DE_festyn_DGB,1996,Lata,DE,DGB,festyn,name,DGB,False,zwiazkowe,DGB Maifest 1996,"11:30 - Zentrale Kundgebung des DGB 1996 am Roten Rathaus
Im Anschluss - DGB-Familienfest am Roten Rathaus
Im Anschluss - DGB-Kinderfest in der Spandauer Straße
Im Anschluss - DGB-Talkrunde zur Länderfusion",,16667,16667,Point,,"52.519471,13.40832","52.519471,13.40832",14,1__mai_berlin_aktualna_14_.geojson,,False,tylko mapa,,,,,,16667,3,demonstracja
1997_DE_festyn_DGB,1997,Lata,DE,DGB,festyn,name,DGB,False,zwiazkowe,DGB Maifest 1997,"Die DGB-Demonstration beginnt morgen um 10 Uhr am Engeldamm 70, am Haus der IG Metall in der Alten Jakobstraße und an der Info-Box am Potsdamer Platz. Die SPD-Spitze demonstriert gemeinsam mit den Gewerkschaften ab 10 Uhr vor dem IG-Metall-Haus. Die zentrale Abschlußkundgebung dazu ist ab 11.30 Uhr vor dem Roten Rathaus (taz)",,9500,9500,Point,,"52.519668,13.407932","52.519668,13.407932",15,1__mai_berlin_aktualna_14_.geojson,,False,tylko mapa,,,,,,9500,5,demonstracja
1998_DE_festyn_DGB,1998,Lata,DE,DGB,festyn,name,DGB,False,zwiazkowe,DGB Maifest 1998,"Deine Stimme für Arbeit und soziale Gerechtigkeit. Joint event with DAG. 

*Am internationalen Tag der Arbeit waren die Gewerkschaftsmitglieder von den Zentralen der ÖTV und der IG Metall zum Rathaus marschiert. (taz 2.05.1998) Abschlußkundgebung des Sterrunarschesvon DGB und DAG: 11.30,Rotes Rathaus; (taz 30.04.1998)*",,13875,13875,Point,,"52.519471,13.40832","52.519471,13.40832",16,1__mai_berlin_aktualna_14_.geojson,,False,tylko mapa,,,,,,13875,4,demonstracja
1999_DE_festyn_DGB,1999,Lata,DE,DGB,festyn,name,DGB,False,zwiazkowe,DGB Maifest 1999,"Wenn die Demonstrationszüge der Gewerkschaften vor dem Roten Rathaus eintreffen, herrscht ab 11 Uhr 30 gewerkschaftliche Volksfeststimmung. Reden halten wird zu Beispiel Detlef Hensche, Vorsitzender der IG Medien. Die SPD ist mit Walter Momper dabei. (Neues Deutschland)",,10400,10400,Point,,"52.519471,13.40832","52.519471,13.40832",17,1__mai_berlin_aktualna_14_.geojson,,False,tylko mapa,,,,,,10400,5,demonstracja
2000_DE_festyn_DGB_a,2000,Lata,DE,DGB,festyn,name,DGB,False,zwiazkowe,DGB Maifest 2000,"11.30 DGB-Kundgebung vorm Roten Rathaus, anschließend Maifest am Neptunbrunnen.",,11400,11400,Point,,"52.519471,13.40832","52.519471,13.40832",18,1__mai_berlin_aktualna_14_.geojson,,False,tylko mapa,,,,,,11167,6,demonstracja
2001_DE_festyn_DGB_a,2001,Lata,DE,DGB,festyn,name,DGB,False,zwiazkowe,DGB Maifest 2001,"Ort/Beginn 	Berlin Platz vor dem Roten Rathaus, 11.30 Uhr
Rednerin/Redner 	Begrüßung: Ursula Schäfer/DGB

es sprechen:
Rainer Knerler/IG BAU
Norbert Hocke/GEW
Programm 	

10.00 Uhr:
Demonstrationszüge der Gewerkschaften jeweils ab IG Metall-Haus(Alte Jakobstr.), ÖTV-Haus(Engeldamm, Michael-Kirch-Platz) , und ab DGB-Bundesvorstand (Hackescher Markt) .

11.30 Uhr:
Kundgebung und Kulturprogramm

(berlin-brandenburg.dgb.de)",,16683,16683,Point,,"52.519471,13.40832","52.519471,13.40832",19,1__mai_berlin_aktualna_14_.geojson,,False,tylko mapa,,,,,,16833,6,demonstracja
2002_DE_festyn_DGB_a,2002,Lata,DE,DGB,festyn,name,DGB,False,zwiazkowe,DGB Maifest 2002,"Performances at the DGB May Festival in 2002:

the school trumpet band
dancers from the Balkans
the percussion and fanfare band
two Turkish musicians
a Brazilian band
a percussion group from Prenzlauer Berg 04300051.JPG
Der volksfestartige Charakter dieser Maifeier wird zudem durch den zweiten Teil des Buhnenprogramms unterstrichen, der aus vier sehr verschiedenen musischen Angeboten besteht: eine Trommlergruppe von Schiilern, die nach ihrem Aussehen und Verhalten der Alternativkultur zuneigen; eine Gruppe von Tanzerinnen aus dem Balkan in farbenfroher Tracht, die jedoch aufgrund ihrer Platzierung unterhalb der Buhne kaum zu sehen ist; dem vielkopfigen Trommler- und Fanfarenzug, der in seinem paramilitarischen Aussehen und Auftreten selbst auf einer rechtsradikalen Veranstaltung kaum als Fremdkorper empfunden wurde; weiterhin zwei turkische Musiker und schlieBlich eine eher besinnlich aufspielende brasilianischen Gruppe. (Rucht, 2003, p. 38)",,13500,13500,Point,,"52.519471,13.40832","52.519471,13.40832",20,1__mai_berlin_aktualna_14_.geojson,,False,tylko mapa,,,,,,13500,4,demonstracja
2003_DE_festyn_DGB_a,2003,Lata,DE,DGB,festyn,name,DGB,False,zwiazkowe,DGB Maifest 2003,"""Berlin braucht Arbeit, Bildung Zukunft"", meinen die Gewerkschaften ab 10 Uhr am Brandenburger Tor. Solidarische Kradfahrer brummen gleichzeitig vom Olympischen Platz. Zum Abschluss vorm Roten Rathaus grüßt DGB-Chef Dietmar Scholz. Um 15 Uhr rocken dort die unvermeidlichen Puhdys. (taz 30.04.2003)",,13500,13500,Point,,"52.519471,13.40832","52.519471,13.40832",21,1__mai_berlin_aktualna_14_.geojson,,False,tylko mapa,,,,,,13500,2,demonstracja
2004_DE_festyn_DGB,2004,Lata,DE,DGB,festyn,name,DGB,False,zwiazkowe,DGB Maifest 2004,"START DEMOZUG
10.00 Uhr Brandenburger Tor (Platz d. 18. März)

TREFF MOTORRAD-CORSO
10.00 Uhr Charlottenburg Olympischer Platz

KUNDGEBUNG
11.30 Uhr Platz vor dem Roten Rathaus
Begrüßung:
Bernd Rissmann, stellvertretender Vorsitzender des DGB Berlin-Brandenburg
Grußwort:
Tony Janssen, Präsident des Europäischen Metallgewerkschaftsbundes
Hauptredner:
Michael Sommer, Vorsitzender des DGB Bundesvorstandes
MAIFEST mit Kinderprogramm ab 13.00 Uhr

The line-up includes, amongst others, the band Flashback from Cologne",,20667,20667,Point,,"52.519471,13.40832","52.519471,13.40832",22,1__mai_berlin_aktualna_14_.geojson,,False,tylko mapa,,,,,,18500,2,demonstracja
2005_DE_festyn_DGB,2005,Lata,DE,DGB,festyn,name,DGB,False,zwiazkowe,DGB Maifest 2005,"Mai Kinder- und Familienfest
Hinter dem Neptunbrunnen
steigt von 11:00 bis 18:00 Uhr ein großes Fest für Kinder, Jugendliche und Eltern. Neben Spielen und Sportaktivitäten gibt es auch eine Menge von Mitmachangeboten und Informationen.",,10667,10667,Point,,"52.519341,13.407504","52.519341,13.407504",23,1__mai_berlin_aktualna_14_.geojson,,False,tylko mapa,,,,,,10500,4,demonstracja
2006_DE_festyn_DGB,2006,Lata,DE,DGB,festyn,name,DGB,False,zwiazkowe,DGB Maifest 2006,"DGB-Landeschef Dieter Scholz nannte in seiner Ansprache weitere Betriebe, in denen Arbeitsplatzabbau droht: Telekom, Schering, Samsung, Coca-Cola, S-Bahn... Scholz erinnerte außerdem daran, dass sich die Gewerkschaften in schwierigen und sehr grundsätzlichen Auseinandersetzungen befinden. Es würden nicht nur immer weniger Leute eine Beschäftigung finden. Viele könnten sich mit ihren niedrigen Löhnen oder Renten auch kaum über Wasser halten. ""Arbeit darf nicht arm machen"", sagte auch Verdi-Bundeschef Frank Bsirske. Nach seinen Angaben gebe es in 60 Prozent der bundesdeutschen Betriebe keine Mitarbeiter mehr über 60 Jahre. Dennoch werde weiter eine Erhöhung des Renteneintrittsalters diskutiert. Bsirske berichtete von einer Verkäuferin, die nach 42 Berufsjahren nicht einmal 700 Euro Rente erhalte. Der Verdi-Bundeschef forderte einen gesetzlichen Mindeststundenlohn von 7,50 Euro, der Zug um Zug auf neun Euro klettern müsse. ""Löhne, die anständiges Leben ermöglichen"", der Verdi-Chef Frank Bsirske. Bsirske redete fast 40 Minuten lang. Da hatten sich viele Gewerkschafter schon auf die Straße des 17. Juni zurückgezogen. Dort konnten sich die Berliner bis in den Abend rund um die Stände der Gewerkschaften bei Bier und Würstchen stärken, und eine ""schön laute 1.Mai-Tröte"" für drei Euro kaufen. Die vielen ungemütlichen Holzbänke waren bis nachmittags dicht besetzt. (Berliner Zeitung)",,17000,17000,Point,,"52.516325,13.375253","52.516325,13.375253",24,1__mai_berlin_aktualna_14_.geojson,,False,tylko mapa,,,,,,13500,5,demonstracja
2007_DE_festyn_DGB,2007,Lata,DE,DGB,festyn,name,DGB,False,zwiazkowe,DGB Maifest 2007,"Beginn: **11:00** Uhr, nach Eintreffen v. Demo, Lauf, Skating, Fahrrad + Motorrad-Korso.  
Anschließend großer Infomarkt  
  
Es sprechen nach Ankunft aller Demo- Züge (Motorrad, Lauf, Skater u. Fahrrad sowie traditioneller Demo- Zug):  

- **Doro Zinke,** stellvertretende Vorsitzende des DGB Bezirks Berlin-Brandenburg
- **Alexandru Rus,** Vizepräsident, FSS Metarom Rumänien
- **Annelie Buntenbach,** stellvertretende Bundesvorsitzende des Deutschen Gewerkschaftsbundes
- **Jessica Sauerwald,** Vorsitzende der Auszubildenden- Vertretung von Telekom in Berlin

Moderatorion: Markus Plagmann  
  
Es spielt die ultimative Partyrockband BIBA & DIE BUTZEMÄNNER",,9750,9750,Point,,"52.516247,13.375554","52.516247,13.375554",25,1__mai_berlin_aktualna_14_.geojson,,False,tylko mapa,,,,,,10500,3,demonstracja
2008_DE_festyn_DGB,2008,Lata,DE,DGB,festyn,name,DGB,False,zwiazkowe,DGB Maifest 2008,"1. Mai-Kundgebung 2008 07.03.2008

Mai-Kundgebung vor dem Brandenburger Tor auf dem Platz des 18. März (Straße des 17. Juni)
10:00 Uhr, Treff Brandenburger Tor 11:30 Uhr, Kundgebung

Programm: Rede Susanne Stumpenhusen, Talk mit Betriebs- und Personalräten, Beiträge von amnesty international und der „Busfahrer gegen Gewalt und Vandalismus"", anschl. Live-Musik, Breakdance, Talk, Großer Infomarkt

Vor das Brandenburger Tor, auf die Straße des 17. Juni, hatten die Gewerkschaften ihre Mitglieder zur Kundgebung geladen. Trotz des Regens zogen am Vormittag rund 5 000 Menschen vom DGB-Haus am Wittenbergplatz zum Brandenburger Tor. Vor der großen Bühne versammelten sich nach der Demonstration weit mehr als 6 000 Menschen. ""Gute Bezahlung muss drin sein!"" und ""Innovation statt Billiglohn!"" lauteten die Hauptforderungen. An rund 80 Ständen von Gewerkschaften, Parteien und Organisationen wurde bei Bratwurst und Bier teils heftig diskutiert. Über zu niedrige Löhne und die ""arbeitnehmerfeindliche Politik des rot-roten Senats"" (BZ 2.05.2008)",,5500,5500,Point,,"52.516299,13.375511","52.516299,13.375511",26,1__mai_berlin_aktualna_14_.geojson,,False,tylko mapa,,,,,,9125,4,demonstracja
2009_DE_festyn_DGB,2009,Lata,DE,DGB,festyn,name,DGB,False,zwiazkowe,DGB Maifest 2009,"11:30 Uhr: Mai-KundgebungBühne auf dem Platz des 18. März
Hauptrede: 
Dieter Scholz, Vorsitzender des DGB Bezirk Berlin-Brandenburg 
Anschließend Bühnenprogramm bis 18:00 Uhr
Talk, Live- Musik, Dance, Kabarett,…Kleines Bühnenprogramm
Infomarkt, Kinder- und Familienfest
Straße des 17. Juni bis Brandenburger Tor
Musik, Essen, Trinken, Spiele, Hüpfburgen
Kleines Bühnenprogramm

**Cultural Programme**
* NGG Blaßorchester
* die Busfahrer 
* young hip-hop group
* Team Selaxion – youth dance group [[IMG_1508.JPG",,11250,11250,Point,,"52.516247,13.375511","52.516247,13.375511",27,1__mai_berlin_aktualna_14_.geojson,,False,tylko mapa,,,,,,13500,3,demonstracja
2010_DE_festyn_DGB,2010,Lata,DE,DGB,festyn,name,DGB,False,zwiazkowe,DGB Maifest 2010,"Im Anschluss an seine Kundgebung zum Tag der Arbeit lädt der Deutsche Gewerkschaftsbund (DGB) am Brandenburger Tor/Straße des 17. Juni zum Familienfest. 11-18 Uhr, Eintritt frei. (Berliner Zeitung)",,9750,9750,Point,,"52.516188,13.376187","52.516188,13.376187",28,1__mai_berlin_aktualna_14_.geojson,,False,tylko mapa,,,,,,9750,2,demonstracja
2011_DE_festyn_DGB,2011,Lata,DE,DGB,festyn,name,DGB,False,zwiazkowe,DGB Maifest 2011,"Beginn: ca. 11:30 Uhr vor dem Brandenburger Tor auf dem Platz des 18.März (Straße des 17. Juni)
Hauptrede: Annelie Buntenbach, Mitglied des DGB Bundesvorstandes

Anschließend Bühnenprogramm bis 18:00 Uhr Talk, Live-Musik, Dance, Bands:
mit Nina Hagen und Band ruheSTörung, Art of Dance,
BiBA & die Butzemänner, Jörg Erb & Bernard G. Mulla",,11500,11500,Point,,"52.516188,13.376187","52.516188,13.376187",29,1__mai_berlin_aktualna_14_.geojson,,False,tylko mapa,,,,,,11500,4,demonstracja
2012_DE_festyn_DGB,2012,Lata,DE,DGB,festyn,name,DGB,False,zwiazkowe,DGB Maifest 2012,"Europa spart falsch - Gewerkschaftsarbeit aktueller denn je! (DGB Region Berlin | Tag Der Arbeit 2012, 2012)
11:30 Uhr: Mai-Kundgebung Platz des 18. März
Bühne vor dem Brandenburger Tor
Hauptrede: Ulrich Thöne, Vorsitzender der GEW
Gastrede vom Spanischen Gewerkschaftsbund CCOO

Anschließend Maifest mit Infomarkt Straße des 17. Juni
mit BiBA & die Butzemänner Die PartyShowBand … Cover-Music vom Feinsten
sowie weitere Live-Musik, Hip-Hop, Dance, Talk, Bands, …",,12625,12625,Point,,"52.51643,13.379116","52.51643,13.379116",30,1__mai_berlin_aktualna_14_.geojson,,False,tylko mapa,,,,,,12625,4,demonstracja
2013_DE_festyn_DGB,2013,Lata,DE,DGB,festyn,name,DGB,False,zwiazkowe,DGB Maifest 2013,"Bühnenprogramm 
REDEN  
10:00 Uhr Erste Ansagen: Demo ist losgegangen ...  Dazwischen immer Musik von CD 
11:00 Uhr Begrüßung: Karsten Berlin: Erste Moderation  Meldungen von den Demos, Europa ... 11:15 Uhr Begrüßung von Motorrad-Korso und Fahrrad-Korso 

11:30 Uhr: Mai-Kundgebung Platz des 18. März
Bühne vor dem Brandenburger Tor
Doro Zinke, Vorsitzende des DGB Berlin-Brandenburg
Lars Lindgren, Präsident Europäische Transportarbeiterföderation

11:30 Uhr Begrüßung des Demonstrationszuges  DGB-Jugend-Lkw macht Musik und Ansagen (Ebertstraße Süd) 
11:35 Uhr Talk mit Gewerkschaftsjugend: Jeremy Arndt (ver.di) Jugendvorstand Berlin  Themen: Jugendforderungen und News zur Anti-Nazi-Demo
11:50 Uhr Talk zur Forderung Tarifvertrag für Mitarbeiter bei Berliner Volkshochschulen  Beate Strenge (ver.di), VHS-Dozent/innen-Vertretung  
12:00 Uhr NN (IG BAU), Gebäudereiniger/in  Thema: Tarifrunde 2013 
12:05 Uhr Begrüßung: Doro Zinke, Vorsitzende des DGB Berlin-Brandenburg 12:10 Uhr Hauptrede: Lars Lindgren, Präsident d. Europ. Transportarbeiterförderation Talk und kurze Reden von aktiven Gewerkschafter/innen 
12:30 Uhr Philipp Singer (IG Metall), JAV-Vorsitzender BMW Niederlassung Berlin  Thema: Tarifrunde 2013 – Handwerk und M&E Industrie 
12:35 Uhr Katrin Dornheim (EVG), BR-Vorsitzende b. Station &Service Zentrale DB AG  Thema: Stolperstein-Aktion für ermordete Gewerkschafter/innen 
12:40 Uhr Roland Hanke (IG BCE), Betriebsrat bei Bayer Pharma  Thema: Aktuelles 
12:45 Uhr Claudia Spreen (ver.di), Vorsitzende Bezirks-Erwerbslosenausschuss  Thema: Vertafelung und Kosten der Unterkunft 
12:50 Uhr Yannis Stathas (Griechenland), Vorsitzender der Betriebsgewerkschaft  des Aluminiumwerkes „Aluminium of Greece“ Rede wird übersetzt 
13:00 Uhr Ende der Kundgebung, Musik von CD, Bühnenumbau 
13:30 Uhr Beginn des Kulturprogramms 

Anschließend Maifest mit Infomarkt Straße des 17. Juni
Live-Musik, Hip-Hop, Dance, Talk, Bands, …
mit BiBA & die Butzemänner
Die PartyShowBand … Cover-Music vom Feinsten
sowie weitere Live-Musik, Hip-Hop, Dance, Talk, Bands

bis 19:00 Uhr: Kinder-, Jugend- und Familienfest
BSR-Spiele, Musik, Essen, Trinken, Hüpfburgen",,9750,9750,Point,,"52.51643,13.379116","52.51643,13.379116",31,1__mai_berlin_aktualna_14_.geojson,,False,tylko mapa,,,,,,9750,2,demonstracja
2014_DE_festyn_DGB,2014,Lata,DE,DGB,festyn,name,DGB,False,zwiazkowe,DGB Maifest 2014,"11:30 Uhr: Mai-Kundgebung auf dem Platz des 18. März
Begrüßung: Christian Hoßbach, Stellv. Vorsitzender DGB Berlin-Brandenburg
Hauptrede: Irene Schulz, IG Metall Vorstand
Außerdem: Weitere aktuelle Beiträge aus den Gewerkschaften

Anschließend: Maifest mit Infomarkt in der Straße des 17. Juni
Auf der Bühne: BiBA & die Butzemänner
Die PartyShowBand … Cover-Musik vom Feinsten
sowie weitere Live-Musik, Dance, Talk, Bands

bis 19:00 Uhr: Kinder- und Familienfest
BSR-Spiele, Musik, Essen, Trinken, Hüpfburgen",,10000,10000,Point,,"52.51643,13.379116","52.51643,13.379116",32,1__mai_berlin_aktualna_14_.geojson,,False,tylko mapa,,,,,,10000,2,demonstracja
2015_DE_festyn_DGB,2015,Lata,DE,DGB,festyn,name,DGB,False,zwiazkowe,DGB Maifest 2015,,,15000,15000,Point,,"52.516299,13.376133","52.516299,13.376133",33,1__mai_berlin_aktualna_14_.geojson,,False,tylko mapa,,,,,,15000,1,demonstracja
2016_DE_festyn_DGB,2016,Lata,DE,DGB,festyn,name,DGB,False,zwiazkowe,DGB Maifest 2016,,,14000,14000,Point,,"52.516234,13.37639","52.516234,13.37639",34,1__mai_berlin_aktualna_14_.geojson,,False,tylko mapa,,,,,,14000,1,demonstracja
2017_DE_festyn_DGB,2017,Lata,DE,DGB,festyn,name,DGB,False,zwiazkowe,DGB Maifest 2017,,,14000,14000,Point,,"52.51643,13.379116","52.51643,13.379116",35,1__mai_berlin_aktualna_14_.geojson,,False,tylko mapa,,,,,,14000,1,demonstracja
2018_DE_festyn_DGB,2018,Lata,DE,DGB,festyn,name,DGB,False,zwiazkowe,DGB Maifest 2018,,,9500,9500,Point,,"52.51643,13.379116","52.51643,13.379116",36,1__mai_berlin_aktualna_14_.geojson,,False,tylko mapa,,,,,,9500,2,demonstracja
2019_DE_festyn_DGB,2019,Lata,DE,DGB,festyn,name,DGB,False,zwiazkowe,DGB Maifest 2019,,,13000,13000,Point,,"52.51643,13.379116","52.51643,13.379116",37,1__mai_berlin_aktualna_14_.geojson,,False,tylko mapa,,,,,,13000,1,demonstracja
1990_DE_demonstracja_DGB,1990,Lata,DE,DGB,demonstracja,name,DGB,False,zwiazkowe,1990 East German Demonstration,"*Aufgerfen, sich 9 Uhr zur Kundgebung im Lustgarten zu treffen, haben die Grüne Liga, der Unabhängige Frauenverband, der DFD, die Vereinigte Linke, derUnabhängige SozialistischeJu-gendverband, die AlternativeLinke Liste, die Aktionsgemeinschaft ""Rentner fordern Sicherheit"", der Behindertenverband, Demokratie Initiative 90, der Bezirksausschuß der Volkssolidarität, der Initiativkreis Friedensforum, DIE NELKEN, die KPD sowie die PDS. Im Aufruf heißt es: Für eine solidarische friedliche Welt! Für starke Gewerkschaften und Betriebsräte! Für eine energische Vertretung unserer sozialen Interessen! Wir wollen Gerechtigkeit und keine Almosen! Nur gemeinsam sind wir stark!* (ND 2.05.1990)

*Die 17 Einzelgewerkschaften des FDGBs, die alle als selbständige Organisationen zur Demonstration aufgerufen haben, versammeln sich um 9 Uhr im Lustgarten und wandern zum Brandenburger Tor. Alle Ost- und Westzüge treffen sich zwischen dem eingerüsteten Tor und Potsdamer Platz, um vereinigt Richtung Reichstag zu ziehen. Fehlen werden am Lustgarten die IG-Metaller Ost. Sie treffen sich mit den West-KollegInnen um 8.30 Uhr vor dem IG-Metall-Haus in der Alten Jakobstraße.* (taz 30.04.1990)

Attendance: 16000 (taz)
15000 (ND)",,15000,15000,LineString,2057.8,"52.517958,13.400037","52.518415,13.373837",38,1__mai_berlin_aktualna_14_.geojson,,False,mapa+rocznik,pelny,Keithstrasse/Kleiststrasse – Martin Luther Strasse – Hohenstauffenstrasse – Pallastr. – Potsdamer Strasse – Entlastungsstr. – Motklestr. – Platz der Republik (DGBB 651),100 Jahre 1. Mai: Solidarität Sichert Unsere Zukunft,34833,Apel_DGB;FrekwencjaDGB;Hasło_DGB;TrasaDGB,56667,3,demonstracja
1990_DE_demonstracja_DGB_a,1990,Lata,DE,DGB,demonstracja,geometria,DGB,False,zwiazkowe,1990 IG Metall,"Alte Jacobstrasse – Lindenstrasse – Gitschner Strasse – Mehringdamm – Yorckstrasse – Yorkbrücken – Goebenstrasse – Kulmer Strasse – Bülowstr. – Postdamer Str. – Entlastungsstr. – Platz der Republik (DGBB 651)

IG Metall joined by the IG Metall-Ost (taz 30.04.1990)",,,,LineString,6108.3,"52.499099,13.39596","52.518636,13.373022",39,1__mai_berlin_aktualna_14_.geojson,,True,mapa+rocznik,pelny,Keithstrasse/Kleiststrasse – Martin Luther Strasse – Hohenstauffenstrasse – Pallastr. – Potsdamer Strasse – Entlastungsstr. – Motklestr. – Platz der Republik (DGBB 651),100 Jahre 1. Mai: Solidarität Sichert Unsere Zukunft,34833,Apel_DGB;FrekwencjaDGB;Hasło_DGB;TrasaDGB,56667,3,demonstracja
1990_DE_demonstracja_DGB_b,1990,Lata,DE,DGB,demonstracja,name,DGB,False,zwiazkowe,1990 ÖTV Demo,"Joachimstaler Straße, Ecke Lietzenburger Strasse – Joachimstaler Straße – Lietzenburger Strasse – Schlüsterstrasse – Kantstrasse – Breitschiedtplatz – Budapester Strasse – Stülerstrasse – Hofjägerallee – Großer Stern – Spreeweg – John-Forster-Dulles-Alle – Platz der Republik (DGBB 651)",,,,LineString,6777.2,"52.500255,13.331013","52.518617,13.372765",40,1__mai_berlin_aktualna_14_.geojson,,False,mapa+rocznik,pelny,Keithstrasse/Kleiststrasse – Martin Luther Strasse – Hohenstauffenstrasse – Pallastr. – Potsdamer Strasse – Entlastungsstr. – Motklestr. – Platz der Republik (DGBB 651),100 Jahre 1. Mai: Solidarität Sichert Unsere Zukunft,34833,Apel_DGB;FrekwencjaDGB;Hasło_DGB;TrasaDGB,56667,3,demonstracja
1990_DE_demonstracja_DGB_c,1990,Lata,DE,DGB,demonstracja,name,DGB,False,zwiazkowe,1990-1991 DGB Demo,"Keithstrasse/Kleiststrasse – Martin Luther Strasse – Hohenstauffenstrasse – Pallastr. – Potsdamer Strasse – Entlastungsstr. – Motklestr. – Platz der Republik (DGBB 651; 653)

Attendance: einige hundert ~ 300 (BZ 2.05.91)",,300,300,LineString,5164.9,"52.501731,13.345937","52.518702,13.373044",41,1__mai_berlin_aktualna_14_.geojson,,False,mapa+rocznik,pelny,Keithstrasse/Kleiststrasse – Martin Luther Strasse – Hohenstauffenstrasse – Pallastr. – Potsdamer Strasse – Entlastungsstr. – Motklestr. – Platz der Republik (DGBB 651),100 Jahre 1. Mai: Solidarität Sichert Unsere Zukunft,34833,Apel_DGB;FrekwencjaDGB;Hasło_DGB;TrasaDGB,56667,3,demonstracja
1991_DE_demonstracja_DGB,1991,Lata,DE,DGB,demonstracja,name,DGB,False,zwiazkowe,1990-1991 DGB Demo,"Keithstrasse/Kleiststrasse – Martin Luther Strasse – Hohenstauffenstrasse – Pallastr. – Potsdamer Strasse – Entlastungsstr. – Motklestr. – Platz der Republik (DGBB 651; 653)

Attendance: einige hundert ~ 300 (BZ 2.05.91)",,300,300,LineString,5164.9,"52.501731,13.345937","52.518702,13.373044",41,1__mai_berlin_aktualna_14_.geojson,,False,mapa+rocznik,pelny,Kleiststrasse – Martin Luther Strasse – Hohenstauffenstrasse – Pallastr. – Potsdamer Strasse – Entlastungsstr. – Motklestr. – Platz der Republik (DGBB 651; 653),Soziale Einheit in Frieden und Freiheit,15000,Apel_DGB;Hasło_DGB;TrasaDGB;FrekwencjaDGB,10000,3,demonstracja
1991_DE_demonstracja_DGB_a,1991,Lata,DE,DGB,demonstracja,name,DGB,False,zwiazkowe,1991 DGB trade unionist demonstration,"Märkisches Ufer – Brückenstrasse – Stralauer Strasse – Spandauer Strasse – Karl-Liebknecht–Strasse – Unter den Linden – Brandenburger Tor – Strasse der 17. Juni – Entlastungsstrasse – Platz der Republik (DGBB 653)
Attendance: 100 (BZ 2.05.91)",,100,100,LineString,4831.9,"52.513084,13.412359","52.51865,13.373344",42,1__mai_berlin_aktualna_14_.geojson,,False,mapa+rocznik,pelny,Kleiststrasse – Martin Luther Strasse – Hohenstauffenstrasse – Pallastr. – Potsdamer Strasse – Entlastungsstr. – Motklestr. – Platz der Republik (DGBB 651; 653),Soziale Einheit in Frieden und Freiheit,15000,Apel_DGB;Hasło_DGB;TrasaDGB;FrekwencjaDGB,10000,3,demonstracja
1991_DE_demonstracja_DGB_b,1991,Lata,DE,DGB,demonstracja,geometria,DGB,False,zwiazkowe,1991 IG Metall,"Alte Jacobstrasse – Oranienstrasse – Kochstrasse – Friedrichstrasse – Unter den Linden – Brandenburger Tor – Strasse der 17. Juni – Entlastungsstrasse – Platz der Republik (DGBB 653)

1991: Joined by BKG (Bündnis Kritischer Gewerkschafter)
Attendance: 1000 (BZ 2.05.91)",,1000,1000,LineString,4502.2,"52.499079,13.396132","52.518636,13.373108",43,1__mai_berlin_aktualna_14_.geojson,,True,mapa+rocznik,pelny,Kleiststrasse – Martin Luther Strasse – Hohenstauffenstrasse – Pallastr. – Potsdamer Strasse – Entlastungsstr. – Motklestr. – Platz der Republik (DGBB 651; 653),Soziale Einheit in Frieden und Freiheit,15000,Apel_DGB;Hasło_DGB;TrasaDGB;FrekwencjaDGB,10000,3,demonstracja
1991_DE_demonstracja_DGB_c,1991,Lata,DE,DGB,demonstracja,name,DGB,False,zwiazkowe,1991 ÖTV Demo,"Lietzenburger Strasse – Nürnburger Strasse – Budapester Strasse – Stülerstrasse – Hofjägerallee – Großer Stern – Spreeweg – John-Forster-Dulles-Alle – Platz der Republik (DGBB 653)

Attendance:
""einige hundert"" ~300 (BZ 2.05.1991)
",,300,300,LineString,4352.9,"52.500255,13.331013","52.518571,13.373022",44,1__mai_berlin_aktualna_14_.geojson,,False,mapa+rocznik,pelny,Kleiststrasse – Martin Luther Strasse – Hohenstauffenstrasse – Pallastr. – Potsdamer Strasse – Entlastungsstr. – Motklestr. – Platz der Republik (DGBB 651; 653),Soziale Einheit in Frieden und Freiheit,15000,Apel_DGB;Hasło_DGB;TrasaDGB;FrekwencjaDGB,10000,3,demonstracja
1992_DE_demonstracja_DGB,1992,Lata,DE,DGB,demonstracja,name,DGB,False,zwiazkowe,1992 – IG BAU/DGB demonstration,"Wallstraße – Märkisches Ufer – Brückenstrasse – Stralauer Strasse – Spandauer Strasse – Karl-Liebknecht-Strasse – Lustgarten (DGBB 657)

",,,,LineString,2239.8,"52.513074,13.412193","52.518441,13.399898",45,1__mai_berlin_aktualna_14_.geojson,,False,mapa+rocznik,pelny,Kleiststrasse – Nollendorfplatz – Bülowstrasse – Potsdamer Strasse – Potsdamer Brücke – Entlastungsstrasse – Kemper Platz – Strasse der 17. Juni – Brandenburger Tor – Pariser Platz – Unter den Linden – Lustgarten (DGBB 657),"Teilen verbindet
Solidarität verbindet
Ohne Moos nix los – Vertrauensleute von Merzedes-Benz Marienfelde fordern 9,5 Prozent; Otis West macht gut Gewinne, Otis Ost ist auch mit drinne; AEG Westinghouse – Arbeitsplätze und Wohnungen für alles statt Olympia 2000 (ND, IG Metall-Demo)
Solidarität gegen die Elenbogenschaft; Für Jäger 90 Lohnverzicht – mit uns nicht! (BKG, za ND)",25400,Hasło_DGB;FrekwencjaMainDGB;FrekwencjaDGB;Hasła_DGB;TrasaDGB,23000,6,demonstracja
1992_DE_demonstracja_DGB_a,1992,Lata,DE,DGB,demonstracja,name,DGB,False,zwiazkowe,1992 DGB demonstration,"Kleiststrasse – Nollendorfplatz – Bülowstrasse – Potsdamer Strasse – Potsdamer Brücke – Entlastungsstrasse – Kemper Platz – Strasse der 17. Juni – Brandenburger Tor – Pariser Platz – Unter den Linden – Lustgarten (DGBB 657)

In 1993, only the demonstration from Wallstrasse",,,,LineString,5486.0,"52.50163,13.345755","52.518571,13.399715",46,1__mai_berlin_aktualna_14_.geojson,,False,mapa+rocznik,pelny,Kleiststrasse – Nollendorfplatz – Bülowstrasse – Potsdamer Strasse – Potsdamer Brücke – Entlastungsstrasse – Kemper Platz – Strasse der 17. Juni – Brandenburger Tor – Pariser Platz – Unter den Linden – Lustgarten (DGBB 657),"Teilen verbindet
Solidarität verbindet
Ohne Moos nix los – Vertrauensleute von Merzedes-Benz Marienfelde fordern 9,5 Prozent; Otis West macht gut Gewinne, Otis Ost ist auch mit drinne; AEG Westinghouse – Arbeitsplätze und Wohnungen für alles statt Olympia 2000 (ND, IG Metall-Demo)
Solidarität gegen die Elenbogenschaft; Für Jäger 90 Lohnverzicht – mit uns nicht! (BKG, za ND)",25400,Hasło_DGB;FrekwencjaMainDGB;FrekwencjaDGB;Hasła_DGB;TrasaDGB,23000,6,demonstracja
1992_DE_demonstracja_DGB_b,1992,Lata,DE,DGB,demonstracja,geometria,DGB,False,zwiazkowe,1992 IG Metall,Alte Jakobstrasse/Lindenstrasse – Oranienstrasse – Moritzplatz – Heinrich-Heine-Strasse – Brückenstrasse – Jannowitzbrücke – Stalauer Strasse – Molkenmarkt – Spandauer Strasse – Karl-Liebknechtstrasse – Lustgarten (DGBG656). IG Metall joins the Wallstrasse demonstration at Märkisches Ufer/Brückenstrasse (DGBB 657),,,,LineString,2789.1,"52.499122,13.396347","52.513723,13.417692",47,1__mai_berlin_aktualna_14_.geojson,,True,mapa+rocznik,pelny,Kleiststrasse – Nollendorfplatz – Bülowstrasse – Potsdamer Strasse – Potsdamer Brücke – Entlastungsstrasse – Kemper Platz – Strasse der 17. Juni – Brandenburger Tor – Pariser Platz – Unter den Linden – Lustgarten (DGBB 657),"Teilen verbindet
Solidarität verbindet
Ohne Moos nix los – Vertrauensleute von Merzedes-Benz Marienfelde fordern 9,5 Prozent; Otis West macht gut Gewinne, Otis Ost ist auch mit drinne; AEG Westinghouse – Arbeitsplätze und Wohnungen für alles statt Olympia 2000 (ND, IG Metall-Demo)
Solidarität gegen die Elenbogenschaft; Für Jäger 90 Lohnverzicht – mit uns nicht! (BKG, za ND)",25400,Hasło_DGB;FrekwencjaMainDGB;FrekwencjaDGB;Hasła_DGB;TrasaDGB,23000,6,demonstracja
1992_DE_demonstracja_DGB_c,1992,Lata,DE,DGB,demonstracja,name,DGB,False,zwiazkowe,1992 ÖTV demonstration,Lietzenburger Strasse – An der Urania – Schillstrasse – Lützowufer – Schöneberger Ufer – Potsdamer Strasse – Potsdamer Platz – Leipziger Platz – Leipziger Strasse – Friedrichstrasse – Unter den Linden – Lustgarten (DGBB 653),,,,LineString,6170.7,"52.500588,13.331501","52.518271,13.400273",48,1__mai_berlin_aktualna_14_.geojson,,False,mapa+rocznik,pelny,Kleiststrasse – Nollendorfplatz – Bülowstrasse – Potsdamer Strasse – Potsdamer Brücke – Entlastungsstrasse – Kemper Platz – Strasse der 17. Juni – Brandenburger Tor – Pariser Platz – Unter den Linden – Lustgarten (DGBB 657),"Teilen verbindet
Solidarität verbindet
Ohne Moos nix los – Vertrauensleute von Merzedes-Benz Marienfelde fordern 9,5 Prozent; Otis West macht gut Gewinne, Otis Ost ist auch mit drinne; AEG Westinghouse – Arbeitsplätze und Wohnungen für alles statt Olympia 2000 (ND, IG Metall-Demo)
Solidarität gegen die Elenbogenschaft; Für Jäger 90 Lohnverzicht – mit uns nicht! (BKG, za ND)",25400,Hasło_DGB;FrekwencjaMainDGB;FrekwencjaDGB;Hasła_DGB;TrasaDGB,23000,6,demonstracja
1994_DE_demonstracja_DGB,1994,Lata,DE,DGB,demonstracja,geometria,DGB,False,zwiazkowe,1992-94 IG Metall,"1992 – Alte Jakobstrasse/Lindenstrasse – Oranienstrasse – Moritzplatz – Heinrich-Heine-Strasse – Brückenstrasse – Jannowitzbrücke – Stalauer Strasse – Molkenmarkt – Spandauer Strasse – Karl-Liebknechtstrasse – Lustgarten (DGBG656). IG Metall joins the Wallstrasse demonstration at Märkisches Ufer/Brückenstrasse (DGBB 657)

No definitive proof for 1993-4: given the same timing, I assume the same routes were followed

1992: 9:30
1993: 9:30
1994: 9:30",,,,MultiLineString,2789.1,"52.499122,13.396347","52.513723,13.417692",49,1__mai_berlin_aktualna_14_.geojson,,True,mapa+rocznik,pelny,"IG-Metall-Gebäude, dem ÖTV-Haus und dem Haus der Gewerkschaften zum Lustgarten in Mitte. (taz 02.05)","Arbeit, work, travail, robota, trabajo, iş
Für soziale Gerechtigkeit, gegen Rassismus und Faschismus (alt, 28.04.1994)
Arbeit für alle (hasło berlińskie, za tagesspiegel 2.05)",6000,Hasło_DGB;TrasaDGB;FrekwencjaDGB;Apel_DGB,6000,3,demonstracja
1993_DE_demonstracja_DGB,1993,Lata,DE,DGB,demonstracja,geometria,DGB,False,zwiazkowe,1992-94 IG Metall,"1992 – Alte Jakobstrasse/Lindenstrasse – Oranienstrasse – Moritzplatz – Heinrich-Heine-Strasse – Brückenstrasse – Jannowitzbrücke – Stalauer Strasse – Molkenmarkt – Spandauer Strasse – Karl-Liebknechtstrasse – Lustgarten (DGBG656). IG Metall joins the Wallstrasse demonstration at Märkisches Ufer/Brückenstrasse (DGBB 657)

No definitive proof for 1993-4: given the same timing, I assume the same routes were followed

1992: 9:30
1993: 9:30
1994: 9:30

Attendance 1993: 700 IG Metall + 200 Kurden (rbb)",,700,700,MultiLineString,2789.1,"52.499122,13.396347","52.513723,13.417692",50,1__mai_berlin_aktualna_14_.geojson,,True,mapa+rocznik,pelny,Wallstrasse 61-65 (10:00) – Lustgarten,"Zeichen setzen: Für Gleichberechtigung, Toleranz und Gerechtigkeit",16000,Hasło_DGB;FrekwencjaDGB;TrasaDGB;Apel_DGB,16667,3,demonstracja
1993_DE_demonstracja_DGB_a,1993,Lata,DE,DGB,demonstracja,name,DGB,False,zwiazkowe,1993 ÖTV demonstration,"Lietzenburger Strasse – An der Urania – Schillstrasse – Lützowufer – Schöneberger Ufer – Potsdamer Strasse – Potsdamer Platz – Leipziger Platz – Leipziger Strasse – Friedrichstrasse – Unter den Linden – Lustgarten (DGBB 653, 1992)

Tagesschau 1993 – Seems that they went through the Brandenburger Tor (5:03)

Attendance: 2000 (rbb)",,2000,2000,LineString,5991.7,"52.500588,13.331501","52.518271,13.400273",51,1__mai_berlin_aktualna_14_.geojson,,False,mapa+rocznik,pelny,Wallstrasse 61-65 (10:00) – Lustgarten,"Zeichen setzen: Für Gleichberechtigung, Toleranz und Gerechtigkeit",16000,Hasło_DGB;FrekwencjaDGB;TrasaDGB;Apel_DGB,16667,3,demonstracja
1993_DE_demonstracja_DGB_b,1993,Lata,DE,DGB,demonstracja,name,DGB,False,zwiazkowe,1993-4 – IG BAU/DGB demonstration,"1992: Wallstraße – Märkisches Ufer – Brückenstrasse – Stralauer Strasse – Spandauer Strasse – Karl-Liebknecht-Strasse – Lustgarten (DGBB 657)

1992: 10:00
1993: 10:00
1994: 9:45

No definitive proof for 1993-4: given the same timing, I assume the same routes were followed",,,,LineString,2239.8,"52.513074,13.412193","52.518441,13.399898",52,1__mai_berlin_aktualna_14_.geojson,,False,mapa+rocznik,pelny,Wallstrasse 61-65 (10:00) – Lustgarten,"Zeichen setzen: Für Gleichberechtigung, Toleranz und Gerechtigkeit",16000,Hasło_DGB;FrekwencjaDGB;TrasaDGB;Apel_DGB,16667,3,demonstracja
1994_DE_demonstracja_DGB_a,1994,Lata,DE,DGB,demonstracja,name,DGB,False,zwiazkowe,1993-4 – IG BAU/DGB demonstration,"1992: Wallstraße – Märkisches Ufer – Brückenstrasse – Stralauer Strasse – Spandauer Strasse – Karl-Liebknecht-Strasse – Lustgarten (DGBB 657)

1992: 10:00
1993: 10:00
1994: 9:45

No definitive proof for 1993-4: given the same timing, I assume the same routes were followed",,,,LineString,2239.8,"52.513074,13.412193","52.518441,13.399898",52,1__mai_berlin_aktualna_14_.geojson,,False,mapa+rocznik,pelny,"IG-Metall-Gebäude, dem ÖTV-Haus und dem Haus der Gewerkschaften zum Lustgarten in Mitte. (taz 02.05)","Arbeit, work, travail, robota, trabajo, iş
Für soziale Gerechtigkeit, gegen Rassismus und Faschismus (alt, 28.04.1994)
Arbeit für alle (hasło berlińskie, za tagesspiegel 2.05)",6000,Hasło_DGB;TrasaDGB;FrekwencjaDGB;Apel_DGB,6000,3,demonstracja
1994_DE_demonstracja_DGB_b,1994,Lata,DE,DGB,demonstracja,name,DGB,False,zwiazkowe,1994 ÖTV demonstration,"1994: 9:30
(Route through Moritzplatz?)",,,,LineString,4063.7,"52.506139,13.419591","52.518493,13.399587",53,1__mai_berlin_aktualna_14_.geojson,,False,mapa+rocznik,pelny,"IG-Metall-Gebäude, dem ÖTV-Haus und dem Haus der Gewerkschaften zum Lustgarten in Mitte. (taz 02.05)","Arbeit, work, travail, robota, trabajo, iş
Für soziale Gerechtigkeit, gegen Rassismus und Faschismus (alt, 28.04.1994)
Arbeit für alle (hasło berlińskie, za tagesspiegel 2.05)",6000,Hasło_DGB;TrasaDGB;FrekwencjaDGB;Apel_DGB,6000,3,demonstracja
1995_DE_demonstracja_DGB,1995,Lata,DE,DGB,demonstracja,name,DGB,False,zwiazkowe,1995 DGB/ÖTV demonstration,"1995, 9:30-11:00. Engeldammstrasse – (Moritzplatz) – Kölnischer Park (BZ 29.04.1994)",,,,LineString,2337.0,"52.506152,13.419907","52.513048,13.414435",54,1__mai_berlin_aktualna_14_.geojson,,False,mapa+rocznik,pelny,9:30 Fahrradkorso. Keithstrasse – Kölnischer Park,"Die Arbeit geliebt, gehasst, gebraucht – die Arbeit – und morgen?",21250,Hasło_DGB;FrekwencjaDGB;TrasaDGB;Apel_DGB,7400,5,demonstracja
1996_DE_demonstracja_DGB,1996,Lata,DE,DGB,demonstracja,geometria,DGB,False,zwiazkowe,1996 – DGB Jugend Job Parade. Deine Einstellung zählt – Perspektive Jetzt,"* Neue Synagogue vorbei (DGB BB Geschäftsbericht 1994-1997)
* Attendance via DGB BB Geschäftsbericht
",,300,300,LineString,2025.7,"52.52632,13.387422","52.518003,13.407931",55,1__mai_berlin_aktualna_14_.geojson,,True,mapa+rocznik,pelny,"Sternmarsch des DGB zum Roten Rathaus beginnt um 10 Uhr. IG Bau, GTB, GdED und NGG sammeln sich vor der Infobox am Potsdamer Platz; IG Metall, IG Medien und GHK treffen sich vor dem IG- Metall-Haus in der Alten Jakobstraße; die DGB-Jugend startet ihren Technozug am Oranienburger Tor; ÖTV, HBV, DPG, GEW und CPK klumpen sich vor dem ÖTV- Haus am Engeldamm zusammen. Dortselbst wird auch das „Bündnis gegen Sozialkürzung und Ausgrenzung“ mitmarschieren, das auf einem Flugblatt harsche Kritik an der DGB-Strategie für ein „Bündnis für Arbeit“ übt. (taz 30.04 Demos in Doppelpack)",Höchste Zeit für Neue Zeiten,17500,Hasło_DGB;TrasaDGB;FrekwencjaDGB;Apel_DGB,16667,3,demonstracja
1996_DE_demonstracja_DGB_a,1996,Lata,DE,DGB,demonstracja,name,DGB,False,zwiazkowe,1996-1999 Demonstration,"1996 – IG Bau, GTB, GdED und NGG sammeln sich vor der Infobox am Potsdamer Platz; (taz 30.04 Demos in Doppelpack)
1997 – Info-Box Richtung Leipziger Platz (rbb 0:03) - Garner Hotel (rbb 0:42) 
Attendance: einige hundert (500)

1998 – (Berliner Zeitung 28.04)
1999",,500,500,LineString,2612.8,"52.509646,13.378451","52.518578,13.406936",56,1__mai_berlin_aktualna_14_.geojson,,False,mapa+rocznik,pelny,"Sternmarsch des DGB zum Roten Rathaus beginnt um 10 Uhr. IG Bau, GTB, GdED und NGG sammeln sich vor der Infobox am Potsdamer Platz; IG Metall, IG Medien und GHK treffen sich vor dem IG- Metall-Haus in der Alten Jakobstraße; die DGB-Jugend startet ihren Technozug am Oranienburger Tor; ÖTV, HBV, DPG, GEW und CPK klumpen sich vor dem ÖTV- Haus am Engeldamm zusammen. Dortselbst wird auch das „Bündnis gegen Sozialkürzung und Ausgrenzung“ mitmarschieren, das auf einem Flugblatt harsche Kritik an der DGB-Strategie für ein „Bündnis für Arbeit“ übt. (taz 30.04 Demos in Doppelpack)",Höchste Zeit für Neue Zeiten,17500,Hasło_DGB;TrasaDGB;FrekwencjaDGB;Apel_DGB,16667,3,demonstracja
1997_DE_demonstracja_DGB,1997,Lata,DE,DGB,demonstracja,name,DGB,False,zwiazkowe,1996-1999 Demonstration,"1996 – IG Bau, GTB, GdED und NGG sammeln sich vor der Infobox am Potsdamer Platz; (taz 30.04 Demos in Doppelpack)
1997 – Info-Box Richtung Leipziger Platz (rbb 0:03) - Garner Hotel (rbb 0:42) 
Attendance: einige hundert (500)

1998 – (Berliner Zeitung 28.04)
1999",,500,500,LineString,2612.8,"52.509646,13.378451","52.518578,13.406936",56,1__mai_berlin_aktualna_14_.geojson,,False,mapa+rocznik,pelny,"Die DGB-Demonstration beginnt morgen um 10 Uhr am Engeldamm 70, am Haus der IG Metall in der Alten Jakobstraße und an der Info-Box am Potsdamer Platz. Die SPD-Spitze demonstriert gemeinsam mit den Gewerkschaften ab 10 Uhr vor dem IG-Metall-Haus. Die zentrale Abschlußkundgebung dazu ist ab 11.30 Uhr vor dem Roten Rathaus. Ab 12 Uhr schließt sich dort die Kundgebung der PDS an. (30.04 taz)","Es geht ums Ganze: Sozialstaat sichern, Arbeit schaffen, soziale Gerechtigkeitverwirklichen",10625,Hasło_DGB;TrasaDGB;FrekwencjaDGB;Apel_DGB,9500,5,demonstracja
1996_DE_demonstracja_DGB_b,1996,Lata,DE,DGB,demonstracja,name,DGB,False,zwiazkowe,1996-1999 Demonstration,"## 1996
IG Bau, GTB, GdED und NGG sammeln sich vor der Infobox am Potsdamer Platz; (taz 30.04 Demos in Doppelpack)
## 1997
Info-Box Richtung Leipziger Platz (rbb 0:03) - Garner Hotel (rbb 0:42) 
Attendance: einige hundert (500)

## 1998
 (Berliner Zeitung 28.04)

## 1999",,500,500,LineString,2612.8,"52.509646,13.378451","52.518578,13.406936",57,1__mai_berlin_aktualna_14_.geojson,,False,mapa+rocznik,pelny,"Sternmarsch des DGB zum Roten Rathaus beginnt um 10 Uhr. IG Bau, GTB, GdED und NGG sammeln sich vor der Infobox am Potsdamer Platz; IG Metall, IG Medien und GHK treffen sich vor dem IG- Metall-Haus in der Alten Jakobstraße; die DGB-Jugend startet ihren Technozug am Oranienburger Tor; ÖTV, HBV, DPG, GEW und CPK klumpen sich vor dem ÖTV- Haus am Engeldamm zusammen. Dortselbst wird auch das „Bündnis gegen Sozialkürzung und Ausgrenzung“ mitmarschieren, das auf einem Flugblatt harsche Kritik an der DGB-Strategie für ein „Bündnis für Arbeit“ übt. (taz 30.04 Demos in Doppelpack)",Höchste Zeit für Neue Zeiten,17500,Hasło_DGB;TrasaDGB;FrekwencjaDGB;Apel_DGB,16667,3,demonstracja
1997_DE_demonstracja_DGB_a,1997,Lata,DE,DGB,demonstracja,name,DGB,False,zwiazkowe,1996-1999 Demonstration,"## 1996
IG Bau, GTB, GdED und NGG sammeln sich vor der Infobox am Potsdamer Platz; (taz 30.04 Demos in Doppelpack)
## 1997
Info-Box Richtung Leipziger Platz (rbb 0:03) - Garner Hotel (rbb 0:42) 
Attendance: einige hundert (500)

## 1998
 (Berliner Zeitung 28.04)

## 1999",,500,500,LineString,2612.8,"52.509646,13.378451","52.518578,13.406936",58,1__mai_berlin_aktualna_14_.geojson,,False,mapa+rocznik,pelny,"Die DGB-Demonstration beginnt morgen um 10 Uhr am Engeldamm 70, am Haus der IG Metall in der Alten Jakobstraße und an der Info-Box am Potsdamer Platz. Die SPD-Spitze demonstriert gemeinsam mit den Gewerkschaften ab 10 Uhr vor dem IG-Metall-Haus. Die zentrale Abschlußkundgebung dazu ist ab 11.30 Uhr vor dem Roten Rathaus. Ab 12 Uhr schließt sich dort die Kundgebung der PDS an. (30.04 taz)","Es geht ums Ganze: Sozialstaat sichern, Arbeit schaffen, soziale Gerechtigkeitverwirklichen",10625,Hasło_DGB;TrasaDGB;FrekwencjaDGB;Apel_DGB,9500,5,demonstracja
1998_DE_demonstracja_DGB,1998,Lata,DE,DGB,demonstracja,name,DGB,False,zwiazkowe,1996-1999 Demonstration,"## 1996
IG Bau, GTB, GdED und NGG sammeln sich vor der Infobox am Potsdamer Platz; (taz 30.04 Demos in Doppelpack)
## 1997
Info-Box Richtung Leipziger Platz (rbb 0:03) - Garner Hotel (rbb 0:42) 
Attendance: einige hundert (500)

## 1998

 (Berliner Zeitung 28.04)

## 1999",,500,500,LineString,2612.8,"52.509646,13.378451","52.518578,13.406936",59,1__mai_berlin_aktualna_14_.geojson,,False,mapa+rocznik,pelny,"Am internationalen Tag der Arbeit waren die Gewerkschaftsmitglieder von den Zentralen der ÖTV und der IG Metall zum Rathaus marschiert. (taz 2.05.1998) Abschlußkundgebung des Sterrunarschesvon DGB und DAG: 11.30,Rotes Rathaus; (taz 30.04.1998)",Deine Stimme für Arbeit und soziale Gerechtigkeit,14600,Hasło_DGB;TrasaDGB;FrekwencjaDGB;Apel_DGB,13875,4,demonstracja
1999_DE_demonstracja_DGB,1999,Lata,DE,DGB,demonstracja,name,DGB,False,zwiazkowe,1996-1999 Demonstration,"## 1996
IG Bau, GTB, GdED und NGG sammeln sich vor der Infobox am Potsdamer Platz; (taz 30.04 Demos in Doppelpack)
## 1997
Info-Box Richtung Leipziger Platz (rbb 0:03) - Garner Hotel (rbb 0:42) 
Attendance: einige hundert (500)

## 1998

 (Berliner Zeitung 28.04)

## 1999",,500,500,LineString,2612.8,"52.509646,13.378451","52.518578,13.406936",59,1__mai_berlin_aktualna_14_.geojson,,False,mapa+rocznik,pelny,"Wenn die Demonstrationszüge der Gewerkschaften vor dem Roten Rathaus eintreffen, herrscht ab 11 Uhr 30 gewerkschaftliche Volksfeststimmung (taz 30.04.1999)
Anschließend ist ein großes Familienprogramm und im Vorfeld ein Sternmarsch (10 Uhr, Potsdamer Platz, Engeldamm, Alte Jakobstraße) zum Roten Rathaus geplant (BM 30.04)",Neues handeln. Für unser Land,10400,Hasło_DGB;TrasaDGB;FrekwencjaDGB;Apel_DGB,10400,5,demonstracja
1996_DE_demonstracja_DGB_c,1996,Lata,DE,DGB,demonstracja,geometria,DGB,False,zwiazkowe,1996-2001 IG Metall,"1996 – IG Metall, IG Medien und GHK treffen sich vor dem IG- Metall-Haus in der Alten Jakobstraße (taz 30.4; rbb 0:00-0:10)
1997 – Joined by SPD Spitze (taz 30.4); Ecke Breite Strasse/Leipziger Strasse Ausschreitungen der Polizei/kurdische Gruppen
Attendance: 5000 (Gluckspilz)
1998 – 10:00 (Berliner Zeitung 28.04)
1999 – Anschließend ist ein großes Familienprogramm und im Vorfeld ein Sternmarsch (10 Uhr, Potsdamer Platz, Engeldamm, Alte Jakobstraße) zum Roten Rathaus geplant (BM 30.04) 
10 Uhr: ab IG-Metall-Haus (über Alte Jakobstraße inKreuzberg, Fischerinsel, Breite, Rathaus- und Spandauer Straße)

2001 – most likely the same route",,,,LineString,2940.6,"52.498968,13.396132","52.518088,13.407826",60,1__mai_berlin_aktualna_14_.geojson,,True,mapa+rocznik,pelny,"Sternmarsch des DGB zum Roten Rathaus beginnt um 10 Uhr. IG Bau, GTB, GdED und NGG sammeln sich vor der Infobox am Potsdamer Platz; IG Metall, IG Medien und GHK treffen sich vor dem IG- Metall-Haus in der Alten Jakobstraße; die DGB-Jugend startet ihren Technozug am Oranienburger Tor; ÖTV, HBV, DPG, GEW und CPK klumpen sich vor dem ÖTV- Haus am Engeldamm zusammen. Dortselbst wird auch das „Bündnis gegen Sozialkürzung und Ausgrenzung“ mitmarschieren, das auf einem Flugblatt harsche Kritik an der DGB-Strategie für ein „Bündnis für Arbeit“ übt. (taz 30.04 Demos in Doppelpack)",Höchste Zeit für Neue Zeiten,17500,Hasło_DGB;TrasaDGB;FrekwencjaDGB;Apel_DGB,16667,3,demonstracja
1997_DE_demonstracja_DGB_b,1997,Lata,DE,DGB,demonstracja,geometria,DGB,False,zwiazkowe,1996-2001 IG Metall,"1996 – IG Metall, IG Medien und GHK treffen sich vor dem IG- Metall-Haus in der Alten Jakobstraße (taz 30.4)
1997 – Joined by SPD Spitze (taz 30.4); Ecke Breite Strasse/Leipziger Strasse Ausschreitungen der Polizei/kurdische Gruppen
Attendance: 5000 (Gluckspilz)
1998 – 10:00 (Berliner Zeitung 28.04)
1999 – Anschließend ist ein großes Familienprogramm und im Vorfeld ein Sternmarsch (10 Uhr, Potsdamer Platz, Engeldamm, Alte Jakobstraße) zum Roten Rathaus geplant (BM 30.04) 
10 Uhr: ab IG-Metall-Haus (über Alte Jakobstraße inKreuzberg, Fischerinsel, Breite, Rathaus- und Spandauer Straße)

2001 – most likely the same route",,,,LineString,2940.6,"52.498968,13.396132","52.518088,13.407826",61,1__mai_berlin_aktualna_14_.geojson,,True,mapa+rocznik,pelny,"Die DGB-Demonstration beginnt morgen um 10 Uhr am Engeldamm 70, am Haus der IG Metall in der Alten Jakobstraße und an der Info-Box am Potsdamer Platz. Die SPD-Spitze demonstriert gemeinsam mit den Gewerkschaften ab 10 Uhr vor dem IG-Metall-Haus. Die zentrale Abschlußkundgebung dazu ist ab 11.30 Uhr vor dem Roten Rathaus. Ab 12 Uhr schließt sich dort die Kundgebung der PDS an. (30.04 taz)","Es geht ums Ganze: Sozialstaat sichern, Arbeit schaffen, soziale Gerechtigkeitverwirklichen",10625,Hasło_DGB;TrasaDGB;FrekwencjaDGB;Apel_DGB,9500,5,demonstracja
1998_DE_demonstracja_DGB_a,1998,Lata,DE,DGB,demonstracja,geometria,DGB,False,zwiazkowe,1996-2001 IG Metall,"1996 – IG Metall, IG Medien und GHK treffen sich vor dem IG- Metall-Haus in der Alten Jakobstraße (taz 30.4)
1997 – Joined by SPD Spitze (taz 30.4); Ecke Breite Strasse/Leipziger Strasse Ausschreitungen der Polizei/kurdische Gruppen
Attendance: 5000 (Gluckspilz)
1998 – 10:00 (Berliner Zeitung 28.04)
1999 – Anschließend ist ein großes Familienprogramm und im Vorfeld ein Sternmarsch (10 Uhr, Potsdamer Platz, Engeldamm, Alte Jakobstraße) zum Roten Rathaus geplant (BM 30.04) 
10 Uhr: ab IG-Metall-Haus (über Alte Jakobstraße inKreuzberg, Fischerinsel, Breite, Rathaus- und Spandauer Straße)

2001 – most likely the same route",,,,LineString,2940.6,"52.498968,13.396132","52.518088,13.407826",62,1__mai_berlin_aktualna_14_.geojson,,True,mapa+rocznik,pelny,"Am internationalen Tag der Arbeit waren die Gewerkschaftsmitglieder von den Zentralen der ÖTV und der IG Metall zum Rathaus marschiert. (taz 2.05.1998) Abschlußkundgebung des Sterrunarschesvon DGB und DAG: 11.30,Rotes Rathaus; (taz 30.04.1998)",Deine Stimme für Arbeit und soziale Gerechtigkeit,14600,Hasło_DGB;TrasaDGB;FrekwencjaDGB;Apel_DGB,13875,4,demonstracja
1999_DE_demonstracja_DGB_a,1999,Lata,DE,DGB,demonstracja,geometria,DGB,False,zwiazkowe,1996-2001 IG Metall,"1996 – IG Metall, IG Medien und GHK treffen sich vor dem IG- Metall-Haus in der Alten Jakobstraße (taz 30.4)
1997 – Joined by SPD Spitze (taz 30.4); Ecke Breite Strasse/Leipziger Strasse Ausschreitungen der Polizei/kurdische Gruppen
Attendance: 5000 (Gluckspilz)
1998 – 10:00 (Berliner Zeitung 28.04)
1999 – Anschließend ist ein großes Familienprogramm und im Vorfeld ein Sternmarsch (10 Uhr, Potsdamer Platz, Engeldamm, Alte Jakobstraße) zum Roten Rathaus geplant (BM 30.04) 
10 Uhr: ab IG-Metall-Haus (über Alte Jakobstraße inKreuzberg, Fischerinsel, Breite, Rathaus- und Spandauer Straße)

2001 – most likely the same route",,,,LineString,2940.6,"52.498968,13.396132","52.518088,13.407826",63,1__mai_berlin_aktualna_14_.geojson,,True,mapa+rocznik,pelny,"Wenn die Demonstrationszüge der Gewerkschaften vor dem Roten Rathaus eintreffen, herrscht ab 11 Uhr 30 gewerkschaftliche Volksfeststimmung (taz 30.04.1999)
Anschließend ist ein großes Familienprogramm und im Vorfeld ein Sternmarsch (10 Uhr, Potsdamer Platz, Engeldamm, Alte Jakobstraße) zum Roten Rathaus geplant (BM 30.04)",Neues handeln. Für unser Land,10400,Hasło_DGB;TrasaDGB;FrekwencjaDGB;Apel_DGB,10400,5,demonstracja
2000_DE_demonstracja_DGB,2000,Lata,DE,DGB,demonstracja,geometria,DGB,False,zwiazkowe,1996-2001 IG Metall,"1996 – IG Metall, IG Medien und GHK treffen sich vor dem IG- Metall-Haus in der Alten Jakobstraße (taz 30.4)
1997 – Joined by SPD Spitze (taz 30.4); Ecke Breite Strasse/Leipziger Strasse Ausschreitungen der Polizei/kurdische Gruppen
Attendance: 5000 (Gluckspilz)
1998 – 10:00 (Berliner Zeitung 28.04)
1999 – Anschließend ist ein großes Familienprogramm und im Vorfeld ein Sternmarsch (10 Uhr, Potsdamer Platz, Engeldamm, Alte Jakobstraße) zum Roten Rathaus geplant (BM 30.04) 
10 Uhr: ab IG-Metall-Haus (über Alte Jakobstraße inKreuzberg, Fischerinsel, Breite, Rathaus- und Spandauer Straße)

2001 – most likely the same route",,,,LineString,2940.6,"52.498968,13.396132","52.518088,13.407826",64,1__mai_berlin_aktualna_14_.geojson,,True,mapa+rocznik,pelny,"Die Gewerkschaftler brechen ab 10 Uhr zur Demonstration „Für mehr Beschäftigung“ auf. Treffpunkte: ÖTV-Haus (Engeldamm), IG-Metall-Haus (Alte Jakobstraße), DGB-Bundesvorstand (Burgstraße). Auch zahlreiche Inline-Skater wollen ab 10 Uhr vom Roten Rathaus aus zur Kundgebung des DGB anrollen (ab 11.30 Uhr, Platz vor dem Roten Rathaus). (29.04 taz)
10 Uhr: ab IG-Metall-Haus (über Alte Jakobstraße inKreuzberg, Fischerinsel, Breite, Rathaus- und Spandauer Straße), abÖTV-Haus (Engeldamm in Mitte, über Heinrich-Heine-, Brücken-, Alexander-,Grunerstraße, Straße am Alexanderplatz, Karl-Liebknecht- und SpandauerStraße), ab _DGB_-Bundesvorstand (ab Hackescher Markt in Mitte überRosenthaler Straße, Weinbergsweg, Schönhauser Allee, Rosa-Luxemburg-,Karl-Liebknecht-, Spandauer Straße), Skaterdemonstration (ab RotemRathaus, Unter den Linden, Straße des 17. Juni, Tiergartenstraße, Potsdamer Platz, Anhalter Bahnhof, Friedrich- und Französische Straße) 11.30 _DGB_-Kundgebung vorm Roten Rathaus, anschließend Maifest am Neptunbrunnen. (BK 29.04)",Jetzt aufbrechen: Für mehr Beschäftigung,9667,Hasło_DGB;TrasaDGB;FrekwencjaDGB;Apel_DGB,11167,6,demonstracja
2001_DE_demonstracja_DGB,2001,Lata,DE,DGB,demonstracja,geometria,DGB,False,zwiazkowe,1996-2001 IG Metall,"1996 – IG Metall, IG Medien und GHK treffen sich vor dem IG- Metall-Haus in der Alten Jakobstraße (taz 30.4)
1997 – Joined by SPD Spitze (taz 30.4); Ecke Breite Strasse/Leipziger Strasse Ausschreitungen der Polizei/kurdische Gruppen
Attendance: 5000 (Gluckspilz)
1998 – 10:00 (Berliner Zeitung 28.04)
1999 – Anschließend ist ein großes Familienprogramm und im Vorfeld ein Sternmarsch (10 Uhr, Potsdamer Platz, Engeldamm, Alte Jakobstraße) zum Roten Rathaus geplant (BM 30.04) 
10 Uhr: ab IG-Metall-Haus (über Alte Jakobstraße inKreuzberg, Fischerinsel, Breite, Rathaus- und Spandauer Straße)

2001 – most likely the same route",,,,LineString,2940.6,"52.498968,13.396132","52.518088,13.407826",65,1__mai_berlin_aktualna_14_.geojson,,True,mapa+rocznik,pelny,"Der traditionelle Sternmarsch der Gewerkschaften beginnt um 10 Uhr an den Treffpunkten IG-Metall-Haus (Alte Jakobstraße), ÖTV-Haus (Engeldamm) und DGB-Bundesvorstand (Hackescher Markt). Den Abschluss bildet um 11.30 Uhr die DGB-Kundgebung unter dem Motto „Zukunft braucht alle Köpfe – Mitbestimmung gewinnt“ am Roten Rathaus. (taz 30.04.2001)",Zukunft braucht alle Köpfe. Mitbestimmung gewinnt,16200,Hasło_DGB;TrasaDGB;FrekwencjaDGB;Apel_DGB,16833,6,demonstracja
1996_DE_demonstracja_DGB_d,1996,Lata,DE,DGB,demonstracja,geometria,DGB,False,zwiazkowe,1996-2001 ÖTV,"1996-1999 presumed the same route as 2000-2001
1996 – ÖTV, HBV, DPG, GEW und CPK klumpen sich vor dem ÖTV- Haus am Engeldamm zusammen. Dortselbst wird auch das „Bündnis gegen Sozialkürzung und Ausgrenzung“ mitmarschieren (taz 30.4)
Attendance: 2500 (JW 2.05)
3500 (Breitenbach (organiser) JW 3.05)
1997 – 
Attendance: 8000 (organisers 5DGBG001329)
1998 – 
1999 – Anschließend ist ein großes Familienprogramm und im Vorfeld ein Sternmarsch (10 Uhr, Potsdamer Platz, Engeldamm, Alte Jakobstraße) zum Roten Rathaus geplant (BM 30.04)
Engeldamm in Mitte, über Heinrich-Heine-, Brücken-, Alexander-,Grunerstraße, Straße am Alexanderplatz, Karl-Liebknecht- und SpandauerStraße (BK 29.04.2000)
2001 – Annenstraße – Heinrich-Heine-Strasse – Brückenstrasse – Alexanderstrasse – rechts in die Grunerstrasse – Alexanderplatz – links in der Karl-Liebknecht-Strasse – links in die Spandauer Strasse – Berliner Rathaus (DGBGB 668)",,,,LineString,3447.3,"52.506142,13.419666","52.518166,13.407784",66,1__mai_berlin_aktualna_14_.geojson,,True,mapa+rocznik,pelny,"Sternmarsch des DGB zum Roten Rathaus beginnt um 10 Uhr. IG Bau, GTB, GdED und NGG sammeln sich vor der Infobox am Potsdamer Platz; IG Metall, IG Medien und GHK treffen sich vor dem IG- Metall-Haus in der Alten Jakobstraße; die DGB-Jugend startet ihren Technozug am Oranienburger Tor; ÖTV, HBV, DPG, GEW und CPK klumpen sich vor dem ÖTV- Haus am Engeldamm zusammen. Dortselbst wird auch das „Bündnis gegen Sozialkürzung und Ausgrenzung“ mitmarschieren, das auf einem Flugblatt harsche Kritik an der DGB-Strategie für ein „Bündnis für Arbeit“ übt. (taz 30.04 Demos in Doppelpack)",Höchste Zeit für Neue Zeiten,17500,Hasło_DGB;TrasaDGB;FrekwencjaDGB;Apel_DGB,16667,3,demonstracja
1997_DE_demonstracja_DGB_c,1997,Lata,DE,DGB,demonstracja,geometria,DGB,False,zwiazkowe,1996-2001 ÖTV,"1996-1999 presumed the same route as 2000-2001
1996 – ÖTV, HBV, DPG, GEW und CPK klumpen sich vor dem ÖTV- Haus am Engeldamm zusammen. Dortselbst wird auch das „Bündnis gegen Sozialkürzung und Ausgrenzung“ mitmarschieren (taz 30.4)
Attendance: 2500 (JW 2.05)
3500 (Breitenbach (organiser) JW 3.05)
1997 – 
Attendance: 8000 (organisers 5DGBG001329)
1998 – 
1999 – Anschließend ist ein großes Familienprogramm und im Vorfeld ein Sternmarsch (10 Uhr, Potsdamer Platz, Engeldamm, Alte Jakobstraße) zum Roten Rathaus geplant (BM 30.04)
Engeldamm in Mitte, über Heinrich-Heine-, Brücken-, Alexander-,Grunerstraße, Straße am Alexanderplatz, Karl-Liebknecht- und SpandauerStraße (BK 29.04.2000)
2001 – Annenstraße – Heinrich-Heine-Strasse – Brückenstrasse – Alexanderstrasse – rechts in die Grunerstrasse – Alexanderplatz – links in der Karl-Liebknecht-Strasse – links in die Spandauer Strasse – Berliner Rathaus (DGBGB 668)",,,,LineString,3447.3,"52.506142,13.419666","52.518166,13.407784",66,1__mai_berlin_aktualna_14_.geojson,,True,mapa+rocznik,pelny,"Die DGB-Demonstration beginnt morgen um 10 Uhr am Engeldamm 70, am Haus der IG Metall in der Alten Jakobstraße und an der Info-Box am Potsdamer Platz. Die SPD-Spitze demonstriert gemeinsam mit den Gewerkschaften ab 10 Uhr vor dem IG-Metall-Haus. Die zentrale Abschlußkundgebung dazu ist ab 11.30 Uhr vor dem Roten Rathaus. Ab 12 Uhr schließt sich dort die Kundgebung der PDS an. (30.04 taz)","Es geht ums Ganze: Sozialstaat sichern, Arbeit schaffen, soziale Gerechtigkeitverwirklichen",10625,Hasło_DGB;TrasaDGB;FrekwencjaDGB;Apel_DGB,9500,5,demonstracja
1998_DE_demonstracja_DGB_b,1998,Lata,DE,DGB,demonstracja,geometria,DGB,False,zwiazkowe,1996-2001 ÖTV,"1996-1999 presumed the same route as 2000-2001
1996 – ÖTV, HBV, DPG, GEW und CPK klumpen sich vor dem ÖTV- Haus am Engeldamm zusammen. Dortselbst wird auch das „Bündnis gegen Sozialkürzung und Ausgrenzung“ mitmarschieren (taz 30.4)
Attendance: 2500 (JW 2.05)
3500 (Breitenbach (organiser) JW 3.05)
1997 – 
Attendance: 8000 (organisers 5DGBG001329)
1998 – 
1999 – Anschließend ist ein großes Familienprogramm und im Vorfeld ein Sternmarsch (10 Uhr, Potsdamer Platz, Engeldamm, Alte Jakobstraße) zum Roten Rathaus geplant (BM 30.04)
Engeldamm in Mitte, über Heinrich-Heine-, Brücken-, Alexander-,Grunerstraße, Straße am Alexanderplatz, Karl-Liebknecht- und SpandauerStraße (BK 29.04.2000)
2001 – Annenstraße – Heinrich-Heine-Strasse – Brückenstrasse – Alexanderstrasse – rechts in die Grunerstrasse – Alexanderplatz – links in der Karl-Liebknecht-Strasse – links in die Spandauer Strasse – Berliner Rathaus (DGBGB 668)",,,,LineString,3447.3,"52.506142,13.419666","52.518166,13.407784",66,1__mai_berlin_aktualna_14_.geojson,,True,mapa+rocznik,pelny,"Am internationalen Tag der Arbeit waren die Gewerkschaftsmitglieder von den Zentralen der ÖTV und der IG Metall zum Rathaus marschiert. (taz 2.05.1998) Abschlußkundgebung des Sterrunarschesvon DGB und DAG: 11.30,Rotes Rathaus; (taz 30.04.1998)",Deine Stimme für Arbeit und soziale Gerechtigkeit,14600,Hasło_DGB;TrasaDGB;FrekwencjaDGB;Apel_DGB,13875,4,demonstracja
1999_DE_demonstracja_DGB_b,1999,Lata,DE,DGB,demonstracja,geometria,DGB,False,zwiazkowe,1996-2001 ÖTV,"1996-1999 presumed the same route as 2000-2001
1996 – ÖTV, HBV, DPG, GEW und CPK klumpen sich vor dem ÖTV- Haus am Engeldamm zusammen. Dortselbst wird auch das „Bündnis gegen Sozialkürzung und Ausgrenzung“ mitmarschieren (taz 30.4)
Attendance: 2500 (JW 2.05)
3500 (Breitenbach (organiser) JW 3.05)
1997 – 
Attendance: 8000 (organisers 5DGBG001329)
1998 – 
1999 – Anschließend ist ein großes Familienprogramm und im Vorfeld ein Sternmarsch (10 Uhr, Potsdamer Platz, Engeldamm, Alte Jakobstraße) zum Roten Rathaus geplant (BM 30.04)
Engeldamm in Mitte, über Heinrich-Heine-, Brücken-, Alexander-,Grunerstraße, Straße am Alexanderplatz, Karl-Liebknecht- und SpandauerStraße (BK 29.04.2000)
2001 – Annenstraße – Heinrich-Heine-Strasse – Brückenstrasse – Alexanderstrasse – rechts in die Grunerstrasse – Alexanderplatz – links in der Karl-Liebknecht-Strasse – links in die Spandauer Strasse – Berliner Rathaus (DGBGB 668)",,,,LineString,3447.3,"52.506142,13.419666","52.518166,13.407784",66,1__mai_berlin_aktualna_14_.geojson,,True,mapa+rocznik,pelny,"Wenn die Demonstrationszüge der Gewerkschaften vor dem Roten Rathaus eintreffen, herrscht ab 11 Uhr 30 gewerkschaftliche Volksfeststimmung (taz 30.04.1999)
Anschließend ist ein großes Familienprogramm und im Vorfeld ein Sternmarsch (10 Uhr, Potsdamer Platz, Engeldamm, Alte Jakobstraße) zum Roten Rathaus geplant (BM 30.04)",Neues handeln. Für unser Land,10400,Hasło_DGB;TrasaDGB;FrekwencjaDGB;Apel_DGB,10400,5,demonstracja
2000_DE_demonstracja_DGB_a,2000,Lata,DE,DGB,demonstracja,geometria,DGB,False,zwiazkowe,1996-2001 ÖTV,"1996-1999 presumed the same route as 2000-2001
1996 – ÖTV, HBV, DPG, GEW und CPK klumpen sich vor dem ÖTV- Haus am Engeldamm zusammen. Dortselbst wird auch das „Bündnis gegen Sozialkürzung und Ausgrenzung“ mitmarschieren (taz 30.4)
Attendance: 2500 (JW 2.05)
3500 (Breitenbach (organiser) JW 3.05)
1997 – 
Attendance: 8000 (organisers 5DGBG001329)
1998 – 
1999 – Anschließend ist ein großes Familienprogramm und im Vorfeld ein Sternmarsch (10 Uhr, Potsdamer Platz, Engeldamm, Alte Jakobstraße) zum Roten Rathaus geplant (BM 30.04)
Engeldamm in Mitte, über Heinrich-Heine-, Brücken-, Alexander-,Grunerstraße, Straße am Alexanderplatz, Karl-Liebknecht- und SpandauerStraße (BK 29.04.2000)
2001 – Annenstraße – Heinrich-Heine-Strasse – Brückenstrasse – Alexanderstrasse – rechts in die Grunerstrasse – Alexanderplatz – links in der Karl-Liebknecht-Strasse – links in die Spandauer Strasse – Berliner Rathaus (DGBGB 668)",,,,LineString,3447.3,"52.506142,13.419666","52.518166,13.407784",67,1__mai_berlin_aktualna_14_.geojson,,True,mapa+rocznik,pelny,"Die Gewerkschaftler brechen ab 10 Uhr zur Demonstration „Für mehr Beschäftigung“ auf. Treffpunkte: ÖTV-Haus (Engeldamm), IG-Metall-Haus (Alte Jakobstraße), DGB-Bundesvorstand (Burgstraße). Auch zahlreiche Inline-Skater wollen ab 10 Uhr vom Roten Rathaus aus zur Kundgebung des DGB anrollen (ab 11.30 Uhr, Platz vor dem Roten Rathaus). (29.04 taz)
10 Uhr: ab IG-Metall-Haus (über Alte Jakobstraße inKreuzberg, Fischerinsel, Breite, Rathaus- und Spandauer Straße), abÖTV-Haus (Engeldamm in Mitte, über Heinrich-Heine-, Brücken-, Alexander-,Grunerstraße, Straße am Alexanderplatz, Karl-Liebknecht- und SpandauerStraße), ab _DGB_-Bundesvorstand (ab Hackescher Markt in Mitte überRosenthaler Straße, Weinbergsweg, Schönhauser Allee, Rosa-Luxemburg-,Karl-Liebknecht-, Spandauer Straße), Skaterdemonstration (ab RotemRathaus, Unter den Linden, Straße des 17. Juni, Tiergartenstraße, Potsdamer Platz, Anhalter Bahnhof, Friedrich- und Französische Straße) 11.30 _DGB_-Kundgebung vorm Roten Rathaus, anschließend Maifest am Neptunbrunnen. (BK 29.04)",Jetzt aufbrechen: Für mehr Beschäftigung,9667,Hasło_DGB;TrasaDGB;FrekwencjaDGB;Apel_DGB,11167,6,demonstracja
2001_DE_demonstracja_DGB_a,2001,Lata,DE,DGB,demonstracja,geometria,DGB,False,zwiazkowe,1996-2001 ÖTV,"1996-1999 presumed the same route as 2000-2001
1996 – ÖTV, HBV, DPG, GEW und CPK klumpen sich vor dem ÖTV- Haus am Engeldamm zusammen. Dortselbst wird auch das „Bündnis gegen Sozialkürzung und Ausgrenzung“ mitmarschieren (taz 30.4)
Attendance: 2500 (JW 2.05)
3500 (Breitenbach (organiser) JW 3.05)
1997 – 
Attendance: 8000 (organisers 5DGBG001329)
1998 – 
1999 – Anschließend ist ein großes Familienprogramm und im Vorfeld ein Sternmarsch (10 Uhr, Potsdamer Platz, Engeldamm, Alte Jakobstraße) zum Roten Rathaus geplant (BM 30.04)
Engeldamm in Mitte, über Heinrich-Heine-, Brücken-, Alexander-,Grunerstraße, Straße am Alexanderplatz, Karl-Liebknecht- und SpandauerStraße (BK 29.04.2000)
2001 – Annenstraße – Heinrich-Heine-Strasse – Brückenstrasse – Alexanderstrasse – rechts in die Grunerstrasse – Alexanderplatz – links in der Karl-Liebknecht-Strasse – links in die Spandauer Strasse – Berliner Rathaus (DGBGB 668)",,,,LineString,3447.3,"52.506142,13.419666","52.518166,13.407784",67,1__mai_berlin_aktualna_14_.geojson,,True,mapa+rocznik,pelny,"Der traditionelle Sternmarsch der Gewerkschaften beginnt um 10 Uhr an den Treffpunkten IG-Metall-Haus (Alte Jakobstraße), ÖTV-Haus (Engeldamm) und DGB-Bundesvorstand (Hackescher Markt). Den Abschluss bildet um 11.30 Uhr die DGB-Kundgebung unter dem Motto „Zukunft braucht alle Köpfe – Mitbestimmung gewinnt“ am Roten Rathaus. (taz 30.04.2001)",Zukunft braucht alle Köpfe. Mitbestimmung gewinnt,16200,Hasło_DGB;TrasaDGB;FrekwencjaDGB;Apel_DGB,16833,6,demonstracja
2000_DE_demonstracja_DGB_b,2000,Lata,DE,DGB,demonstracja,name,DGB,False,zwiazkowe,2000 DGB/IG Bau Demonstration,"DGB_-Bundesvorstand (ab Hackescher Markt in Mitte überRosenthaler Straße, Weinbergsweg, Schönhauser Allee, Rosa-Luxemburg-,Karl-Liebknecht-, Spandauer Straße), Skaterdemonstration (ab RotemRathaus, Unter den Linden, Straße des 17. Juni, Tiergartenstraße, Potsdamer Platz, Anhalter Bahnhof, Friedrich- und Französische Straße)

*Berlin: Mit den Fahnen der Industriegewerkschaft Bauen-Agrar-Umwelt nehmen am 01.05.2000) Bauarbeiter auf den Platz vor dem Roten Rathaus in Berlin an der traditionellen Maikundgebung teil. Etwa 4.000 Menschen beteiligten sich der Maidemonstration in Berlin Mitte (BER21-010500)* DPA

2001 – different route",,4000,4000,LineString,3977.7,"52.522354,13.402247","52.518212,13.407816",68,1__mai_berlin_aktualna_14_.geojson,,False,mapa+rocznik,pelny,"Die Gewerkschaftler brechen ab 10 Uhr zur Demonstration „Für mehr Beschäftigung“ auf. Treffpunkte: ÖTV-Haus (Engeldamm), IG-Metall-Haus (Alte Jakobstraße), DGB-Bundesvorstand (Burgstraße). Auch zahlreiche Inline-Skater wollen ab 10 Uhr vom Roten Rathaus aus zur Kundgebung des DGB anrollen (ab 11.30 Uhr, Platz vor dem Roten Rathaus). (29.04 taz)
10 Uhr: ab IG-Metall-Haus (über Alte Jakobstraße inKreuzberg, Fischerinsel, Breite, Rathaus- und Spandauer Straße), abÖTV-Haus (Engeldamm in Mitte, über Heinrich-Heine-, Brücken-, Alexander-,Grunerstraße, Straße am Alexanderplatz, Karl-Liebknecht- und SpandauerStraße), ab _DGB_-Bundesvorstand (ab Hackescher Markt in Mitte überRosenthaler Straße, Weinbergsweg, Schönhauser Allee, Rosa-Luxemburg-,Karl-Liebknecht-, Spandauer Straße), Skaterdemonstration (ab RotemRathaus, Unter den Linden, Straße des 17. Juni, Tiergartenstraße, Potsdamer Platz, Anhalter Bahnhof, Friedrich- und Französische Straße) 11.30 _DGB_-Kundgebung vorm Roten Rathaus, anschließend Maifest am Neptunbrunnen. (BK 29.04)",Jetzt aufbrechen: Für mehr Beschäftigung,9667,Hasło_DGB;TrasaDGB;FrekwencjaDGB;Apel_DGB,11167,6,demonstracja
2001_DE_demonstracja_DGB_b,2001,Lata,DE,DGB,demonstracja,name,DGB,False,zwiazkowe,2001 DGB/IG Bau Demonstration,"2000 – DGB_-Bundesvorstand (ab Hackescher Markt in Mitte überRosenthaler Straße, Weinbergsweg, Schönhauser Allee, Rosa-Luxemburg-,Karl-Liebknecht-, Spandauer Straße), Skaterdemonstration (ab RotemRathaus, Unter den Linden, Straße des 17. Juni, Tiergartenstraße, Potsdamer Platz, Anhalter Bahnhof, Friedrich- und Französische Straße)

*Die AG geht davon aus, dass weiterhin 3 Demonstrationsrouten angeboten werden. Zu den Demonstrationsrouten 2000 wird festgestellt, dass der örtlich veränderte Zug der IG BAU sowohl bei den beteiligten Kolleginnen als auch bei der Bevölkerung gut angekommen ist. Der Weg durch Wohngebiete und belebte Straßen ist positiv aufgenommen worden. Aufgrund der Länge des Demonstrationsweges muss evtl. über eine Kürzung der Strecke nachgedacht werden. Konkrete Überlegungen werden innerhalb der IG BAU getroffen.*

2001 – shortened (based on Tagesspiegel 30.04.2001, may be inaccurate)",,,,LineString,3028.8,"52.522739,13.400117","52.518212,13.407816",69,1__mai_berlin_aktualna_14_.geojson,,False,mapa+rocznik,pelny,"Der traditionelle Sternmarsch der Gewerkschaften beginnt um 10 Uhr an den Treffpunkten IG-Metall-Haus (Alte Jakobstraße), ÖTV-Haus (Engeldamm) und DGB-Bundesvorstand (Hackescher Markt). Den Abschluss bildet um 11.30 Uhr die DGB-Kundgebung unter dem Motto „Zukunft braucht alle Köpfe – Mitbestimmung gewinnt“ am Roten Rathaus. (taz 30.04.2001)",Zukunft braucht alle Köpfe. Mitbestimmung gewinnt,16200,Hasło_DGB;TrasaDGB;FrekwencjaDGB;Apel_DGB,16833,6,demonstracja
2002_DE_demonstracja_DGB,2002,Lata,DE,DGB,demonstracja,name,DGB,False,zwiazkowe,2002 – DGB Demo,"Tagesspiegel 30.04.2002, s. 10",*Stoppt den Arbeitsplatzabbau – für ein lebenswertes Berlin*,,,LineString,3434.2,"52.516221,13.377938","52.518049,13.407997",70,1__mai_berlin_aktualna_14_.geojson,,False,mapa+rocznik,pelny,"Pariser Platz– Luisenstraße - Reinhardstraße - Friedrichstraße - Oranienburgerstraße - Burgstraße - Spandauerstraße - Rotes Rathaus (Rucht 2002, 247)",Globalisierung gerecht gestalten,13500,Hasło_DGB;TrasaDGB;FrekwencjaDGB;Apel_DGB,13500,4,demonstracja
2003_DE_demonstracja_DGB,2003,Lata,DE,DGB,demonstracja,name,DGB,False,zwiazkowe,2003 – DGB Demo,"*Diesmal nicht wie in den Vorjahren und wie irrtümlich im Tagesspiegel angekündigt über uie Leipziger Straße, sondern über Wilhelm-, Tor- und Rosenthaler Straße*
(Tagesspiegel 2.05.2003)","Schaut auf diese Stadt, macht sie nicht platt - Berlin braucht Arbeit, Bildung, Zukunft",,,LineString,4364.3,"52.516162,13.378528","52.51878,13.40807",71,1__mai_berlin_aktualna_14_.geojson,,False,mapa+rocznik,pelny,"10 Uhr Treff am Brandenburger Tor - DGB-Demozüge zum Roten Rathaus, 11.30 Uhr Kundgebung, auch PDS gehört zu den Aufrufern (ND, 30.04.2003)",Reformen Ja! Sozialabbau Nein Danke!,11800,Hasło_DGB;TrasaDGB;FrekwencjaDGB;Apel_DGB,13500,2,demonstracja
2004_DE_demonstracja_DGB,2004,Lata,DE,DGB,demonstracja,name,DGB,False,zwiazkowe,2004 – DGB Demo,"Die Marschroute verläuft vom Brandenburger Tor über Dorotheen-, Luisen-, Hannoversche Straße, durch die Oranienburger Straße, vorbei am Hackeschen Markt über die Spandauer Straße zum Roten Rathaus, wo sie zur Kundgebung um 11.30 Uhr endet. (taz 28.04.2004; Tagesspiegel 30.04.2004)

Attendance: gut 3000 ~ 4000 (rbb)",Nichts ist gut so – schon gar nicht in Berlin,4000,4000,LineString,4279.0,"52.516162,13.378528","52.51878,13.40807",72,1__mai_berlin_aktualna_14_.geojson,,False,mapa+rocznik,pelny,"Zuvor waren die rund 20.000 Demonstranten friedlich vom Brandenburger Tor durch die Berliner Innenstadt zum Roten Rathaus marschiert. „Neoliberal ist asozial“ oder „Nichts ist gut so – schon gar nicht in Berlin“ war unter anderem auf den Transparenten zu lesen (taz 3.05.2004)Die Marschroute verläuft vom Brandenburger Tor über Dorotheen-, Luisen-, Hannoversche Straße, durch die Oranienburger Straße, vorbei am Hackeschen Markt über die Spandauer Straße zum Roten Rathaus, wo sie zur Kundgebung um 11.30 Uhr endet. (taz 28.04.2004)","Unser Europa – frei, gleich, gerecht",45000,Hasło_DGB;TrasaDGB;Apel_DGB;FrekwencjaDGB,18500,2,demonstracja
2005_DE_demonstracja_DGB,2005,Lata,DE,DGB,demonstracja,name,DGB,False,zwiazkowe,2005 – DGB Demo,"Route:Ebertstraße Richtung Nord, Dorotheenstraße – Luisenstraßerechts in die Reinhardtstraßerechts in die Friedrichstraßelinks Unter den LindenKarl-Liebknecht-StraßeSpandauer StraßeEnde:Platz vor dem Roten Rathaus. (waybackmachine erstermai.dgb)
Attendance: 5000 (Tagesspiegel)",Stoppt den Arbeitsplatzabbau – für ein lebenswertes Berlin.,5000,5000,LineString,3657.3,"52.518258,13.407816","52.516247,13.377432",73,1__mai_berlin_aktualna_14_.geojson,,False,mapa+rocznik,pelny,"1. Mai-Demonstrationen des DGB, MaiLauf ab 8 Uhr vom Roten Rathaus über den Großen Stern und zurück +++9.30 Uhr: Skater-Korso vom Olympischen Platz und 9.45 Uhr: MotorradKorso, ebenfalls vom Olympischen Platz +++ Abschlusskundgebung um11 Uhr vorm Roten Rathaus +++ „Aktionsbündnis gegen Studiengebühren“ demonstriert mit einem Block auf der DGB-Demo, Treffpunkt um10 Uhr +++ „Klassenkampf statt Co-Management“, oppositionellerBlock auf der DGB-Demo, Treffpunkt um 10 Uhr am Brandenburger Tor+++ „Echte Gewerkschafter kämpfen“, Demonstration um 12 Uhr mitZiel Industrie- und Handelskammer in der Breiten Straße +++ Große Abschlusskundgebung um 11 Uhr am Roten Rathaus +++
Route:Treff (bike?) DGB-Haus, Keithstraße 1-3–Kleiststraße – An der Urania–Kurfürstenstraße–Potsdamer Straße–zum Potsdamer Platzrechts –in die Stresemannstraße – Mehringbrücke – Links in die Straße – Tempelhofer Ufer – Waterlooufer – Girtschiner Straße – Skalitzer Straße – Oberbaumbrücke – Links in die Mühlenstraße – Stralauer Platz – Holzmarktstraße – Stralauer Straße – Rechts in die Grunerstraße – Links in die Straße Alexanderplatz – Links in die Karl-Liebknecht-Straße – Unter den LindenEnde:Brandenburger Tor
Route:Ebertstraße Richtung Nord, DorotheenstraßeLuisenstraßerechts in die Reinhardtstraßerechts in die Friedrichstraßelinks Unter den LindenKarl-Liebknecht-StraßeSpandauer StraßeEnde:Platz vor dem Roten Rathaus. (waybackmachine erstermai.dgb)",Du bist mehr. Mehr als ein Nummer. Mehr als ein Kostenfaktor. Du hast Würde. Zeig sie!,10400,Hasło_DGB;TrasaDGB;FrekwencjaDGB;Apel_DGB,10500,4,demonstracja
2006_DE_demonstracja_DGB,2006,Lata,DE,DGB,demonstracja,name,DGB,False,zwiazkowe,2006 – DGB Demo,"2006 – 1. Mai-Demonstration
vom DGB-Gewerkschaftshaus am Wittenbergplatz zum Brandenburger Tor
Treff: 09:00 Uhr, DGB-Haus, Keithstraße 1-3
Start: 10:05 Uhr, Kleiststraße Richtung Nollendorfplatz
Ankunft: ca. 11:00 Uhr, Brandenburger Tor (route Tagesspiegel 30.04.06)

Attendance: 6000 (march), 100 (bicycle), 80 (motorcycle) 

2007 – Route Demonstration: Kleiststraße – An der Urania – Kurfürstenstraße – Potsdamer Straße – Potsdamer Platz – Ebertstraße – Ende: Platz des 18. März (Brandenburger Tor)
2008 – 00:22, An der Urania (rbb
2009 – Based on YouTube, through Bülowstrasse – the same one as in 2007
",Berlin braucht seine Plätze – Arbeits- und Ausbildungsplätze,10000,10000,LineString,3795.8,"52.50175,13.346007","52.51626,13.378537",74,1__mai_berlin_aktualna_14_.geojson,,False,mapa+rocznik,pelny,"Uhr vor dem DGB-Haus in derKeithstraße. Die Demonstrationfür Fußgänger beginnt um 10Uhr. Die Abschlusskundgebungfindet um 11 Uhr vor dem Brandenburger Tor statt, Hauptrednerist Ver.di-Chef Frank Bsirske. (30.04.2006 taz)",Deine Würde ist unser Maß,5675,Hasło_DGB;TrasaDGB;FrekwencjaDGB;Apel_DGB,13500,5,demonstracja
2007_DE_demonstracja_DGB,2007,Lata,DE,DGB,demonstracja,name,DGB,False,zwiazkowe,2007 – DGB Demo,"2006 – 1. Mai-Demonstration
vom DGB-Gewerkschaftshaus am Wittenbergplatz zum Brandenburger Tor
Treff: 09:00 Uhr, DGB-Haus, Keithstraße 1-3
Start: 10:05 Uhr, Kleiststraße Richtung Nollendorfplatz
Ankunft: ca. 11:00 Uhr, Brandenburger Tor (route Tagesspiegel 30.04.06)

Attendance: 6000 (march), 100 (bicycle), 80 (motorcycle) 

2007 – Route Demonstration: Kleiststraße – An der Urania – Kurfürstenstraße – Potsdamer Straße – Potsdamer Platz – Ebertstraße – Ende: Platz des 18. März (Brandenburger Tor) (Attendance 7500, Helbrecht)
2008 – 00:22, An der Urania (rbb)
2009 – Based on YouTube, through Bülowstrasse – the same one as in 2007
",,7500,7500,LineString,3795.8,"52.50175,13.346007","52.51626,13.378537",75,1__mai_berlin_aktualna_14_.geojson,,False,mapa+rocznik,pelny,"Die DGB-Mai-Demonstration beginnt pünktlich um 9 Uhr vor der DGB-Landeszentrale am Wittenbergplatz. Nach einer kurzen Kundgebung geht es zügig weiter zum Brandenburger Tor, wo ab 11 Uhr bereits Bratwürstchen und rote Luftballons warten. (taz 30.04)
Auf die längste Tradition zurückblicken können die Gewerkschaften mit ihrer 1.-Mai-Demonstration, die um 10 Uhr an der Berliner DGB-Zentrale in der Keithstraße nahe Wittenbergplatz  beginnt und  um  11 Uhr  vor dem Brandenburger Tor mit einer Kundgebung endet.  (taz 28.04)",Du hast mehr verdient – Mehr Respekt. Soziale Gerechtigkeit. Gute Arbeit,10500,Hasło_DGB;TrasaDGB;FrekwencjaDGB;Apel_DGB,10500,3,demonstracja
2008_DE_demonstracja_DGB,2008,Lata,DE,DGB,demonstracja,name,DGB,False,zwiazkowe,2008 – DGB Demo,"* An der Urania (0:22, rbb)
* An der Urania/Ku-Damm (0:44 rbb)
* Potsdamerstrasse 77 (IMG_8287)
Attendance:
5000 (BZ, only demo)
6000 (police Helbrecht)",,5500,5500,LineString,3732.2,"52.501373,13.345774","52.516221,13.378449",76,1__mai_berlin_aktualna_14_.geojson,,False,mapa+rocznik,pelny,"Der Gewerkschaftsbund hat seine zentrale Kundgebung um 11.30 Uhr am Brandenburger Tor unter das Motto ""Gute Arbeit muss drin sein"" gestellt. Zur Kundgebung führen auch Korsos mit Inline-Skates, Motorrad oder Fahrrad, ab 10 Uhr vom _DGB_-Haus in der Keithstraße 1-3 in Schöneberg. (Berliner Zeitung 30.04.2008)",Gute Arbeit muss drin sein!,6000,Hasło_DGB;TrasaDGB;FrekwencjaDGB;Apel_DGB,9125,4,demonstracja
2009_DE_demonstracja_DGB,2009,Lata,DE,DGB,demonstracja,name,DGB,False,zwiazkowe,2009 – DGB Demo,"2006 – 1. Mai-Demonstration
vom DGB-Gewerkschaftshaus am Wittenbergplatz zum Brandenburger Tor
Treff: 09:00 Uhr, DGB-Haus, Keithstraße 1-3
Start: 10:05 Uhr, Kleiststraße Richtung Nollendorfplatz
Ankunft: ca. 11:00 Uhr, Brandenburger Tor (route Tagesspiegel 30.04.06)

Attendance: 

2007 – Route Demonstration: Kleiststraße – An der Urania – Kurfürstenstraße – Potsdamer Straße – Potsdamer Platz – Ebertstraße – Ende: Platz des 18. März (Brandenburger Tor)
2008 – 00:22, An der Urania (rbb
2009 – Based on YouTube, through Bülowstrasse – the same one as in 2007
Attendance 2500 (police, Helbrecht)
",,2500,2500,LineString,3795.8,"52.50175,13.346007","52.51626,13.378537",77,1__mai_berlin_aktualna_14_.geojson,,False,mapa+rocznik,pelny,"Da muss morgen Vormittag die DGB-Demonstration vom Wittenbergplatz zum Brandenburger Tor abgesichert werden (samt Skater-, Motorrad- und Fahrradkorso), mittags die erste ""revolutionäre"" Demo durch Kreuzberg und Neukölln und die Mayday-Demo vom Bebelplatz zum Moritzplatz (Berliner Kurier 30.04)
Der _DGB_ zieht ab 9 Uhr vom Wittenbergplatz zum Brandenburger Tor - zu Fuß und auf Rädern. (taz 30.04)
Route Fahrrad: DGB-Haus, Keithstraße 1-3–Kleiststraße – An der Urania–Kurfürstenstraße–Potsdamer Straße–zum Potsdamer Platzrechts –in die Stresemannstraße – Mehringbrücke – Links in die Straße – Tempelhofer Ufer – Waterlooufer – Girtschiner Straße – Skalitzer Straße – Oberbaumbrücke – Links in die Mühlenstraße – Stralauer Platz – Holzmarktstraße – Stralauer Straße – Rechts in die Grunerstraße – Links in die Straße Alexanderplatz – Links in die Karl-Liebknecht-Straße – Unter den LindenEnde:Brandenburger Tor (DGB waybackmachine)
Route Demonstration: Kleiststraße – richtung Nolfendorfplatz",Arbeit für alle! Bei fairem Lohn,20000,Hasło_DGB;TrasaDGB;FrekwencjaDGB,13500,3,demonstracja
2010_DE_demonstracja_DGB,2010,Lata,DE,DGB,demonstracja,name,DGB,False,zwiazkowe,2010 – DGB Demo,"Route Demonstration: Kleiststraße – An der Urania – Kurfürstenstraße – Potsdamer Straße – Potsdamer Platz – Ebertstraße – Ende: Platz des 18. März (Brandenburger Tor)

Attendance 5000 (Helbrecht, police) 6000 (organizers)",,5500,5500,LineString,3721.0,"52.501875,13.34591","52.516351,13.377786",78,1__mai_berlin_aktualna_14_.geojson,,False,mapa+rocznik,pelny,Wittenbergplatz - An der Urania - Kurfürstendstrasse - Postdamer Strasse - Potsdamer Platz - Ebertstrasse - Pariser Platz (taz 30.04),Wir gehen vor! Gute Arbei. Gerechte Löhne. Starker Sozialstaat,9750,Hasło_DGB;TrasaDGB;FrekwencjaDGB;Apel_DGB,9750,2,demonstracja
2011_DE_demonstracja_DGB,2011,Lata,DE,DGB,demonstracja,name,DGB,False,zwiazkowe,2011 – DGB Demo,"DGB-Haus – Kleistrasse – Bülowerstrasse – Potsdamerstrasse – Lützowstrasse – Köfhenner Strasse – Potsdamerplatz – Ebertstrasse – Pariser Platz (taz 30.04.2011)
Attendance: 15000 (organizers, via rbb)
Police: 6000",,1500,1500,LineString,4300.4,"52.50175,13.346007","52.51626,13.378537",79,1__mai_berlin_aktualna_14_.geojson,,False,mapa+rocznik,pelny,"9:00 DGB-Haus - Kleistrasse - Bülowstrasse - Postdamerstrasse - Lützowstrasse - Köthenerstrasse - Ebertstrasse - Brandenburger Tor. 11:30 End rally, then cultural program till 18:00 (30.04 taz)","Das ist das Mindeste! Faire Löhne, gute Arbeit, soziale Sicherheit",8000,Hasło_DGB;TrasaDGB;FrekwencjaDGB;Apel_DGB,11500,4,demonstracja
2012_DE_demonstracja_DGB,2012,Lata,DE,DGB,demonstracja,geometria,DGB,False,zwiazkowe,2012 DGB,"Spandauerstrasse – Anna-Louisa-Karsch-Strasse – An der Spandauer Brücke – Hackescher Markt – Oranienburger Strasse – Frierichstrasse – Reinhardstrasse - Luisenstrasse – Pariser Platz (taz, 30.04.2013, 30.04.2014, 30.04.2015; Youtube, zdjęcia – 2012)

Attendance: 5000 (rbb 2012); 7500 ver.di",,6250,6250,LineString,3294.4,"52.522279,13.402151","52.516469,13.376412",80,1__mai_berlin_aktualna_14_.geojson,,True,mapa+rocznik,pelny,"10:00 Hackesher Markt - Anna-Louisa-Karsch-Strasse –  An der Spandauer Brücke – Oranienburgstrasse – Friedrichstrasse – Luisenstrasse – Brandenburg Tor
Bereits für den Vormittag hat der Deutsche Gewerkschaftsbund zu einer Großdemonstration aufgerufen. Um 10 Uhr sollen an der Spandauer Straße ein Motorrad- und ein Fahrrad-Korso sowie eine Skater-Demo und schließlich ein großer Demonstrationszug starten. Die Route verläuft über die Oranienburger Straße zum Brandenburger Tor. Ab 11.30 Uhr plant der DGB dann seine Mai-Kundgebung auf dem Platz des 18.März, wo es anschließend ein Kinder- und Familienfest gibt, das sich über die Straße des 17.Juni hinzieht.",Gute Arbeit für Europa – Gerechte Lohne und soziale Sicherheit,8002,Hasło_DGB;TrasaDGB;FrekwencjaDGB;Apel_DGB,12625,4,demonstracja
2013_DE_demonstracja_DGB,2013,Lata,DE,DGB,demonstracja,geometria,DGB,False,zwiazkowe,2013 DGB,"Spandauerstrasse – Anna-Louisa-Karsch-Strasse – An der Spandauer Brücke – Hackescher Markt – Oranienburger Strasse – Frierichstrasse – Reinhardstrasse - Luisenstrasse – Pariser Platz (taz, 30.04.2013, 30.04.2014, 30.04.2015; Youtube, zdjęcia – 2012)",,8000,8000,LineString,3294.4,"52.522279,13.402151","52.516469,13.376412",81,1__mai_berlin_aktualna_14_.geojson,,True,mapa+rocznik,pelny,"Spandauerstrasse – Anna-Louisa-Karsch-Strasse – An der Spandauer Brücke – Hackescher Markt – Oranienburger Strasse – Frierichstrasse – Reinhardstrasse - Luisenstrasse – Pariser Platz (taz 30.04.15, 30.04.2014)","1. Mai – Unser Tag: Gute Arbeit, Sichere Rente, Soziales Europa",9667,Hasło_DGB;TrasaDGB;FrekwencjaDGB;Apel_DGB,9750,2,demonstracja
2014_DE_demonstracja_DGB,2014,Lata,DE,DGB,demonstracja,geometria,DGB,False,zwiazkowe,2014 DGB,"Spandauerstrasse – Anna-Louisa-Karsch-Strasse – An der Spandauer Brücke – Hackescher Markt – Oranienburger Strasse – Frierichstrasse – Reinhardstrasse - Luisenstrasse – Pariser Platz (taz, 30.04.2013, 30.04.2014, 30.04.2015; Youtube, zdjęcia – 2012)

2014 attendance: 10000 (rbb); 6000 (TsG, polizei)",,8000,8000,LineString,3294.4,"52.522279,13.402151","52.516469,13.376412",82,1__mai_berlin_aktualna_14_.geojson,,True,mapa+rocznik,pelny,"Spandauerstrasse – Anna-Louisa-Karsch-Strasse – An der Spandauer Brücke – Hackescher Markt – Oranienburger Strasse – Frierichstrasse – Reinhardstrasse - Luisenstrasse – Pariser Platz (taz 30.04.15, 30.04.2014)",Gute Arbeit. Soziales Europa,7500,Hasło_DGB;TrasaDGB;FrekwencjaDGB;Apel_DGB,10000,2,demonstracja
2015_DE_demonstracja_DGB,2015,Lata,DE,DGB,demonstracja,geometria,DGB,False,zwiazkowe,2015 DGB,"Spandauerstrasse – Anna-Louisa-Karsch-Strasse – An der Spandauer Brücke – Hackescher Markt – Oranienburger Strasse – Frierichstrasse – Reinhardstrasse - Luisenstrasse – Pariser Platz (taz, 30.04.2013, 30.04.2014, 30.04.2015; Youtube, zdjęcia – 2012)

Attendance: 3000 (police, via Tagesspiegel)",,3000,3000,LineString,3294.4,"52.522279,13.402151","52.516469,13.376412",83,1__mai_berlin_aktualna_14_.geojson,,True,mapa+rocznik,pelny,"Spandauerstrasse – Anna-Louisa-Karsch-Strasse – An der Spandauer Brücke – Hackescher Markt – Oranienburger Strasse – Frierichstrasse – Reinhardstrasse - Luisenstrasse – Pariser Platz (taz 30.04.15, 30.04.2014)",Die Arbeit der Zukunft gestalten wir,14000,Hasło_DGB;MuzykaDGB;FrekwencjaDGB;TrasaDGB;Apel_DGB,15000,1,demonstracja
2016_DE_demonstracja_DGB,2016,Lata,DE,DGB,demonstracja,geometria,DGB,False,zwiazkowe,2016 DGB,"Spandauerstrasse - Mühlendamm - Gertraudenstrasse - Spittelmarkt - Leipzigerstrasse - Ebertstrasse - 18. Märtz Platz (taz 30.04.2017; 30.04.2016; Berliner Kurier 30.04.2018; Tagesspiegel 29.04.2019)

2016
Attendance: 2500 (only demo, police via BM)",,2500,2500,LineString,4009.6,"52.522279,13.40221","52.516156,13.376519",84,1__mai_berlin_aktualna_14_.geojson,,True,mapa+rocznik,pelny,"9:00 Uhr:Treffen zu den Demos, Auftakt, Musik (Spandauer Straße, Nähe S-Bhf. Hackescher Markt10:00 Uhr:Start der Demos vom Hackeschen Markt - Motorrad-Korso, Fahrrad-Korso, Skating-Demo und Demonstrationszug zum Brandenburger Tor (verdi 2016)
10:00 Hackesher Markt - Spandauer Strasse - Mühlendamm - Gertraudenstrasse - Leipziger Strasse - Ebertstrasse - Pariser Platz (30.04 taz)",Zeit für mehr Solidarität,14000,Hasło_DGB;TrasaDGB;Apel_DGB;FrekwencjaDGB,14000,1,demonstracja
2017_DE_demonstracja_DGB,2017,Lata,DE,DGB,demonstracja,geometria,DGB,False,zwiazkowe,2017 DGB,"Spandauerstrasse - Mühlendamm - Gertraudenstrasse - Spittelmarkt - Leipzigerstrasse - Ebertstrasse - 18. Märtz Platz (taz 30.04.2017; 30.04.2016; Berliner Kurier 30.04.2018; Tagesspiegel 29.04.2019)

2019
Attendance: 8000 (only demo, organisers via taz 1.05)",,8000,8000,LineString,4013.5,"52.522279,13.40221","52.51626,13.378408",85,1__mai_berlin_aktualna_14_.geojson,,True,mapa+rocznik,pelny,"Die Demonstration mit Motorrad-Korso und Fahrrad-Korso beginnt am Hackeschen Markt um 10 Uhr und mündet am Brandenburger Tor, wo ab 11 Uhr die traditionelle Mai-Kundgebung stattfindet. Anschließend gibt es ein Kinder- und Familienfest auf der Straße des 17. Juni. Für Essen und Trinken ist gesorgt, und auch auf Hüpfburgen und Spiele können die Kleinen sich freuen. Mehr als 20.000 Teilnehmer zählte die Veranstaltung im letzten Jahr. Das Kinderfest findet von 11 bis 18 Uhr statt. (Berliner Morgenpost 27.04)
10:00 Hackesher Markt - Spandauer Strasse - Mühlendamm - Gertraudenstrasse - Leipziger Strasse - Ebertstrasse - Pariser Platz (29_30.04 taz)","Wir sind viele, wir sind eins!",13000,Hasło_DGB;TrasaDGB;FrekwencjaDGB;Apel_DGB,14000,1,demonstracja
2018_DE_demonstracja_DGB,2018,Lata,DE,DGB,demonstracja,geometria,DGB,False,zwiazkowe,2018 DGB,"Spandauerstrasse - Mühlendamm - Gertraudenstrasse - Spittelmarkt - Leipzigerstrasse - Ebertstrasse - 18. Märtz Platz (taz 30.04.2017; 30.04.2016; Berliner Kurier 30.04.2018; Tagesspiegel 29.04.2019)

2019
Attendance: 8000 (only demo, organisers via taz 1.05) 4500 (Police)",,6250,6250,LineString,4013.5,"52.522279,13.40221","52.51626,13.378408",86,1__mai_berlin_aktualna_14_.geojson,,True,mapa+rocznik,pelny,"Auftakt und Treffen ist 9 Uhrin der Spandauer Straße, Nähe SBahnhof Hackescher Markt. DerDemozug führt dann über Mühlendamm, Gertraudenstraße,Leipziger Straße, Potsdamer Platzund Ebertstraße zum Platz des 18.März, wo um 12 Uhr eine Kundgebung stattfinden wird. Berlins Regierender Bürgermeister MichaelMüller (SPD) spricht dort einGrußwort. Es wird auch wieder einen Motorrad- und Fahrradkorsogeben. Beide starten ebenfalls9 Uhr an der Spandauer Straßeund enden am Platz des 18. März. (Berliner Zeitung 30.4)","Solidarität, Vielfalt, Gerechtigkeit",14000,Hasło_DGB;TrasaDGB;Apel_DGB;FrekwencjaDGB,9500,2,demonstracja
2019_DE_demonstracja_DGB,2019,Lata,DE,DGB,demonstracja,geometria,DGB,False,zwiazkowe,2019 DGB,"Spandauerstrasse - Mühlendamm - Gertraudenstrasse - Spittelmarkt - Leipzigerstrasse - Ebertstrasse - 18. Märtz Platz (taz 30.04.2017; 30.04.2016; Berliner Kurier 30.04.2018; Tagesspiegel 29.04.2019)

2019
Attendance: 8000 (only demo, organisers via taz 1.05)",,8000,8000,LineString,4013.5,"52.522279,13.40221","52.51626,13.378408",87,1__mai_berlin_aktualna_14_.geojson,,True,mapa+rocznik,pelny,"10:00 Hackesher Markt – Spandauer Strasse - Rathausstrasse - ? - Ebert Strasse 12:00 (twitter, Berliner Morgenpost 30.04)",Europa. Jetzt aber richtig!,10500,Hasło_DGB;Apel_DGB;TrasaDGB;FrekwencjaDGB,13000,1,demonstracja
2026_DE_demonstracja_DGB,2026,Lata,DE,DGB,demonstracja,name,DGB,False,zwiazkowe,"DGB 2026 Demonstration. Erst unser Jobs, dann Eure Profite","11:30 Strausberger Platz
15:00 Rotes Rathaus (BM 2026)",,,,LineString,3607.8,"52.518338127199115,13.428206899944541","52.519005188802964,13.4075853954551",88,1__mai_berlin_aktualna_14_.geojson,True,False,tylko mapa,,,,,,9550,2,demonstracja
2005_DE_demonstracja_DGB_a,2005,Lata,DE,DGB,demonstracja,geometria,DGB,False,zwiazkowe,2005 DGB Run,"Treff: 08:00 Uhr, Spandauer Straße Ecke Rathausstraße
Start: 09:00 Uhr, Spandauer Straße Richtung Nord
Anmeldung
Der 1. Mai-Lauf wird in diesem Jahr zum ersten Mal veranstaltet. Wir wollen damit zeigen, dass wir uns anstrengen und kämpfen für unsere Zukunft. Wir wollen aber auch Spaß haben und dabei unsere Kolleginnen und Kollegen, Freundinnen und Freunde, Nachbarn und Bekannten mitnehmen. Für die fachkundige Beratung und Begleitung haben wir die Unterstützung der Firma Long Distance, die auch die RBB-Laufbewegung begleitet. Die ersten 250 Teilnehmer, die sich angemeldet haben, bekommen am Start ein hochwertiges Funktions-Shirt der Firma odlo mit dem Aufdruck „1. Mai-Lauf 2005 – run for the future"". Voraussetzung ist natürlich, dass es während des Laufes getragen wird. So wollen wir ein unübersehbares Bild der Geschlossenheit abgeben: Für Arbeit und soziale Gerechtigkeit.
Route:
START 09:00 Uhr, Spandauer Straße
→ Karl-Liebknecht-Straße
→ Unter den Linden
→ Wilhelmstraße
→ Dorotheenstraße (ca. 09:15–09:30 Uhr)
→ Scheidemannstraße
→ Yitzhak-Rabin-Straße
→ Willy-Brandt-Straße
→ Alt-Moabit
→ Stromstraße
→ Lessingstraße
→ Altonaer Straße
→ Großer Stern
→ Hofjägerallee
→ Tiergartenstraße
→ Kemperplatz
→ Lennéstraße
→ Ebertstraße
→ Voßstraße
→ Wilhelmstraße
→ Behrenstraße
→ Friedrichstraße
→ Französische Straße
→ Werderscher Markt
→ Rathausstraße
→ Spandauer Straße
ZIEL: Platz vor dem Berliner Rathaus",,100,100,LineString,11715.8,"52.518179,13.407542","52.518428,13.407055",89,1__mai_berlin_aktualna_14_.geojson,,True,mapa+rocznik,pelny,"1. Mai-Demonstrationen des DGB, MaiLauf ab 8 Uhr vom Roten Rathaus über den Großen Stern und zurück +++9.30 Uhr: Skater-Korso vom Olympischen Platz und 9.45 Uhr: MotorradKorso, ebenfalls vom Olympischen Platz +++ Abschlusskundgebung um11 Uhr vorm Roten Rathaus +++ „Aktionsbündnis gegen Studiengebühren“ demonstriert mit einem Block auf der DGB-Demo, Treffpunkt um10 Uhr +++ „Klassenkampf statt Co-Management“, oppositionellerBlock auf der DGB-Demo, Treffpunkt um 10 Uhr am Brandenburger Tor+++ „Echte Gewerkschafter kämpfen“, Demonstration um 12 Uhr mitZiel Industrie- und Handelskammer in der Breiten Straße +++ Große Abschlusskundgebung um 11 Uhr am Roten Rathaus +++
Route:Treff (bike?) DGB-Haus, Keithstraße 1-3–Kleiststraße – An der Urania–Kurfürstenstraße–Potsdamer Straße–zum Potsdamer Platzrechts –in die Stresemannstraße – Mehringbrücke – Links in die Straße – Tempelhofer Ufer – Waterlooufer – Girtschiner Straße – Skalitzer Straße – Oberbaumbrücke – Links in die Mühlenstraße – Stralauer Platz – Holzmarktstraße – Stralauer Straße – Rechts in die Grunerstraße – Links in die Straße Alexanderplatz – Links in die Karl-Liebknecht-Straße – Unter den LindenEnde:Brandenburger Tor
Route:Ebertstraße Richtung Nord, DorotheenstraßeLuisenstraßerechts in die Reinhardtstraßerechts in die Friedrichstraßelinks Unter den LindenKarl-Liebknecht-StraßeSpandauer StraßeEnde:Platz vor dem Roten Rathaus. (waybackmachine erstermai.dgb)",Du bist mehr. Mehr als ein Nummer. Mehr als ein Kostenfaktor. Du hast Würde. Zeig sie!,10400,Hasło_DGB;TrasaDGB;FrekwencjaDGB;Apel_DGB,10500,4,demonstracja
2006_DE_demonstracja_DGB_a,2006,Lata,DE,DGB,demonstracja,geometria,DGB,False,zwiazkowe,2006 DGB Lauf,"(assumed the same route as 2007)
1. Mai-Demonstration
vom DGB-Gewerkschaftshaus am Wittenbergplatz zum Brandenburger Tor

Treff: 09:00 Uhr, DGB-Haus, Keithstraße 1-3
Start: 10:05 Uhr, Kleiststraße Richtung Nollendorfplatz
Ankunft: ca. 11:00 Uhr, Brandenburger Tor

***11:05, Unter den Linden:** 23 Jogger in roten Ver.di-T-Shirts überqueren die Friedrichstraße. Die Solidargemeinschaft bröckelt: Zwei Läufer wurden von der Gruppe bereits deutlich abgehängt.* (taz 2.05.2006)",,23,23,LineString,9162.2,"52.50159,13.345913","52.516371,13.380299",90,1__mai_berlin_aktualna_14_.geojson,,True,mapa+rocznik,pelny,"Uhr vor dem DGB-Haus in derKeithstraße. Die Demonstrationfür Fußgänger beginnt um 10Uhr. Die Abschlusskundgebungfindet um 11 Uhr vor dem Brandenburger Tor statt, Hauptrednerist Ver.di-Chef Frank Bsirske. (30.04.2006 taz)",Deine Würde ist unser Maß,5675,Hasło_DGB;TrasaDGB;FrekwencjaDGB;Apel_DGB,13500,5,demonstracja
2007_DE_demonstracja_DGB_a,2007,Lata,DE,DGB,demonstracja,geometria,DGB,False,zwiazkowe,2007 DGB Lauf,"
Mai-Lauf vom DGB-Gewerkschaftshaus am Wittenbergplatz zum Brandenburger Tor

Treff: 09:00 Uhr, DGB-Haus, Keithstraße 1-3
Start: 10:00 Uhr, Kleiststraße Richtung Nollendorfplatz
Die ersten 100 Angemeldeten erhalten am Start kostenlos ein T-Shirt „1. Mai-Lauf 2007""
ANMELDUNG
Route:
START 10:00 Uhr, Kleiststraße
→ Keithstraße
→ Kleiststraße
→ Bülowstraße
→ Potsdamer Straße
→ Potsdamer Platz
→ Leipziger Straße
→ Gertraudenstraße
→ Mühlendamm
→ Grunerstraße
→ Alexanderplatz
→ Karl-Liebknecht-Straße
→ Unter den Linden
ZIEL: Brandenburger Tor ",,50,50,LineString,9162.2,"52.50159,13.345913","52.516371,13.380299",91,1__mai_berlin_aktualna_14_.geojson,,True,mapa+rocznik,pelny,"Die DGB-Mai-Demonstration beginnt pünktlich um 9 Uhr vor der DGB-Landeszentrale am Wittenbergplatz. Nach einer kurzen Kundgebung geht es zügig weiter zum Brandenburger Tor, wo ab 11 Uhr bereits Bratwürstchen und rote Luftballons warten. (taz 30.04)
Auf die längste Tradition zurückblicken können die Gewerkschaften mit ihrer 1.-Mai-Demonstration, die um 10 Uhr an der Berliner DGB-Zentrale in der Keithstraße nahe Wittenbergplatz  beginnt und  um  11 Uhr  vor dem Brandenburger Tor mit einer Kundgebung endet.  (taz 28.04)",Du hast mehr verdient – Mehr Respekt. Soziale Gerechtigkeit. Gute Arbeit,10500,Hasło_DGB;TrasaDGB;FrekwencjaDGB;Apel_DGB,10500,3,demonstracja
1995_DE_korso_DGB,1995,Lata,DE,DGB,korso,name,DGB,False,zwiazkowe,1995 DGB Fahrradkorso,"1995, 9:30-11:00. Engeldammstrasse – (Moritzplatz) – Kölnischer Park (BZ 29.04.1994)

*An unserem Fahrradkorso haben aus dem Stand etwa 2.500 vorwiegend junge Gewerkschaftsmit-glieder teilgenommen, und zwar mit Kind und Kegel (das ZDF sprach von Tausenden, aber auch dieARD wies auf die große Teilnehmerzahl der vornehmlich jungen Teilnehmerinnen hin). Beim Fahrradkorso herrschte eine sehr positive, entspannte Atmosphäre. **Dies hat sicherlich auch dazu beigetragen, daß in den bundesweiten Medienberichterstattungen endlich einmal deutlich wurde, daß in Berlin nicht nur ""Randale in Kreuzberg"" gemacht wird, sondern seit Jahren ernst zunehmende Aktionen des DGB und seiner Gewerkschaften stattgefunden*** (DGBG000664)

Attendance: 
2500 (organisers)",,2500,2500,LineString,6274.6,"52.501568,13.345857","52.513048,13.414435",92,1__mai_berlin_aktualna_14_.geojson,,False,tylko mapa,,,,,,7400,5,demonstracja
2006_DE_korso_DGB,2006,Lata,DE,DGB,korso,name,DGB,False,zwiazkowe,2006; 2008-2010 DGB Fahrrad Korso,"(assumed the same route as 2007 and 2011)
2006 – 1. Mai-Fahrrad-Korso
vom DGB-Gewerkschaftshaus am Wittenbergplatz zum Brandenburger Tor

Treff: 09:00 Uhr, DGB-Haus, Keithstraße 1-3
Start: 09:50 Uhr, Kleiststraße Richtung Nollendorfplatz 

2008 – **1. Mai-Fahrrad-Korso 2008** 07.03.2008

1. Mai-Fahrrad-Korso vom DGB-Gewerkschaftshaus am Wittenbergplatz zum Brandenburger Tor

Treff: 09:00 Uhr, DGB-Haus, Keithstraße 1-3, Ecke Kleiststraße Start: 10:00 Uhr, Kleiststraße Richtung Nollendorfplatz

Die ersten 50 Angemeldeten erhalten am Start kostenlos eine Warnweste: „Gute Arbeit muss drin sein – GUTE BEZAHLUNG MUSS DRIN SEIN!""

2009 – vom DGB - Gewerkschaftshaus am Wittenbergplatz zum Brandenburger Tor

Treff: 09:00 Uhr, DGB-Haus, Keithstraße 1-3, Ecke Kleiststraße
Start: 10:00 Uhr, Kleiststraße Richtung Nollendorfplatz

Die ersten 50 Anmelder erhalten am Start kostenlos eine Warnweste

2010 – 1. Mai-Fahrrad-Korso 2010 

Mai-Fahrrad-Korso vom DGB-Gewerkschaftshaus am Wittenbergplatz zum Brandenburger Tor

Treff: 09:00 Uhr, DGB-Haus, Keithstraße 1-3, Ecke Kleiststraße
Start: 10:00 Uhr, Kleiststraße Richtung Nollendorfplatz
Ziel: ca. 11:30 Uhr, Bühne am Brandenburger Tor
Die ersten 50 Anmelder erhalten am Start kostenlos eine Warnweste: „WIR GEHEN VOR""

Attendance 2010 – 100 (TsG, organizers)",,100,100,LineString,15446.5,"52.501607,13.345894","52.516499,13.381219",93,1__mai_berlin_aktualna_14_.geojson,,False,tylko mapa,,,,,,13500,5,demonstracja
2008_DE_korso_DGB,2008,Lata,DE,DGB,korso,name,DGB,False,zwiazkowe,2006; 2008-2010 DGB Fahrrad Korso,"(assumed the same route as 2007 and 2011)
2006 – 1. Mai-Fahrrad-Korso
vom DGB-Gewerkschaftshaus am Wittenbergplatz zum Brandenburger Tor

Treff: 09:00 Uhr, DGB-Haus, Keithstraße 1-3
Start: 09:50 Uhr, Kleiststraße Richtung Nollendorfplatz 

2008 – **1. Mai-Fahrrad-Korso 2008** 07.03.2008

1. Mai-Fahrrad-Korso vom DGB-Gewerkschaftshaus am Wittenbergplatz zum Brandenburger Tor

Treff: 09:00 Uhr, DGB-Haus, Keithstraße 1-3, Ecke Kleiststraße Start: 10:00 Uhr, Kleiststraße Richtung Nollendorfplatz

Die ersten 50 Angemeldeten erhalten am Start kostenlos eine Warnweste: „Gute Arbeit muss drin sein – GUTE BEZAHLUNG MUSS DRIN SEIN!""

2009 – vom DGB - Gewerkschaftshaus am Wittenbergplatz zum Brandenburger Tor

Treff: 09:00 Uhr, DGB-Haus, Keithstraße 1-3, Ecke Kleiststraße
Start: 10:00 Uhr, Kleiststraße Richtung Nollendorfplatz

Die ersten 50 Anmelder erhalten am Start kostenlos eine Warnweste

2010 – 1. Mai-Fahrrad-Korso 2010 

Mai-Fahrrad-Korso vom DGB-Gewerkschaftshaus am Wittenbergplatz zum Brandenburger Tor

Treff: 09:00 Uhr, DGB-Haus, Keithstraße 1-3, Ecke Kleiststraße
Start: 10:00 Uhr, Kleiststraße Richtung Nollendorfplatz
Ziel: ca. 11:30 Uhr, Bühne am Brandenburger Tor
Die ersten 50 Anmelder erhalten am Start kostenlos eine Warnweste: „WIR GEHEN VOR""

Attendance 2010 – 100 (TsG, organizers)",,100,100,LineString,15446.5,"52.501607,13.345894","52.516499,13.381219",93,1__mai_berlin_aktualna_14_.geojson,,False,tylko mapa,,,,,,9125,4,demonstracja
2009_DE_korso_DGB,2009,Lata,DE,DGB,korso,name,DGB,False,zwiazkowe,2006; 2008-2010 DGB Fahrrad Korso,"(assumed the same route as 2007 and 2011)
2006 – 1. Mai-Fahrrad-Korso
vom DGB-Gewerkschaftshaus am Wittenbergplatz zum Brandenburger Tor

Treff: 09:00 Uhr, DGB-Haus, Keithstraße 1-3
Start: 09:50 Uhr, Kleiststraße Richtung Nollendorfplatz 

2008 – **1. Mai-Fahrrad-Korso 2008** 07.03.2008

1. Mai-Fahrrad-Korso vom DGB-Gewerkschaftshaus am Wittenbergplatz zum Brandenburger Tor

Treff: 09:00 Uhr, DGB-Haus, Keithstraße 1-3, Ecke Kleiststraße Start: 10:00 Uhr, Kleiststraße Richtung Nollendorfplatz

Die ersten 50 Angemeldeten erhalten am Start kostenlos eine Warnweste: „Gute Arbeit muss drin sein – GUTE BEZAHLUNG MUSS DRIN SEIN!""

2009 – vom DGB - Gewerkschaftshaus am Wittenbergplatz zum Brandenburger Tor

Treff: 09:00 Uhr, DGB-Haus, Keithstraße 1-3, Ecke Kleiststraße
Start: 10:00 Uhr, Kleiststraße Richtung Nollendorfplatz

Die ersten 50 Anmelder erhalten am Start kostenlos eine Warnweste

2010 – 1. Mai-Fahrrad-Korso 2010 

Mai-Fahrrad-Korso vom DGB-Gewerkschaftshaus am Wittenbergplatz zum Brandenburger Tor

Treff: 09:00 Uhr, DGB-Haus, Keithstraße 1-3, Ecke Kleiststraße
Start: 10:00 Uhr, Kleiststraße Richtung Nollendorfplatz
Ziel: ca. 11:30 Uhr, Bühne am Brandenburger Tor
Die ersten 50 Anmelder erhalten am Start kostenlos eine Warnweste: „WIR GEHEN VOR""

Attendance 2010 – 100 (TsG, organizers)",,100,100,LineString,15446.5,"52.501607,13.345894","52.516499,13.381219",93,1__mai_berlin_aktualna_14_.geojson,,False,tylko mapa,,,,,,13500,3,demonstracja
2010_DE_korso_DGB,2010,Lata,DE,DGB,korso,name,DGB,False,zwiazkowe,2006; 2008-2010 DGB Fahrrad Korso,"(assumed the same route as 2007 and 2011)
2006 – 1. Mai-Fahrrad-Korso
vom DGB-Gewerkschaftshaus am Wittenbergplatz zum Brandenburger Tor

Treff: 09:00 Uhr, DGB-Haus, Keithstraße 1-3
Start: 09:50 Uhr, Kleiststraße Richtung Nollendorfplatz 

2008 – **1. Mai-Fahrrad-Korso 2008** 07.03.2008

1. Mai-Fahrrad-Korso vom DGB-Gewerkschaftshaus am Wittenbergplatz zum Brandenburger Tor

Treff: 09:00 Uhr, DGB-Haus, Keithstraße 1-3, Ecke Kleiststraße Start: 10:00 Uhr, Kleiststraße Richtung Nollendorfplatz

Die ersten 50 Angemeldeten erhalten am Start kostenlos eine Warnweste: „Gute Arbeit muss drin sein – GUTE BEZAHLUNG MUSS DRIN SEIN!""

2009 – vom DGB - Gewerkschaftshaus am Wittenbergplatz zum Brandenburger Tor

Treff: 09:00 Uhr, DGB-Haus, Keithstraße 1-3, Ecke Kleiststraße
Start: 10:00 Uhr, Kleiststraße Richtung Nollendorfplatz

Die ersten 50 Anmelder erhalten am Start kostenlos eine Warnweste

2010 – 1. Mai-Fahrrad-Korso 2010 

Mai-Fahrrad-Korso vom DGB-Gewerkschaftshaus am Wittenbergplatz zum Brandenburger Tor

Treff: 09:00 Uhr, DGB-Haus, Keithstraße 1-3, Ecke Kleiststraße
Start: 10:00 Uhr, Kleiststraße Richtung Nollendorfplatz
Ziel: ca. 11:30 Uhr, Bühne am Brandenburger Tor
Die ersten 50 Anmelder erhalten am Start kostenlos eine Warnweste: „WIR GEHEN VOR""

Attendance 2010 – 100 (TsG, organizers)",,100,100,LineString,15446.5,"52.501607,13.345894","52.516499,13.381219",93,1__mai_berlin_aktualna_14_.geojson,,False,tylko mapa,,,,,,9750,2,demonstracja
2007_DE_korso_DGB,2007,Lata,DE,DGB,korso,name,DGB,False,zwiazkowe,2007 DGB Fahrrad Korso,"## 2007
1. Mai-Fahrrad-Korso vom DGB-Gewerkschaftshaus am Wittenbergplatz zum Brandenburger Tor

Treff: 09:00 Uhr, DGB-Haus, Keithstraße 1-3, Ecke Kleiststraße
Start: 09:50 Uhr, Kleiststraße Richtung Nollendorfplatz
Die ersten 50 erhalten am Start kostenlos ein T-Shirt „ride for the future""
ANMELDUNG
Route:
START 09:50 Uhr, Kleiststraße
→ Keithstraße
→ Kleiststraße
→ Bülowstraße
→ Potsdamer Straße
→ Potsdamer Platz
→ Stresemannstraße
→ Mehringbrücke
→ Tempelhofer Ufer
→ Waterlooufer
→ Gitschiner Straße
→ Skalitzer Straße
→ Oberbaumbrücke
→ Mühlenstraße
→ Stralauer Platz
→ Holzmarktstraße
→ Stralauer Straße
→ Grunerstraße
→ Alexanderplatz
→ Karl-Liebknecht-Straße
→ Unter den Linden
ZIEL: Brandenburger Tor

## 2011

Treff: 09:00 Uhr, DGB-Haus, Keithstraße 1-3, Ecke Kleiststraße Start: 10:00 Uhr, Kleiststraße Richtung Nollendorfplatz Ziel: ca. 11:30, Bühne am Brandenburger Tor

ANMELDUNG

Route: START 10:00 Uhr Keithstraße → Kleiststraße → Bülowstraße → Potsdamer Straße → Potsdamer Platz → Stresemannstraße → Mehringbrücke → Tempelhofer Ufer → Waterloo-Ufer → Gitschiner Straße → Skalitzer Straße → Oberbaumbrücke → Mühlenstraße → Stralauer Straße → Grunerstraße → Alexanderplatz → Karl-Liebknecht-Straße → Unter den Linden → Platz des 18. März ZIEL ca. 11:30 Uhr (waybackmachine DGB)",,100,100,LineString,15446.5,"52.501607,13.345894","52.516499,13.381219",94,1__mai_berlin_aktualna_14_.geojson,,False,tylko mapa,,,,,,10500,3,demonstracja
2011_DE_korso_DGB,2011,Lata,DE,DGB,korso,name,DGB,False,zwiazkowe,2011 DGB Fahrrad-Korso,"Treff: 09:00 Uhr, DGB-Haus, Keithstraße 1-3, Ecke Kleiststraße Start: 10:00 Uhr, Kleiststraße Richtung Nollendorfplatz Ziel: ca. 11:30, Bühne am Brandenburger Tor

ANMELDUNG

Route: START 10:00 Uhr Keithstraße → Kleiststraße → Bülowstraße → Potsdamer Straße → Potsdamer Platz → Stresemannstraße → Mehringbrücke → Tempelhofer Ufer → Waterloo-Ufer → Gitschiner Straße → Skalitzer Straße → Oberbaumbrücke → Mühlenstraße → Stralauer Straße → Grunerstraße → Alexanderplatz → Karl-Liebknecht-Straße → Unter den Linden → Platz des 18. März ZIEL ca. 11:30 Uhr (waybackmachine DGB)

Attendance: 100 (taz)",,101,101,LineString,15446.5,"52.501607,13.345894","52.516499,13.381219",95,1__mai_berlin_aktualna_14_.geojson,,False,tylko mapa,,,,,,11500,4,demonstracja
2012_DE_korso_DGB,2012,Lata,DE,DGB,korso,name,DGB,False,zwiazkowe,2012-2014; 2016 DGB Fahrradkorso,"2012-2016 assumed the same route as 2017:
*Ein Korso für Skater und Radler beginnt um 9 Uhr an der Spandauer Straße. Er führt über die Invalidenstraße und die Kurfürstenstraße zum Brandenburger Tor.* (Berliner Zeitung, 30.04)

## 2012
„Um 10 Uhr sollen an der Spandauer Straße ein Motorrad- und ein Fahrrad-Korso … Die Route verläuft über die Oranienburger Straße zum Brandenburger Tor.” 

Attendance: 100 (2012, taz)",,100,100,LineString,14645.6,"52.521431,13.403106","52.51609,13.377328",96,1__mai_berlin_aktualna_14_.geojson,,False,tylko mapa,,,,,,12625,4,demonstracja
2013_DE_korso_DGB,2013,Lata,DE,DGB,korso,name,DGB,False,zwiazkowe,2012-2014; 2016 DGB Fahrradkorso,"2012-2016 assumed the same route as 2017:
*Ein Korso für Skater und Radler beginnt um 9 Uhr an der Spandauer Straße. Er führt über die Invalidenstraße und die Kurfürstenstraße zum Brandenburger Tor.* (Berliner Zeitung, 30.04)

## 2012
„Um 10 Uhr sollen an der Spandauer Straße ein Motorrad- und ein Fahrrad-Korso … Die Route verläuft über die Oranienburger Straße zum Brandenburger Tor.” 

Attendance: 100 (2012, taz)",,100,100,LineString,14645.6,"52.521431,13.403106","52.51609,13.377328",96,1__mai_berlin_aktualna_14_.geojson,,False,tylko mapa,,,,,,9750,2,demonstracja
2014_DE_korso_DGB,2014,Lata,DE,DGB,korso,name,DGB,False,zwiazkowe,2012-2014; 2016 DGB Fahrradkorso,"2012-2016 assumed the same route as 2017:
*Ein Korso für Skater und Radler beginnt um 9 Uhr an der Spandauer Straße. Er führt über die Invalidenstraße und die Kurfürstenstraße zum Brandenburger Tor.* (Berliner Zeitung, 30.04)

## 2012
„Um 10 Uhr sollen an der Spandauer Straße ein Motorrad- und ein Fahrrad-Korso … Die Route verläuft über die Oranienburger Straße zum Brandenburger Tor.” 

Attendance: 100 (2012, taz)",,100,100,LineString,14645.6,"52.521431,13.403106","52.51609,13.377328",96,1__mai_berlin_aktualna_14_.geojson,,False,tylko mapa,,,,,,10000,2,demonstracja
2016_DE_korso_DGB,2016,Lata,DE,DGB,korso,name,DGB,False,zwiazkowe,2012-2014; 2016 DGB Fahrradkorso,"2012-2016 assumed the same route as 2017:
*Ein Korso für Skater und Radler beginnt um 9 Uhr an der Spandauer Straße. Er führt über die Invalidenstraße und die Kurfürstenstraße zum Brandenburger Tor.* (Berliner Zeitung, 30.04)

## 2012
„Um 10 Uhr sollen an der Spandauer Straße ein Motorrad- und ein Fahrrad-Korso … Die Route verläuft über die Oranienburger Straße zum Brandenburger Tor.” 

Attendance: 100 (2012, taz)",,100,100,LineString,14645.6,"52.521431,13.403106","52.51609,13.377328",96,1__mai_berlin_aktualna_14_.geojson,,False,tylko mapa,,,,,,14000,1,demonstracja
2015_DE_korso_DGB,2015,Lata,DE,DGB,korso,name,DGB,False,zwiazkowe,2015 DGB Fahrradkorso,"2015 DGB Fahrradkorso
300 rolkarzy i rowerzystów
Godz.: 09:00–11:20 (start 10:00)
Pełna trasa: start od Wyspy Muzeów (Museumsinsel) → rejon Hackescher Hof → Zoo Berlin (Tiergarten Garten) → przez Potsdamer Platz → Brandenburger Tor (otoa.com; wygląda na wersję skróconą; odpowiada trasie z 2017)

 *Ein Korso für Skater und Radler beginnt um 9 Uhr an der Spandauer Straße. Er führt über die Invalidenstraße und die Kurfürstenstraße zum Brandenburger Tor.* Berliner Zeitung 30.04.2015",,100,100,LineString,14645.6,"52.521431,13.403106","52.51609,13.377328",97,1__mai_berlin_aktualna_14_.geojson,,False,tylko mapa,,,,,,15000,1,demonstracja
2017_DE_korso_DGB,2017,Lata,DE,DGB,korso,name,DGB,False,zwiazkowe,2017 DGB Fahrradkorso,"2017 – Fahrrad-Korso START um 10 Uhr am Hackeschen Markt:  Spandauer Straße, nach links ➫ Karl-Liebknecht-Straße, nach links ➫ Torstraße ➫ Rosenthaler Platz ➫ Torstraße ➫ Oranienburger Tor ➫ Chausseestraße ➫ Invalidenstraße ➫ Alt-Moabit ➫ Gotzkowskystraße ➫ Gotzkowskybrücke ➫ Franklinstraße ➫ Marchstraße ➫ Ernst-Reuter-Platz ➫ Hardenbergstraße ➫ Budapester Straße ➫ Kurfürstenstraße ➫ Potsdamer Straße ➫  Potsdamer Platz ➫ Ebertstraße ➫ Platz des 18. März ZIEL ca. 11.30 Uhr (DGB Flyer)
",,100,100,LineString,14645.6,"52.521431,13.403106","52.51609,13.377328",98,1__mai_berlin_aktualna_14_.geojson,,False,tylko mapa,,,,,,14000,1,demonstracja
2018_DE_korso_DGB,2018,Lata,DE,DGB,korso,name,DGB,False,zwiazkowe,2018 Fahrrad Demo,"2018 – Es wird auch wieder einen Motorrad- und Fahrradkorsogeben. Beide starten ebenfalls9 Uhr an der Spandauer Straßeund enden am Platz des 18. März. (Berliner Zeitung 30.4); Unter dem Motto „Platz nehmen“ er-fahren wir beim Fahrradkorso am 1.Mai verschiedene Aspekte der Emanzipation – von Generalstreik bis City-Bike.  Der DGB erinnert an Höhepunkte der Arbeiterbewegung in Berlin, die IG Metall berichtet von ihren aktuellen sozialen Kämpfen und der ADFC Berlin erläutert, wie Radfahrende sich für Flächen- und Umweltgerechtigkeit, Solidarität und Sicherheit im Straßenverkehr einsetzen. (DGB Flyer)",,360,360,LineString,10673.6,"52.522161,13.40224","52.516162,13.377521",99,1__mai_berlin_aktualna_14_.geojson,,False,tylko mapa,,,,,,9500,2,demonstracja
2019_DE_korso_DGB,2019,Lata,DE,DGB,korso,name,DGB,False,zwiazkowe,2019 Fahrradkorso,"*Beginn  1. Mai 2019
10:00 am **Henriette-Hertz-Platz** 
Ende ca. 11:30 beim Mai-Fest am Brandenburger Tor.  
---
Die gut zehn Kilometer lange Strecke führt durch Mitte, Friedrichshain, Kreuzberg und Tiergarten, mit Zwischenkundgebungen am **Moritzplatz** und an der **Lindenstraße/ Ecke Alte Jakobstraße**. Eingeladen sind Radfahrende mit und ohne Gewerkschaftsmitgliedschaft, ArbeiterInnen mit und ohne viel Radfahrpraxis sowie Familien, Stadtteilinitiativen und alle, die am 1. Mai ein Zeichen setzen möchten für ein gerechtes und lebenswertes Berlin.* (DGB Maizeitung 2019)",,200,200,LineString,11083.9,"52.5216,13.402902","52.516221,13.37667",100,1__mai_berlin_aktualna_14_.geojson,,False,tylko mapa,,,,,,13000,1,demonstracja
2003_DE_korso_DGB,2003,Lata,DE,DGB,korso,name,DGB,False,zwiazkowe,2003 DGB Motorradkorso,"Assumed similiar route as in 2005

*Um 11 Uhr startet ein Motorradkorso vom U-Bahnhof Ruhleben. (BZ, 30.04.2003)*

2005 – Der 1.-Mai-Motorrad-Korso findet bereits zum dritten Mal statt. 2004 haben bereits über 200 Biker auf Motorrädern, Gespannen und Rollern teilgenommen. Diese Zahl wollen wir in diesem Jahr toppen. Wer Lust hat, kann an seinem Motorrad auch eine Gewerkschaftsfahne mitführen. Am sichersten ist das natürlich, wenn diese von einem Sozius gehalten wird. Bitte auf der Anmeldung vermerken!
Achtung, die Helmpflicht ist trotz Demoanmeldung nicht aufgehoben - safety first. Am Ziel bekommen alle Biker mit Helm eine Erfrischung.
Route:
START 10:15 Uhr, Olympischer Platz→ Olympische Straße→ Reichsstraße→ Theodor-Heuss-Platz→ Masurenallee→ Messedamm→ Halenseestraße→ Rathenauplatz→ Kurfürstendamm→ Tauentzienstraße→ Kleiststraße→ An der Urania (östliche Fahrbahn, Richtung Nord)→ Schillstraße→ Lützowufer→ Schöneberger Ufer→ Tempelhofer Ufer→ Waterlooufer→ Gitschiner Straße→ Skalitzer Straße→ Kottbusser Tor→ Skalitzer Straße→ Oberbaumstraße→ Oberbaumbrücke→ Warschauer Straße→ Karl-Marx-Allee→ Alexanderplatz→ Karl-Liebknecht-Straße→ Spandauer Straße ZIEL: Platz vor dem Berliner Rathaus (wayback machine DGB)",,100,100,LineString,22893.4,"52.526091,13.240674","52.518467,13.406925",101,1__mai_berlin_aktualna_14_.geojson,,False,tylko mapa,,,,,,13500,2,demonstracja
2004_DE_demonstracja_DGB_a,2004,Lata,DE,DGB,demonstracja,name,DGB,False,zwiazkowe,2004-2005 DGB Motorcycle Demonstration,"2004 – assumed the same route
2005 – Der 1.-Mai-Motorrad-Korso findet bereits zum dritten Mal statt. 2004 haben bereits über 200 Biker auf Motorrädern, Gespannen und Rollern teilgenommen. Diese Zahl wollen wir in diesem Jahr toppen. Wer Lust hat, kann an seinem Motorrad auch eine Gewerkschaftsfahne mitführen. Am sichersten ist das natürlich, wenn diese von einem Sozius gehalten wird. Bitte auf der Anmeldung vermerken!
Achtung, die Helmpflicht ist trotz Demoanmeldung nicht aufgehoben - safety first. Am Ziel bekommen alle Biker mit Helm eine Erfrischung.
Route:
START 10:15 Uhr, Olympischer Platz→ Olympische Straße→ Reichsstraße→ Theodor-Heuss-Platz→ Masurenallee→ Messedamm→ Halenseestraße→ Rathenauplatz→ Kurfürstendamm→ Tauentzienstraße→ Kleiststraße→ An der Urania (östliche Fahrbahn, Richtung Nord)→ Schillstraße→ Lützowufer→ Schöneberger Ufer→ Tempelhofer Ufer→ Waterlooufer→ Gitschiner Straße→ Skalitzer Straße→ Kottbusser Tor→ Skalitzer Straße→ Oberbaumstraße→ Oberbaumbrücke→ Warschauer Straße→ Karl-Marx-Allee→ Alexanderplatz→ Karl-Liebknecht-Straße→ Spandauer Straße ZIEL: Platz vor dem Berliner Rathaus (wayback machine DGB)",,200,200,LineString,21527.5,"52.515542,13.24947","52.518467,13.406925",102,1__mai_berlin_aktualna_14_.geojson,,False,mapa+rocznik,pelny,"Zuvor waren die rund 20.000 Demonstranten friedlich vom Brandenburger Tor durch die Berliner Innenstadt zum Roten Rathaus marschiert. „Neoliberal ist asozial“ oder „Nichts ist gut so – schon gar nicht in Berlin“ war unter anderem auf den Transparenten zu lesen (taz 3.05.2004)Die Marschroute verläuft vom Brandenburger Tor über Dorotheen-, Luisen-, Hannoversche Straße, durch die Oranienburger Straße, vorbei am Hackeschen Markt über die Spandauer Straße zum Roten Rathaus, wo sie zur Kundgebung um 11.30 Uhr endet. (taz 28.04.2004)","Unser Europa – frei, gleich, gerecht",45000,Hasło_DGB;TrasaDGB;Apel_DGB;FrekwencjaDGB,18500,2,demonstracja
2005_DE_demonstracja_DGB_b,2005,Lata,DE,DGB,demonstracja,name,DGB,False,zwiazkowe,2004-2005 DGB Motorcycle Demonstration,"2004 – assumed the same route
2005 – Der 1.-Mai-Motorrad-Korso findet bereits zum dritten Mal statt. 2004 haben bereits über 200 Biker auf Motorrädern, Gespannen und Rollern teilgenommen. Diese Zahl wollen wir in diesem Jahr toppen. Wer Lust hat, kann an seinem Motorrad auch eine Gewerkschaftsfahne mitführen. Am sichersten ist das natürlich, wenn diese von einem Sozius gehalten wird. Bitte auf der Anmeldung vermerken!
Achtung, die Helmpflicht ist trotz Demoanmeldung nicht aufgehoben - safety first. Am Ziel bekommen alle Biker mit Helm eine Erfrischung.
Route:
START 10:15 Uhr, Olympischer Platz→ Olympische Straße→ Reichsstraße→ Theodor-Heuss-Platz→ Masurenallee→ Messedamm→ Halenseestraße→ Rathenauplatz→ Kurfürstendamm→ Tauentzienstraße→ Kleiststraße→ An der Urania (östliche Fahrbahn, Richtung Nord)→ Schillstraße→ Lützowufer→ Schöneberger Ufer→ Tempelhofer Ufer→ Waterlooufer→ Gitschiner Straße→ Skalitzer Straße→ Kottbusser Tor→ Skalitzer Straße→ Oberbaumstraße→ Oberbaumbrücke→ Warschauer Straße→ Karl-Marx-Allee→ Alexanderplatz→ Karl-Liebknecht-Straße→ Spandauer Straße ZIEL: Platz vor dem Berliner Rathaus (wayback machine DGB)",,200,200,LineString,21527.5,"52.515542,13.24947","52.518467,13.406925",102,1__mai_berlin_aktualna_14_.geojson,,False,mapa+rocznik,pelny,"1. Mai-Demonstrationen des DGB, MaiLauf ab 8 Uhr vom Roten Rathaus über den Großen Stern und zurück +++9.30 Uhr: Skater-Korso vom Olympischen Platz und 9.45 Uhr: MotorradKorso, ebenfalls vom Olympischen Platz +++ Abschlusskundgebung um11 Uhr vorm Roten Rathaus +++ „Aktionsbündnis gegen Studiengebühren“ demonstriert mit einem Block auf der DGB-Demo, Treffpunkt um10 Uhr +++ „Klassenkampf statt Co-Management“, oppositionellerBlock auf der DGB-Demo, Treffpunkt um 10 Uhr am Brandenburger Tor+++ „Echte Gewerkschafter kämpfen“, Demonstration um 12 Uhr mitZiel Industrie- und Handelskammer in der Breiten Straße +++ Große Abschlusskundgebung um 11 Uhr am Roten Rathaus +++
Route:Treff (bike?) DGB-Haus, Keithstraße 1-3–Kleiststraße – An der Urania–Kurfürstenstraße–Potsdamer Straße–zum Potsdamer Platzrechts –in die Stresemannstraße – Mehringbrücke – Links in die Straße – Tempelhofer Ufer – Waterlooufer – Girtschiner Straße – Skalitzer Straße – Oberbaumbrücke – Links in die Mühlenstraße – Stralauer Platz – Holzmarktstraße – Stralauer Straße – Rechts in die Grunerstraße – Links in die Straße Alexanderplatz – Links in die Karl-Liebknecht-Straße – Unter den LindenEnde:Brandenburger Tor
Route:Ebertstraße Richtung Nord, DorotheenstraßeLuisenstraßerechts in die Reinhardtstraßerechts in die Friedrichstraßelinks Unter den LindenKarl-Liebknecht-StraßeSpandauer StraßeEnde:Platz vor dem Roten Rathaus. (waybackmachine erstermai.dgb)",Du bist mehr. Mehr als ein Nummer. Mehr als ein Kostenfaktor. Du hast Würde. Zeig sie!,10400,Hasło_DGB;TrasaDGB;FrekwencjaDGB;Apel_DGB,10500,4,demonstracja
2006_DE_korso_DGB_a,2006,Lata,DE,DGB,korso,name,DGB,False,zwiazkowe,2006 DGB Motorradkorso,"1. Mai-Motorrad-Korso
vom DGB-Gewerkschaftshaus am Wittenbergplatz zum Brandenburger Tor

Treff: 09:00 Uhr, DGB-Haus, Keithstraße 1-3, Ecke Kleiststraße
Start: 09:45 Uhr, Kleiststraße Richtung Nollendorfplatz 
Die ersten 50 erhalten am Start kostenlos ein T-Shirt „ride for the future""

(assumed the same route as in 2007)",,80,80,LineString,20674.4,"52.5013,13.345846","52.516691,13.377788",103,1__mai_berlin_aktualna_14_.geojson,,False,tylko mapa,,,,,,13500,5,demonstracja
2007_DE_korso_DGB_a,2007,Lata,DE,DGB,korso,name,DGB,False,zwiazkowe,2007 Motorradkorso,"## 2007
Treff: 09:00 Uhr, DGB-Haus, Keithstraße 1-3, Ecke Kleiststraße
Start: 09:45 Uhr, Kleiststraße Richtung Nollendorfplatz
Die ersten 50 erhalten am Start kostenlos ein T-Shirt „ride for the future""

Wer Lust hat, kann an seinem Motorrad auch eine Gewerkschaftsfahne mitführen. Am sichersten ist das natürlich, wenn diese von einem Sozius gehalten wird. Bitte auf der Anmeldung vermerken!
Route:
START 09:45 Uhr, Kleiststraße
→ Bülowstraße
→ Potsdamer Straße
→ Potsdamer Platz
→ Stresemannstraße
→ Mehringbrücke
→ Tempelhofer Ufer
→ Waterlooufer
→ Gitschiner Straße
→ Skalitzer Straße
→ Oberbaumbrücke
→ Warschauer Straße
→ U-Bhf. Frankfurter Tor
→ Petersburger Straße
→ Danziger Straße
→ Kastanienallee
→ Veteranenstraße
→ Invalidenstraße
→ Willi-Brandt-Straße
→ Heinrich-von-Gagern-Straße
→ Scheidemannstraße
→ Ebertstraße
ZIEL: Brandenburger Tor (Parken in der nördlichen Ebertstraße direkt neben der Bühne) (waybackmachine erstermai.dgb.de)

## 2011
(https://www.parlament-berlin.de/ados/16/InnSichO/protokoll/iso16-077-bp-anlage2.pdf)",,100,100,LineString,20674.4,"52.5013,13.345846","52.516691,13.377788",104,1__mai_berlin_aktualna_14_.geojson,,False,tylko mapa,,,,,,10500,3,demonstracja
2008_DE_korso_DGB_a,2008,Lata,DE,DGB,korso,name,DGB,False,zwiazkowe,2008; 2010 Motorrad Demo,"2008 (assumed the same route as 2009 and 2011)
1. Mai-Fahrrad-Korso vom DGB-Gewerkschaftshaus am Wittenbergplatz zum Brandenburger Tor

Treff: 09:00 Uhr, DGB-Haus, Keithstraße 1-3, Ecke Kleiststraße Start: 10:00 Uhr, Kleiststraße Richtung Nollendorfplatz

2010 Attendance 80 (TsG)",,80,80,LineString,28786.3,"52.5013,13.345846","52.516691,13.377673",105,1__mai_berlin_aktualna_14_.geojson,,False,tylko mapa,,,,,,9125,4,demonstracja
2010_DE_korso_DGB_a,2010,Lata,DE,DGB,korso,name,DGB,False,zwiazkowe,2008; 2010 Motorrad Demo,"2008 (assumed the same route as 2009 and 2011)
1. Mai-Fahrrad-Korso vom DGB-Gewerkschaftshaus am Wittenbergplatz zum Brandenburger Tor

Treff: 09:00 Uhr, DGB-Haus, Keithstraße 1-3, Ecke Kleiststraße Start: 10:00 Uhr, Kleiststraße Richtung Nollendorfplatz

2010 Attendance 80 (TsG)",,80,80,LineString,28786.3,"52.5013,13.345846","52.516691,13.377673",105,1__mai_berlin_aktualna_14_.geojson,,False,tylko mapa,,,,,,9750,2,demonstracja
2009_DE_korso_DGB_a,2009,Lata,DE,DGB,korso,name,DGB,False,zwiazkowe,2009;2011 Motorrad Demo,"2009 – vom DGB - Gewerkschaftshaus am Wittenbergplatz zum Brandenburger Tor

Treff: 09:00 Uhr, DGB-Haus, Keithstraße 1-3, Ecke Kleiststraße
Start: 10:00 Uhr, Kleiststraße Richtung Nollendorfplatz START: Kleiststraße
→ An der Urania
→ Kurfürstenstraße
→ Potsdamer Straße
→ Potsdamer Platz
→ Stresemannstraße
→ Wilhelmstraße
→ Mehringbrücke
→ Mehringdamm
→ Gneisenaustraße
→ Südstern
→ Hasenheide
→ Hermannplatz
→ Hermannstraße
→ Silbersteinstraße
→ Karl-Marx-Straße
→ Hermannplatz
→ Kottbusser Damm
→ Kottbusser Tor
→ Skalitzer Straße
→ Oberbaumstraße
→ Oberbaumbrücke
→ Am Oberbaum
→ Warschauer Straße
→ Frankfurter Tor
→ Petersburger Straße
→ Bersarinplatz
→ Petersburger Straße
→ Danziger Straße
→ Kastanienallee
→ Fehrbelliner Straße
→ Veteranenstraße
→ Invalidenstraße
→ Alt Moabit
→ Moltkebrücke
→ Willi-Brandt-Straße
→ Scheidemannstraße
→ Ebertstraße
ZIEL: Platz des 18. März

## 2011
(https://www.parlament-berlin.de/ados/16/InnSichO/protokoll/iso16-077-bp-anlage2.pdf)

Attendance: 45 (taz, 2011)",,45,45,LineString,28786.3,"52.5013,13.345846","52.516691,13.377673",106,1__mai_berlin_aktualna_14_.geojson,,False,tylko mapa,,,,,,13500,3,demonstracja
2011_DE_korso_DGB_a,2011,Lata,DE,DGB,korso,name,DGB,False,zwiazkowe,2009;2011 Motorrad Demo,"2009 – vom DGB - Gewerkschaftshaus am Wittenbergplatz zum Brandenburger Tor

Treff: 09:00 Uhr, DGB-Haus, Keithstraße 1-3, Ecke Kleiststraße
Start: 10:00 Uhr, Kleiststraße Richtung Nollendorfplatz START: Kleiststraße
→ An der Urania
→ Kurfürstenstraße
→ Potsdamer Straße
→ Potsdamer Platz
→ Stresemannstraße
→ Wilhelmstraße
→ Mehringbrücke
→ Mehringdamm
→ Gneisenaustraße
→ Südstern
→ Hasenheide
→ Hermannplatz
→ Hermannstraße
→ Silbersteinstraße
→ Karl-Marx-Straße
→ Hermannplatz
→ Kottbusser Damm
→ Kottbusser Tor
→ Skalitzer Straße
→ Oberbaumstraße
→ Oberbaumbrücke
→ Am Oberbaum
→ Warschauer Straße
→ Frankfurter Tor
→ Petersburger Straße
→ Bersarinplatz
→ Petersburger Straße
→ Danziger Straße
→ Kastanienallee
→ Fehrbelliner Straße
→ Veteranenstraße
→ Invalidenstraße
→ Alt Moabit
→ Moltkebrücke
→ Willi-Brandt-Straße
→ Scheidemannstraße
→ Ebertstraße
ZIEL: Platz des 18. März

## 2011
(https://www.parlament-berlin.de/ados/16/InnSichO/protokoll/iso16-077-bp-anlage2.pdf)

Attendance: 45 (taz, 2011)",,45,45,LineString,28786.3,"52.5013,13.345846","52.516691,13.377673",106,1__mai_berlin_aktualna_14_.geojson,,False,tylko mapa,,,,,,11500,4,demonstracja
2012_DE_korso_DGB_a,2012,Lata,DE,DGB,korso,name,DGB,False,zwiazkowe,2012-2014;2016 Motorradkorso ,"Assumed the same route as 2017

**2012**
10:00 Uhr: Start der Demos Hackescher Markt
Motorrad-Korso, Fahrrad-Korso, Skater-Demo
Demonstrationszug zum Brandenburger Tor (DGB Einladung 2012)

**2013**
10:00 Uhr: Start der Demos Hackescher Markt
Motorrad-Korso, Fahrrad-Korso, Skater-Demo
Demonstrationszug zum Brandenburger Tor (DGB Einladung 2013)


**2016**
10:00 – Hackescher Markt/Spandauer Strasse
 – ""Eindrucksvoll auch der Motorrad-Korso, der im Namen des Mindestlohns mit Polizeieskorte über den Kudamm herangebraust war."" 

*Die Route für Biker beginnt zur selben Zeit an der Spandauer Straße und führt über die Bornholmer Straße zur Hermannstraße, dem Südstern, die Gneisenaustraße bis zum Brandenburger Tor. ""Die Straßen sind voll. Autofahrer haben kaum Chancen, durch die Stadt zu kommen"", warnt die Polizei.*
(Morgenpost 2.05.2015)
– 11:30 Brandenburger Tor ",,50,50,LineString,42913.8,"52.521287,13.402742","52.516191,13.377274",107,1__mai_berlin_aktualna_14_.geojson,,False,tylko mapa,,,,,,12625,4,demonstracja
2013_DE_korso_DGB_a,2013,Lata,DE,DGB,korso,name,DGB,False,zwiazkowe,2012-2014;2016 Motorradkorso ,"Assumed the same route as 2017

**2012**
10:00 Uhr: Start der Demos Hackescher Markt
Motorrad-Korso, Fahrrad-Korso, Skater-Demo
Demonstrationszug zum Brandenburger Tor (DGB Einladung 2012)

**2013**
10:00 Uhr: Start der Demos Hackescher Markt
Motorrad-Korso, Fahrrad-Korso, Skater-Demo
Demonstrationszug zum Brandenburger Tor (DGB Einladung 2013)


**2016**
10:00 – Hackescher Markt/Spandauer Strasse
 – ""Eindrucksvoll auch der Motorrad-Korso, der im Namen des Mindestlohns mit Polizeieskorte über den Kudamm herangebraust war."" 

*Die Route für Biker beginnt zur selben Zeit an der Spandauer Straße und führt über die Bornholmer Straße zur Hermannstraße, dem Südstern, die Gneisenaustraße bis zum Brandenburger Tor. ""Die Straßen sind voll. Autofahrer haben kaum Chancen, durch die Stadt zu kommen"", warnt die Polizei.*
(Morgenpost 2.05.2015)
– 11:30 Brandenburger Tor ",,50,50,LineString,42913.8,"52.521287,13.402742","52.516191,13.377274",107,1__mai_berlin_aktualna_14_.geojson,,False,tylko mapa,,,,,,9750,2,demonstracja
2014_DE_korso_DGB_a,2014,Lata,DE,DGB,korso,name,DGB,False,zwiazkowe,2012-2014;2016 Motorradkorso ,"Assumed the same route as 2017

**2012**
10:00 Uhr: Start der Demos Hackescher Markt
Motorrad-Korso, Fahrrad-Korso, Skater-Demo
Demonstrationszug zum Brandenburger Tor (DGB Einladung 2012)

**2013**
10:00 Uhr: Start der Demos Hackescher Markt
Motorrad-Korso, Fahrrad-Korso, Skater-Demo
Demonstrationszug zum Brandenburger Tor (DGB Einladung 2013)


**2016**
10:00 – Hackescher Markt/Spandauer Strasse
 – ""Eindrucksvoll auch der Motorrad-Korso, der im Namen des Mindestlohns mit Polizeieskorte über den Kudamm herangebraust war."" 

*Die Route für Biker beginnt zur selben Zeit an der Spandauer Straße und führt über die Bornholmer Straße zur Hermannstraße, dem Südstern, die Gneisenaustraße bis zum Brandenburger Tor. ""Die Straßen sind voll. Autofahrer haben kaum Chancen, durch die Stadt zu kommen"", warnt die Polizei.*
(Morgenpost 2.05.2015)
– 11:30 Brandenburger Tor ",,50,50,LineString,42913.8,"52.521287,13.402742","52.516191,13.377274",107,1__mai_berlin_aktualna_14_.geojson,,False,tylko mapa,,,,,,10000,2,demonstracja
2016_DE_korso_DGB_a,2016,Lata,DE,DGB,korso,name,DGB,False,zwiazkowe,2012-2014;2016 Motorradkorso ,"Assumed the same route as 2017

**2012**
10:00 Uhr: Start der Demos Hackescher Markt
Motorrad-Korso, Fahrrad-Korso, Skater-Demo
Demonstrationszug zum Brandenburger Tor (DGB Einladung 2012)

**2013**
10:00 Uhr: Start der Demos Hackescher Markt
Motorrad-Korso, Fahrrad-Korso, Skater-Demo
Demonstrationszug zum Brandenburger Tor (DGB Einladung 2013)


**2016**
10:00 – Hackescher Markt/Spandauer Strasse
 – ""Eindrucksvoll auch der Motorrad-Korso, der im Namen des Mindestlohns mit Polizeieskorte über den Kudamm herangebraust war."" 

*Die Route für Biker beginnt zur selben Zeit an der Spandauer Straße und führt über die Bornholmer Straße zur Hermannstraße, dem Südstern, die Gneisenaustraße bis zum Brandenburger Tor. ""Die Straßen sind voll. Autofahrer haben kaum Chancen, durch die Stadt zu kommen"", warnt die Polizei.*
(Morgenpost 2.05.2015)
– 11:30 Brandenburger Tor ",,50,50,LineString,42913.8,"52.521287,13.402742","52.516191,13.377274",107,1__mai_berlin_aktualna_14_.geojson,,False,tylko mapa,,,,,,14000,1,demonstracja
2015_DE_korso_DGB_a,2015,Lata,DE,DGB,korso,name,DGB,False,zwiazkowe,2015 Motorradkorso ,"Route via https://www.otoa.com/

## 2015
■ Zarys demonstracji zaplanowanej na 1 maja
◎ Demonstracja motocyklowa zorganizowana przez Niemiecki Związek Zawodowy (DGB)
〔Uczestnicy〕
　Około 200 motocykli
〔Godziny〕
　09:00–11:20 (początek o godz. 10:00)
〔Trasa〕
　Początek na Spandauer Str. (ulica w pobliżu Wyspy Muzeów), przejazd przez dzielnicę Mitte.
　↓　Spandauer Brücke
　↓　Rosenthaler Str.
　↓　Brunnenstr.
　↓　Veteranenstr.
　↓　Zionskirchplatz
　↓　Zionskirchstr.
　↓　Choriner Str.
　↓　Schonhauser Allee
　↓　Danziger Str.
　↓　Petersburger Str.
　↓　Frankfurter Tor
　↓　Warschauer Str.
　↓　Am Oberbaum
　Następnie przejeżdżamy przez most Oberbaumbrucke w kierunku dzielnicy Kreuzberg,
　a stamtąd udajemy się w okolice Kurfürstendamm.
　↓　Skalitzer Str.
　↓　Kottbusser Tor
　↓　Kottbusser Damm
　↓　Hermannplatz
　↓　Karl-Marx-Str.
　↓　Silbersteinstr.
　↓　Hermannstr.
　↓　Hermannplatz
　↓　Hasenheide
　↓　Sudstern
　↓　Gneisenaustr.
　↓　Yorckstr.
　↓　Goebenstr.
　↓　Pallasstr
　↓　Hohenstauffenstr.
　↓　Nachodstr.
　↓　Hohenzollerndamm
　↓　Fehrbelliner Platz
　↓　Brandenburgische Str.
　↓　Adenauer Platz
　↓　Kurfürstendamm
　↓　Tauentzienstr.
　↓　An der Urania
　↓　Schillstr.
　↓　Lutzowufer
　↓　Schöneberger Ufer
　↓　Potsdamer Str.
　↓　Potsdamer Platz
　↓　Ebertstr.
*Die Route für Biker beginnt zur selben Zeit an der Spandauer Straße und führt über die Bornholmer Straße zur Hermannstraße, dem Südstern, die Gneisenaustraße bis zum Brandenburger Tor. ""Die Straßen sind voll. Autofahrer haben kaum Chancen, durch die Stadt zu kommen"", warnt die Polizei.*
(Morgenpost 2.05.2015)
– 11:30 Brandenburger Tor ",,200,200,LineString,33277.8,"52.521287,13.402742","52.516191,13.377274",108,1__mai_berlin_aktualna_14_.geojson,,False,tylko mapa,,,,,,15000,1,demonstracja
2017_DE_korso_DGB_a,2017,Lata,DE,DGB,korso,name,DGB,False,zwiazkowe,2017-2018 Motorrad Demo,"2017 – Motorrad-Korso START um 10 Uhr am Hackeschen Markt (DGB Flyer 2017)
2018 – Es wird auch wieder einen Motorrad- und Fahrradkorsogeben. Beide starten ebenfalls9 Uhr an der Spandauer Straßeund enden am Platz des 18. März. (Berliner Zeitung 30.4)",,75,75,LineString,42929.6,"52.522109,13.402175","52.516296,13.378402",109,1__mai_berlin_aktualna_14_.geojson,,False,tylko mapa,,,,,,14000,1,demonstracja
2018_DE_korso_DGB_a,2018,Lata,DE,DGB,korso,name,DGB,False,zwiazkowe,2017-2018 Motorrad Demo,"2017 – Motorrad-Korso START um 10 Uhr am Hackeschen Markt (DGB Flyer 2017)
2018 – Es wird auch wieder einen Motorrad- und Fahrradkorsogeben. Beide starten ebenfalls9 Uhr an der Spandauer Straßeund enden am Platz des 18. März. (Berliner Zeitung 30.4)",,75,75,LineString,42929.6,"52.522109,13.402175","52.516296,13.378402",109,1__mai_berlin_aktualna_14_.geojson,,False,tylko mapa,,,,,,9500,2,demonstracja
2019_DE_korso_DGB_a,2019,Lata,DE,DGB,korso,name,DGB,False,zwiazkowe,2019 Motorrad Demo,"2017 – Motorrad-Korso START um 10 Uhr am Hackeschen Markt (DGB Flyer 2017)
2018 – Es wird auch wieder einen Motorrad- und Fahrradkorsogeben. Beide starten ebenfalls9 Uhr an der Spandauer Straßeund enden am Platz des 18. März. (Berliner Zeitung 30.4)
2019 – Berliner Zeitung [@kopietz1987HatSich2019]",,50,50,LineString,42732.6,"52.522109,13.402175","52.516296,13.378402",110,1__mai_berlin_aktualna_14_.geojson,,False,tylko mapa,,,,,,13000,1,demonstracja
2000_DE_demonstracja_DGB_c,2000,Lata,DE,DGB,demonstracja,name,DGB,False,zwiazkowe,"2000 DGB Inline-Skates Demo. ""Wir lassen uns nicht abhängen""","Start: Rotes Rathaus (Rathausstraße/Ecke Breite Straße) 10:00 Uhr
- Werderstraße - Französische Straße - Friedrichstraße - ehem. Checkpoint Charlie
- Kochstraße - Wilhelmstraße - Anhalter Straße -
Anhalter Bahnhof - Stresemannstraße -
Potsdamer Platz- Potsdamer Straße - Scharounstraße - Herbert-v. Karajan-Straße -Philharmonie- Tiergartenstraße - Hofjägerallee -
Großer Stern- Straße des 17. Juni -Brandenburger Tor (ca. 11:00 bis 11:20 Uhr)- Unter den Linden - Karl-Liebknecht-Straße - Spandauer Straße -
Ziel: Rotes Rathaus DGB-Kundgebung 11:30 Uhr

Attendance: 350 (Tagesspiegel); 1000 (DGB Gewerkschaftsbericht)",,675,675,LineString,10153.5,"52.518519,13.407442","52.518336,13.40721",111,1__mai_berlin_aktualna_14_.geojson,,False,mapa+rocznik,pelny,"Die Gewerkschaftler brechen ab 10 Uhr zur Demonstration „Für mehr Beschäftigung“ auf. Treffpunkte: ÖTV-Haus (Engeldamm), IG-Metall-Haus (Alte Jakobstraße), DGB-Bundesvorstand (Burgstraße). Auch zahlreiche Inline-Skater wollen ab 10 Uhr vom Roten Rathaus aus zur Kundgebung des DGB anrollen (ab 11.30 Uhr, Platz vor dem Roten Rathaus). (29.04 taz)
10 Uhr: ab IG-Metall-Haus (über Alte Jakobstraße inKreuzberg, Fischerinsel, Breite, Rathaus- und Spandauer Straße), abÖTV-Haus (Engeldamm in Mitte, über Heinrich-Heine-, Brücken-, Alexander-,Grunerstraße, Straße am Alexanderplatz, Karl-Liebknecht- und SpandauerStraße), ab _DGB_-Bundesvorstand (ab Hackescher Markt in Mitte überRosenthaler Straße, Weinbergsweg, Schönhauser Allee, Rosa-Luxemburg-,Karl-Liebknecht-, Spandauer Straße), Skaterdemonstration (ab RotemRathaus, Unter den Linden, Straße des 17. Juni, Tiergartenstraße, Potsdamer Platz, Anhalter Bahnhof, Friedrich- und Französische Straße) 11.30 _DGB_-Kundgebung vorm Roten Rathaus, anschließend Maifest am Neptunbrunnen. (BK 29.04)",Jetzt aufbrechen: Für mehr Beschäftigung,9667,Hasło_DGB;TrasaDGB;FrekwencjaDGB;Apel_DGB,11167,6,demonstracja
2005_DE_demonstracja_DGB_c,2005,Lata,DE,DGB,demonstracja,name,DGB,False,zwiazkowe,2005 Inline-skate Demo,"2005 – 1. Mai-Skating
vom Olympiastadion zum Roten Rathaus

Treff: 09:00 Uhr, Olympischer Platz
Start: 10:30 Uhr, Abfahrt (auf Inline-Skatern)

Auf Inlineskatern über die Straßen und Autobahnen zum Roten Rathaus. Auch diese Form der Demo machen wir erstmals zum 1. Mai. Viele, gerade jüngere Gewerkschaftsmitglieder und ihre Familien haben darauf gedrängt, auch auf diese Weise für Arbeit und soziale Gerechtigkeit zu demonstrieren. Hier heißt das Motto „skate for the future“.

Die ersten 250 Teilnehmer, die sich angemeldet haben, bekommen am Start ein bedrucktes T-Shirt mit dem Aufdruck „""1. Mai-Skating 2005"". Voraussetzung ist natürlich auch hier, dass es bis zum Roten Rathaus getragen wird. So wollen wir deutlich machen, dass es um mehr geht, als um ein Vergnügen, sondern um die Zukunft Berlins und der Menschen, die hier leben.

Route:
    Olympische Straße
    rechts in die Reichsstraße
    Theodor-Heuss-Platz
    Masurenallee
    rechts in den Messedamm
    Halenseestraße
    Rathenauplatz
    Kurfürstendamm
    Tauentzienstraße
    Kleiststraße
    links An der Urania (östliche Fahrbahn, Richtung Nord)
    Schillstraße
    Lützowufer
    Schöneberger Ufer
    links in die Potsdamer Straße
    Potsdamer Platz
    Leipziger Straße
    Gertraudenstraße
    Mühlendamm
    Spandauer Straße

Ende:

    Platz vor dem Berliner Rathaus
",,150,150,LineString,13735.0,"52.515542,13.24947","52.518108,13.407655",112,1__mai_berlin_aktualna_14_.geojson,,False,mapa+rocznik,pelny,"1. Mai-Demonstrationen des DGB, MaiLauf ab 8 Uhr vom Roten Rathaus über den Großen Stern und zurück +++9.30 Uhr: Skater-Korso vom Olympischen Platz und 9.45 Uhr: MotorradKorso, ebenfalls vom Olympischen Platz +++ Abschlusskundgebung um11 Uhr vorm Roten Rathaus +++ „Aktionsbündnis gegen Studiengebühren“ demonstriert mit einem Block auf der DGB-Demo, Treffpunkt um10 Uhr +++ „Klassenkampf statt Co-Management“, oppositionellerBlock auf der DGB-Demo, Treffpunkt um 10 Uhr am Brandenburger Tor+++ „Echte Gewerkschafter kämpfen“, Demonstration um 12 Uhr mitZiel Industrie- und Handelskammer in der Breiten Straße +++ Große Abschlusskundgebung um 11 Uhr am Roten Rathaus +++
Route:Treff (bike?) DGB-Haus, Keithstraße 1-3–Kleiststraße – An der Urania–Kurfürstenstraße–Potsdamer Straße–zum Potsdamer Platzrechts –in die Stresemannstraße – Mehringbrücke – Links in die Straße – Tempelhofer Ufer – Waterlooufer – Girtschiner Straße – Skalitzer Straße – Oberbaumbrücke – Links in die Mühlenstraße – Stralauer Platz – Holzmarktstraße – Stralauer Straße – Rechts in die Grunerstraße – Links in die Straße Alexanderplatz – Links in die Karl-Liebknecht-Straße – Unter den LindenEnde:Brandenburger Tor
Route:Ebertstraße Richtung Nord, DorotheenstraßeLuisenstraßerechts in die Reinhardtstraßerechts in die Friedrichstraßelinks Unter den LindenKarl-Liebknecht-StraßeSpandauer StraßeEnde:Platz vor dem Roten Rathaus. (waybackmachine erstermai.dgb)",Du bist mehr. Mehr als ein Nummer. Mehr als ein Kostenfaktor. Du hast Würde. Zeig sie!,10400,Hasło_DGB;TrasaDGB;FrekwencjaDGB;Apel_DGB,10500,4,demonstracja
2006_DE_korso_DGB_b,2006,Lata,DE,DGB,korso,name,DGB,False,zwiazkowe,2006 DGB Inline Skate Korso,"(assumed the same route as 2007)
1. Mai-Skating
vom DGB-Gewerkschaftshaus am Wittenbergplatz zum Brandenburger Tor

Treff: 09:00 Uhr, DGB-Haus, Keithstraße 1-3
Start: 09:55 Uhr, Kleiststraße Richtung Nollendorfplatz

Die ersten 100 erhalten am Start kostenlos ein T-Shirt „1. Mai-Skating 2006"" ",,100,100,LineString,15446.5,"52.501607,13.345894","52.516499,13.381219",113,1__mai_berlin_aktualna_14_.geojson,,False,tylko mapa,,,,,,13500,5,demonstracja
2007_DE_korso_DGB_b,2007,Lata,DE,DGB,korso,name,DGB,False,zwiazkowe,2007 DGB Inline Skate Korso,"Treff: 09:00 Uhr, DGB-Haus, Keithstraße 1-3
Start: 09:55 Uhr, Kleiststraße Richtung Nollendorfplatz
Die ersten 100 erhalten am Start kostenlos ein T-Shirt „1. Mai-Skating 2007""
ANMELDUNG
Route:
START 09:55 Uhr, Kleiststraße
→ Keithstraße
→ Kleiststraße
→ Bülowstraße
→ Potsdamer Straße
→ Potsdamer Platz
→ Stresemannstraße
→ Mehringbrücke
→ Tempelhofer Ufer
→ Waterlooufer
→ Gitschiner Straße
→ Skalitzer Straße
→ Oberbaumbrücke
→ Mühlenstraße
→ Stralauer Platz
→ Holzmarktstraße
→ Stralauer Straße
→ Grunerstraße
→ Alexanderplatz
→ Karl-Liebknecht-Straße
→ Unter den Linden
ZIEL: Brandenburger Tor",,100,100,LineString,15446.5,"52.501607,13.345894","52.516499,13.381219",114,1__mai_berlin_aktualna_14_.geojson,,False,tylko mapa,,,,,,10500,3,demonstracja
2009_DE_korso_DGB_b,2009,Lata,DE,DGB,korso,name,DGB,False,zwiazkowe,2009 DGB Inline Skate Korso,"vom DGB-Gewerkschaftshaus am Wittenbergplatz zum Brandenburger Tor
Treff: 09:00 Uhr, DGB-Haus, Keithstraße 1-3
Start: 10:00 Uhr, Kleiststraße Richtung Nollendorfplatz
Die ersten 50 Anmelder erhalten am Start kostenlos eine Warnweste: ARBEIT für alle bei fairem LOHN
ANMELDUNG
Route:
START 10:00 Uhr, Kleiststraße
→ An der Urania
→ Kurfürstenstraße
→ Potsdamer Straße
→ Potsdamer Platz
→ Stresemannstraße
→ Mehringbrücke
→ Tempelhofer Ufer
→ Waterlooufer
→ Gitschiner Straße
→ Skalitzer Straße
→ Oberbaumbrücke
→ Mühlenstraße
→ Stralauer Platz
→ Holzmarktstraße
→ Stralauer Straße
→ Grunerstraße
→ Alexanderplatz
→ Karl-Liebknecht-Straße
→ Unter den Linden
ZIEL: Brandenburger Tor",,100,100,LineString,15404.0,"52.501607,13.345894","52.516499,13.381219",115,1__mai_berlin_aktualna_14_.geojson,,False,tylko mapa,,,,,,13500,3,demonstracja
2011_DE_korso_DGB_b,2011,Lata,DE,DGB,korso,name,DGB,False,zwiazkowe,2011 DGB Inlineskate-Korso,"Treff: 09:00 Uhr, DGB-Haus, Keithstraße 1-3, Ecke Kleiststraße Start: 10:00 Uhr, Kleiststraße Richtung Nollendorfplatz Ziel: ca. 11:30, Bühne am Brandenburger Tor

ANMELDUNG

Route: START 10:00 Uhr Keithstraße → Kleiststraße → Bülowstraße → Potsdamer Straße → Potsdamer Platz → Stresemannstraße → Mehringbrücke → Tempelhofer Ufer → Waterloo-Ufer → Gitschiner Straße → Skalitzer Straße → Oberbaumbrücke → Mühlenstraße → Stralauer Straße → Grunerstraße → Alexanderplatz → Karl-Liebknecht-Straße → Unter den Linden → Platz des 18. März ZIEL ca. 11:30 Uhr (waybackmachine DGB)

Attendance: assume ca. 100",,100,100,LineString,15446.5,"52.501607,13.345894","52.516499,13.381219",116,1__mai_berlin_aktualna_14_.geojson,,False,tylko mapa,,,,,,11500,4,demonstracja
2005_DE_demonstracja_R1M,2005,Lata,DE,Revolutionäre 1. Mai,demonstracja,name,R1M,False,niezwiazkowe,2005 Spontandemo,"The usual R1M demonstration was called off. Instead, a spontaneous demonstation through MyFest was organised (BZ 28.04.2005)

Start: Heinrichplatz (~18:25)
→ Waldemarstraße (~18:30)
→ między Oranienplatz a Moritzplatz (~18:59, część zawraca do SO36)
→ Moritzplatz
→ Axel-Springer-Straße (~19:39, starcia, Opel Corsa wywrócony, armatki wodne)
→ w kierunku Moritzplatz (demo odpychana przez policję, ~19:47)
→ Moritzplatz (okrążenie ~19:52, ~200 osób) (na podstawie taz 2.05.2005)

Attendance:
3000 (start, organizers)
200 (taz)",,1400,1400,LineString,3196.7,"52.500238,13.423045","52.50368,13.410368",0,1__mai_berlin_aktualna_15_.geojson,,False,tylko mapa,,,,,,500,1,demonstracja 13:00
2006_DE_demonstracja_R1M,2006,Lata,DE,Revolutionäre 1. Mai,demonstracja,name,R1M,False,niezwiazkowe,2006 R1M Sponti (20:00),"A second unregistered march began around 20:18 in the Waldemarstraße, drawing several hundred participants including young people and migrants. The lead banner read ""Myfest ist scheiße. Für einen revolutionären 1. Mai"" (""MyFest is shit. For a revolutionary 1st of May""). Fireworks were thrown as the crowd moved through the neighborhood. By 20:49 police chief Glietsch was observed personally moving through the crowd in plain clothes near Manteuffelstraße, searching for trouble. The march ended around 21:12 at Heinrichplatz, where minor skirmishes broke out — bottles and fireworks were thrown, and police intervened selectively against individual perpetrators.
Route: Waldemarstraße → Manteuffelstraße → Heinrichplatz (taz liveticker 2006)",,,,LineString,743.0,"52.502136,13.42462","52.500268,13.423",1,1__mai_berlin_aktualna_15_.geojson,,False,tylko mapa,,,,,,50,1,demonstracja 13:00
2013_DE_demonstracja_R1M,2013,Lata,DE,Revolutionäre 1. Mai,demonstracja,name,R1M,False,niezwiazkowe,2013 Spontandemo,"*“17.21 Uhr Spontandemo auf dem Myfest Eine Gruppe Autonomer, geschätzt 700 bis 800, hat sich zu einer Spontandemo über das Myfest formiert. An der Waldemarstraße fliegen zwei Steine, die Polizei behält die Lage aber unter Kontrolle. Aufforderungen an die Besucher des Festes, sich der Demo anzuschließen, werden durchweg ignoriert. Niemand interessiert sich so richtig dafür. Die Demo zieht weiter zum Mariannenplatz. Vor der türkischen Bühne wird getanzt.* Die Welt 2.05.2013

*17:26. Berlin/Kreuzberg. Nach kurzer Zeit ist die Spontandemonstration wieder an ihrem Startpunkt am Mariannenplatz angekommen. Der Demozug war verhältnismäßig lang und nicht zu übersehen, am Ende liefen mehrere Tausend Menschen mit.* (taz liveticker 2013)",,750,750,LineString,612.2,"52.501884,13.424128","52.502186,13.424201",2,1__mai_berlin_aktualna_15_.geojson,,False,tylko mapa,,,,,,11667,3,demonstracja wieczorna
2014_DE_demonstracja_R1M,2014,Lata,DE,Revolutionäre 1. Mai,demonstracja,name,R1M,False,niezwiazkowe,2014 unauthorised demonstration,"“Um 17.00 Uhr startete die Demo am Feuerwehrbrunnen am Mariannenplatz
und zog von dort aus kreuz und quer durch das ""Myfest"".
In der Manteuffelstraße und in der Skalitzer Straße versuchten einzelne Beamte
den Aufzug zu stoppen, in dem sie sich der Demonstration in den Weg stellten, jedoch ohne Erfolg. Die Demonstration wuchs auf über 2.000 Teilnehmer an
und endete schließlich am Lausitzer Platz, dem Startpunkt
für die revolutionäre 1. Mai- Demo.” (Umbruch Archiv)

Trasa:
* Mariannenplatz 22 (1698c.jpg)
? Manteuffelstrasse
* Waldemarstrasse 41 (1698e.jpg)
* Oranienplatz 1 (1698g.jpg)
* Gorlitzerstrasse U-Bahn (1698m.jpg)
Lausitzer Platz",,2000,2000,LineString,2990.6,"52.499438,13.430421","52.502103,13.424306",3,1__mai_berlin_aktualna_15_.geojson,,False,tylko mapa,,,,,,22000,2,demonstracja wieczorna
2016_DE_demonstracja_R1M,2016,Lata,DE,Revolutionäre 1. Mai,demonstracja,name,R1M,False,niezwiazkowe,Spontandemo 2016,"(taz liveticker) 
21.20 Uhr: Spontandemo am Kanal gestoppt

BERLIN-KREUZBERG | Die Polizei macht die Kottbusser Brücke dicht. Die Spontandemo vom Kotti, der sich etwa 200 Personen angeschlossen haben, ist hier zu Ende. Insgesamt ist die Stimmung trotzdem friedlich. (mgu)

21.06 Uhr: Spontandemo Richtung Neukölln

BERLIN-KREUZBERG | Nach den Krawallen am Lausitzer Platz laufen die meisten Leute Richtung Kottbusser Tor. Von dort aus startet gerade eine Spontandemo auf Richtung Neukölln. Die ganze Straße ist voll mit Menschen. Wie viele mitlaufen, ist nicht ganz klar.

Attendance: 200 (taz)",,,,LineString,314.9,"52.496212,13.419757","52.49889,13.418244",4,1__mai_berlin_aktualna_15_.geojson,,False,mapa+rocznik,pelny,"Faktyczna trasa z livetickera taz.de: Oranienplatz (start, 18:00) → Oranienstraße (do Adalbertstraße, 18:23) → Adalbertstraße → Waldemarstraße (pętla MyFest, 18:38) → Leuschnerdamm → Powrót do Oranienplatz → Moritzplatz (18:45) → Prinzenstraße (północ) → Heinrich-Heine-Straße (U-Bahn, 19:12) → Köpenicker Straße (Köpi, 19:25-19:35) → Skalitzer Straße (Schlesisches Tor, 20:00) → Lausitzer Platz (koniec, ~20:00). Skrócona przez policję/MyFest",,,Trasa_revo,250,1,demonstracja 13:00
2011_DE_demonstracja_R1M,2011,Rok,DE,Revolutionäre 1. Mai,demonstracja,name,R1M,False,niezwiazkowe,Sponti 2011 (route unknown),"16:00
Attendance: 1000 (Umbruch)",,,,LineString,423.5,"52.500757,13.421366","52.502194,13.415572",5,1__mai_berlin_aktualna_15_.geojson,,False,tylko mapa,,,,,,11333,3,demonstracja wieczorna
2012_DE_demonstracja_R1M,2012,Lata,DE,Revolutionäre 1. Mai,demonstracja,name,R1M,False,niezwiazkowe,Sponti 2012,"*Laut Polizei zogen aber bis zu 1000 linke Teilnehmer und Vertreter von Kiezinitiativen mit einer Spontandemo durch das Myfest.*
*Sie protestierten gegen steigende Mieten und Verdrängung aus dem Kiez. Zu sehen waren Transparente mit Parolen wie ""Schnauze voll von hohen Mieten"" und ""Wir bleiben alle"". Es kam zu einzelnen Rangeleien zwischen Polizei und Demonstranten.* (Die Welt 2.05.2012)

*Laut Polizei zogen aber bis zu 1000 linke Teilnehmer und Vertreter von Kiezinitiativen mit einer Spontandemo durch das Myfest.

Sie protestierten gegen steigende Mieten und Verdrängung aus dem Kiez. Zu sehen waren Transparente mit Parolen wie ""Schnauze voll von hohen Mieten"" und ""Wir bleiben alle"". Es kam zu einzelnen Rangeleien zwischen Polizei und Demonstranten.* (Tagesspiegel liveticker 2.05.2012)",,1000,1000,LineString,878.6,"52.501894,13.424221","52.499379,13.430304",6,1__mai_berlin_aktualna_15_.geojson,,False,tylko mapa,,,,,,18500,2,demonstracja wieczorna
2015_DE_demonstracja_R1M,2015,Lata,DE,Revolutionäre 1. Mai,demonstracja,name,R1M,False,niezwiazkowe,Sponti 2015,"17.06 Uhr - Schwarzer Block sammelt sich: Klingt komisch, ist aber so. Jedes Jahr um 17 Uhr wird auf dem Myfest die Spontandemo der Linksextremen erwartet. Dieses Jahr gab es im Netz keinen Aufruf. Allerdings haben sich inzwischen etwa drei Dutzend Angehörige des schwarzen Blocks am traditionellen Treffpunkt versammelt, der Bushaltestelle an Feuerwehrbrunnen auf dem Mariannenplatz. Noch hat sich aber keine Demo gebildet. (tagesspiegel)

Attendance: 150 (Tsg)",,,,LineString,320.0,"52.502861,13.421152","52.501711,13.425485",7,1__mai_berlin_aktualna_15_.geojson,,False,mapa+rocznik,pelny,"Spreewaldplatz -> Ohlauerstrasse → (Gerhart Haputmann Schule) -> Reichenbergerstrasse -> Glogauerstrasse → Pannierstrasse -> Sonnenallee → (?) -> Karl-Marx-Straße → Hermannplatz -> Kottbusser Damm → Mariannenstrasse -> Reichenbergerstrasse -> Lausitzerstrasse -> Lausitzerplatz . Źródła: taz.de (https://taz.de/-taz-Ticker-zum-1-Mai-/!5010110/), nd-aktuell.de (https://www.nd-aktuell.de/artikel/970785.mai-demonstrationen.html), berliner-zeitung.de (https://www.berliner-zeitung.de/mensch-metropole/revolutionaerer-1-mai-2015-linksradikale-szene-mobilisiert-fuer-1-mai-in-berlin-li.53503).https://www.tagesspiegel.de/berlin/so-war-der-1-mai-in-berlin-3624361.html",,,Trasa_revo,25500,2,demonstracja wieczorna
1996_DE_demonstracja_R1M,1996,Lata,DE,Revolutionäre 1. Mai,demonstracja,name,R1M,False,niezwiazkowe,1996 R1M (ML) Demo,"Oranienplatz – Kollwitzplatz (ML)
Ausschreitungen der kurdischen und türkischen Gruppen Schönhauser Allee (taz, 2.05)
Cafe Alibi (rbb 1996, 0:19)
Schillbrücke (rbb 1996, 0:21)
Ende Ecke Schönhauser Allee/Kollwitzstrasse (rbb 0:32)

Attendance:
3000 (Gluckspilz)",,3000,3000,LineString,5066.5,"52.502273,13.415766","52.532592,13.412654",8,1__mai_berlin_aktualna_15_.geojson,,False,mapa+rocznik,pelny,1. 13:00 Rosa-Luxemburg-platz – Linienstraße – Ackerstrasse – Invalidenstrasse – Veteranenstrasse – Kastanienallee – Pappelallee – Raumerstrasse – Schliemannstrasse – Hagenauerstrasse – Szredzkistrasse – Knaackstrasse – Kollwitzplatz (Antifa; Interim 372/1996) 2. Oranienplatz – Kollwitzplatz (ML),,12000,FrekwencjaRevo;TrasaRevo,3000,1,demonstracja 13:00
1997_DE_demonstracja_R1M,1997,Lata,DE,Revolutionäre 1. Mai,demonstracja,warstwa,R1M,False,niezwiazkowe,"1997 – R1M 13:00, Keine Befreiung Ohne Revolution","13:00 – Oranienplatz - Kottbusser Tor
* rechts Oranienstrasse (rbb 0:07)
* bei Oranienstrasse 21 (foto kaivonkroecher.de)
* An der Skalitzer Straße griffen Polizisten erstmals Demonstranten aus dem Zug. Diese hatten Fahnen derverbotenen kurdischen Arbeiterpartei PKK mit sich geführt. (Berliner Zeitung 2.05.1997)
* *Durch die Wiener Strasse, Karl Marx Allee, Kottbusser Damm bis zu Görlitzer Tor* (rbb B1 Spezial 1997 3:45) – probably meant Karl-Marx Strasse

Attendance:
2000 (Gluckspilz)",,2000,2000,LineString,5250.5,"52.498981,13.418381","52.502247,13.415917",9,1__mai_berlin_aktualna_15_.geojson,,False,mapa+rocznik,pelny,1. AAB: Rosa-Luxemburg-Platz – Senefelder Platz – Schwedter Strasse – Choriner Strasse – ... – Oranienburger Strasse – Auguststrasse – Rosenthaler Platz (Interim 418/1997),,,TrasaRevo,2000,1,demonstracja 13:00
1998_DE_demonstracja_R1M,1998,Lata,DE,Revolutionäre 1. Mai,demonstracja,warstwa,R1M,False,niezwiazkowe,1998 – 13:00 R1M,"(taz 2.05; tagesspiegel 2.05)
Attendance:
1750 (Gluckspilz)",,1750,1750,LineString,2517.4,"52.502168,13.415852","52.498903,13.418299",10,1__mai_berlin_aktualna_15_.geojson,,False,mapa+rocznik,bez typu,,,,FrekwencjaRevo,1750,1,demonstracja 13:00
1999_DE_demonstracja_R1M,1999,Lata,DE,Revolutionäre 1. Mai,demonstracja,warstwa,R1M,False,niezwiazkowe,1999 R1M  13:00 ,"Oranienplatz – Heinrichplatz - Spreewaldplatz - Ohlauerstrasse - Reuterstrasse - Karl-Marx-Strasse - Hermannplatz - Kottbusser Damm - Kottbusser Tor (BZ 30.04.1999)
Attendance: 1500 (Gluckspilz)",,1500,1500,LineString,4708.5,"52.502299,13.415508","52.499,13.4183",11,1__mai_berlin_aktualna_15_.geojson,,False,mapa+rocznik,pelny,13:00 – Planowana trasa: Oranienplatz – Heinrichplatz - Spreewaldplatz - Ohlauerstrasse - Reuterstrasse - Karl-Marx-Strasse - Hermannplatz - Kottbusser Damm - Kottbusser Tor 18:00 – Planowana trasa: Oranienplatz – Heinrichplatz - Spreewaldplatz - Ohlauerstrasse - Burknerstrasse  Hohenstausfenplatz (BZ 30.04.1999),,8250,FrekwencjaRevo;TrasaRevo,1500,1,demonstracja 13:00
2000_DE_demonstracja_R1M,2000,Lata,DE,Revolutionäre 1. Mai,demonstracja,warstwa,R1M,False,niezwiazkowe,2000 R1M (Kommunistische Gruppen),"(Assumed same route as 2001)
*“Ein massives Polizeiaufgebot begleitete gestern Nachmittag die erste der beiden Revolutionären 1.-Mai-Demonstrationen. Dennoch zog die Demonstration der maoistischen RIM und der TKP/ML mit knapp 2.000 TeilnehmerInnen in entspannter Atmosphäre durch Kreuzberg und Neukölln”* (taz 2.05.2000)

Tagesspiegel, 29.04, s. 10
13:00 – Oranienplatz - Kottbusser Tor

Attendance:
1000 (Gluckspilz)",,1500,1500,LineString,5262.0,"52.502273,13.415754","52.498916,13.418186",12,1__mai_berlin_aktualna_15_.geojson,,False,tylko mapa,,,,,,1267,3,demonstracja 13:00
2001_DE_demonstracja_R1M,2001,Lata,DE,Revolutionäre 1. Mai,demonstracja,warstwa,R1M,False,niezwiazkowe,2001 R1M (Kommunistische Gruppen),"Tagesspiegel, 29.04, s. 10
13:00 – Oranienplatz - Kottbusser Tor
Attendance:
2000 (stressfaktor)
2500 (taz)",,2250,2250,LineString,5262.0,"52.502273,13.415754","52.498916,13.418186",13,1__mai_berlin_aktualna_15_.geojson,,False,mapa+rocznik,bez typu,,,,Apel_radical_left,2250,2,demonstracja 13:00
2001_DE_demonstracja_R1M_a,2001,Lata,DE,Revolutionäre 1. Mai,demonstracja,name,R1M,False,niezwiazkowe,2001. Gegen das Verbot der 1. Mai Demo,30.04 *gut 100 Menschen ziehen flankierten von starken Polizeikräften einmal um dem Block* (rbb Walpurgisnacht 1:01),,150,150,LineString,383.7,"52.502238,13.416003","52.499061,13.418214",14,1__mai_berlin_aktualna_15_.geojson,,False,mapa+rocznik,bez typu,,,,Apel_radical_left,2250,2,demonstracja 13:00
2002_DE_demonstracja_R1M,2002,Lata,DE,Revolutionäre 1. Mai,demonstracja,warstwa,R1M,False,niezwiazkowe,2002 R1M (R1M Bündnis),"13:00 – pierwsze 3h mniej ludzi. Od 16 pod Görlitzer Bahnhof dołącza kolejna grupa manifestacyjna. trasa na podstawie mapki z taz. Może zawierać błędy; na pewno demo dzielnicowe
Attendance:
1000 (Gluckspilz)
",,1000,1000,LineString,4818.0,"52.502247,13.415516","52.500222,13.423136",15,1__mai_berlin_aktualna_15_.geojson,,False,mapa+rocznik,pelny,Rosa Luxemburg Platz - Torstraße - Mollstraße - Otto Braun Straße - Alexanderstraße - Brücken Straße - Heinrich Heiner Straße - Oranienplatz,,,Trasa_revo,4000,1,demonstracja 13:00
2003_DE_demonstracja_R1M,2003,Lata,DE,Revolutionäre 1. Mai,demonstracja,warstwa,R1M,False,niezwiazkowe,2003 Revolutionäre Komunisten/ALB. Nie wieder Frieden - fuck old europe,"15:00 –“Die 13 Uhr-Demo fand diesmal nicht statt, sondern wurde zu einer ""revolutionären 1. Mai""-Demo ab 15 Uhr vom Oranienplatz bis zum Heinrichplatz in Kreuzberg. Veranstalter waren neben den ""revolutionären Kommunisten"", die sonst immer die 13 Uhr-Demo organisierten auch die ALB. Die Demo verlief friedlich, schätzungsweise 10.000 Leute (die Zahlen schwanken zwischen 5000-15.000) nahmen am dem Zug unter dem Motto ""Nie wieder Frieden!"" te” ([Glückspilz, 2007])

Attendance:
10000 (ca., different numbers: via Gluckspilz)",,6750,6750,LineString,3699.7,"52.500222,13.423083","52.502247,13.415508",16,1__mai_berlin_aktualna_15_.geojson,,False,mapa+rocznik,pelny,"Rosa-Luxemburg-Platz über die Mollstraße, Otto-Braun-Straße, Karl-Marx-Allee, Schilling-Brücke, Köpenicker Straße zum Lausitzer Platz",,7500,TrasaRevo;FrekwencjaRevo,6750,2,demonstracja 13:00
2004_DE_demonstracja_R1M,2004,Lata,DE,Revolutionäre 1. Mai,demonstracja,warstwa,R1M,False,niezwiazkowe,2004 Keine Befreiung ohne Revolution (13 Uhr),"Start: 13 Uhr, Oranienplatz bis Kottbusser Tor (Tagesspiegel 2004)
Attendance:
5000 (Gluckspilz)",,5000,5000,LineString,5471.5,"52.502391,13.415386","52.498838,13.418384",17,1__mai_berlin_aktualna_15_.geojson,,False,tylko mapa,,,,,,5000,1,demonstracja 13:00
2005_DE_demonstracja_R1M_a,2005,Lata,DE,Revolutionäre 1. Mai,demonstracja,warstwa,R1M,False,niezwiazkowe,2005 R1M (13:00),"(assumed the same route as year before and after) 
Attendance:
""mehrere hundert"" – 500 (Berliner Zeitung) 
",,500,500,LineString,4682.7,"52.500131,13.423143","52.498824,13.418212",18,1__mai_berlin_aktualna_15_.geojson,,False,tylko mapa,,,,,,500,1,demonstracja 13:00
2006_DE_demonstracja_R1M_a,2006,Lata,DE,Revolutionäre 1. Mai,demonstracja,warstwa,R1M,False,niezwiazkowe,2006 R1M (13:00),"(tagesspiegel 30.04.2006)
Slogan: Eine andere Welt ist möglich
Attendance: ""mehr Menschen mit Kamera und Fotoapparat unterwegs als Demonstranten"" (taz)
",,50,50,LineString,4682.7,"52.500131,13.423143","52.498824,13.418212",19,1__mai_berlin_aktualna_15_.geojson,,False,tylko mapa,,,,,,50,1,demonstracja 13:00
2007_DE_demonstracja_R1M,2007,Lata,DE,Revolutionäre 1. Mai,demonstracja,warstwa,R1M,False,niezwiazkowe,2007 R1M 15:00,"Neu ist in diesem Jahr, dass die um 13 Uhr beginnende Demo, die sich ebenfalls „revolutionär“ nennt, am Startpunkt der 18-Uhr-Demo enden soll – die Teilnehmer sollen also nahtlos weiterziehen können. Sebastian Lorenz von der ALB sagte, dass deshalb bis zu 8000 Teilnehmer erwartet werden. (Tagesspiegel, 27.03.2007)
Attendance: ""nicht einmal Tausend"" ca 800 (Berliner Kurier)
1000 (Berliner Zeitung)",,900,900,LineString,5459.0,"52.502235,13.415719","52.500836,13.430788",20,1__mai_berlin_aktualna_15_.geojson,,False,tylko mapa,,,,,,900,2,demonstracja 13:00
2008_DE_demonstracja_R1M,2008,Lata,DE,Revolutionäre 1. Mai,demonstracja,warstwa,R1M,False,niezwiazkowe,2008 13Uhr R1M,"(rbb vorbericht 30.04.2008) Oranienstrasse – Kottbusser Tor
Slogan:
Deutschland, verrecke, damit wir leben können
Attendance:
""einige Hundert"" ~300 (taz)",,300,300,LineString,2984.3,"52.502168,13.415941","52.498785,13.418375",21,1__mai_berlin_aktualna_15_.geojson,,False,tylko mapa,,,,,,300,1,demonstracja 13:00
2009_DE_demonstracja_R1M,2009,Lata,DE,Revolutionäre 1. Mai,demonstracja,warstwa,R1M,False,niezwiazkowe,2009 R1M 13:00,"14:20 – Oranienplatz (start, over one hour delayed; ~300 participants; organised by Turkish and Maoist-Leninist groups)
15:20 – Sonnenallee, Neukölln (march lost ~1/4 of participants after leaving Kreuzberg; ~few hundred remaining; diverse: children, old communists, Kurds, Turks, Spaniards, Africans; almost no audience on Sonnenallee)
16:10 – Kottbusser Straße, Kreuzberg (end of march; Internationale played)
Source: taz live ticker 1.05.2009; Polizeiliche Darstellung

Attendance:
300 (taz)",,300,300,LineString,5311.2,"52.50226,13.415616","52.498851,13.418324",22,1__mai_berlin_aktualna_15_.geojson,,False,tylko mapa,,,,,,300,1,demonstracja 13:00
2010_DE_demonstracja_R1M,2010,Lata,DE,Revolutionäre 1. Mai,demonstracja,name,R1M,False,niezwiazkowe,2010 13:00 Demo,"*13:20 Berlin-Kreuzberg, Oranienplatz Eine Handvoll Maoisten hat sich auf dem Oranienplatz versammelt. ""Sonst war hier viel mehr los"", sagt eine Anwohnerin, die im Bioladen an der Ecke arbeitet, ""heute ist es höchstens ein Bruchteil. Nicht einmal die Wiese ist voll."" Die Maoisten wollen anschließend zum Kottbusser Tor laufen.*

*13:50, Berlin-Kreuzberg, Oranienplatz Die revolutionäre 1. Mai-Demonstration setzt sich mit gerade mal 50 Teilnehmern in Bewegung. Die ursprünglich geplante Wegstrecke soll deutlich abgekürzt werden. Man werde über die Manteuffelstraße direkt zum Kottbusser Tor laufen und sich anschließend den Protesten in Prenzlauer Berg anschließen, sagt ein Sprecher*
 (taz liveticker 2010)

Attendance:
50 (taz liveticker)",,50,50,LineString,1567.6,"52.502247,13.415337","52.499138,13.418042",23,1__mai_berlin_aktualna_15_.geojson,,False,tylko mapa,,,,,,50,1,demonstracja 13:00
2016_DE_demonstracja_R1M_a,2016,Lata,DE,Revolutionäre 1. Mai,demonstracja,name,R1M,False,niezwiazkowe,2016 – 13 Uhr Demo „Neukölln bleibt rot – gegen Ausbetung und Unterdrückung“.,"„Neukölln bleibt rot – gegen Ausbetung und Unterdrückung“. Die Strecke: Karl-Marx-Platz – Richardplatz – Richardstraße – Karl-Marx-Straße – Erkstraße – Sonnenallee – Braunschweiger Straße – Karl-Marx-Straße – Ernser Straße – Hermannstraße – Leinestraße – Weisestraße – ? - Hermannplatz (B.Z. 27.04)
Attendance: 250 (taz ticker 1. Mai)",,250,250,LineString,7294.6,"52.486988,13.424917","52.474145,13.440383",24,1__mai_berlin_aktualna_15_.geojson,,False,mapa+rocznik,pelny,"Faktyczna trasa z livetickera taz.de: Oranienplatz (start, 18:00) → Oranienstraße (do Adalbertstraße, 18:23) → Adalbertstraße → Waldemarstraße (pętla MyFest, 18:38) → Leuschnerdamm → Powrót do Oranienplatz → Moritzplatz (18:45) → Prinzenstraße (północ) → Heinrich-Heine-Straße (U-Bahn, 19:12) → Köpenicker Straße (Köpi, 19:25-19:35) → Skalitzer Straße (Schlesisches Tor, 20:00) → Lausitzer Platz (koniec, ~20:00). Skrócona przez policję/MyFest",,,Trasa_revo,250,1,demonstracja 13:00
2017_DE_demonstracja_R1M,2017,Lata,DE,Revolutionäre 1. Mai,demonstracja,warstwa,R1M,False,niezwiazkowe,2017 Rotes 1. Mai,"1. MAI 2017 | 13:00 UHR | KARL-MARX-PLATZ | BERLIN-NEUKÖLLN (JugendWiderstand)

* Karl-Marx Platz
* Rixdorfer Schmiede (https://is.gd/eLJHNy)
* 51 Schudomannstrasse (https://is.gd/KkRlIw)
* 34 Braunschweiger Strasse (https://is.gd/xHa0s5)
* 196 Karl-Marx Strasse (https://is.gd/HGklmO)
* 215 Karl-Marx-Strasse (https://is.gd/VbTxiY)

*Schließlich formierte sich gegen 14:20 der Demonstrationszug und zog über den Richardplatz in Richtung S-Bahnhof Sonnenallee, durch die Braunschweiger Straße zum Bahnhof Neukölln und über die Karl-Marx-Straße und die Sonnenallee schließlich zum Hermannplatz.* (Jugend Widerstand)

*Bis zu 250 Menschen beteiligten sich an der diesjährigen roten 1. Mai Demonstration in Berlin. Wir haben damit unser Versprechen gehalten, auch im zweiten Jahr ihrer Wiederaufnahme eine Demonstration durchzuführen, die im Geiste der historischen, revolutionären 13-Uhr-Demonstration eine angemessene und echte, eine proletarische Alternative zu dem von allen Seiten kritisierten Touristen- und Yuppiekarneval in Kreuzberg darste*

Attendance: 
250 (organisers)",,250,250,LineString,4259.8,"52.487432,13.424392","52.473589,13.441349",25,1__mai_berlin_aktualna_15_.geojson,,False,mapa+rocznik,pelny,Oranienstraße -Adalbertstraße - Naunynstraße - Manteuffelstraße - Reichenberger Straße-Ohlauer Straße-Friedelstraße-Weserstraße-Pannierstraße-Glogauer Straße-Reichenberger Straße-Ohlauer Straße-Spreewaldplatz (https://1maiberlin.noblogs.org/archiv/),,,Trasa_revo,250,1,demonstracja 13:00
2018_DE_demonstracja_R1M,2018,Lata,DE,Revolutionäre 1. Mai,demonstracja,warstwa,R1M,False,niezwiazkowe,2018 Rotes 1. Mai,"1. MAI 2018 | 13:00 UHR | KARL-MARX-PLATZ | BERLIN-NEUKÖLLN (JugendWiderstand)

* Karl-Marx-Platz 4 (https://is.gd/KrJqrY)
* 15 Richardplatz (https://is.gd/Np3t39)
* 58 Schudomastrasse (https://is.gd/sWGetp)
* Ecke Braunschweiger/Niemetzstrasse (https://is.gd/ceOocp)
* Braunschweiger Strasse 34 (https://is.gd/DXWB46)
* Ecke Kannerstrasse (https://is.gd/SdP3SK)
* Braunschweiger strasse 77 (https://is.gd/9JhiFO)
* Karl-Marx-Strasse/Ecke Briesestrasse (https://is.gd/KrJqrY)
* Karl-Marx Strasse 118 (https://is.gd/78bHoB)
* Fuldastrasse (https://is.gd/87qBR7)
* Sonnenalle 57 
* Sonnenallee/Ecke Reuterstrasse (https://is.gd/V4G7k7)

Attendance:
200 (organisers)",,200,200,LineString,4288.8,"52.487432,13.424392","52.473514,13.441182",26,1__mai_berlin_aktualna_15_.geojson,,False,mapa+rocznik,bez typu,,,,Trasa_revo,200,1,demonstracja 13:00
2019_DE_demonstracja_R1M,2019,Lata,DE,Revolutionäre 1. Mai,demonstracja,warstwa,R1M,False,niezwiazkowe,2019 Rotes 1. Mai,"1. MAI 2019 | 13:00 UHR | KARL-MARX-PLATZ | BERLIN-NEUKÖLLN (JugendWiderstand)


* Karl-Marx-Platz 14 (https://shorturl.at/Flp8t)
* Richardplatz (https://is.gd/zDrrC5)
* Richardstrasse 97 (https://shorturl.at/nmn0u)
* Sonnenalle/Ecke Friedelstrasse (https://shorturl.at/25hK3)
* Alte Post (https://shorturl.at/zltgv)
* Fuldastrasse (https://shorturl.at/BjsfN)

*Mit knapp über 200 Teilnehmern nahmen dieses Jahr einige dutzend Menschen mehr teil, als im Vorjahr. Dafür, dass Mobilisierung und Demonstration komplett aus eigener Kraft gestemmt wurden, viele Genossen und Freunde aus privaten und Arbeitsgründen nicht teilnehmen konnten, während antikommunistische Hetze, Lügen und Spaltung durch verschiedene Reaktionäre im Verlauf des letzten Jahr nochmal massiv zunahmen und ihr langsam wirkendes Gift verströmten, sind wir sehr zufrieden. Ebenso mit der Resonanz und dem Feedback auf Mobilisierung und Demonstration im Viertel.* (Jugend Widerstand)

Attendance:
200 (organisers)",,200,200,LineString,2629.8,"52.487432,13.424392","52.473589,13.441349",27,1__mai_berlin_aktualna_15_.geojson,,False,mapa+rocznik,bez typu,,Gegen die Stadt der Reichen,10000,Trasa_revo;FrekwencjaRevo;Hasło_revo,200,1,demonstracja 13:00
1990_DE_demonstracja_R1M,1990,Lata,DE,Revolutionäre 1. Mai,demonstracja,warstwa,R1M,False,niezwiazkowe,1990 Revolutionäre 1. Mai. Lieber raus auf die Straße als heim ins Reich,"(Interim 99/1990)
Attendance:
* 10000 (police, Gluckspilz)
* 15000 (organisers, Gluckspilz)",,12500,12500,LineString,4174.6,"52.502057,13.416538","52.49919,13.418384",28,1__mai_berlin_aktualna_15_.geojson,,False,mapa+rocznik,pelny,Oranienplatz - O-Straße - Wiener Str - Ohlauver Str. - Friedelstr. -Reuterstr. - Hermannplatz - Kottbusser Tor (Interim 99/1990),Lieber raus auf die Straße als heim ins Reich (Interim 100/1990),14000,Uczestnicy_revo;Trasa_revo;Hasło_revo;FrekwencjaRevo;TrasaOstRevo,12500,2,demonstracja wspolna
1991_DE_demonstracja_R1M,1991,Lata,DE,Revolutionäre 1. Mai,demonstracja,name,R1M,False,niezwiazkowe,1991 Demo,"Oranienplatz 13.00 Uhr -: Skalitzerstr. -‘ Görlitzerstr. ->Oppelnerstr. -> Wrangelstr. -: Falckensteinstr. -> Oberbaumbrücke -> Warschauerstr. -’ Kopernikusstr. -: Simon-Dach-Str. -»Niederbarnimstr. -’ Proskauerstr. -. Liebigstr. ->Abschluß Bänschstr./Proskauerstr (Interim 142/1991)
Attendance:
* 10000 (Gluckspilz)
* 8000 (police)
* 20000 (organisers)",,12667,12667,LineString,5187.0,"52.501986,13.416088","52.51879,13.462002",29,1__mai_berlin_aktualna_15_.geojson,,False,mapa+rocznik,pelny,Oranienplatz 13.00 Uhr -: Skalitzerstr. -‘ Görlitzerstr. ->Oppelnerstr. -> Wrangelstr. -: Falckensteinstr. -> Oberbaumbrücke -> Warschauerstr. -’ Kopernikusstr. -: Simon-Dach-Str. -»Niederbarnimstr. -’ Proskauerstr. -. Liebigstr. ->Abschluß Bänschstr./Proskauerstr (Interim 142/1991),,16000,FrekwencjaRevo;Trasa_revo,12667,3,demonstracja wspolna
1992_DE_demonstracja_R1M,1992,Lata,DE,Revolutionäre 1. Mai,demonstracja,name,R1M,False,niezwiazkowe,1992 Revolutionäre 1. Mai Demo,"Oranienplatz - geradeaus in die Oranienstr. - links in die Adalbertstr., am Kinderbauernhof und den besetzten Häusern im Osten vorbei - links in die Melchiorstr. bis zum Michaelkirchplatz - rechts in die Michaelkirchstr. rechts in die Köpeniker Str., an der ""137"" vorbei bis zur Manteuffelstr. rechts in die Manteuffel bis zur Skalitzer - links in die Wiener Str. rechts in die Ohlauer Str. - über die Brücke in die Friedelstr. - links in die Pflüger - rechts in die Reuterstr. bis zur Sonnenallee - rechts die Sonnenallee bis zum Herrmannplatz - links in den Kottbusser Damm - geradeaus über die Brücke in die Kottbusser Str. und diese bis zum Kottbusser Tor.* (Interim 189/1992)

Attendance:
12000-15000 (Gluckspilz)",,13500,13500,LineString,6443.8,"52.502051,13.41657","52.498981,13.418384",30,1__mai_berlin_aktualna_15_.geojson,,False,mapa+rocznik,pelny,"Oranienplatz - geradeaus in die Oranienstr. - links in die Adalbertstr., am Kinderbauernhof und den besetzten Häusern im Osten vorbei - links in die Melchiorstr. bis zum Michaelkirchplatz - rechts in die Michaelkirchstr. rechts in die Köpeniker Str., an der ""137"" vorbei bis zur Manteuffelstr. rechts in die Manteuffel bis zur Skalitzer - links in die Wiener Str. rechts in die Ohlauer Str. - über die Brücke in die Friedelstr. - links in die Pflüger - rechts in die Reuterstr. bis zur Sonnenallee - rechts die Sonnenallee bis zum Herrmannplatz - links in den Kottbusser Damm - geradeaus über die Brücke in die Kottbusser Str. und diese bis zum Kottbusser Tor.*",,15000,Trasa_revo;FrekwencjaRevo,12000,3,demonstracja wspolna
1993_DE_demonstracja_R1M,1993,Lata,DE,Revolutionäre 1. Mai,demonstracja,name,R1M,False,niezwiazkowe,1993 Demo,"Oranienstrasse-Adalbertstrasse- Köpenickerstrasse - Mühlendamm -  Breite Strasse - ... - Alexanderplatz (Interim 240/1993, 8; Glückspitz 2000, taz 3.5.1993). The demonstration was halted by the police around Breite Strasse, i ostatecznie rozwiązana na Alexanderplatz (BZ 3.05)

Attendance:
* 5500 (police, via Gluckspilz)
* 10000 (Gluckspilz)
",,7750,7750,LineString,3713.8,"52.502182,13.416013","52.521927,13.416138",31,1__mai_berlin_aktualna_15_.geojson,,False,mapa+rocznik,pelny,trudno ustalić: Poza punktem początkowym i końcowym brak informacji,,6083,Trasa_revo;FrekwencjaRevo,7750,2,demonstracja wspolna
1994_DE_demonstracja_R1M,1994,Lata,DE,Revolutionäre 1. Mai,demonstracja,name,R1M,False,niezwiazkowe,1994 RIM Demo,"Oranienplatz - Brandenburger Tor

## 1994
*Die Demonstranten zogen an denvon Polizelfahrzeugen abgeschirmten Gebäuden des Springer Verlagesan der Kochstraße und der Treuhandan der Leipziger Straße vorbei zur Abschlußkundgebung am Brandenburger Tor.* (BZ, 2.05.1994)

Attendance: 
ca. 800
Gluckspilz– 1000",,900,900,LineString,3448.9,"52.50241,13.414875","52.516116,13.377829",32,1__mai_berlin_aktualna_15_.geojson,,False,tylko mapa,,,,,,900,2,demonstracja wspolna
1995_DE_demonstracja_R1M,1995,Lata,DE,Revolutionäre 1. Mai,demonstracja,name,R1M,False,niezwiazkowe,1995 RIM Demo,"Oranienplatz - Brandenburger Tor
## 1995

“Die ""RIM"" meldete als ""Revolutionärer 1.Mai-Bündnis"" unverdrossen eine Demo um 13 Uhr am Oranienplatz an, zu der sie seither jedes Jahr mit demselben Flugblatt (bei aktualisiertem Datum) aufruft. Die Demo führte zum Brandenburger Tor, es nahmen anfangs knapp 1000, später nur noch einige hundert Menschen daran teil.” (Glückspilz, 2000)

BZ 2.05.1995 – 2500k attended, peaceful demonstration
Gluckspilz – 2000 attended


",,2250,2250,LineString,3448.9,"52.50241,13.414875","52.516116,13.377829",33,1__mai_berlin_aktualna_15_.geojson,,False,mapa+rocznik,pelny,13:00 Oranienplatz - Brandenburger Tor (taz 28.04),,2500,FrekwencjaRevo;TrasaRevo,2250,2,demonstracja wspolna
2026_DE_demonstracja_R1M,2026,Lata,DE,Revolutionäre 1. Mai,demonstracja,warstwa,R1M,False,niezwiazkowe,,,,,,LineString,5253.2,"52.502278934961595,13.415710379683503","52.4891022864814,13.407069457748378",34,1__mai_berlin_aktualna_15_.geojson,True,False,tylko mapa,,,,,,20500,2,demonstracja wieczorna
1994_DE_demonstracja_R1M_a,1994,Lata,DE,Revolutionäre 1. Mai,demonstracja,name,R1M,False,niezwiazkowe,1994 KDB/RZ Demo,"Makheinekeplatz - ... - Admirastrasse - ... Kottbusser Tor (taz 1994, Spiegel Youtube)

# 2.500 TeilnehmerInnen machten die 1.- Mai-Demonstration der Kreuzberger Patriotischen Demokraten zu einer wohltuend selbstironischen Inszenierung

Die Zeit geht vorbei und die Slogans verändern sich. Auch der Widerstand gegen die herrschenden Verhältnisse hat sich gewandelt. Statt wie in jedem Jahr zur autonomen 1.-Mai-Demo mehr oder weniger ironisch die Weltrevolution zu propagieren, hatten die verdienten GenossInnen der Kreuzberger KPD/RZ (""Kreuzberger Patriotische Demokraten/Realistisches Zentrum"") diesmal zur Kundgebung ""Gegen nächtliche Ruhestörung und sinnlose Gewalt"" aufgerufen.
 Um selbstbewußt den Vorwurf der Engstirnigkeit zu entkräften, hatten sie differierende Ansichten und Minderheitenblöcke zugelassen, die unter den Parolen:""Gegen nächtliche Ruhestörung - für sinnlose Gewalt"", ""Für nächtliche Ruhestörung- für sinnlose Gewalt"". resp. ""Für nächtliche Ruhestörung - gegen sinnlose Gewalt"" vom Marheinekeplatz zum Kottbusser Tor zogen. Den Stalinisten von der RIM und den traurigen Langweilern vom DGB hatte man diesmal den Tag überlassen und zog erst gegen 21 Uhr mit etwa 2.500 Gutgelaunten durch enge Straßenzüge.
 Die Stimmung war so großartig wie seit Jahren nicht mehr; denn die autonome Demo verzichtete diesmal auf alle plakativen Formen einer Pseudoradikalität, auf Auseinandersetzungen mit der RIM, auf die bis zum Erbrechen bekannten Parolen - ""Polizei SA-SS"". ""Haut ab"" (mit hysterischem Tremolo) etc. - oder die ausgeleierten Evergreens von ""Ton Stein Scherben"". Souverän weigerte man sich, Polizei oder RIM als Gegner anzuerkennen und sich über diesen Gegner zu definieren. Subversiv nahm man sie statt dessen nicht ernst - statt ""Mörder und Faschisten"" hieß es, selbst noch als die Bullen überfallartig am Ende marodierend am Kottbusser Tor die Demonstranten überfielen: ""Deutsche Polizisten - Gärtner und Floristen"" oder ""Gärtner und Puristen"". Selbst noch beim Wegrennen skandierten viele:""Ihr seid blöde"".
 Revolutionäre Puristen, die vermeintliche Massenwirksamkeit nach dem Ausmaß zerbrochener Scheiben und dem Grad der Auseinandersetzungen mit den Bullen berechnen, werden an der Demo die wohltuend auf alle Inhalte revolutionären Anachronismus verzichtete und statt dessen die subversibve Form wählte, vermutlich wenig Freude gehabt haben.

""Ein Kampf, ein Wille, Mut zur Stille""
Denn statt sich an anachronistischrn Parolen zu berauschen oder die Auseinandersetzung mit den Bütteln des Systems zu suchen, skandierte man mit großer Begeisterung: ""Wir wollen schlafen"", rief ""Nächtliche Ruhestörung ist verwerflich"", ""Ruhestörung wollen wir nicht"", drohte ""Ruhe, sonst knallt's"", ""Ich muß morgen arbeiten"" oder ""Ein Kampf, ein Wille, Mut zur Stille!"" hallte es begeistert durch die Kreuzberger Straßenschluchten. Mit einem energischen ""So nicht"" auf Transparenten verwahrte sich die lärmende Menge gegen den lärmenden Zeitgeist, und das war unglaublich komisch, lustig, sympathisch und intelligent in einer Zeit, die zwar immer mehr Anlaß zum radikalen Protest bietet, in der sich aber die Worte des Protestes erschöpft haben und oft nur noch lächerlich wirken.
 Die subversive Form des Protestes wurde durchaus verstanden. Obgleich es in den letzten Jahren kaum eine friedlichere Demo gegeben hat - lediglich eine Handvoll Demonstranten wackelte am Ende ein bißchen an einer Wanne herum -, trieben wohl hundert stockschlagende Bullen zwischen Admiralstraße und Kottbusser Tor ohne Vorwarnung (oder die war so leise, daß es niemand hörte) die Demonstranten auseinander.
 Offensichtlich konnten sie es nicht ertragen, es mit Leuten zu tun zu haben, die sie nicht als ""Mörder und Faschisten"" sondern schlicht als ""Ruhestörer"" und ""Spielverderber"" beschimpften. (Detlef Kuhbrodt TAZ  7.5.94)

Attendance:
2500",,2500,2500,LineString,2952.4,"52.489069,13.39456","52.498769,13.417772",35,1__mai_berlin_aktualna_15_.geojson,,False,tylko mapa,,,,,,900,2,demonstracja wspolna
1996_DE_demonstracja_R1M_a,1996,Lata,DE,Revolutionäre 1. Mai,demonstracja,name,R1M,False,niezwiazkowe,1996 RIM (AAB) Demo,"13:00 Rosa-Luxemburg-platz – Linienstraße – Ackerstrasse – Invalidenstrasse – Veteranenstrasse – Kastanienallee – Pappelallee – Raumerstrasse – Schliemannstrasse – Hagenauerstrasse – Szredzkistrasse – Knaackstrasse – Kollwitzplatz (AAB)

Attendance:
10000 (Gluckspilz)",,10000,10000,LineString,4780.1,"52.527022,13.4109","52.53628,13.417091",36,1__mai_berlin_aktualna_15_.geojson,,False,mapa+rocznik,pelny,1. 13:00 Rosa-Luxemburg-platz – Linienstraße – Ackerstrasse – Invalidenstrasse – Veteranenstrasse – Kastanienallee – Pappelallee – Raumerstrasse – Schliemannstrasse – Hagenauerstrasse – Szredzkistrasse – Knaackstrasse – Kollwitzplatz (Antifa; Interim 372/1996) 2. Oranienplatz – Kollwitzplatz (ML),,12000,FrekwencjaRevo;TrasaRevo,3000,1,demonstracja 13:00
1997_DE_demonstracja_R1M_a,1997,Lata,DE,Revolutionäre 1. Mai,demonstracja,name,R1M,False,niezwiazkowe,1997 R1M (AAB) Demo,"Rosa-Luxemburg-Platz – Senefelder Platz – Schwedter Strasse – Choriner Strasse – ... – Oranienburger Strasse – Auguststrasse – Rosenthaler Platz (Interim 418/1997)

14:30 – Ausschreitungen mit Polizei Schwedter/Templiner Strasse

Attendance:
9000 (Gluckspilz)",,9000,9000,LineString,4260.0,"52.529773,13.401255","52.526989,13.410949",37,1__mai_berlin_aktualna_15_.geojson,,False,mapa+rocznik,pelny,1. AAB: Rosa-Luxemburg-Platz – Senefelder Platz – Schwedter Strasse – Choriner Strasse – ... – Oranienburger Strasse – Auguststrasse – Rosenthaler Platz (Interim 418/1997),,,TrasaRevo,2000,1,demonstracja 13:00
1998_DE_demonstracja_R1M_a,1998,Lata,DE,Revolutionäre 1. Mai,demonstracja,name,R1M,False,niezwiazkowe,1998 RIM (AAB) Demo,"Die Route sollte wie 1996 vom Rosa-Luxemburg-Platz zum Kollwitzplatz führen; dies wurde von der Polizei verboten und stattdessen als Endplatz der Senefelder Platz auferlegt. (Glückspilz). Po raz pierwszy, z powodu blokady w Lipsku, demonstracja przeniesiona na popołudnie

* Kurz vor 20 Uhr ist wie in den vergangenen Jahren die sog. ""Revolutionäre 1. Mai-Demo” vom Rosa-Luxemburg-Platz über die Choriner Straße und die Kastanienallee losgegangen. (Interim 451/1998)
* 75 Torstrasse (0:38 rbb 1998 Demonstration in Prenzlauer Berg)
* 21:00 – *Als die Demospitze gegen 21 Uhr bereits an der Kreuzung Schönhauser Allee/Oderberger Straße stand und der Großteil der Demo in dem kleineren Teil der Oderberger sowie noch der Kastanienallee war, gab es kurze Auseinandersetzungenmit der üblichen engen ""Spalier"" -Begleitung der Polizei.* (Interim 451/1998)
*Ecke Schönhauser Alle/Sredzkistrasse (richtung Senfelderplatz; 01:25 rbb 1998 Demonstration in Prenzlauer Berg)
Gegen 22:30 besetzten die Demonstranten Kreuzung Eberswalder Strasse/Schönhauser Allee (Tagesspiegel 2.05.1998)
 

* *An der Demo-Spitze kam es jedoch immer wieder zu Auseinandersetzungen mit dem Bullen-Spalier, die schließlich an der Ecke Kastanienallee/Oderberger Str. eskalierten. Ein Müllcontainer wurde angezündet, die Bullen setzten Wasserwerfer und Tränengas ein und wurden heftig beschmissen, woraufhin die Demo von den VeranstalterInnen für aufgelöst erklärt wurde.* (1. Mai Archiv, Glückspilz)

Attendance:
* 6000 (police, via Gluckspilz)
* 11000 (Organisers, Gluckspilz)",,6667,6667,LineString,1467.1,"52.528839,13.409501","52.538537,13.409726",38,1__mai_berlin_aktualna_15_.geojson,,False,mapa+rocznik,bez typu,,,,FrekwencjaRevo,1750,1,demonstracja 13:00
1999_DE_demonstracja_R1M_a,1999,Lata,DE,Revolutionäre 1. Mai,demonstracja,warstwa,R1M,False,niezwiazkowe,1999 R1M 18:00 ,"Oranienplatz – Heinrichplatz - Spreewaldplatz - Ohlauerstrasse - Burknerstrasse  Hohenstausfenplatz (BZ 30.04.1999)
Attendance:
12000 (Tsg)
15000 (Gluckspilz)
15000 (Berliner Zeitung)",,14000,14000,LineString,2438.9,"52.502299,13.415508","52.490855,13.423317",39,1__mai_berlin_aktualna_15_.geojson,,False,mapa+rocznik,pelny,13:00 – Planowana trasa: Oranienplatz – Heinrichplatz - Spreewaldplatz - Ohlauerstrasse - Reuterstrasse - Karl-Marx-Strasse - Hermannplatz - Kottbusser Damm - Kottbusser Tor 18:00 – Planowana trasa: Oranienplatz – Heinrichplatz - Spreewaldplatz - Ohlauerstrasse - Burknerstrasse  Hohenstausfenplatz (BZ 30.04.1999),,8250,FrekwencjaRevo;TrasaRevo,1500,1,demonstracja 13:00
2000_DE_demonstracja_R1M_a,2000,Lata,DE,Revolutionäre 1. Mai,demonstracja,name,R1M,False,niezwiazkowe,2000 R1M Demonstration,"R1M Demonstration, 1 May 2000, ~18:00

The planned route led from Kreuzberg to Hackescher Markt, where the DGB headquarters were located:
Revolutionäre 1. Mai-Demo 18.00 Uhr:
Oranienplatz - Oranienstr. - Manteuffelstr. - Reichenbergerstr. - Segitzdamm - Prinzessinenstr. - Moritzplatz - Oranienstr. - Alexandrinenstr. - Lindenstr. - Kochstr. - Friedrichstr. - Mauerstr. - Leipzigerstr. - Friedrichstr. - Oranienburgerstr. - Hackescher Markt
 Organisers explained that ""people can't relate to the annual DGB spectacle"" (ND 28.04.2000).

**Route (based on taz ticker)**
Oranienplatz (assembly, ~18:25) → Oranienstraße → Adalbertstraße → return to Oranienplatz (~20:30, dispersed by water cannons and Räumpanzer)
After dispersal, conflicts spread across SO36: Kottbusser Tor, Adalbertstraße, Oranienstraße, Heinrichplatz, Dresdener Straße, Kottbusser Brücke. Tear gas reported at Kottbusser Tor around 22:14; the elevated pedestrian bridge over Adalbertstraße was cleared late in the evening, with stones (and even a flowerpot from a window) thrown from above.

Attendance:
* 5000 (Police, via Gluckspilz)
* 20000 (organisers, via Gluckspilz)
* 15000 (Gluckspilz)",,13333,13333,LineString,516.2,"52.502247,13.415929","52.502175,13.415786",40,1__mai_berlin_aktualna_15_.geojson,,False,tylko mapa,,,,,,1267,3,demonstracja 13:00
2001_DE_demonstracja_R1M_b,2001,Lata,DE,Revolutionäre 1. Mai,demonstracja,warstwa,R1M,False,niezwiazkowe,"2001 R1M, 18:00 (ca. 18:30–20:35) – riots","16:30 Nach Abschluss der Kundgebung (Gegen das Verbot der 1. Mai) zogen gegen 16.30 Uhr mehrere hundert Teilnehmer spontan Richtung Oranienplatz, wo die verbotene ""Revolutonäre 1.-Mai-Demonstration"" eigentlich starten sollte. Die Polizei stoppte den Aufzug an der Ecke Adalbertstraße. Darauf flogen erste Steine und Flaschen. Hier wurde auch der FU-Politologe und Demonstrationsbeobachter Wolf-Dieter Narr festgenommen. (taz)


18:16 – Auftaktkundgebung (ca. 4.500–20.000 Teilnehmer). Zwei Lautsprecherwagen von der Polizei beschlagnahmt. Ab 20:34 – erste Steinwürfe, Stuhl- und Flaschenwürfe Ecke Oranienstraße/Oranienplatz. 20:42 – ca. 10 Wasserwerfer besetzen den Platz. Bis 22:35 – Barrikaden über 2 m Höhe errichtet und angezündet.

19:35 – erste Steinwürfe, Zusammenstöße zwischen Demonstranten und Polizei. Wasserwerfer fahren auf, Lage beruhigt sich kurzfristig. Nach 22:35 – erneute schwere Ausschreitungen.

Laut Pressemitteilung der Veranstalter: Hier war ursprünglich geplant, die Demonstration aufzulösen. Nach Verhandlungen mit der Einsatzleitung konnte der Demonstrationszug ungehindert passieren.

0:34 – Stein-, Stuhl- und Flaschenwürfe. Polizei gibt Knüppel frei. 20:45 – ca. 500 Demonstranten zwischen Adalbertstraße und Oranienplatz eingekesselt. 20:47 – erste Barrikaden errichtet und angezündet. 20:50 – Polizei rückt mit Räumpanzer vor, Barrikade wird gelöscht, Festnahmen.

20:45 – Polizei schließt ca. 500 Demonstranten auf der Oranienstraße zwischen Adalbertstraße und Oranienplatz ein. 21:00 – noch ca. 150 Demonstranten in dreigeteiltem Kessel festgehalten, heftiger Knüppeleinsatz gemeldet. 21:05 – Adalbertstraße wieder freigegeben, Kessel aufgelöst.

22:35 – Polizeifahrzeuge mit Steinhageln eingedeckt. Sparkasse am Kottbusser Tor zerstört. Schaufensterscheiben, Telefonzellen und Bushaltestellen in Scherben. Massiver Einsatz von Wasserwerfern, Räumfahrzeugen und Tränengas.

22:35 – Polizeifahrzeuge mit Steinwürfen angegriffen. Kämpfe in Gruppen von bis zu 50 Personen. 00:24 – noch kleinere Auseinandersetzungen. Lage beruhigt sich erst in den frühen Morgenstunden.

Nach 20:56 – Polizei riegelt das Kreuzberger Zentrum hermetisch ab (nach Friedrichshain und Mitte). Nur in Richtung Mehringdamm / U-Bahnhof Hallesches Tor bleibt ein Durchkommen möglich. Demonstranten mussten mehrere gesperrte Bahnhöfe zu Fuß umgehen.

Attendance:
",,,,Polygon,,,,41,1__mai_berlin_aktualna_15_.geojson,,False,mapa+rocznik,bez typu,,,,Apel_radical_left,2250,2,demonstracja 13:00
2002_DE_demonstracja_R1M_a,2002,Lata,DE,Revolutionäre 1. Mai,demonstracja,warstwa,R1M,False,niezwiazkowe,"2002 –AAB, Bündnis linksradikaler und antifaschistischer Groups 2002","2002 – *Zuvor findet am gleichen Ort bereits eine Diskussionveranstaltung statt* (taz, 30.4.02)

**Police forces the change of the route – the demonstration can't enter SO 36**
*Statt zum Oranienplatz, der als Abschlußkundgebungsort angemeldet war, ließ uns die Polizei dann jedoch nur zum Michael-Kirch-Platz laufen. Die Demospitze stand an der Köpenicker Straße und das Demoende war hinter der Jannowitzbrücke als dem Anmelder mitgeteilt wurde, dass die ab hier weiter angemeldete Route verboten wird* (stressfaktor 2002)

Attendance:
8000 (LÖPA)
10000-12000 (Gluckspilz, stressfaktor)","Macht verrückt, was euch verrückt macht! ",9500,9500,LineString,3199.4,"52.527247,13.410864","52.507994,13.419897",42,1__mai_berlin_aktualna_15_.geojson,,False,mapa+rocznik,pelny,Rosa Luxemburg Platz - Torstraße - Mollstraße - Otto Braun Straße - Alexanderstraße - Brücken Straße - Heinrich Heiner Straße - Oranienplatz,,,Trasa_revo,4000,1,demonstracja 13:00
2002_DE_demonstracja_R1M_b,2002,Lata,DE,Revolutionäre 1. Mai,demonstracja,warstwa,R1M,False,niezwiazkowe,2002 16:00 Zuschuss R1M,"16-21 (Rucht 2003, taz 30.04.2002, Tagesspiegel 30.04.2002)
Attendance:
4000 (Gluckspilz) – 1000 from the R1M 13 Demo",,4000,4000,LineString,4070.9,"52.499153,13.427554","52.500261,13.423174",43,1__mai_berlin_aktualna_15_.geojson,,False,mapa+rocznik,pelny,Rosa Luxemburg Platz - Torstraße - Mollstraße - Otto Braun Straße - Alexanderstraße - Brücken Straße - Heinrich Heiner Straße - Oranienplatz,,,Trasa_revo,4000,1,demonstracja 13:00
2003_DE_demonstracja_R1M_a,2003,Lata,DE,Revolutionäre 1. Mai,demonstracja,name,R1M,False,niezwiazkowe,2003 K&P R1M Demo,"18:00 Rosa Luxemburg Platz - Mollstrasse – Otto-Braun-Allee – KM-Allee-Schillingsbrücke - Köpernickerstrasse – Lausitzer Platz (ND 30.4, taz 30.4, Tagesspiegel 30.04)

Attendance:
3500 (Gluckspilz)",,3500,3500,LineString,4648.3,"52.528546,13.410938","52.500144,13.430843",44,1__mai_berlin_aktualna_15_.geojson,,False,mapa+rocznik,pelny,"Rosa-Luxemburg-Platz über die Mollstraße, Otto-Braun-Straße, Karl-Marx-Allee, Schilling-Brücke, Köpenicker Straße zum Lausitzer Platz",,7500,TrasaRevo;FrekwencjaRevo,6750,2,demonstracja 13:00
2004_DE_demonstracja_R1M_a,2004,Lata,DE,Revolutionäre 1. Mai,demonstracja,name,R1M,False,niezwiazkowe,2004 16 Uhr Revolutionäre 1. Mai Demo,"ab 16 Uhr vom Leipziger Platz über die Wilhelmstraße nach Kreuzberg ziehen (Kottbuser Tor?). Hauptanliegen der Polizei war es, die Demo von dem zeitgleich rund um die Oranienstraße stattfindenden Straßenfest fern zu halten.
Attendance:
3500 (Umbruch Archiv)",,3500,3500,LineString,4012.9,"52.509587,13.378323","52.499007,13.418342",45,1__mai_berlin_aktualna_15_.geojson,,False,tylko mapa,,,,,,5000,1,demonstracja 13:00
2004_DE_demonstracja_R1M_b,2004,Lata,DE,Revolutionäre 1. Mai,demonstracja,name,R1M,False,niezwiazkowe,2004 Anschlussdemo zur R1M (nicht genehmigt),"19 Uhr, Heinrich-Platz (Rio-Reiser Platz) – Oranienplatz

Attendance: 1500",,,,LineString,773.2,"52.502534,13.414628","52.500196,13.423386",46,1__mai_berlin_aktualna_15_.geojson,,False,tylko mapa,,,,,,5000,1,demonstracja 13:00
2005_DE_demonstracja_R1M_b,2005,Lata,DE,Revolutionäre 1. Mai,demonstracja,warstwa,R1M,False,niezwiazkowe,2005 Yorck59 Bleibt!,"* 13:00 – Demo: Yorckstraße 59 – Waldemarskiez
* Ecke Yorckstrasse./Mehringdamm – 1179v.jpg, Umbruch Archiv
* 1179x.jpg, Umbruch Archiv
* Prinzenstrasse S-Bahn 1180a.jpg
* Waldemarstrasse 43 1180b.jpg

Attendance:
500 (Umbruch archiv)
1000 (taz 2.05)",,750,750,LineString,3772.7,"52.503373,13.420213","52.491613,13.377011",47,1__mai_berlin_aktualna_15_.geojson,,False,tylko mapa,,,,,,500,1,demonstracja 13:00
2006_DE_demonstracja_R1M_b,2006,Lata,DE,Revolutionäre 1. Mai,demonstracja,name,R1M,False,niezwiazkowe,2006 Sponti R1M (18:00),"Due to route restrictions imposed by the authorities in connection with the MyFest street festival, the organizers of the official Revolutionary 1st of May demonstration cancelled the event. In response, a spontaneous, unregistered march broke out at around 18:08 from Oranienplatz. The procession started with roughly 200 participants dressed in black hoodies and carrying red flags, under a banner reading ""Kein Krieg, kein Hartz, kein Demoverbot"" (""No war, no Hartz [IV welfare cuts], no demo ban""). The crowd grew to an estimated 1,000 people as it moved eastward along Oranienstraße toward Mariannenplatz, reaching the intersection with Mariannenstraße (Rio-Reiser-Platz). Notably, Berlin's head of the Verfassungsschutz (domestic intelligence agency), Claudia Schmid, was spotted marching within the demonstration. By 18:35 the march had dissolved peacefully.
Route: Oranienplatz → Oranienstraße → Rio-Reiser-Platz/Mariannenstraße intersection → Mariannenplatz

Gegen 18 Uhr trafen sich am Oranienplatz rund 200 Autonome. Mit schwarzen Kapuzen und roten Flaggen zogen sie spontan durch das Kiezfest. Nach ein paar Runden um die Blöcke löste sich der Zug ebenso spontan am Mariannenplatz wieder auf. Von einem Skandal berichtete der Linkspartei-Abgeordnete Udo Wolf: Polizeipräsident Dieter Glietsch sei in dem Zug mitgelaufen. ""Das ist die Sensation des Abends."" Ein Großaufgebot von 5.500 Polizisten war vor Ort. Ein (taz)

Attendance:
1000 (Umbruch Archiv, ca)
",,,,LineString,729.0,"52.502155,13.416107","52.502149,13.424305",48,1__mai_berlin_aktualna_15_.geojson,,False,tylko mapa,,,,,,50,1,demonstracja 13:00
2007_DE_demonstracja_R1M_a,2007,Lata,DE,Revolutionäre 1. Mai,demonstracja,warstwa,R1M,False,niezwiazkowe,2007 R1M 18:00,"Aktuell angemeldete Strecke: Lausitzer Platz – Eisenbahnstraße – Wrangelstraße – Oppelner Straße – Görlitzer Straße – Skalitzer Straße – Lausitzer Straße – Wiener Straße – Glogauer Straße – Reichenberger Straße – Mariannenstraße – Heinrichplatz – Oranienstraße – Wiener Straße – Spreewaldplatz (erstermai.nostate.de)
Slogan: G-8 stoppen! Imperialistische Kriege verhindern! Kapitalismus abschaffen!""
Attendance: 
3000 (police)
5000 (Berliner Kurier)
15000 (organisers via BZ)",,7667,7667,LineString,4852.2,"52.500686,13.43099","52.498054,13.431336",49,1__mai_berlin_aktualna_15_.geojson,,False,tylko mapa,,,,,,900,2,demonstracja 13:00
2008_DE_demonstracja_R1M_a,2008,Lata,DE,Revolutionäre 1. Mai,demonstracja,warstwa,R1M,False,niezwiazkowe,2008 R1M (18),"18:00 (rbb Vorbericht 30.04.2008)
Attendance: 
10000 (police via taz)
""mehr als 10.000"" ~ 12000 (Umbruch)",,11000,11000,LineString,4796.4,"52.499017,13.418706","52.499164,13.41887",50,1__mai_berlin_aktualna_15_.geojson,,False,tylko mapa,,,,,,300,1,demonstracja 13:00
2009_DE_demonstracja_R1M_a,2009,Lata,DE,Revolutionäre 1. Mai,demonstracja,name,R1M,False,niezwiazkowe,2009 Revolutionäre Demo 18:00,"17:00 – Reichenberger Straße, south side of Kottbusser Tor: auftakt rally begins; high degree of masking noted in front block (~1,000–2,000 participants in front section)
19:00 – march departs towards Mariannenstraße
19:10 – Mariannenstraße/Skalitzerstraße: first stone and bottle throwing directed at police securing the Aral petrol station; police surprised by intensity of attacks
19:10–19:30 – Muskauer Straße through MyFest area (passage via Muskauer Str./Pücklerstraße): conflict-free; mixed reactions from festival visitors (applause and greetings from some, hostility from others)
19:25 – Muskauer Straße/Manteuffelstraße: heaviest clashes of the demonstration; police charge on march front injures 25+; march temporarily splits in two; sound trucks call for calm and continuation
19:30–19:50 – Lausitzer Platz: march continues but increasingly disordered; front block losing cohesion; growing mix of bystanders and drunk individuals
20:18 – Wiener Straße (in front of former fire station): two police cars standing on central reservation attacked; intense back-and-forth follows
20:35 – Ohlauer Straße: police car attacked with baseball bat, driver in shock
~21:00 – Kottbusser Tor: demonstration dissolves; clashes continue; autonomen gradually withdraw, replaced by bystanders and Krawalltouristen; police gain control after ~30 minutes
Intermediate streets between Lausitzer Platz and Wiener Straße, and between Wiener Straße and Ohlauer Straße: not documented in available sources.
Source: taz live ticker 1.05.2009; Berliner Forum Gewaltprävention, BFG Nr. 42; Polizeiliche Darstellung der Einsätze am 1. Mai

Attendance:
5000 (police, via Tagesspiegel ticker 2010)
""über 10.000 TeilnehmerInnen"" ~ 12000 (Umbruch archiv)",,8500,8500,LineString,2637.6,"52.499301,13.417603","52.498994,13.418321",51,1__mai_berlin_aktualna_15_.geojson,,False,tylko mapa,,,,,,300,1,demonstracja 13:00
2010_DE_demonstracja_R1M_a,2010,Lata,DE,Revolutionäre 1. Mai,demonstracja,warstwa,R1M,False,niezwiazkowe,2010 R1M 18:00. *Die Krise beenden – Kapitalismus abschaffen*,"2010 R1M – 18:00. Kottbusser Dam – Spreewaldplatz (taz 30.4)
Attendance:
10000 (police, via Tagesspiegel ticker)
15000 (Umbruch Archiv)",,12500,12500,LineString,3152.0,"52.498811,13.417858","52.499086,13.427425",52,1__mai_berlin_aktualna_15_.geojson,,False,tylko mapa,,,,,,50,1,demonstracja 13:00
2011_DE_demonstracja_R1M_a,2011,Lata,DE,Revolutionäre 1. Mai,demonstracja,warstwa,R1M,False,niezwiazkowe,2011 R1M – Heraus zum revolutionären 1. Mai - für die soziale Revolution weltweit,"2011 – 18:00, Kottbusser Brücke-U-Bahnhof Südstern (taz 30.4; Polizeiliche Maßnahmen 2011)

Attendance:
10000 (taz)
15000 (Umbruch)",,11333,11333,LineString,6531.5,"52.498769,13.418112","52.489,13.407913",53,1__mai_berlin_aktualna_15_.geojson,,False,tylko mapa,,,,,,11333,3,demonstracja wieczorna
2012_DE_demonstracja_R1M_a,2012,Lata,DE,Revolutionäre 1. Mai,demonstracja,warstwa,R1M,False,niezwiazkowe,2012 R1M,"2012 – 18:00, R1M Route durch der Mitte. Koniec na Bebelplatz

*“So sollte der Aufzug an der  Arbeitsagentur Mitte, an der  Wohnungsbaugesellschaft GSW und am  Bundesfinanzministerium vorbei führen, die für  „Ämter-Willkür“, „soziale Vertreibung“ und  „unsoziale Europapolitik“ stünden. **Nicht  genehmigt wurde dagegen das direkte Passieren  des Axel-Springer-Hauses, wo am 2. Mai der 100-jährige Geburtstag des  Namensgebers begangen werden soll, dessen Verlag wegen seiner angeblich  „rassistischen und antikommunistischen Hetze“22 als Feindbild der  linksextremistischen Szene gilt.*** (Polizeibericht 2012)

*20:21: Der Demonstrationszug ist jetzt kurz vor dem Axel-Springer-Hochhaus und ruft: ""Axel Springer wir sind da"". Die Stimmung wird wieder aggressiver. Über dem Hochhaus kreist ein Polizeihubschrauber. Auf Polizisten, die an einer Tankstelle standen flogen wieder Steine.* (Tagesspiegel 2.05)

*21:12: Die Demo ist aufgelöst. In der Nähe des Jüdischen Museums hat sich der Zug festgelaufen, es fliegen vereinzelt Steine und Flaschen. Die Polizei hat die Demo eingekesselt und lässt vor allem den hinteren Teil der Demo durch. Dabei dürfen nur vereinzelt kleinere Gruppen von fünf bis zehn Mann die Polizeikette passieren* (Tagesspiegel, 2.05)

Attendance: 12000 (taz)
25000 (organisers, via tagesspiegel)",,18500,18500,LineString,3946.6,"52.499282,13.430811","52.502952,13.395181",54,1__mai_berlin_aktualna_15_.geojson,,False,tylko mapa,,,,,,18500,2,demonstracja wieczorna
2013_DE_demonstracja_R1M_a,2013,Lata,DE,Revolutionäre 1. Mai,demonstracja,warstwa,R1M,False,niezwiazkowe,2013 R1M,"2013 – 18 R1M Demo Rute; (taz 30.4)
*19:18. Berlin/Kreuzberg. Die „Revolutionäre 1. Mai""-Demo läuft mit mehreren Tausend Menschen die Eisenbahnstraße entlang. Damit läuft die Demonstration parallel zu der ursprünglich geplanten Route.”* (taz liveticker)
Attendance: ",,11667,11667,LineString,6709.6,"52.497708,13.431443","52.516649,13.385832",55,1__mai_berlin_aktualna_15_.geojson,,False,tylko mapa,,,,,,11667,3,demonstracja wieczorna
2014_DE_demonstracja_R1M_a,2014,Lata,DE,Revolutionäre 1. Mai,demonstracja,name,R1M,False,niezwiazkowe,2014 Revolutionäre 1. Mai Demo,"18:00 (taz 29.04.14)
Attendance:
19000 (police)
25000 (organisers)",,22000,22000,LineString,5893.6,"52.499347,13.430937","52.499347,13.388753",56,1__mai_berlin_aktualna_15_.geojson,,False,tylko mapa,,,,,,22000,2,demonstracja wieczorna
2015_DE_demonstracja_R1M_a,2015,Lata,DE,Revolutionäre 1. Mai,demonstracja,name,R1M,False,niezwiazkowe,2015 R1MB Demo,"Spreewaldplatz -> Ohlauerstrasse → (Gerhart Haputmann Schule) -> Reichenbergerstrasse -> Glogauerstrasse → Pannierstrasse -> Sonnenallee → (?) -> Karl-Marx-Straße → Hermannplatz ->  Kottbusser Damm → Mariannenstrasse -> Reichenbergerstrasse -> Lausitzerstrasse -> Lausitzerplatz . Źródła: taz.de (https://taz.de/-taz-Ticker-zum-1-Mai-/!5010110/), nd-aktuell.de (https://www.nd-aktuell.de/artikel/970785.mai-demonstrationen.html), berliner-zeitung.de (https://www.berliner-zeitung.de/mensch-metropole/revolutionaerer-1-mai-2015-linksradikale-szene-mobilisiert-fuer-1-mai-in-berlin-li.53503).

https://www.tagesspiegel.de/berlin/so-war-der-1-mai-in-berlin-3624361.html

Attendance:
18000 (police via Tsg)
33000 (organisers, via taz)
",,25500,25500,LineString,5743.2,"52.499791,13.430486","52.498909,13.431172",57,1__mai_berlin_aktualna_15_.geojson,,False,mapa+rocznik,pelny,"Spreewaldplatz -> Ohlauerstrasse → (Gerhart Haputmann Schule) -> Reichenbergerstrasse -> Glogauerstrasse → Pannierstrasse -> Sonnenallee → (?) -> Karl-Marx-Straße → Hermannplatz -> Kottbusser Damm → Mariannenstrasse -> Reichenbergerstrasse -> Lausitzerstrasse -> Lausitzerplatz . Źródła: taz.de (https://taz.de/-taz-Ticker-zum-1-Mai-/!5010110/), nd-aktuell.de (https://www.nd-aktuell.de/artikel/970785.mai-demonstrationen.html), berliner-zeitung.de (https://www.berliner-zeitung.de/mensch-metropole/revolutionaerer-1-mai-2015-linksradikale-szene-mobilisiert-fuer-1-mai-in-berlin-li.53503).https://www.tagesspiegel.de/berlin/so-war-der-1-mai-in-berlin-3624361.html",,,Trasa_revo,25500,2,demonstracja wieczorna
2016_DE_demonstracja_R1M_b,2016,Lata,DE,Revolutionäre 1. Mai,demonstracja,name,R1M,False,niezwiazkowe,2016 Demo,"Faktyczna trasa z livetickera taz.de: Oranienplatz (start, 18:00) → Oranienstraße (do Adalbertstraße, 18:23) → Adalbertstraße → Waldemarstraße (pętla MyFest, 18:38) → Leuschnerdamm → Powrót do Oranienplatz → Moritzplatz (18:45) → Prinzenstraße (północ) → Heinrich-Heine-Straße (U-Bahn, 19:12) → Köpenicker Straße (Köpi, 19:25-19:35) → Skalitzer Straße (Schlesisches Tor, 20:00) → Lausitzer Platz (koniec, ~20:00). Skrócona przez policję/MyFest; bez Hermannplatz

Attendance: 
* 13000 (police, taz liveticker)
* 20000 (organisers, taz liveticker)",,16500,16500,LineString,5113.7,"52.499295,13.431344","52.502168,13.415594",58,1__mai_berlin_aktualna_15_.geojson,,False,mapa+rocznik,pelny,"Faktyczna trasa z livetickera taz.de: Oranienplatz (start, 18:00) → Oranienstraße (do Adalbertstraße, 18:23) → Adalbertstraße → Waldemarstraße (pętla MyFest, 18:38) → Leuschnerdamm → Powrót do Oranienplatz → Moritzplatz (18:45) → Prinzenstraße (północ) → Heinrich-Heine-Straße (U-Bahn, 19:12) → Köpenicker Straße (Köpi, 19:25-19:35) → Skalitzer Straße (Schlesisches Tor, 20:00) → Lausitzer Platz (koniec, ~20:00). Skrócona przez policję/MyFest",,,Trasa_revo,250,1,demonstracja 13:00
2017_DE_demonstracja_R1M_a,2017,Lata,DE,Revolutionäre 1. Mai,demonstracja,name,R1M,False,niezwiazkowe,2017 Hauptdemo 18,"Oranienstraße -Adalbertstraße - Naunynstraße - Manteuffelstraße - Reichenberger Straße-Ohlauer Straße-Friedelstraße-Weserstraße-Pannierstraße-Glogauer Straße-Reichenberger Straße-Ohlauer Straße-Spreewaldplatz (https://1maiberlin.noblogs.org/archiv/)
18:00
Attendance: 
* 10000 (police, Berliner Morgenpost ticker 2018)
* 20000 (organizers, umbruch archiv)",,15000,15000,LineString,4434.5,"52.502168,13.415895","52.498034,13.431677",59,1__mai_berlin_aktualna_15_.geojson,,False,mapa+rocznik,pelny,Oranienstraße -Adalbertstraße - Naunynstraße - Manteuffelstraße - Reichenberger Straße-Ohlauer Straße-Friedelstraße-Weserstraße-Pannierstraße-Glogauer Straße-Reichenberger Straße-Ohlauer Straße-Spreewaldplatz (https://1maiberlin.noblogs.org/archiv/),,,Trasa_revo,250,1,demonstracja 13:00
2017_DE_demonstracja_R1M_b,2017,Lata,DE,Revolutionäre 1. Mai,demonstracja,warstwa,R1M,False,niezwiazkowe,2017 Internationalistische Block,"2017 – taz 30.4
16:00",,,,LineString,2534.4,"52.499507,13.43024","52.502103,13.415502",60,1__mai_berlin_aktualna_15_.geojson,,False,mapa+rocznik,pelny,Oranienstraße -Adalbertstraße - Naunynstraße - Manteuffelstraße - Reichenberger Straße-Ohlauer Straße-Friedelstraße-Weserstraße-Pannierstraße-Glogauer Straße-Reichenberger Straße-Ohlauer Straße-Spreewaldplatz (https://1maiberlin.noblogs.org/archiv/),,,Trasa_revo,250,1,demonstracja 13:00
2017_DE_demonstracja_R1M_c,2017,Lata,DE,Revolutionäre 1. Mai,demonstracja,warstwa,R1M,False,niezwiazkowe,2017. Jugend auf die Strasse,"Um 16 Uhr demonstrieren ein Jugendbündnis und der Internationalistische Block, der sich von der 18-Uhr-Demo abgespalten hat (taz 29.04)",,,,LineString,444.8,"52.502828,13.416495","52.506152,13.419585",61,1__mai_berlin_aktualna_15_.geojson,,False,mapa+rocznik,pelny,Oranienstraße -Adalbertstraße - Naunynstraße - Manteuffelstraße - Reichenberger Straße-Ohlauer Straße-Friedelstraße-Weserstraße-Pannierstraße-Glogauer Straße-Reichenberger Straße-Ohlauer Straße-Spreewaldplatz (https://1maiberlin.noblogs.org/archiv/),,,Trasa_revo,250,1,demonstracja 13:00
2018_DE_demonstracja_R1M_a,2018,Lata,DE,Revolutionäre 1. Mai,demonstracja,name,R1M,False,niezwiazkowe,2018 Demo,"Oranienplatz (Start 18 Uhr) → Oranienstraße → Adalbertstraße → Naunynstraße → Manteuffelstraße → Wiener Straße (unter der Hochbahn durch) → Skalitzer Straße → Schlesisches Tor. (Revolutionärer 1. Mai Berlin, Twitter)

Attendance: 
* 7000 (police, Berliner Morgenpost ticker 2018)
* 18000 (organisers, Umbruch Archiv)",,12500,12500,LineString,2109.4,"52.502195,13.415819","52.501091,13.44232",62,1__mai_berlin_aktualna_15_.geojson,,False,mapa+rocznik,bez typu,,,,Trasa_revo,200,1,demonstracja 13:00
2019_DE_demonstracja_R1M_a,2019,Lata,DE,Revolutionäre 1. Mai,demonstracja,name,R1M,False,niezwiazkowe,2019 Demo. Gegen die Stadt der Reichen,"https://x.com/Rev1MaiBerlin/status/1117526331418451969?ref_src=twsrc%5Etfw
Attendance:
* 15000 (organisers, Umbruch Archiv)
* 10000 (press, Perspektive)
5000 (police, via Berliner Zeitung)
Slogan: 
Gegen die Stadt der Reichen",,10000,10000,LineString,4715.9,"52.507458,13.450162","52.510841,13.462415",63,1__mai_berlin_aktualna_15_.geojson,,False,mapa+rocznik,bez typu,,Gegen die Stadt der Reichen,10000,Trasa_revo;FrekwencjaRevo;Hasło_revo,200,1,demonstracja 13:00
2019_DE_demonstracja_R1M_b,2019,Lata,DE,Revolutionäre 1. Mai,demonstracja,name,R1M,False,niezwiazkowe,"2019 Jugenddemo – Unser Kiez, nicht ihr Profit","(BZ 2019)
“Ab 14 Uhr wurde im Grunewald für bezahlbaren Wohnraum demonstriert (siehe Seiten 4-5), um 16 Uhr sollte sich vom Schlesischen Tor in Kreuzberg ein großer Tross Richtung Wismarplatz in Friedrichshain auf den Weg machen, um von dort aus ab 18 Uhr mit der ""Revolutionären 1. Mai Demo"" die für Anwohner und Polizei gefährliche Phase des Feiertags einzuleiten” (BK 2.05.2019)",,,,LineString,2329.1,"52.510906,13.462608","52.500653,13.44161",64,1__mai_berlin_aktualna_15_.geojson,,False,mapa+rocznik,bez typu,,Gegen die Stadt der Reichen,10000,Trasa_revo;FrekwencjaRevo;Hasło_revo,200,1,demonstracja 13:00
1994_DE_festyn_R1M,1994,Lata,DE,Revolutionäre 1. Mai,festyn,name,R1M,False,niezwiazkowe,1994 Oranienplatz Strassenfest,"*Unterdessen wird in Kreuzberg gefeiert statt demonstriert. Zum ersten Mal seit sechs Jahren wird es am 1. Mai keine „revolutionäre Demonstration“ geben. Nachdem bereits im vergangenen Jahr der Kreuzberger Scherbenlauf von mehreren autonomen Gruppen als „Ritual“ und „ohne Inhalt“ kritisiert worden war und sich im Vorbereitungskreis organisierte K-Gruppen mit undogmatischen Gruppen gestritten hatten, fand sich heuer keiner bereit, das alljährliche Spektakel vorzubereiten. Statt dessen soll es ab 10 Uhr am Oranienplatz ein alkoholfreies „internationalistisches Straßenfest“ geben. Das von 50 verschiedenen Initiativen organisierte Fest soll, wie es in einem Aufruf heißt, „diesen Tag wieder mit Leben füllen“. Außerdem biete das Fest Gelegenheit, „über die Aktivitäten der Nazis zu informieren und gegebenenfalls Leute zu mobilisieren“.* (taz 28.04.1994)",,,,Point,,"52.5022391,13.41571442375585","52.5022391,13.41571442375585",65,1__mai_berlin_aktualna_15_.geojson,,False,tylko mapa,,,,,,900,2,demonstracja wspolna
1996_DE_demonstracja_R1M_b,1996,Lata,DE,Revolutionäre 1. Mai,demonstracja,name,R1M,False,niezwiazkowe,1996 KPD/RZ Spaßdemo,Spaßrevolutionäre der KPD/RZ nahm die Parade in der Kastanienallee unter großem Beifall ab (jw 2.05.1996),,,,Point,,"52.533702,13.404911","52.533702,13.404911",66,1__mai_berlin_aktualna_15_.geojson,,False,mapa+rocznik,pelny,1. 13:00 Rosa-Luxemburg-platz – Linienstraße – Ackerstrasse – Invalidenstrasse – Veteranenstrasse – Kastanienallee – Pappelallee – Raumerstrasse – Schliemannstrasse – Hagenauerstrasse – Szredzkistrasse – Knaackstrasse – Kollwitzplatz (Antifa; Interim 372/1996) 2. Oranienplatz – Kollwitzplatz (ML),,12000,FrekwencjaRevo;TrasaRevo,3000,1,demonstracja 13:00
2001_DE_demonstracja_R1M_c,2001,Lata,DE,Revolutionäre 1. Mai,demonstracja,warstwa,R1M,False,niezwiazkowe,2001 – Gegen das Verbot der linken 1. Mai,"
13:00 Lausitzer Platz (Kreuzberg)
Demo: Gegen das Verbot der linken 1. Mai-Demo! Die Demo wurde von Angela Marquardt angemeldet. Die Auftaktkundgebung findet ab 12 Uhr statt. Werthebach besteht darauf, dass die Demo um 15 Uhr beendet ist. Wir werden also ziemlich pünktlich losgehen! (https://www.stressfaktor.squat.net/2001/mai_nach.html)",,,,Point,,"52.500862,13.431129","52.500862,13.431129",67,1__mai_berlin_aktualna_15_.geojson,,False,mapa+rocznik,bez typu,,,,Apel_radical_left,2250,2,demonstracja 13:00
2001_DE_demonstracja_R1M_d,2001,Lata,DE,Revolutionäre 1. Mai,demonstracja,warstwa,R1M,False,niezwiazkowe,2001 – Gegen das Verbot des Revolutinären 1. Mai,"*""Hingehen und 'mitmachen' hahaha"", wird auf Diskussionsforen im Internet bereits vorgeschlagen, sowie: ""Mit ein bisschen Glück kommen wir auch nach Mitte durch."" Schon für morgen Abend ist am Breitscheidplatz eine Kundgebung ""Gegen das Verbot des revolutionären 1. Mai"" angemeldet.* (taz, 26.04.2001)

**DGB fears disruptions from Autonomen?**
*Koll. Mayer berichtet von der Kundgebung der AAB am Breitscheidplatz. Dort wurde dazu aufgerufen an der DGB -Demonstration teilzunehmen. Das Problem wäre dann, dass sich Störer in unsere Demo-Züge mischen, insbesondere in den Demo-Zug der IG Metall.* (5/DGBG000668)",,,,Point,,"52.504467,13.334741","52.504467,13.334741",68,1__mai_berlin_aktualna_15_.geojson,,False,mapa+rocznik,bez typu,,,,Apel_radical_left,2250,2,demonstracja 13:00
2001_DE_demonstracja_R1M_e,2001,Lata,DE,Revolutionäre 1. Mai,demonstracja,warstwa,R1M,False,niezwiazkowe,2001. Gegen das verbot des Linkes 1. Mai,"Report stressfaktor:
01.05.2001 15:42
Demo wieder am Lausitzer Platz angekommen. Überall Polizei.



01.05.2001 15:22
Route der 13.00.Uhr Demo geändert jetzt über Schlesisches Tor, mittlerweile 8000!!! Leute und Polizei-Spalier. Im Moment biegt sie in die Eisenbahnstrasse ab.

01.05.2001 14:30
13.00.Uhr-Demo startet vom Lausitzer Platz Richtung Wrangelstrasse. ca. 4000 Menschen.

Attendance:
~ 6000 (stressfaktor)
5000 (taz)",,,,LineString,1742.7,"52.500973,13.43129","52.499518,13.432032",69,1__mai_berlin_aktualna_15_.geojson,,False,mapa+rocznik,bez typu,,,,Apel_radical_left,2250,2,demonstracja 13:00
1987_DE_demonstracja_R1M,1987,Lata,DE,Revolutionäre 1. Mai,demonstracja,warstwa,R1M,False,niezwiazkowe,"Bolle Supermarket, burned down in 1987","Miejsce, w którym stał spalony w trakcie zamieszek 1. Maja 1987 supermarket Bolle – symbol wydarzeń, które zapoczątkowały historię Rewolucyjnego 1. Maja w Berlinie

{{imgurl}}",,,,Point,,"52.498929,13.427","52.498929,13.427",70,1__mai_berlin_aktualna_15_.geojson,,False,tylko mapa,,,,,,,,
1990_DE_festyn_R1M,1990,Lata,DE,Revolutionäre 1. Mai,festyn,name,R1M,False,niezwiazkowe,Görlitzer Park festival,"1990 – zabroniony przez władze miasta festyn, zorganizowany mimo to przez grupę lewicowych radykałów",,,,Point,,"52.4965878,13.437578889204548","52.4965878,13.437578889204548",71,1__mai_berlin_aktualna_15_.geojson,,False,tylko mapa,,,,,,12500,2,demonstracja wspolna
1999_DE_demonstracja_R1M_b,1999,Lata,DE,Revolutionäre 1. Mai,demonstracja,warstwa,R1M,False,niezwiazkowe,Kottbusser Damm,1999 – endpoint of the AAB demonstration,,,,Point,,"52.49574735643853,13.420273960401055","52.49574735643853,13.420273960401055",72,1__mai_berlin_aktualna_15_.geojson,,False,mapa+rocznik,pelny,13:00 – Planowana trasa: Oranienplatz – Heinrichplatz - Spreewaldplatz - Ohlauerstrasse - Reuterstrasse - Karl-Marx-Strasse - Hermannplatz - Kottbusser Damm - Kottbusser Tor 18:00 – Planowana trasa: Oranienplatz – Heinrichplatz - Spreewaldplatz - Ohlauerstrasse - Burknerstrasse  Hohenstausfenplatz (BZ 30.04.1999),,8250,FrekwencjaRevo;TrasaRevo,1500,1,demonstracja 13:00
1999_DE_demonstracja_R1M_c,1999,Lata,DE,Revolutionäre 1. Mai,demonstracja,warstwa,R1M,False,niezwiazkowe,Mauerpark,"1999 – festyn przeniesiony z Kollwitz
2000 – festyn z okazji Walpurgisnacht odbywa się po raz drugi",,,,Point,,"52.54371605,13.401932691264753","52.54371605,13.401932691264753",73,1__mai_berlin_aktualna_15_.geojson,,False,mapa+rocznik,pelny,13:00 – Planowana trasa: Oranienplatz – Heinrichplatz - Spreewaldplatz - Ohlauerstrasse - Reuterstrasse - Karl-Marx-Strasse - Hermannplatz - Kottbusser Damm - Kottbusser Tor 18:00 – Planowana trasa: Oranienplatz – Heinrichplatz - Spreewaldplatz - Ohlauerstrasse - Burknerstrasse  Hohenstausfenplatz (BZ 30.04.1999),,8250,FrekwencjaRevo;TrasaRevo,1500,1,demonstracja 13:00
2000_DE_demonstracja_R1M_b,2000,Lata,DE,Revolutionäre 1. Mai,demonstracja,warstwa,R1M,False,niezwiazkowe,Mauerpark,"1999 – festyn przeniesiony z Kollwitz
2000 – festyn z okazji Walpurgisnacht odbywa się po raz drugi",,,,Point,,"52.54371605,13.401932691264753","52.54371605,13.401932691264753",73,1__mai_berlin_aktualna_15_.geojson,,False,tylko mapa,,,,,,1267,3,demonstracja 13:00
1996_DE_demonstracja_R1M_c,1996,Lata,DE,Revolutionäre 1. Mai,demonstracja,warstwa,R1M,False,niezwiazkowe,Rosa-Luxemburg-Platz,"1996 – autonomowie + Antifa rozpoczynają demonstrację w stronę Kollwitzplatz: tam wspólny wiec z drugim pochodem
1997 – autonomowie + Antifa rozpoczynają demonstrację w stronę Rosenthaler Platz
1998 – autonomie + Antifa rozpoczynają demonstrację w stronę Senefelder Platz
2002 – Antyfaszyści, AAB demonstrują w stronę Kreuzberga o godzinie 18. Trasa na podstawie mapki taz
2003 – Początek demonstracji antyfaszystowskiej o 18",,,,Point,,"52.528663,13.409747","52.528663,13.409747",74,1__mai_berlin_aktualna_15_.geojson,,False,mapa+rocznik,pelny,1. 13:00 Rosa-Luxemburg-platz – Linienstraße – Ackerstrasse – Invalidenstrasse – Veteranenstrasse – Kastanienallee – Pappelallee – Raumerstrasse – Schliemannstrasse – Hagenauerstrasse – Szredzkistrasse – Knaackstrasse – Kollwitzplatz (Antifa; Interim 372/1996) 2. Oranienplatz – Kollwitzplatz (ML),,12000,FrekwencjaRevo;TrasaRevo,3000,1,demonstracja 13:00
1998_DE_demonstracja_R1M_b,1998,Lata,DE,Revolutionäre 1. Mai,demonstracja,warstwa,R1M,False,niezwiazkowe,Rosa-Luxemburg-Platz,"1996 – autonomowie + Antifa rozpoczynają demonstrację w stronę Kollwitzplatz: tam wspólny wiec z drugim pochodem
1997 – autonomowie + Antifa rozpoczynają demonstrację w stronę Rosenthaler Platz
1998 – autonomie + Antifa rozpoczynają demonstrację w stronę Senefelder Platz
2002 – Antyfaszyści, AAB demonstrują w stronę Kreuzberga o godzinie 18. Trasa na podstawie mapki taz
2003 – Początek demonstracji antyfaszystowskiej o 18",,,,Point,,"52.528663,13.409747","52.528663,13.409747",74,1__mai_berlin_aktualna_15_.geojson,,False,mapa+rocznik,bez typu,,,,FrekwencjaRevo,1750,1,demonstracja 13:00
1993_DE_demonstracja_R1M_a,1993,Lata,DE,Revolutionäre 1. Mai,demonstracja,warstwa,R1M,False,niezwiazkowe,Rosenthaler Platz,"1993 – punkt końcowy demonstracji z Oranienplatz: wynik kompromisu między grupami zachodnimi i wschodnimi. Ostatecznie nie udaje się do niego dotrzeć
1997 – punkt końcowy demonstracji Autonomów",,,,Point,,"52.5298999,13.4011206","52.5298999,13.4011206",75,1__mai_berlin_aktualna_15_.geojson,,False,mapa+rocznik,pelny,trudno ustalić: Poza punktem początkowym i końcowym brak informacji,,6083,Trasa_revo;FrekwencjaRevo,7750,2,demonstracja wspolna
1998_DE_demonstracja_R1M_c,1998,Lata,DE,Revolutionäre 1. Mai,demonstracja,warstwa,R1M,False,niezwiazkowe,Senefelder Platz,1998 – planned endpoint of the AAB/radical rally from Rosa-Luxembourg Platz,,,,Point,,"52.5317969,13.4121526","52.5317969,13.4121526",76,1__mai_berlin_aktualna_15_.geojson,,False,mapa+rocznik,bez typu,,,,FrekwencjaRevo,1750,1,demonstracja 13:00
2026_DE_demonstracja_NIEZNANY,2026,Lata,DE,Other events,demonstracja,geometria,,True,niezwiazkowe,,16:00 Schlosplatz - 18:00 Potsdamer Platz (BM 2026),,,,LineString,3430.4,"52.517321451729,13.399622655562467","52.50922856957678,13.376300590310848",0,umap_backup_1-mai-berlin_aktualna16.umap,True,True,tylko mapa,,,,,,,,
2026_DE_wiec_b-Gorlitzer-Park-Free-Gorli-Rave-against,2026,Lata,DE,Other events,wiec,geometria,,True,niezwiazkowe,<b>Görlitzer Park: Free Görli - Rave against the Zaun</b>,8.00-22.30 Uhr BM 2026,,,,Point,,"52.496334924265824,13.440410263890726","52.496334924265824,13.440410263890726",1,umap_backup_1-mai-berlin_aktualna16.umap,True,True,tylko mapa,,,,,,,,
2026_DE_wiec_b-Tempelhofer-Feld-Langsam-reichts-Kultu,2026,Lata,DE,Other events,wiec,geometria,,True,niezwiazkowe,<b>Tempelhofer Feld: Langsam reichts - Kulturkürzungen stoppen!</b>,12-22 Uhr (BM 2026),,,,Point,,"52.47432939628871,13.403090958488178","52.47432939628871,13.403090958488178",2,umap_backup_1-mai-berlin_aktualna16.umap,True,True,tylko mapa,,,,,,,,
2026_DE_wiec_b-Treptower-Park-Puschkinallee-ganztagig,2026,Lata,DE,Other events,wiec,geometria,,True,niezwiazkowe,<b>Treptower Park /Puschkinallee: ganztägig</b>diverse Veranstaltunge,"diverse Veranstaltungen:
- Clubkultur (Musikbranche)
- Bass statt Beton
- Stärkung der Kunst und Kultur
- A100 stoppen (BM 2026)",,,,Point,,"52.48844095360204,13.463952011112042","52.48844095360204,13.463952011112042",3,umap_backup_1-mai-berlin_aktualna16.umap,True,True,tylko mapa,,,,,,,,
2014_DE_wiec_1st-of-May-Rave-Gorli,2014,Lata,DE,Other events,wiec,geometria,,True,niezwiazkowe,1st of May Rave Görli,"## 2014
13.08 Uhr: Im Görlitzer Park soll es mehrere illegale Bühnen geben, die derzeit von der Polizei kontrolliert werden.  (Berliner Stimme)

## 2015

18.10 Uhr - Tausende auch abseits des offiziellen Myfestes unterwegs: Im Görlitzer Park scharen sich die Leute um den Pamukkale-Brunnen. Zu Dutzenden sitzen Menschen auf dem weißen Dach des Edelweiß, wie auch immer sie dort hingekommen sind. Auch in den Straßen, vor den Lokalen feiern die Leute, tanzen zur Musik. (tagesspiegel liveticker)

## 2016

Tanz im Görlitzer Park in Berlin (liveticker taz)

## 2017

1st of May Open air Free Party by Underground Town In collaboration with PURE FM Berlin's Dance Radio.

Live broadcasting every DJ set from Görlitzer Park Berlin.

from 10:00 AM to 22:00 PM at the Park followed by an Afterparty at Görlitzer's Park more iconic Bar ""Das Edelweiss"" untill closing.
",,,,Polygon,,,,5,umap_backup_1-mai-berlin_aktualna16.umap,False,True,tylko mapa,,,,,,,,
2015_DE_wiec_1st-of-May-Rave-Gorli,2015,Lata,DE,Other events,wiec,geometria,,True,niezwiazkowe,1st of May Rave Görli,"## 2014
13.08 Uhr: Im Görlitzer Park soll es mehrere illegale Bühnen geben, die derzeit von der Polizei kontrolliert werden.  (Berliner Stimme)

## 2015

18.10 Uhr - Tausende auch abseits des offiziellen Myfestes unterwegs: Im Görlitzer Park scharen sich die Leute um den Pamukkale-Brunnen. Zu Dutzenden sitzen Menschen auf dem weißen Dach des Edelweiß, wie auch immer sie dort hingekommen sind. Auch in den Straßen, vor den Lokalen feiern die Leute, tanzen zur Musik. (tagesspiegel liveticker)

## 2016

Tanz im Görlitzer Park in Berlin (liveticker taz)

## 2017

1st of May Open air Free Party by Underground Town In collaboration with PURE FM Berlin's Dance Radio.

Live broadcasting every DJ set from Görlitzer Park Berlin.

from 10:00 AM to 22:00 PM at the Park followed by an Afterparty at Görlitzer's Park more iconic Bar ""Das Edelweiss"" untill closing.
",,,,Polygon,,,,5,umap_backup_1-mai-berlin_aktualna16.umap,False,True,tylko mapa,,,,,,,,
2016_DE_wiec_1st-of-May-Rave-Gorli,2016,Lata,DE,Other events,wiec,geometria,,True,niezwiazkowe,1st of May Rave Görli,"## 2014
13.08 Uhr: Im Görlitzer Park soll es mehrere illegale Bühnen geben, die derzeit von der Polizei kontrolliert werden.  (Berliner Stimme)

## 2015

18.10 Uhr - Tausende auch abseits des offiziellen Myfestes unterwegs: Im Görlitzer Park scharen sich die Leute um den Pamukkale-Brunnen. Zu Dutzenden sitzen Menschen auf dem weißen Dach des Edelweiß, wie auch immer sie dort hingekommen sind. Auch in den Straßen, vor den Lokalen feiern die Leute, tanzen zur Musik. (tagesspiegel liveticker)

## 2016

Tanz im Görlitzer Park in Berlin (liveticker taz)

## 2017

1st of May Open air Free Party by Underground Town In collaboration with PURE FM Berlin's Dance Radio.

Live broadcasting every DJ set from Görlitzer Park Berlin.

from 10:00 AM to 22:00 PM at the Park followed by an Afterparty at Görlitzer's Park more iconic Bar ""Das Edelweiss"" untill closing.
",,,,Polygon,,,,5,umap_backup_1-mai-berlin_aktualna16.umap,False,True,tylko mapa,,,,,,,,
2017_DE_wiec_1st-of-May-Rave-Gorli,2017,Lata,DE,Other events,wiec,geometria,,True,niezwiazkowe,1st of May Rave Görli,"## 2014
13.08 Uhr: Im Görlitzer Park soll es mehrere illegale Bühnen geben, die derzeit von der Polizei kontrolliert werden.  (Berliner Stimme)

## 2015

18.10 Uhr - Tausende auch abseits des offiziellen Myfestes unterwegs: Im Görlitzer Park scharen sich die Leute um den Pamukkale-Brunnen. Zu Dutzenden sitzen Menschen auf dem weißen Dach des Edelweiß, wie auch immer sie dort hingekommen sind. Auch in den Straßen, vor den Lokalen feiern die Leute, tanzen zur Musik. (tagesspiegel liveticker)

## 2016

Tanz im Görlitzer Park in Berlin (liveticker taz)

## 2017

1st of May Open air Free Party by Underground Town In collaboration with PURE FM Berlin's Dance Radio.

Live broadcasting every DJ set from Görlitzer Park Berlin.

from 10:00 AM to 22:00 PM at the Park followed by an Afterparty at Görlitzer's Park more iconic Bar ""Das Edelweiss"" untill closing.
",,,,Polygon,,,,5,umap_backup_1-mai-berlin_aktualna16.umap,False,True,tylko mapa,,,,,,,,
1996_DE_demonstracja_Graue-Panther,1996,Lata,DE,Other events,demonstracja,geometria,,True,niezwiazkowe,1996 Graue Panther,"*Die Demonstrationszüge der Gewerkschaften beginnen 10 Uhr Treffpunkte: OTV-Haus, Engeldamm; IG Bau, Info-Box Potsdamer Platz; IG Metall-Haus, Alte Jakobstraße; DGB, U-Bahnhof Oranienburger Tor; Graue Panther, Brandenburger Tor* (ND 30.04.1996)",,49,49,LineString,2072.0,"52.516391,13.379524","52.518285,13.407571",6,umap_backup_1-mai-berlin_aktualna16.umap,False,True,tylko mapa,,,,,,,,
1997_DE_wiec_Obdachlose-Iniativen-Treffe,1997,Lata,DE,Other events,wiec,geometria,,True,niezwiazkowe,1997 Obdachlose Iniativen Treffe,"Obdachlosen-Initiativen treffen sich an der Siegessäule in Tiergarten, 11 Uhr (taz 1997)",,,,Point,,"52.514288,13.350234","52.514288,13.350234",7,umap_backup_1-mai-berlin_aktualna16.umap,,True,tylko mapa,,,,,,,,
2000_DE_wiec_Wreath-laying-by-delegation-of-Russian-e,2000,Lata,DE,Other events,wiec,geometria,,True,niezwiazkowe,2000. Wreath laying by delegation of Russian embassy (?),"The wreath laying ceremony in the same spot was (at least once) included in the May 1st script of GDR. Here, in 1954, trade union delegates from Soviet Union, China, Eastern Bloc countries as well as Western countries laid wreaths to commemorate the liberation of Europe from fascismus by the heroes of the soviet army (ND 2.05.1954. s. 2)",,,,Point,,"52.487321,13.469315","52.487321,13.469315",8,umap_backup_1-mai-berlin_aktualna16.umap,False,True,tylko mapa,,,,,,,,
2002_DE_wiec_KPD-RZ,2002,Lata,DE,Other events,wiec,geometria,,True,niezwiazkowe,2002 – KPD/RZ,"22:00 – satyryczna demonstracja KPD/RZ (taz 30.4)

No demonstration; only a rally due to riots

# apel
Kampa 2002: Tod den Spaltern und Sektierern!

In Wahrnehmung ihrer Verantwortung als einzige legitimierte Sachwalterin des kreuzbergischen Volkes inklusive seiner botmäßigen Untergruppen in ""Friedrichshain"", Kreuzberg-Süd (""Neukölln""), Kreuzberg-West (""Schöneberg"") und überspreeischer Kolonien sowie Hermaphroditen und Vertriebene erklären die Kreuzberger Patriotischen Demokraten/Realistisches Zentrum aus ihrem umkämpften Hauptquartier im Herzen des Kiezes bei Kerzenschein und Regenwasserauffangbehältertrunk sämtliche Veranstaltungen kiezfremder Personen, Bündnisse und sonstiger irrelevanter gesellschaftlicher Kräfte für ungültig und nichtig. Zusammenrottungen sind zu unterlassen. Die Kreuzberger Landwehr i.Gr., vulgo ""Kiez-Miliz"", ist in Alarmzustand versetzt und zu besonderer Wachsamkeit aufgerufen. Angemessene Waffen werden an den bekannten Ausgabestellen verteilt. Das Spezial-Kommando der 1.Brigade ""Generalissimo Chavez"" wird mit Freude sein Leben hingeben, um die Feuerwache Wiener Straße gegen den geplanten Angriff unmenschlicher Gruselmonster, kinderfressender Fanatiker und zähnefletschender Söldner zu verteidigen. Der Putschversuch der Partei Bibeltreuer Christen wird von uns zurückgeschlagen werden, so sehr sie auch scheinheilig nach ""internationaler Öffentlichkeit"" schreien.

Wir rufen alle patriotischen Kreuzberger und Kreuzbergerinnen auf, sich entschieden jedem Versuch usurpatorischer Cliquen entgegenzustemmen, die in unnachweisbar krimineller Art versuchen, den heiligen Tag des 1.Mai zu benutzen, um bisher nicht gekannte Mengen und Arten von Pollen nach Kreuzberg einzuschleppen. Neben der gemeinen Polle und der allgemeinen Polle wurde auch schon die gefürchtete arglistige Polle und die Spottdrossel in Randgebieten des Kiezes gesichtet.

Ebenso verpflichten wir hiermit alle Kreuzberger Bürger und Bürgerinnen mit einem feierlichen Eid zur Unterstützung unserer heldenhaften Jungs von der unfreiwilligen Feuerwehr/Wiener Straße (UFWS). Die UFWS steht seit Jahren Schlauch bei Fuß bereit zum Einsatz in den unvorstellbarsten Grauzonen der Welt. Sie kann jederzeit zum Schutz globaler Feuchtbiotope zum Einsatz kommen. Stattdessen wird sie jedes Jahr am 1.Mai in sinnlosen Barrikadenkämpfen verheizt. Damit muß Schluß sein!

Kämpft mit uns
gegen den Pollenterror und für die UFWS!

Kommt!
am 1.Mai 2002
um 22 Uhr
zur Wiener Str.
(dortige Feuerwache)

Kreuzberger Patriotische Demokraten/Realistisches Zentrum - Massenlinie (Generalcommando) KPD/RZ-ML (GC)",,,,Point,,"52.498256,13.430061","52.498256,13.430061",9,umap_backup_1-mai-berlin_aktualna16.umap,False,True,tylko mapa,,,,,,,,
2005_DE_demonstracja_FAU-Du-Hast-eine-Wurde-Verteidige-Sie,2005,name,DE,Other events,demonstracja,geometria,,True,niezwiazkowe,2005 FAU. Du Hast eine Würde. Verteidige Sie!,"*Wir gehen weiter und machen nicht am Sitz des Bürgermeisters halt, sondern führen eine Demonstration zum ""Haus der Deutschen Wirtschaft"" durch, wo die Bundesvereinigung der Deutschen Arbeitgeberverbände (BDA) und der Bundesverband der Deutschen Industrie e.V. (BDI) ihren Sitz haben. Wir gehen deshalb von der DGB-Kundgebung weiter zur Rückseite des Roten Rathauses (12 Uhr Molkenmarkt).* (fau.org)",,,,LineString,474.4,"52.517724,13.408194","52.514262,13.40566",10,umap_backup_1-mai-berlin_aktualna16.umap,,True,tylko mapa,,,,,,,,
2019_DE_wiec_der-Kampf-und-Feiertag-der-Arbeitslosen,2019,Lata,DE,Other events,wiec,geometria,,True,niezwiazkowe,2019 der Kampf- und Feiertag der Arbeitslosen,"Wenn am 1. Mai also bestehende Ausbeutungsverhältnisse kritisiert werden, kann damit am 2. Mai nicht wieder Schluss sein. Aus diesem Grund findet am Donnerstag bereits zum 16. Mal der Kampf- und Feiertag der Arbeitslosen statt. Leben muss nicht Arbeit sein und vielleicht müssen wir neue Ideen zu diesen Themen zulassen (2.5.,TreffpunktamSenefelderplatz,ab 13 Uhr). (2.05, taz)",,,,Point,,"52.532406,13.41271","52.532406,13.41271",11,umap_backup_1-mai-berlin_aktualna16.umap,False,True,tylko mapa,,,,,,,,
2026_DE_wiec_Auf-Nazis-Stampfen-b-12-22-Uhr,2026,Lata,DE,Other events,wiec,geometria,,True,niezwiazkowe,2026. Auf Nazis Stampfen</b>12-22 Uhr,BM 2026,,,,Point,,"52.54529541136415,13.385953711278603","52.54529541136415,13.385953711278603",12,umap_backup_1-mai-berlin_aktualna16.umap,True,True,tylko mapa,,,,,,,,
2026_DE_demonstracja_Feministische-1-Mai-Demo,2026,Lata,DE,Other events,demonstracja,name,,True,niezwiazkowe,2026. Feministische 1. Mai Demo,"13:30 Bismarckplatz
17:00 Wittenbergerplatz (BM 2026)",,,,LineString,3744.5,"52.49739272955972,13.290378399092475","52.50189606413929,13.342619484057394",13,umap_backup_1-mai-berlin_aktualna16.umap,True,True,tylko mapa,,,,,,,,
2026_DE_wiec_Fur-den-Erhalt-von-kunsterlischer-Arbeit,2026,name,DE,Other events,wiec,geometria,,True,niezwiazkowe,2026. Für den Erhalt von künsterlischer Arbeit auf dem RAW Gelände. (Kopie),<b>Revaler Str.: 16.30-20 Uhr</b> (BM 2026),,,,Point,,"52.508137779196346,13.453191509968974","52.508137779196346,13.453191509968974",14,umap_backup_1-mai-berlin_aktualna16.umap,,True,tylko mapa,,,,,,,,
2011_DE_demonstracja_FAU-Spaziergang-gegen-Leiharbeit,2011,Lata,DE,Other events,demonstracja,geometria,,True,niezwiazkowe,FAU 2011. Spaziergang gegen Leiharbeit,"12:30

Attendance:
50 (nd)
120 (FAU)

m 1.Mai führte die FAU Berlin einen Spaziergang gegen Leiharbeit durch, an dem sich bis zu 120 TeilnehmerInnen beteiligten. Beginnend beim Bundesverband Leiharbeit, wo die aktuelle Entwicklung in der Leiharbeitsbranche beleuchtet wurde, ging es danach zum Arbeitgeberverband Mittelständischer Personaldienstleister (AMP). Ein Tarifvertrag dieses Verbandes mit der Tarifgemeinschaft Christlicher Gewerkschaften für die Zeitarbeit (CGZP) wurde im Dezember 2010 durch das Bundesarbeitsgericht für unwirksam erklärt. Der Redebeitrag klärte darüber auf, dass Menschen die unter diesem Vertrag für einen Dumpinglohn arbeiten mussten, nun rückwirkend ein equal pay durchsetzen können.

Beim Bundesministerium für Soziales ging es um die Leiharbeit und Hartz IV, insbesondere um die Praxis der Jobcenter Arbeitslose auf Leiharbeitsmessen zu zwingen, wo sie sich verhökern lassen sollen. Vor Randstad Deutschland in der Nähe des S-Bhf. Friedrichstraße wurde die Firmenpolitik dieses größten Sklavenhändlers in Deutschland thematisiert.
Die Abschlusskundgebung fand anschließend vor einem Büro von Olympia Personaldienstleistungen statt. Olympia gehört zum international operierenden Konzern OTTO Workforce. Seit Februar wehren sich hier polnische und slowakische ArbeiterInnen, die von OTTO in die Niederlande verliehen wurden, gegen ihre miesen Arbeits- und Lebensbedingungen. Die FAU unterstützt diesen Arbeitskampf der von ihren Schwestergewerkschaften ZSP (Polen) und PA (Slowakei) initiiert wurde.
Die Demonstration, an der sich auch Gewerkschaftsaktivisten aus Italien , Frankreich und Spanien beteiligten, wurde musikalisch durch die Gruppe Atze Wellblech begleitet, die in vielen ihrer Liedern miese Arbeitsbedingungen thematisiert. In zahlreichen Slogans wurden bei besten akustischen Bedingungen in der Friedrichstraße sowohl die ungleiche Behandlung der LeiharbeiterInnen gegenüber anderen LohnarbeiterInnen angeprangert, als auch die Lohnarbeit als solche in Frage gestellt.
Zusammenfassend kann gesagt werden, das es am 1.Mai 2011 gelungen ist eine kämpferische kleine Gewerkschaftsdemonstration abseits des sozialdemokratischen Mainstream durchzuführen. ",,95,95,LineString,3052.6,"52.512146,13.389545","52.527008,13.386103",15,umap_backup_1-mai-berlin_aktualna16.umap,False,True,tylko mapa,,,,,,,,
2006_DE_wiec_Jungen-Liberalen-Protest,2006,Lata,DE,Other events,wiec,geometria,,True,niezwiazkowe,Jungen Liberalen Protest,"Die Jungen Liberalen wollen gegen Berlins Kultursenator Thomas Flierl (Linkspartei) und den PDS-Ehrenvorsitzenden Hans Modrow demonstrieren. Beide seien ""Stasi-Ideologen"". 50 Teilnehmer sind angemeldet. Die zuständigen Polizisten suchen - und finden fünf JuLis an der Ecke. ""Wir haben auch überlegt, näher an die linken Demos zu gehen, aber das war uns dann doch zu gefährlich"", sagt die Vorsitzende Daniela Langer. (taz liveticker 2006)
Attendance: 5 (taz)",,,,Point,,"52.50757,13.390275","52.50757,13.390275",16,umap_backup_1-mai-berlin_aktualna16.umap,False,True,tylko mapa,,,,,,,,
1994_DE_wiec_Kottbusser-Tor,1994,Lata,DE,Other events,wiec,geometria,,True,niezwiazkowe,Kottbusser Tor,1994 – endpoint of the KPD/RZ demonstration,,,,Point,,"52.4989853,13.4183107","52.4989853,13.4183107",17,umap_backup_1-mai-berlin_aktualna16.umap,False,True,tylko mapa,,,,,,,,
1992_DE_festyn_LSBT-Fest,1992,Lata,DE,Other events,festyn,name,,True,niezwiazkowe,LSBT Fest," Bislang wird lediglich für ein lesbisch-schwules Fest in der Muskauer Straße geworben. Ob auch auf der Oberbaumbrücke gefeiert wird, war gestern unklar. (taz 30.04.1992)",,,,Point,,"52.502502,13.428587","52.502502,13.428587",18,umap_backup_1-mai-berlin_aktualna16.umap,False,True,tylko mapa,,,,,,,,
2018_DE_wiec_MaiGorli,2018,Lata,DE,Other events,wiec,geometria,,True,niezwiazkowe,MaiGörli,"## 2018

*Der familienfreundliche Teil der Maifeste findet in diesem Jahr im Görlizer Park statt, der extra umzäunt wird. Der Veranstalter „pure fm – berlins electronic radio“ präsentiert das Fest in Kooperation mit dem Bezirksamt Friedrichshain-Kreuzberg. Ausgelassen, bunt und fröhlich soll es auf zwei Bühnen und im Park zugehen. Von 12 bis 23 Uhr gibt es am 1. Mai ein Fest bei freien Eintritt.* (friedrichshain-kreuzberg.de)
",,,,Polygon,,,,19,umap_backup_1-mai-berlin_aktualna16.umap,False,True,tylko mapa,,,,,,,,
2003_DE_festyn_MyFest-MyFest,2003,Lata,DE,Other events,festyn,name,MyFest,True,niezwiazkowe,MyFest,"2003
2004 – 30 000 attendance (Tagesspiegel)
2005 – 15 000 attendance (Tagesspiegel; Hellbrecht)
2006 – 11 000 attendance (Hellbrecht)
2007 – 16 000 attendance (Hellbrecht)
2008 – 20 000 attendance (Hellbrecht)
2009 – 11:00-21:00
35 000 attendance (Hellbrecht)
2010 – 29 000 attendance (Hellbrecht)
2015 – 45 000 attendance (organisers, via Tsg)
2017 – 200 000 attendance",,"2003: 20000
2004: 30000
2005: 15000
2006: 11000
2007: 16000
2008: 20000
2009: 35000
2010: 29000
2011: 27000
2012: 29500
2013: 40000
2014: 40000
2015: 45000
2016: 30000
2017: 45000
2018: 52000
2019: 45000",200002004,Polygon,,,,20,umap_backup_1-mai-berlin_aktualna16.umap,False,True,tylko mapa,,,,,,20000,1,festyn
2004_DE_festyn_MyFest-MyFest,2004,Lata,DE,Other events,festyn,name,MyFest,True,niezwiazkowe,MyFest,"2003
2004 – 30 000 attendance (Tagesspiegel)
2005 – 15 000 attendance (Tagesspiegel; Hellbrecht)
2006 – 11 000 attendance (Hellbrecht)
2007 – 16 000 attendance (Hellbrecht)
2008 – 20 000 attendance (Hellbrecht)
2009 – 11:00-21:00
35 000 attendance (Hellbrecht)
2010 – 29 000 attendance (Hellbrecht)
2015 – 45 000 attendance (organisers, via Tsg)
2017 – 200 000 attendance",,"2003: 20000
2004: 30000
2005: 15000
2006: 11000
2007: 16000
2008: 20000
2009: 35000
2010: 29000
2011: 27000
2012: 29500
2013: 40000
2014: 40000
2015: 45000
2016: 30000
2017: 45000
2018: 52000
2019: 45000",,Polygon,,,,20,umap_backup_1-mai-berlin_aktualna16.umap,False,True,tylko mapa,,,,,,30000,1,festyn
2005_DE_festyn_MyFest-MyFest,2005,Lata,DE,Other events,festyn,name,MyFest,True,niezwiazkowe,MyFest,"2003
2004 – 30 000 attendance (Tagesspiegel)
2005 – 15 000 attendance (Tagesspiegel; Hellbrecht)
2006 – 11 000 attendance (Hellbrecht)
2007 – 16 000 attendance (Hellbrecht)
2008 – 20 000 attendance (Hellbrecht)
2009 – 11:00-21:00
35 000 attendance (Hellbrecht)
2010 – 29 000 attendance (Hellbrecht)
2015 – 45 000 attendance (organisers, via Tsg)
2017 – 200 000 attendance",,"2003: 20000
2004: 30000
2005: 15000
2006: 11000
2007: 16000
2008: 20000
2009: 35000
2010: 29000
2011: 27000
2012: 29500
2013: 40000
2014: 40000
2015: 45000
2016: 30000
2017: 45000
2018: 52000
2019: 45000",150002006,Polygon,,,,20,umap_backup_1-mai-berlin_aktualna16.umap,False,True,tylko mapa,,,,,,15000,1,festyn
2006_DE_festyn_MyFest-MyFest,2006,Lata,DE,Other events,festyn,name,MyFest,True,niezwiazkowe,MyFest,"2003
2004 – 30 000 attendance (Tagesspiegel)
2005 – 15 000 attendance (Tagesspiegel; Hellbrecht)
2006 – 11 000 attendance (Hellbrecht)
2007 – 16 000 attendance (Hellbrecht)
2008 – 20 000 attendance (Hellbrecht)
2009 – 11:00-21:00
35 000 attendance (Hellbrecht)
2010 – 29 000 attendance (Hellbrecht)
2015 – 45 000 attendance (organisers, via Tsg)
2017 – 200 000 attendance",,"2003: 20000
2004: 30000
2005: 15000
2006: 11000
2007: 16000
2008: 20000
2009: 35000
2010: 29000
2011: 27000
2012: 29500
2013: 40000
2014: 40000
2015: 45000
2016: 30000
2017: 45000
2018: 52000
2019: 45000",,Polygon,,,,20,umap_backup_1-mai-berlin_aktualna16.umap,False,True,tylko mapa,,,,,,11000,1,festyn
2007_DE_festyn_MyFest-MyFest,2007,Lata,DE,Other events,festyn,name,MyFest,True,niezwiazkowe,MyFest,"2003
2004 – 30 000 attendance (Tagesspiegel)
2005 – 15 000 attendance (Tagesspiegel; Hellbrecht)
2006 – 11 000 attendance (Hellbrecht)
2007 – 16 000 attendance (Hellbrecht)
2008 – 20 000 attendance (Hellbrecht)
2009 – 11:00-21:00
35 000 attendance (Hellbrecht)
2010 – 29 000 attendance (Hellbrecht)
2015 – 45 000 attendance (organisers, via Tsg)
2017 – 200 000 attendance",,"2003: 20000
2004: 30000
2005: 15000
2006: 11000
2007: 16000
2008: 20000
2009: 35000
2010: 29000
2011: 27000
2012: 29500
2013: 40000
2014: 40000
2015: 45000
2016: 30000
2017: 45000
2018: 52000
2019: 45000",160002008,Polygon,,,,20,umap_backup_1-mai-berlin_aktualna16.umap,False,True,tylko mapa,,,,,,42000,3,festyn
2008_DE_festyn_MyFest-MyFest,2008,Lata,DE,Other events,festyn,name,MyFest,True,niezwiazkowe,MyFest,"2003
2004 – 30 000 attendance (Tagesspiegel)
2005 – 15 000 attendance (Tagesspiegel; Hellbrecht)
2006 – 11 000 attendance (Hellbrecht)
2007 – 16 000 attendance (Hellbrecht)
2008 – 20 000 attendance (Hellbrecht)
2009 – 11:00-21:00
35 000 attendance (Hellbrecht)
2010 – 29 000 attendance (Hellbrecht)
2015 – 45 000 attendance (organisers, via Tsg)
2017 – 200 000 attendance",,"2003: 20000
2004: 30000
2005: 15000
2006: 11000
2007: 16000
2008: 20000
2009: 35000
2010: 29000
2011: 27000
2012: 29500
2013: 40000
2014: 40000
2015: 45000
2016: 30000
2017: 45000
2018: 52000
2019: 45000",,Polygon,,,,20,umap_backup_1-mai-berlin_aktualna16.umap,False,True,tylko mapa,,,,,,20000,1,festyn
2009_DE_festyn_MyFest-MyFest,2009,Lata,DE,Other events,festyn,name,MyFest,True,niezwiazkowe,MyFest,"2003
2004 – 30 000 attendance (Tagesspiegel)
2005 – 15 000 attendance (Tagesspiegel; Hellbrecht)
2006 – 11 000 attendance (Hellbrecht)
2007 – 16 000 attendance (Hellbrecht)
2008 – 20 000 attendance (Hellbrecht)
2009 – 11:00-21:00
35 000 attendance (Hellbrecht)
2010 – 29 000 attendance (Hellbrecht)
2015 – 45 000 attendance (organisers, via Tsg)
2017 – 200 000 attendance",,"2003: 20000
2004: 30000
2005: 15000
2006: 11000
2007: 16000
2008: 20000
2009: 35000
2010: 29000
2011: 27000
2012: 29500
2013: 40000
2014: 40000
2015: 45000
2016: 30000
2017: 45000
2018: 52000
2019: 45000",350002010,Polygon,,,,20,umap_backup_1-mai-berlin_aktualna16.umap,False,True,tylko mapa,,,,,,35000,1,festyn
2010_DE_festyn_MyFest-MyFest,2010,Lata,DE,Other events,festyn,name,MyFest,True,niezwiazkowe,MyFest,"2003
2004 – 30 000 attendance (Tagesspiegel)
2005 – 15 000 attendance (Tagesspiegel; Hellbrecht)
2006 – 11 000 attendance (Hellbrecht)
2007 – 16 000 attendance (Hellbrecht)
2008 – 20 000 attendance (Hellbrecht)
2009 – 11:00-21:00
35 000 attendance (Hellbrecht)
2010 – 29 000 attendance (Hellbrecht)
2015 – 45 000 attendance (organisers, via Tsg)
2017 – 200 000 attendance",,"2003: 20000
2004: 30000
2005: 15000
2006: 11000
2007: 16000
2008: 20000
2009: 35000
2010: 29000
2011: 27000
2012: 29500
2013: 40000
2014: 40000
2015: 45000
2016: 30000
2017: 45000
2018: 52000
2019: 45000",,Polygon,,,,20,umap_backup_1-mai-berlin_aktualna16.umap,False,True,tylko mapa,,,,,,29000,1,festyn
2011_DE_festyn_MyFest-MyFest,2011,Lata,DE,Other events,festyn,name,MyFest,True,niezwiazkowe,MyFest,"2003
2004 – 30 000 attendance (Tagesspiegel)
2005 – 15 000 attendance (Tagesspiegel; Hellbrecht)
2006 – 11 000 attendance (Hellbrecht)
2007 – 16 000 attendance (Hellbrecht)
2008 – 20 000 attendance (Hellbrecht)
2009 – 11:00-21:00
35 000 attendance (Hellbrecht)
2010 – 29 000 attendance (Hellbrecht)
2015 – 45 000 attendance (organisers, via Tsg)
2017 – 200 000 attendance",,"2003: 20000
2004: 30000
2005: 15000
2006: 11000
2007: 16000
2008: 20000
2009: 35000
2010: 29000
2011: 27000
2012: 29500
2013: 40000
2014: 40000
2015: 45000
2016: 30000
2017: 45000
2018: 52000
2019: 45000",270002012,Polygon,,,,20,umap_backup_1-mai-berlin_aktualna16.umap,False,True,tylko mapa,,,,,,27000,2,festyn
2012_DE_festyn_MyFest-MyFest,2012,Lata,DE,Other events,festyn,name,MyFest,True,niezwiazkowe,MyFest,"2003
2004 – 30 000 attendance (Tagesspiegel)
2005 – 15 000 attendance (Tagesspiegel; Hellbrecht)
2006 – 11 000 attendance (Hellbrecht)
2007 – 16 000 attendance (Hellbrecht)
2008 – 20 000 attendance (Hellbrecht)
2009 – 11:00-21:00
35 000 attendance (Hellbrecht)
2010 – 29 000 attendance (Hellbrecht)
2015 – 45 000 attendance (organisers, via Tsg)
2017 – 200 000 attendance",,"2003: 20000
2004: 30000
2005: 15000
2006: 11000
2007: 16000
2008: 20000
2009: 35000
2010: 29000
2011: 27000
2012: 29500
2013: 40000
2014: 40000
2015: 45000
2016: 30000
2017: 45000
2018: 52000
2019: 45000",,Polygon,,,,20,umap_backup_1-mai-berlin_aktualna16.umap,False,True,tylko mapa,,,,,,31333,3,festyn
2013_DE_festyn_MyFest-MyFest,2013,Lata,DE,Other events,festyn,name,MyFest,True,niezwiazkowe,MyFest,"2003
2004 – 30 000 attendance (Tagesspiegel)
2005 – 15 000 attendance (Tagesspiegel; Hellbrecht)
2006 – 11 000 attendance (Hellbrecht)
2007 – 16 000 attendance (Hellbrecht)
2008 – 20 000 attendance (Hellbrecht)
2009 – 11:00-21:00
35 000 attendance (Hellbrecht)
2010 – 29 000 attendance (Hellbrecht)
2015 – 45 000 attendance (organisers, via Tsg)
2017 – 200 000 attendance",,"2003: 20000
2004: 30000
2005: 15000
2006: 11000
2007: 16000
2008: 20000
2009: 35000
2010: 29000
2011: 27000
2012: 29500
2013: 40000
2014: 40000
2015: 45000
2016: 30000
2017: 45000
2018: 52000
2019: 45000",400002014,Polygon,,,,20,umap_backup_1-mai-berlin_aktualna16.umap,False,True,tylko mapa,,,,,,40000,1,festyn
2014_DE_festyn_MyFest-MyFest,2014,Lata,DE,Other events,festyn,name,MyFest,True,niezwiazkowe,MyFest,"2003
2004 – 30 000 attendance (Tagesspiegel)
2005 – 15 000 attendance (Tagesspiegel; Hellbrecht)
2006 – 11 000 attendance (Hellbrecht)
2007 – 16 000 attendance (Hellbrecht)
2008 – 20 000 attendance (Hellbrecht)
2009 – 11:00-21:00
35 000 attendance (Hellbrecht)
2010 – 29 000 attendance (Hellbrecht)
2015 – 45 000 attendance (organisers, via Tsg)
2017 – 200 000 attendance",,"2003: 20000
2004: 30000
2005: 15000
2006: 11000
2007: 16000
2008: 20000
2009: 35000
2010: 29000
2011: 27000
2012: 29500
2013: 40000
2014: 40000
2015: 45000
2016: 30000
2017: 45000
2018: 52000
2019: 45000",,Polygon,,,,20,umap_backup_1-mai-berlin_aktualna16.umap,False,True,tylko mapa,,,,,,40000,1,festyn
2015_DE_festyn_MyFest-MyFest,2015,Lata,DE,Other events,festyn,name,MyFest,True,niezwiazkowe,MyFest,"2003
2004 – 30 000 attendance (Tagesspiegel)
2005 – 15 000 attendance (Tagesspiegel; Hellbrecht)
2006 – 11 000 attendance (Hellbrecht)
2007 – 16 000 attendance (Hellbrecht)
2008 – 20 000 attendance (Hellbrecht)
2009 – 11:00-21:00
35 000 attendance (Hellbrecht)
2010 – 29 000 attendance (Hellbrecht)
2015 – 45 000 attendance (organisers, via Tsg)
2017 – 200 000 attendance",,"2003: 20000
2004: 30000
2005: 15000
2006: 11000
2007: 16000
2008: 20000
2009: 35000
2010: 29000
2011: 27000
2012: 29500
2013: 40000
2014: 40000
2015: 45000
2016: 30000
2017: 45000
2018: 52000
2019: 45000",450002016,Polygon,,,,20,umap_backup_1-mai-berlin_aktualna16.umap,False,True,tylko mapa,,,,,,45000,1,festyn
2016_DE_festyn_MyFest-MyFest,2016,Lata,DE,Other events,festyn,name,MyFest,True,niezwiazkowe,MyFest,"2003
2004 – 30 000 attendance (Tagesspiegel)
2005 – 15 000 attendance (Tagesspiegel; Hellbrecht)
2006 – 11 000 attendance (Hellbrecht)
2007 – 16 000 attendance (Hellbrecht)
2008 – 20 000 attendance (Hellbrecht)
2009 – 11:00-21:00
35 000 attendance (Hellbrecht)
2010 – 29 000 attendance (Hellbrecht)
2015 – 45 000 attendance (organisers, via Tsg)
2017 – 200 000 attendance",,"2003: 20000
2004: 30000
2005: 15000
2006: 11000
2007: 16000
2008: 20000
2009: 35000
2010: 29000
2011: 27000
2012: 29500
2013: 40000
2014: 40000
2015: 45000
2016: 30000
2017: 45000
2018: 52000
2019: 45000",,Polygon,,,,20,umap_backup_1-mai-berlin_aktualna16.umap,False,True,tylko mapa,,,,,,30000,1,festyn
2017_DE_festyn_MyFest-MyFest,2017,Lata,DE,Other events,festyn,name,MyFest,True,niezwiazkowe,MyFest,"2003
2004 – 30 000 attendance (Tagesspiegel)
2005 – 15 000 attendance (Tagesspiegel; Hellbrecht)
2006 – 11 000 attendance (Hellbrecht)
2007 – 16 000 attendance (Hellbrecht)
2008 – 20 000 attendance (Hellbrecht)
2009 – 11:00-21:00
35 000 attendance (Hellbrecht)
2010 – 29 000 attendance (Hellbrecht)
2015 – 45 000 attendance (organisers, via Tsg)
2017 – 200 000 attendance",,"2003: 20000
2004: 30000
2005: 15000
2006: 11000
2007: 16000
2008: 20000
2009: 35000
2010: 29000
2011: 27000
2012: 29500
2013: 40000
2014: 40000
2015: 45000
2016: 30000
2017: 45000
2018: 52000
2019: 45000",450002018,Polygon,,,,20,umap_backup_1-mai-berlin_aktualna16.umap,False,True,tylko mapa,,,,,,45000,1,festyn
2018_DE_festyn_MyFest-MyFest,2018,Lata,DE,Other events,festyn,name,MyFest,True,niezwiazkowe,MyFest,"2003
2004 – 30 000 attendance (Tagesspiegel)
2005 – 15 000 attendance (Tagesspiegel; Hellbrecht)
2006 – 11 000 attendance (Hellbrecht)
2007 – 16 000 attendance (Hellbrecht)
2008 – 20 000 attendance (Hellbrecht)
2009 – 11:00-21:00
35 000 attendance (Hellbrecht)
2010 – 29 000 attendance (Hellbrecht)
2015 – 45 000 attendance (organisers, via Tsg)
2017 – 200 000 attendance",,"2003: 20000
2004: 30000
2005: 15000
2006: 11000
2007: 16000
2008: 20000
2009: 35000
2010: 29000
2011: 27000
2012: 29500
2013: 40000
2014: 40000
2015: 45000
2016: 30000
2017: 45000
2018: 52000
2019: 45000",,Polygon,,,,20,umap_backup_1-mai-berlin_aktualna16.umap,False,True,tylko mapa,,,,,,52000,1,festyn
2019_DE_festyn_MyFest-MyFest,2019,Lata,DE,Other events,festyn,name,MyFest,True,niezwiazkowe,MyFest,"2003
2004 – 30 000 attendance (Tagesspiegel)
2005 – 15 000 attendance (Tagesspiegel; Hellbrecht)
2006 – 11 000 attendance (Hellbrecht)
2007 – 16 000 attendance (Hellbrecht)
2008 – 20 000 attendance (Hellbrecht)
2009 – 11:00-21:00
35 000 attendance (Hellbrecht)
2010 – 29 000 attendance (Hellbrecht)
2015 – 45 000 attendance (organisers, via Tsg)
2017 – 200 000 attendance",,"2003: 20000
2004: 30000
2005: 15000
2006: 11000
2007: 16000
2008: 20000
2009: 35000
2010: 29000
2011: 27000
2012: 29500
2013: 40000
2014: 40000
2015: 45000
2016: 30000
2017: 45000
2018: 52000
2019: 45000",45000,Polygon,,,,20,umap_backup_1-mai-berlin_aktualna16.umap,False,True,tylko mapa,,,,,,45000,1,festyn
1994_DE_demonstracja_Demokraten-fur-Deutschland-Vollendung-de,1994,Lata,DE,Other events,demonstracja,name,,True,niezwiazkowe,1994. Demokraten für Deutschland – *Vollendung der Einheit und für den sofortigen Regierungsumzug nach Berlin*,"Attendance unknown; 

Bereits am Sonnenabend laden die 'Demokraten für Deutschland' für 14 Uhr zu einem Meeting zur *Vollendung der Einheitund für den sofortigen Regierungs-umzug nach Berlin* zum Reichstag ein. Das Ganze ist mit einem Autokorso vom Grunewald zum Strausberger Platz verbunden. (ND 30.04.1994)

The party was  a small splinter group of the liberal party, formed in 1993 as an attempt to get into the Abgeordnetenhaus, without success (taz 29.10.1993)",,50,50,LineString,12496.6,"52.518415,13.428297","52.485655,13.256164",21,umap_backup_1-mai-berlin_aktualna16.umap,,True,tylko mapa,,,,,,,,
2006_DE_demonstracja_EuroMayDay,2006,Lata,DE,Euro May Day,demonstracja,warstwa,EuroMayDay,False,niezwiazkowe,2006 Euro May Day,"16:00 – Euro MayDay Demonstration from Strausfelder Platz to Hermannplatz (Umbruch Bildsarchiv 1244x.jpg; 1244v.jpg; 1244i.jpg; 1244g.jpg; Tagesspiegel 30.04.2006)
Attendance:
4000 (taz liveticker)",,4000,4000,LineString,3831.9,"52.497975,13.431328","52.486439,13.42443",0,umap_backup_1-mai-berlin_aktualna16.umap,False,False,tylko mapa,,,,,,4000,1,demonstracja
2007_DE_demonstracja_EuroMayDay,2007,Lata,DE,Euro May Day,demonstracja,warstwa,EuroMayDay,False,niezwiazkowe,2007 Euro May Day Parade. Her mit dem schönen Leben– Solidarität statt Prekarität,"18:00 (taz 30.04.07; Tagesspiegel 30.04.2007)
Attendance: 6000 (Berliner Kurier)
8000 (Berliner Morgenpost)",,7000,7000,LineString,3166.6,"52.499543,13.430487","52.486439,13.424153",1,umap_backup_1-mai-berlin_aktualna16.umap,False,False,tylko mapa,,,,,,7000,2,demonstracja
2008_DE_demonstracja_EuroMayDay,2008,Lata,DE,Euro May Day,demonstracja,warstwa,EuroMayDay,False,niezwiazkowe,2008 MayDay Parade,"14:00 (rbb vorbericht 30.04.2008)
Attendance: 6500 (Umbruch)",,6500,6500,LineString,4187.3,"52.511389,13.459392","52.498204,13.430039",2,umap_backup_1-mai-berlin_aktualna16.umap,False,False,tylko mapa,,,,,,6500,1,demonstracja
2009_DE_demonstracja_EuroMayDay,2009,Lata,DE,Euro May Day,demonstracja,warstwa,EuroMayDay,False,niezwiazkowe,"2009 MayDay Parade – Ich krieg der Krise, und das nicht erst seit gestern","13:30 Bebelsplatz – Unter den Linden ecke Friedrichstrasse (rbb 0:32) – Behrenstrasse 23 (Britische Botschaft; taz liveticker) – Bundesfinanzministerium (rbb 1:12) – Rudi-Dutschke-Strasse 23 (liveticker taz) – Moritzplatz (rbb 1:20)

*16.48, Online: Die Mayday-Organisatoren versenden per Mail eine Presseerklärung zur Farbattacke auf das Finanzministerium (siehe 16.17 Uhr). Darin heißt es: ""Das war keine unpolitische Randale sondern eine deutliche Meinungsäußerung. Wenn große Demonstrationen mit mehreren 10.000 Teilnehmern keine Bedeutung mehr haben und es immer noch Maßnahmen wie Hartz IV gibt, ist es verständlich wenn die Menschen andere Ausdrucksformen suchen. Das Finanzministerium scheint für viele ein symbolisches Objekt gewesen zu sein um zu zeigen, dass sie mit den derzeitigen Verhältnissen nicht einverstanden sind."" Insgesamt seien etwa 60 Farbeier geflogen. Ein Polizeisprecher sagte, die Fassade in der Wilhelmstraße sehe ""ganz schön bunt"" aus.* (taz liveticker 2009)

Attendance:
3500 (Umbruch Archiv)
",,3500,3500,LineString,3911.5,"52.517363,13.395719","52.503618,13.410685",3,umap_backup_1-mai-berlin_aktualna16.umap,False,False,tylko mapa,,,,,,3500,1,demonstracja
2008_DE_demonstracja_EuroMayDay_a,2008,Lata,DE,Euro May Day,demonstracja,warstwa,EuroMayDay,False,niezwiazkowe,MayDay Parade 2008,(rbb Vorbericht 30.04.2008),,,,LineString,,"52.51135,13.459379","52.51135,13.459379",4,umap_backup_1-mai-berlin_aktualna16.umap,False,False,tylko mapa,,,,,,6500,1,demonstracja
1993_DE_wiec_DAG,1993,Lata,DE,DAG (1990-1997),wiec,name,DAG,False,zwiazkowe,1993-1995 DAG Kundgebung,"## 1993
*Gedenktafel im DAG-Haus in Wilmersdorf erinnert an Widerstandskämpfer und Gewerkschaftsführer der ersten Stunde - Enthüllung am 1. Mai* 

*Seit dem Bezug des Hauses in der Wilmersdorfer Blissestraße 2 durch den Landesverband und Bezirk der Deutschen Angestellten-Ge-werkschaft (DAG) vor 20 Jahren bürgerte sich der Name DAG-Haus bei den Angestellten der Stadt ein.* 

*Ab 1. Mai 1993 wird das Haus der DAG den Namen ""Siegfried-Aufhäuser-Haus” tragen.*
 
**Die offizielle Namensgebung erfolgt im Rahmen der Veranstaltungzum ""Tag der Arbeit"" am 01.05.1993, 13.00 Uhr Blissestraße 2, 1000 Berlin**

## 1994
*Christine Bergmann nanm gegen 12 Uhr auch an der DAG-Kundgebung in Wilmersdorf teil. Vor dem DAG Haus in der Blissestraße versammelten sich rund 800 Gewerkschafter.* Berliner Morgenpost 2.05

## 1995
Deutsche Angestelltengewerkschaft (DAG): Hoffest von13 bis 17 Uhr im Berliner DAG-Haus, Blissestraße 2. (Berliner Zeitung, 2.05.1995)

",,,,Point,,"52.486256,13.320086","52.486256,13.320086",0,umap_backup_1-mai-berlin_aktualna16.umap,False,False,tylko mapa,,,,,,,,
1994_DE_wiec_DAG,1994,Lata,DE,DAG (1990-1997),wiec,name,DAG,False,zwiazkowe,1993-1995 DAG Kundgebung,"## 1993
*Gedenktafel im DAG-Haus in Wilmersdorf erinnert an Widerstandskämpfer und Gewerkschaftsführer der ersten Stunde - Enthüllung am 1. Mai* 

*Seit dem Bezug des Hauses in der Wilmersdorfer Blissestraße 2 durch den Landesverband und Bezirk der Deutschen Angestellten-Ge-werkschaft (DAG) vor 20 Jahren bürgerte sich der Name DAG-Haus bei den Angestellten der Stadt ein.* 

*Ab 1. Mai 1993 wird das Haus der DAG den Namen ""Siegfried-Aufhäuser-Haus” tragen.*
 
**Die offizielle Namensgebung erfolgt im Rahmen der Veranstaltungzum ""Tag der Arbeit"" am 01.05.1993, 13.00 Uhr Blissestraße 2, 1000 Berlin**

## 1994
*Christine Bergmann nanm gegen 12 Uhr auch an der DAG-Kundgebung in Wilmersdorf teil. Vor dem DAG Haus in der Blissestraße versammelten sich rund 800 Gewerkschafter.* Berliner Morgenpost 2.05

## 1995
Deutsche Angestelltengewerkschaft (DAG): Hoffest von13 bis 17 Uhr im Berliner DAG-Haus, Blissestraße 2. (Berliner Zeitung, 2.05.1995)

",,,,Point,,"52.486256,13.320086","52.486256,13.320086",0,umap_backup_1-mai-berlin_aktualna16.umap,False,False,tylko mapa,,,,,,,,
1995_DE_wiec_DAG,1995,Lata,DE,DAG (1990-1997),wiec,name,DAG,False,zwiazkowe,1993-1995 DAG Kundgebung,"## 1993
*Gedenktafel im DAG-Haus in Wilmersdorf erinnert an Widerstandskämpfer und Gewerkschaftsführer der ersten Stunde - Enthüllung am 1. Mai* 

*Seit dem Bezug des Hauses in der Wilmersdorfer Blissestraße 2 durch den Landesverband und Bezirk der Deutschen Angestellten-Ge-werkschaft (DAG) vor 20 Jahren bürgerte sich der Name DAG-Haus bei den Angestellten der Stadt ein.* 

*Ab 1. Mai 1993 wird das Haus der DAG den Namen ""Siegfried-Aufhäuser-Haus” tragen.*
 
**Die offizielle Namensgebung erfolgt im Rahmen der Veranstaltungzum ""Tag der Arbeit"" am 01.05.1993, 13.00 Uhr Blissestraße 2, 1000 Berlin**

## 1994
*Christine Bergmann nanm gegen 12 Uhr auch an der DAG-Kundgebung in Wilmersdorf teil. Vor dem DAG Haus in der Blissestraße versammelten sich rund 800 Gewerkschafter.* Berliner Morgenpost 2.05

## 1995
Deutsche Angestelltengewerkschaft (DAG): Hoffest von13 bis 17 Uhr im Berliner DAG-Haus, Blissestraße 2. (Berliner Zeitung, 2.05.1995)

",,,,Point,,"52.486256,13.320086","52.486256,13.320086",0,umap_backup_1-mai-berlin_aktualna16.umap,False,False,tylko mapa,,,,,,,,
1996_DE_wiec_DAG,1996,Lata,DE,DAG (1990-1997),wiec,name,DAG,False,zwiazkowe,1996 Mai Kundgebung,*Die DAG führt einß eigene Mai-Kundgebung ab 12.30 Uhr im Palais am Funkturm durch.* (ND 30.04.1996),,,,Point,,"52.50600849096503,13.274874687194826","52.50600849096503,13.274874687194826",1,umap_backup_1-mai-berlin_aktualna16.umap,False,False,tylko mapa,,,,,,,,
1997_DE_festyn_DAG,1997,Lata,DE,DAG (1990-1997),festyn,name,DAG,False,zwiazkowe,1997 DAG Mai-Fest,"## 1997
*In den Bezirken finden verschiedene Mai-Feste statt: Ab 12.15 Uhr treffen sich die SPD-Kreisverbände Reinickendorf und Pankow sowie die DAG im Bürgerpark Pankow. * (ND 28.04.1997)",,,,Point,,"52.569544,13.394826","52.569544,13.394826",2,umap_backup_1-mai-berlin_aktualna16.umap,False,False,tylko mapa,,,,,,,,
