id,rok,rok_zrodlo,miasto,warstwa,typ,typ_zrodlo,aktor,aktor_zgadniety,charakter,nazwa,opis,haslo,frekwencja_mapa,geom_typ,dlugosc_trasy_m,punkt_start,punkt_koniec,id_geo,plik_zrodlowy,postcovid,wymaga_weryfikacji
1999_DE_wiec_Walpurgisnacht-Helmholtzplatz-Walpurgisnacht-Kundgebung,1999,Lata,DE,Walpurgisnacht,wiec,name,Walpurgisnacht,False,niezwiazkowe,1990 Helmholtzplatz Walpurgisnacht Kundgebung,1999 – Kundgebung Walpurgisnacht (rbb),,,Point,,"52.5430211,13.419032624098314","52.5430211,13.419032624098314",0,1__mai_berlin_aktualna_11_.geojson,,False
1990_DE_wiec_Walpurgisnacht-Walpurgisnacht,1990,Lata,DE,Walpurgisnacht,wiec,geometria,Walpurgisnacht,False,niezwiazkowe,1990 Walpurgisnacht,"
*BDer Käthe-Kollwitz-Platz im Berliner Prenzlauer Berg ist auserwählt (!) für ein Spektakel, bei dem man und frau sich die Augen reiben werden in jenen sagenumwobenen dunklen Stunden zwischen dem 30. April und 1. Mai - der Walpurgisnacht. Da wird der Kolle also zum Hexentanzplatz und seine Namenpatin wäre sicher dafür und mittendrin, denn da streiten sehr irdische, sehr selbstbewußt-realistische Frauen um ihre derzeit in Frage gestellten, teils ziemlich bedrohten und teils noch nicht eingelösten Rechte. Die Aktion geht aber nicht zänkisch über den Platz, sondern mit Spaß, Witz, Wort, Musik und Spiel. Fraueninitiativen und -gruppen aus dem Ost- und Westteil Berlins haben dieses ketzerische Treffen organisiert. Und was seit einigen Jahren in Westberlin schon Sitte war, findet diesmal im Prenzl Berg statt.* (taz 7.04.1990)",,,Point,,"52.536169,13.416562","52.536169,13.416562",1,1__mai_berlin_aktualna_11_.geojson,,True
1995_DE_demonstracja_Walpurgisnacht-Demo,1995,Lata,DE,Walpurgisnacht,demonstracja,name,Walpurgisnacht,False,niezwiazkowe,1995 Demo (?),"*Nach Angaben der Polizei haben am Vorabend der 1. Mai 300 Jugendlichen von einem Fest auf der Humannplatz zum Kollwitzplatz gezogen* (rbb, 0:18)",,300,LineString,1394.2,"52.548644,13.422128","52.536482,13.417277",2,1__mai_berlin_aktualna_11_.geojson,,False
1996_DE_wiec_Walpurgisnacht-Walpurgisnacht-at-Kollwitzplatz,1996,Lata,DE,Walpurgisnacht,wiec,geometria,Walpurgisnacht,False,niezwiazkowe,1996 Walpurgisnacht at Kollwitzplatz,"1996 – festyn w noc Walpurgii organizowany przez władze lokalne, komercyjny; zamieszki od ok. 1
Attendance: 10000 (JW)
1996 – planowany koniec wspólnej, radykalnej i ML demonstracji. Bójki tuż przed Kollwitzplatz, rozbicie obu pochodów przez policję",,10000,Point,,"52.536232,13.417018","52.536232,13.417018",3,1__mai_berlin_aktualna_11_.geojson,,True
1999_DE_wiec_Walpurgisnacht-Walpurginsnacht,1999,Lata,DE,Walpurgisnacht,wiec,geometria,Walpurgisnacht,False,niezwiazkowe,1999. Walpurginsnacht,"1999 – Walpurgisnacht Kollwitzplatz (rbb)
Pokojowy przebieg, żadnych zamieszek",,10000,Point,,"52.536232,13.417018","52.536232,13.417018",4,1__mai_berlin_aktualna_11_.geojson,,True
2001_DE_wiec_Walpurgisnacht-Walpurgisnacht-Spontane-Street-Party,2001,Lata,DE,Walpurgisnacht,wiec,geometria,Walpurgisnacht,False,niezwiazkowe,2001 Walpurgisnacht Spontane Street-Party,"*""Spontane"" Walpurgisfeiern sind für den Volkspark Friedrichshain (ab 20 Uhr) und für den Boxhagener Platz in Friedrichshain angekündigt.* (taz 30.04.2001, s. 24)",,,Point,,"52.52729246882668,13.434948921203613","52.52729246882668,13.434948921203613",5,1__mai_berlin_aktualna_11_.geojson,,True
2001_DE_festyn_Walpurgisnacht-Tanz-in-den-Mai-auf-dem-Kolle,2001,Lata,DE,Walpurgisnacht,festyn,name,Walpurgisnacht,False,niezwiazkowe,2001. Tanz in den Mai auf dem Kolle,rbb Walpurgisnacht und 1. Mai,,10000,Point,,"52.536232,13.417018","52.536232,13.417018",6,1__mai_berlin_aktualna_11_.geojson,,False
2015_DE_wiec_Walpurgisnacht-Walpurgisnacht-in-Gorli,2015,Lata,DE,Walpurgisnacht,wiec,geometria,Walpurgisnacht,False,niezwiazkowe,Walpurgisnacht in Görli,"## 2012

im Görlitzer Park in Kreuzberg feierten bis zu 900 Personen das ""Hexenfest""

## 2015

*Im Görlitzer Park in Kreuzberg, im Viktoriapark im selben Stadtteil, sowie im Treptower Park im gleichnamigen Bezirk hatten sich insgesamt mehrere Hundert Personen versammelt und ebenfalls friedlich in den Mai gefeiert.* (2015)",,,Point,,"52.497312,13.434995","52.497312,13.434995",7,1__mai_berlin_aktualna_11_.geojson,,True
1998_DE_wiec_Walpurgisnacht-Freiheit-ist-immer-auch-die-Freiheit-des,1998,Lata,DE,Walpurgisnacht,wiec,geometria,Walpurgisnacht,False,niezwiazkowe,1998 – Freiheit ist immer auch die Freiheit des Andersdenkenden,"*Unterdessen hat auch eine Gruppe namens ""Ratten und Gesindel"" zu einer Demo am Vorabend des 1. Mai in Prenzlauer Berg aufgerufen. Dies sei allerdings keine Walpurgisnacht-Veranstaltung, sondern eine Demo gegen den polizeilichen Belagerungszustand in Prenzlauer Berg im vergangenen Jahr. Die Demo am 30. April beginnt um 17 Uhr am U-Bahnhof Eberswalder Straße.* (taz 30.04.98)
",,,Point,,"52.54039722388597,13.411688804626467","52.54039722388597,13.411688804626467",8,1__mai_berlin_aktualna_11_.geojson,,True
2004_DE_demonstracja_Walpurgisnacht-Kommunismus-statt-Europa,2004,Lata,DE,Walpurgisnacht,demonstracja,geometria,Walpurgisnacht,False,niezwiazkowe,2004 – Kommunismus statt Europa,"Start: 18 Uhr 30.04 (Tagesspiegel 2004, Route sowohl)
U-Bhf Friedrichstrasse- Unter den Linden - Universitätstrasse - Tucholskystrasse - Augustrstrasse - Rosenthalerplatz

*FREITAG 19:00, S-Bahnhof Friedrichstraße: Ein Sprecher begrüßt die rund 1.500 Anwesenden zur ersten Demo des 1. Mai unter dem Motto ""Kommunismus statt Europa"". Er erklärt die EU zum Zusammenschluss kapitalistischer Nationalstaaten, die Weltmacht spielen wollen.* (taz ticker)",,,LineString,2449.2,"52.519864,13.388343","52.529668,13.401326",9,1__mai_berlin_aktualna_11_.geojson,,True
2005_DE_wiec_Walpurgisnacht-Berlin-protestiert-friedlich-fur-friedli,2005,Lata,DE,Walpurgisnacht,wiec,geometria,Walpurgisnacht,False,niezwiazkowe,2005 – Berlin protestiert friedlich – für friedlichen Protest gegen Gewalt“,Kundgebung um 16 Uhr am Frankfurter Tor mit anschließender Demonstration,,,Point,,"52.51577,13.453789","52.51577,13.453789",10,1__mai_berlin_aktualna_11_.geojson,,True
2005_DE_demonstracja_Walpurgisnacht-Berlin-protestiert-friedlich-Fur-friedli,2005,Lata,DE,Walpurgisnacht,demonstracja,geometria,Walpurgisnacht,False,niezwiazkowe,2005 Berlin protestiert friedlich –  Für friedlichen Protest gegen Gewalt,"**16:00 – Demo: Frankfurter Tor → Prenzlauer Allee** Motto: „Berlin protestiert friedlich – Für friedlichen Protest gegen Gewalt"" (ND 29.04.2005)",,,LineString,3428.3,"52.515646,13.453716","52.527214,13.415744",11,1__mai_berlin_aktualna_11_.geojson,,True
2007_DE_demonstracja_Walpurgisnacht-Walpurgisnacht-Demo,2007,Lata,DE,Walpurgisnacht,demonstracja,name,Walpurgisnacht,False,niezwiazkowe,2007 Walpurgisnacht Demo,"*Am selben Abend in der Zeit von 20 Uhr bis kurz vor 22 Uhr habe ein Aufzug mit rd. 900 Personen vom
Heinrichplatz zum Boxhagener Platz stattgefunden. Die Teilnehmer des Aufzugs hätten sich unter die Teil-
nehmer der Kundgebung gemischt, die – gepaart mit einer Musikveranstaltung – am Boxhagener Platz bis
ca. 22 Uhr stattgefunden habe. Insgesamt hätten an der Veranstaltung 1 500 Personen teilgenommen. Nach
Beendigung der Veranstaltung sei es dann gegen 23 Uhr – zum Teil sehr heftig – zu Flaschen- und Steinwür-
fen auf Polizeibeamte gekommen. Durch gezielte Festnahmen und konsequenten Zugriff habe die Situation
jedoch bis ca. 1 Uhr nachts beruhigt werden könne* (Senat Polizeibericht)

Attendance:
900 (police)",,1500,LineString,3356.1,"52.500235,13.423232","52.511259,13.459282",12,1__mai_berlin_aktualna_11_.geojson,,False
2011_DE_demonstracja_Walpurgisnacht-Walpurgisnacht-Wir-Bleiben-Alle,2011,Lata,DE,Walpurgisnacht,demonstracja,geometria,Walpurgisnacht,False,niezwiazkowe,"2011 Walpurgisnacht ""Wir Bleiben Alle!""","2011 – 30.4, 16:30. Wir bleiben alle, Rosenthaler Platz- Danziger Strasse. Koniec blikso Mauerparku (taz 30.4)
Attendance: 700 (taz)",,700,LineString,4533.6,"52.529745,13.401338","52.541115,13.412502",13,1__mai_berlin_aktualna_11_.geojson,,True
2012_DE_demonstracja_Walpurgisnacht-antikapitalistische-Walpurgisnahcht,2012,Lata,DE,Walpurgisnacht,demonstracja,geometria,Walpurgisnacht,False,niezwiazkowe,2012 antikapitalistische Walpurgisnahcht,"Demoroute: Burgsdorfstraße, Lynarstraße, Sparrplatz, Sprengelstraße, U Amrumer Straße, Ostender Straße, Genter Straße, U Seestraße, Müllerstraße, U-Bahnhof Wedding
Attendance: 
3300 (BM 1.05.2012)
6000 (organisers, Aufruf 2013)",,4650,LineString,3964.8,"52.543643,13.363981","52.542962,13.365283",14,1__mai_berlin_aktualna_11_.geojson,,True
2013_DE_demonstracja_Walpurgisnacht-Walpurgisnacht-take-back-the-city,2013,Lata,DE,Walpurgisnacht,demonstracja,geometria,Walpurgisnacht,False,niezwiazkowe,2013 Walpurgisnacht take back the city,"Badstraße (start marszu ok. 20:57, Behmstraße/Badstraße)
Buttmannstraße (skręt w lewo ok. 21:06)
Pankstraße (wysokość Abschnitt 36 / Polizeidirektion 3 ok. 21:17)
Wiesenstraße (akcje na dachach w trakcie przejścia)
Schererstraße (róg Adolfstraße, Zwischenkundgebung ok. 21:41, obok Scherer8)
Müllerstraße (róg Utrechter Straße ok. 22:11)
Seestraße (koniec demonstracji przy U-Bahnhof Seestraße ok. 22:25) (BZ 30.04.2013)
(Tagesspiegel 28.04.2013)
Attendance:
2500 (taz)
2500 (police via taz)",,2500,LineString,5003.1,"52.549597,13.386551","52.55038,13.352294",15,1__mai_berlin_aktualna_11_.geojson,,True
2014_DE_demonstracja_Walpurgisnacht-Antikapitalistische-Walpurgisnacht,2014,Lata,DE,Walpurgisnacht,demonstracja,geometria,Walpurgisnacht,False,niezwiazkowe,2014 Antikapitalistische Walpurgisnacht,"2014 – trasa za taz 30.4
Attendance: 3000 (nd liveticker)
2900 (police via taz)",,3000,LineString,6587.8,"52.550432,13.351976","52.552311,13.381584",16,1__mai_berlin_aktualna_11_.geojson,,True
2015_DE_demonstracja_Walpurgisnacht-Antikapitalistische-Walpurgisnacht,2015,Lata,DE,Walpurgisnacht,demonstracja,geometria,Walpurgisnacht,False,niezwiazkowe,2015 Antikapitalistische Walpurgisnacht,"2015 Antikapitalistische Walpurgisnacht. Trasa za taz 30.4. Start: 18:30

*Straftaten wurden nur vereinzelt begangen, berichtete Polizeipräsident Klaus Kandt. In der Walpurgisnacht habe es 15 Festnahmen gegeben. ""Am Rande der Gegendemonstration zu den beiden NPD-Kundgebungen am Vormittag des 1. Mai wurden acht Verdächtige wegen gefährlicher Körperverletzung und Widerstands gegen Vollstreckungsbeamte festgenommen"", sagte Kandt.* (Berliner Zeitung)

Due to rain, no end-rally (Bz-Berlin.de)

*21.48 Uhr - Veranstalterbilanz: ""Gute, laute Demonstration"": Am U-Bahnhof Eberswalder Straße findet derzeit die Abschlussveranstaltung der ""Antikapitalistischen Walpurgisnacht"" statt. Laut Veranstalter waren zwischen 5000 und 7000 Menschen auf der Straße. Sprecher Martin Steinburg zeigte sich in einer ersten Bilanz zufrieden: ""Wir sind gut durchgekommen und hatten eine gute, laute Demonstration."" Steinburg zufolge wollen die Veranstalter den 30. April als ""Kampftag der Mieterinnen und Mieter"" etablieren und ihre Proteste auch im nächsten Jahr fortsetzen.* (Tagesspiegel)

Attendance:
6000 (organisers via Tsg)
2500 (police via Tsg) – according to Tsg, closer to the truth",,4000,LineString,6566.8,"52.546309,13.359258","52.541014,13.412121",17,1__mai_berlin_aktualna_11_.geojson,,True
2016_DE_demonstracja_Walpurgisnacht-Walpurgisnacht-Demo,2016,Lata,DE,Walpurgisnacht,demonstracja,name,Walpurgisnacht,False,niezwiazkowe,2016 Walpurgisnacht Demo,"2016 Walpurgisnacht Demo – Osloer Strasse–Bernauer Brucke (taz 30.4)
Attendance: 2300 (police, nd-aktuell)",,2300,LineString,4499.8,"52.556897,13.373507","52.538231,13.396046",18,1__mai_berlin_aktualna_11_.geojson,,False
2017_DE_demonstracja_Walpurgisnacht-Walpurgisnacht-Demo,2017,Lata,DE,Walpurgisnacht,demonstracja,name,Walpurgisnacht,False,niezwiazkowe,2017 Walpurgisnacht Demo,"2017 Walpurgisnacht Demo. Trasa za TAZ
Slogan: Selbstorganisiert gegen Rassismus und soziale Ausgrenzung
Attendance:
3000 (police via TsG)
4000 (organisers via Tsg)",,3500,LineString,5925.1,"52.546478,13.359108","52.548005,13.388499",19,1__mai_berlin_aktualna_11_.geojson,,False
2018_DE_demonstracja_Walpurgisnacht-Walpurgisnacht-Demo,2018,Lata,DE,Walpurgisnacht,demonstracja,name,Walpurgisnacht,False,niezwiazkowe,2018 Walpurgisnacht Demo,"2018 Walpurgisnacht Demonstration. Trasa na podstawie mapki taz 
Attendance:
2000 (police, via taz)
4000 (organisers, via taz)",,3000,LineString,3944.4,"52.550341,13.352188","52.556499,13.376967",20,1__mai_berlin_aktualna_11_.geojson,,False
2019_DE_demonstracja_Walpurgisnacht-Walpurgisnacht-Demo,2019,Lata,DE,Walpurgisnacht,demonstracja,name,Walpurgisnacht,False,niezwiazkowe,2019 Walpurgisnacht Demo,"Dabei führte die Route an mehreren Häusern vorbei, deren Mieterinnen sich zum Beispiel wegen Mieterhöhungen in Protesten engagieren, unter anderem an der ""Amma65"" an der Amsterdamer Straße oder der ""Dubliner8"" an der Dubliner Straße. An der ""Amma65"" hielt der Zug kurzzeitig, Mieterinnen des Hauses sprachen durch Mikrofone vom Dach eines Wagens zu den Demonstrantinnen.

Attendance:
",,,LineString,4851.7,"52.546394,13.359064","52.556577,13.341265",21,1__mai_berlin_aktualna_11_.geojson,,False
2019_DE_wiec_Walpurgisnacht-Weddinger-Walpurgisnacht,2019,Lata,DE,Walpurgisnacht,wiec,geometria,Walpurgisnacht,False,niezwiazkowe,2019 Weddinger Walpurgisnacht,"""Kein Gott, kein Staat, kein Mietvertrag"" skandierten die Demonstrant*innen auf ihrem Spaziergang durch den Weddinger Kiez. Auf roten Fahnen stand ""Revolution"" in schwarzen Lettern, linker Rap begleitete den Auftakt am Leopoldplatz. (taz, 2.05.2019)",,,Point,,"52.546354,13.359139","52.546354,13.359139",22,1__mai_berlin_aktualna_11_.geojson,,True
2001_DE_wiec_Walpurgisnacht-Antikapitalistische-Walpurgisnacht,2001,Lata,DE,Walpurgisnacht,wiec,geometria,Walpurgisnacht,False,niezwiazkowe,Antikapitalistische Walpurgisnacht,"2001 – *20.00 Uhr - Boxhagener Platz (Friedrichshain) Dort soll es ebenfalls eine Walpurgisnacht-Feier mit Trommeln, Getränken und Feuer(spuckern) geben. Wir werden einen Tag vor dem Naziaufmarsch zeigen, dass Friedrichshain weiterhin ein bunter und widerspenstiger Kiez ist.* (stressfaktor.squat.com)
*Auch am Boxhagener Platz hatten etwa 500 Menschen die Walpurgisnacht mit Lagerfeuern eingeleitet. Erst als gegen 0:30 Uhr Barrikaden auf der Straße errichtet und angezündet wurden, rückte die Polizei aus den Seitenstraßen vor. Sie wurde umgehend aus der Menge mit Steinen und Flaschen beworfen. Wasserwerfer und Räumfahrzeuge beseitigten die Barrikaden. Etwa 200 Personen wurden auf dem Platz eingekesselt. Die Beamten wurden nun aus den Seitenstraßen angegriffen. Erst gegen 1:20 Uhr beruhigte sich die Lage.* (taz 2001)
2002 – *“Auf dem Boxhagener Platz, inzwischen ebenso ein Platz mit Mai-Tradition, wird die Walpurgisnacht etwas esoterisch mit Trommeln und Feuerspuckern begangen, es soll aber auch eine Vorbereitung zu Aktionen gegen den für den 1. Mai geplanten Nazi-Aufmarsch sein (20 Uhr). Wo genau dieser Nazi-Marsch vorbeiführen wird, ist noch das Geheimnis des Innensenators.” (“taz. Tageszeitung 2002 1. Mai”, 2002, p. 21)
2003 – *Die Motivation ist entsprechend hoch. Ergebnisse und Erfolge sind allerdings schwer messbar. Kluge: ""In der Walpurgisnacht waren wir am Boxhagener Platz in Friedrichshain unterwegs. Dort ist es ruhig geblieben, und ich hoffe, wir haben dazu beigetragen."" Vor zwei Jahren war es bei brennenden Barrikaden an gleicher Stelle heiß hergegangen.* (taz 2003)
2004 – *Tausende Autonome wollen sich im Mauerpark und auf dem Boxhagener Platz treffen und die Walpurgisnacht feiern. Linke Gruppen planen eine Kundgebung an der Eberswalder Straße. Anschließend gibt es ein Straßenfest.* (Berliner Zeitung 2004)
2005 – Gegen Yuppisierung
und Umstrukturierung“ (taz 30.04.2005)
2007 – Antikapitalistischer Walpurgisnacht – zum dritten Mal auf Boxi (erstermai.nostate.net 2007)
> *Die Teilnehmer des Aufzugs hätten sich unter die Teilnehmer der Kundgebung gemischt, die – gepaart mit einer Musikveranstaltung – am Boxhagener Platz bis ca. 22 Uhr stattgefunden habe. Insgesamt hätten an der Veranstaltung 1 500 Personen teilgenommen. Nach Beendigung der Veranstaltung sei es dann gegen 23 Uhr – zum Teil sehr heftig – zu Flaschen- und Steinwürfen auf Polizeibeamte gekommen. Durch gezielte Festnahmen und konsequenten Zugriff habe die Situation jedoch bis ca. 1 Uhr nachts beruhigt werden können.*
2009 – Walpurgisnachtfest mit Musik
2010 –30.4. 14:00 Konzert und Kundgebung Reclaim the Kiez (taz 30.4)",,,Polygon,,,,23,1__mai_berlin_aktualna_11_.geojson,,True
2002_DE_wiec_Walpurgisnacht-Antikapitalistische-Walpurgisnacht,2002,Lata,DE,Walpurgisnacht,wiec,geometria,Walpurgisnacht,False,niezwiazkowe,Antikapitalistische Walpurgisnacht,"2001 – *20.00 Uhr - Boxhagener Platz (Friedrichshain) Dort soll es ebenfalls eine Walpurgisnacht-Feier mit Trommeln, Getränken und Feuer(spuckern) geben. Wir werden einen Tag vor dem Naziaufmarsch zeigen, dass Friedrichshain weiterhin ein bunter und widerspenstiger Kiez ist.* (stressfaktor.squat.com)
*Auch am Boxhagener Platz hatten etwa 500 Menschen die Walpurgisnacht mit Lagerfeuern eingeleitet. Erst als gegen 0:30 Uhr Barrikaden auf der Straße errichtet und angezündet wurden, rückte die Polizei aus den Seitenstraßen vor. Sie wurde umgehend aus der Menge mit Steinen und Flaschen beworfen. Wasserwerfer und Räumfahrzeuge beseitigten die Barrikaden. Etwa 200 Personen wurden auf dem Platz eingekesselt. Die Beamten wurden nun aus den Seitenstraßen angegriffen. Erst gegen 1:20 Uhr beruhigte sich die Lage.* (taz 2001)
2002 – *“Auf dem Boxhagener Platz, inzwischen ebenso ein Platz mit Mai-Tradition, wird die Walpurgisnacht etwas esoterisch mit Trommeln und Feuerspuckern begangen, es soll aber auch eine Vorbereitung zu Aktionen gegen den für den 1. Mai geplanten Nazi-Aufmarsch sein (20 Uhr). Wo genau dieser Nazi-Marsch vorbeiführen wird, ist noch das Geheimnis des Innensenators.” (“taz. Tageszeitung 2002 1. Mai”, 2002, p. 21)
2003 – *Die Motivation ist entsprechend hoch. Ergebnisse und Erfolge sind allerdings schwer messbar. Kluge: ""In der Walpurgisnacht waren wir am Boxhagener Platz in Friedrichshain unterwegs. Dort ist es ruhig geblieben, und ich hoffe, wir haben dazu beigetragen."" Vor zwei Jahren war es bei brennenden Barrikaden an gleicher Stelle heiß hergegangen.* (taz 2003)
2004 – *Tausende Autonome wollen sich im Mauerpark und auf dem Boxhagener Platz treffen und die Walpurgisnacht feiern. Linke Gruppen planen eine Kundgebung an der Eberswalder Straße. Anschließend gibt es ein Straßenfest.* (Berliner Zeitung 2004)
2005 – Gegen Yuppisierung
und Umstrukturierung“ (taz 30.04.2005)
2007 – Antikapitalistischer Walpurgisnacht – zum dritten Mal auf Boxi (erstermai.nostate.net 2007)
> *Die Teilnehmer des Aufzugs hätten sich unter die Teilnehmer der Kundgebung gemischt, die – gepaart mit einer Musikveranstaltung – am Boxhagener Platz bis ca. 22 Uhr stattgefunden habe. Insgesamt hätten an der Veranstaltung 1 500 Personen teilgenommen. Nach Beendigung der Veranstaltung sei es dann gegen 23 Uhr – zum Teil sehr heftig – zu Flaschen- und Steinwürfen auf Polizeibeamte gekommen. Durch gezielte Festnahmen und konsequenten Zugriff habe die Situation jedoch bis ca. 1 Uhr nachts beruhigt werden können.*
2009 – Walpurgisnachtfest mit Musik
2010 –30.4. 14:00 Konzert und Kundgebung Reclaim the Kiez (taz 30.4)",,,Polygon,,,,23,1__mai_berlin_aktualna_11_.geojson,,True
2003_DE_wiec_Walpurgisnacht-Antikapitalistische-Walpurgisnacht,2003,Lata,DE,Walpurgisnacht,wiec,geometria,Walpurgisnacht,False,niezwiazkowe,Antikapitalistische Walpurgisnacht,"2001 – *20.00 Uhr - Boxhagener Platz (Friedrichshain) Dort soll es ebenfalls eine Walpurgisnacht-Feier mit Trommeln, Getränken und Feuer(spuckern) geben. Wir werden einen Tag vor dem Naziaufmarsch zeigen, dass Friedrichshain weiterhin ein bunter und widerspenstiger Kiez ist.* (stressfaktor.squat.com)
*Auch am Boxhagener Platz hatten etwa 500 Menschen die Walpurgisnacht mit Lagerfeuern eingeleitet. Erst als gegen 0:30 Uhr Barrikaden auf der Straße errichtet und angezündet wurden, rückte die Polizei aus den Seitenstraßen vor. Sie wurde umgehend aus der Menge mit Steinen und Flaschen beworfen. Wasserwerfer und Räumfahrzeuge beseitigten die Barrikaden. Etwa 200 Personen wurden auf dem Platz eingekesselt. Die Beamten wurden nun aus den Seitenstraßen angegriffen. Erst gegen 1:20 Uhr beruhigte sich die Lage.* (taz 2001)
2002 – *“Auf dem Boxhagener Platz, inzwischen ebenso ein Platz mit Mai-Tradition, wird die Walpurgisnacht etwas esoterisch mit Trommeln und Feuerspuckern begangen, es soll aber auch eine Vorbereitung zu Aktionen gegen den für den 1. Mai geplanten Nazi-Aufmarsch sein (20 Uhr). Wo genau dieser Nazi-Marsch vorbeiführen wird, ist noch das Geheimnis des Innensenators.” (“taz. Tageszeitung 2002 1. Mai”, 2002, p. 21)
2003 – *Die Motivation ist entsprechend hoch. Ergebnisse und Erfolge sind allerdings schwer messbar. Kluge: ""In der Walpurgisnacht waren wir am Boxhagener Platz in Friedrichshain unterwegs. Dort ist es ruhig geblieben, und ich hoffe, wir haben dazu beigetragen."" Vor zwei Jahren war es bei brennenden Barrikaden an gleicher Stelle heiß hergegangen.* (taz 2003)
2004 – *Tausende Autonome wollen sich im Mauerpark und auf dem Boxhagener Platz treffen und die Walpurgisnacht feiern. Linke Gruppen planen eine Kundgebung an der Eberswalder Straße. Anschließend gibt es ein Straßenfest.* (Berliner Zeitung 2004)
2005 – Gegen Yuppisierung
und Umstrukturierung“ (taz 30.04.2005)
2007 – Antikapitalistischer Walpurgisnacht – zum dritten Mal auf Boxi (erstermai.nostate.net 2007)
> *Die Teilnehmer des Aufzugs hätten sich unter die Teilnehmer der Kundgebung gemischt, die – gepaart mit einer Musikveranstaltung – am Boxhagener Platz bis ca. 22 Uhr stattgefunden habe. Insgesamt hätten an der Veranstaltung 1 500 Personen teilgenommen. Nach Beendigung der Veranstaltung sei es dann gegen 23 Uhr – zum Teil sehr heftig – zu Flaschen- und Steinwürfen auf Polizeibeamte gekommen. Durch gezielte Festnahmen und konsequenten Zugriff habe die Situation jedoch bis ca. 1 Uhr nachts beruhigt werden können.*
2009 – Walpurgisnachtfest mit Musik
2010 –30.4. 14:00 Konzert und Kundgebung Reclaim the Kiez (taz 30.4)",,,Polygon,,,,23,1__mai_berlin_aktualna_11_.geojson,,True
2004_DE_wiec_Walpurgisnacht-Antikapitalistische-Walpurgisnacht,2004,Lata,DE,Walpurgisnacht,wiec,geometria,Walpurgisnacht,False,niezwiazkowe,Antikapitalistische Walpurgisnacht,"2001 – *20.00 Uhr - Boxhagener Platz (Friedrichshain) Dort soll es ebenfalls eine Walpurgisnacht-Feier mit Trommeln, Getränken und Feuer(spuckern) geben. Wir werden einen Tag vor dem Naziaufmarsch zeigen, dass Friedrichshain weiterhin ein bunter und widerspenstiger Kiez ist.* (stressfaktor.squat.com)
*Auch am Boxhagener Platz hatten etwa 500 Menschen die Walpurgisnacht mit Lagerfeuern eingeleitet. Erst als gegen 0:30 Uhr Barrikaden auf der Straße errichtet und angezündet wurden, rückte die Polizei aus den Seitenstraßen vor. Sie wurde umgehend aus der Menge mit Steinen und Flaschen beworfen. Wasserwerfer und Räumfahrzeuge beseitigten die Barrikaden. Etwa 200 Personen wurden auf dem Platz eingekesselt. Die Beamten wurden nun aus den Seitenstraßen angegriffen. Erst gegen 1:20 Uhr beruhigte sich die Lage.* (taz 2001)
2002 – *“Auf dem Boxhagener Platz, inzwischen ebenso ein Platz mit Mai-Tradition, wird die Walpurgisnacht etwas esoterisch mit Trommeln und Feuerspuckern begangen, es soll aber auch eine Vorbereitung zu Aktionen gegen den für den 1. Mai geplanten Nazi-Aufmarsch sein (20 Uhr). Wo genau dieser Nazi-Marsch vorbeiführen wird, ist noch das Geheimnis des Innensenators.” (“taz. Tageszeitung 2002 1. Mai”, 2002, p. 21)
2003 – *Die Motivation ist entsprechend hoch. Ergebnisse und Erfolge sind allerdings schwer messbar. Kluge: ""In der Walpurgisnacht waren wir am Boxhagener Platz in Friedrichshain unterwegs. Dort ist es ruhig geblieben, und ich hoffe, wir haben dazu beigetragen."" Vor zwei Jahren war es bei brennenden Barrikaden an gleicher Stelle heiß hergegangen.* (taz 2003)
2004 – *Tausende Autonome wollen sich im Mauerpark und auf dem Boxhagener Platz treffen und die Walpurgisnacht feiern. Linke Gruppen planen eine Kundgebung an der Eberswalder Straße. Anschließend gibt es ein Straßenfest.* (Berliner Zeitung 2004)
2005 – Gegen Yuppisierung
und Umstrukturierung“ (taz 30.04.2005)
2007 – Antikapitalistischer Walpurgisnacht – zum dritten Mal auf Boxi (erstermai.nostate.net 2007)
> *Die Teilnehmer des Aufzugs hätten sich unter die Teilnehmer der Kundgebung gemischt, die – gepaart mit einer Musikveranstaltung – am Boxhagener Platz bis ca. 22 Uhr stattgefunden habe. Insgesamt hätten an der Veranstaltung 1 500 Personen teilgenommen. Nach Beendigung der Veranstaltung sei es dann gegen 23 Uhr – zum Teil sehr heftig – zu Flaschen- und Steinwürfen auf Polizeibeamte gekommen. Durch gezielte Festnahmen und konsequenten Zugriff habe die Situation jedoch bis ca. 1 Uhr nachts beruhigt werden können.*
2009 – Walpurgisnachtfest mit Musik
2010 –30.4. 14:00 Konzert und Kundgebung Reclaim the Kiez (taz 30.4)",,,Polygon,,,,23,1__mai_berlin_aktualna_11_.geojson,,True
2005_DE_wiec_Walpurgisnacht-Antikapitalistische-Walpurgisnacht,2005,Lata,DE,Walpurgisnacht,wiec,geometria,Walpurgisnacht,False,niezwiazkowe,Antikapitalistische Walpurgisnacht,"2001 – *20.00 Uhr - Boxhagener Platz (Friedrichshain) Dort soll es ebenfalls eine Walpurgisnacht-Feier mit Trommeln, Getränken und Feuer(spuckern) geben. Wir werden einen Tag vor dem Naziaufmarsch zeigen, dass Friedrichshain weiterhin ein bunter und widerspenstiger Kiez ist.* (stressfaktor.squat.com)
*Auch am Boxhagener Platz hatten etwa 500 Menschen die Walpurgisnacht mit Lagerfeuern eingeleitet. Erst als gegen 0:30 Uhr Barrikaden auf der Straße errichtet und angezündet wurden, rückte die Polizei aus den Seitenstraßen vor. Sie wurde umgehend aus der Menge mit Steinen und Flaschen beworfen. Wasserwerfer und Räumfahrzeuge beseitigten die Barrikaden. Etwa 200 Personen wurden auf dem Platz eingekesselt. Die Beamten wurden nun aus den Seitenstraßen angegriffen. Erst gegen 1:20 Uhr beruhigte sich die Lage.* (taz 2001)
2002 – *“Auf dem Boxhagener Platz, inzwischen ebenso ein Platz mit Mai-Tradition, wird die Walpurgisnacht etwas esoterisch mit Trommeln und Feuerspuckern begangen, es soll aber auch eine Vorbereitung zu Aktionen gegen den für den 1. Mai geplanten Nazi-Aufmarsch sein (20 Uhr). Wo genau dieser Nazi-Marsch vorbeiführen wird, ist noch das Geheimnis des Innensenators.” (“taz. Tageszeitung 2002 1. Mai”, 2002, p. 21)
2003 – *Die Motivation ist entsprechend hoch. Ergebnisse und Erfolge sind allerdings schwer messbar. Kluge: ""In der Walpurgisnacht waren wir am Boxhagener Platz in Friedrichshain unterwegs. Dort ist es ruhig geblieben, und ich hoffe, wir haben dazu beigetragen."" Vor zwei Jahren war es bei brennenden Barrikaden an gleicher Stelle heiß hergegangen.* (taz 2003)
2004 – *Tausende Autonome wollen sich im Mauerpark und auf dem Boxhagener Platz treffen und die Walpurgisnacht feiern. Linke Gruppen planen eine Kundgebung an der Eberswalder Straße. Anschließend gibt es ein Straßenfest.* (Berliner Zeitung 2004)
2005 – Gegen Yuppisierung
und Umstrukturierung“ (taz 30.04.2005)
2007 – Antikapitalistischer Walpurgisnacht – zum dritten Mal auf Boxi (erstermai.nostate.net 2007)
> *Die Teilnehmer des Aufzugs hätten sich unter die Teilnehmer der Kundgebung gemischt, die – gepaart mit einer Musikveranstaltung – am Boxhagener Platz bis ca. 22 Uhr stattgefunden habe. Insgesamt hätten an der Veranstaltung 1 500 Personen teilgenommen. Nach Beendigung der Veranstaltung sei es dann gegen 23 Uhr – zum Teil sehr heftig – zu Flaschen- und Steinwürfen auf Polizeibeamte gekommen. Durch gezielte Festnahmen und konsequenten Zugriff habe die Situation jedoch bis ca. 1 Uhr nachts beruhigt werden können.*
2009 – Walpurgisnachtfest mit Musik
2010 –30.4. 14:00 Konzert und Kundgebung Reclaim the Kiez (taz 30.4)",,,Polygon,,,,23,1__mai_berlin_aktualna_11_.geojson,,True
2006_DE_wiec_Walpurgisnacht-Antikapitalistische-Walpurgisnacht,2006,Lata,DE,Walpurgisnacht,wiec,geometria,Walpurgisnacht,False,niezwiazkowe,Antikapitalistische Walpurgisnacht,"2001 – *20.00 Uhr - Boxhagener Platz (Friedrichshain) Dort soll es ebenfalls eine Walpurgisnacht-Feier mit Trommeln, Getränken und Feuer(spuckern) geben. Wir werden einen Tag vor dem Naziaufmarsch zeigen, dass Friedrichshain weiterhin ein bunter und widerspenstiger Kiez ist.* (stressfaktor.squat.com)
*Auch am Boxhagener Platz hatten etwa 500 Menschen die Walpurgisnacht mit Lagerfeuern eingeleitet. Erst als gegen 0:30 Uhr Barrikaden auf der Straße errichtet und angezündet wurden, rückte die Polizei aus den Seitenstraßen vor. Sie wurde umgehend aus der Menge mit Steinen und Flaschen beworfen. Wasserwerfer und Räumfahrzeuge beseitigten die Barrikaden. Etwa 200 Personen wurden auf dem Platz eingekesselt. Die Beamten wurden nun aus den Seitenstraßen angegriffen. Erst gegen 1:20 Uhr beruhigte sich die Lage.* (taz 2001)
2002 – *“Auf dem Boxhagener Platz, inzwischen ebenso ein Platz mit Mai-Tradition, wird die Walpurgisnacht etwas esoterisch mit Trommeln und Feuerspuckern begangen, es soll aber auch eine Vorbereitung zu Aktionen gegen den für den 1. Mai geplanten Nazi-Aufmarsch sein (20 Uhr). Wo genau dieser Nazi-Marsch vorbeiführen wird, ist noch das Geheimnis des Innensenators.” (“taz. Tageszeitung 2002 1. Mai”, 2002, p. 21)
2003 – *Die Motivation ist entsprechend hoch. Ergebnisse und Erfolge sind allerdings schwer messbar. Kluge: ""In der Walpurgisnacht waren wir am Boxhagener Platz in Friedrichshain unterwegs. Dort ist es ruhig geblieben, und ich hoffe, wir haben dazu beigetragen."" Vor zwei Jahren war es bei brennenden Barrikaden an gleicher Stelle heiß hergegangen.* (taz 2003)
2004 – *Tausende Autonome wollen sich im Mauerpark und auf dem Boxhagener Platz treffen und die Walpurgisnacht feiern. Linke Gruppen planen eine Kundgebung an der Eberswalder Straße. Anschließend gibt es ein Straßenfest.* (Berliner Zeitung 2004)
2005 – Gegen Yuppisierung
und Umstrukturierung“ (taz 30.04.2005)
2007 – Antikapitalistischer Walpurgisnacht – zum dritten Mal auf Boxi (erstermai.nostate.net 2007)
> *Die Teilnehmer des Aufzugs hätten sich unter die Teilnehmer der Kundgebung gemischt, die – gepaart mit einer Musikveranstaltung – am Boxhagener Platz bis ca. 22 Uhr stattgefunden habe. Insgesamt hätten an der Veranstaltung 1 500 Personen teilgenommen. Nach Beendigung der Veranstaltung sei es dann gegen 23 Uhr – zum Teil sehr heftig – zu Flaschen- und Steinwürfen auf Polizeibeamte gekommen. Durch gezielte Festnahmen und konsequenten Zugriff habe die Situation jedoch bis ca. 1 Uhr nachts beruhigt werden können.*
2009 – Walpurgisnachtfest mit Musik
2010 –30.4. 14:00 Konzert und Kundgebung Reclaim the Kiez (taz 30.4)",,,Polygon,,,,23,1__mai_berlin_aktualna_11_.geojson,,True
2007_DE_wiec_Walpurgisnacht-Antikapitalistische-Walpurgisnacht,2007,Lata,DE,Walpurgisnacht,wiec,geometria,Walpurgisnacht,False,niezwiazkowe,Antikapitalistische Walpurgisnacht,"2001 – *20.00 Uhr - Boxhagener Platz (Friedrichshain) Dort soll es ebenfalls eine Walpurgisnacht-Feier mit Trommeln, Getränken und Feuer(spuckern) geben. Wir werden einen Tag vor dem Naziaufmarsch zeigen, dass Friedrichshain weiterhin ein bunter und widerspenstiger Kiez ist.* (stressfaktor.squat.com)
*Auch am Boxhagener Platz hatten etwa 500 Menschen die Walpurgisnacht mit Lagerfeuern eingeleitet. Erst als gegen 0:30 Uhr Barrikaden auf der Straße errichtet und angezündet wurden, rückte die Polizei aus den Seitenstraßen vor. Sie wurde umgehend aus der Menge mit Steinen und Flaschen beworfen. Wasserwerfer und Räumfahrzeuge beseitigten die Barrikaden. Etwa 200 Personen wurden auf dem Platz eingekesselt. Die Beamten wurden nun aus den Seitenstraßen angegriffen. Erst gegen 1:20 Uhr beruhigte sich die Lage.* (taz 2001)
2002 – *“Auf dem Boxhagener Platz, inzwischen ebenso ein Platz mit Mai-Tradition, wird die Walpurgisnacht etwas esoterisch mit Trommeln und Feuerspuckern begangen, es soll aber auch eine Vorbereitung zu Aktionen gegen den für den 1. Mai geplanten Nazi-Aufmarsch sein (20 Uhr). Wo genau dieser Nazi-Marsch vorbeiführen wird, ist noch das Geheimnis des Innensenators.” (“taz. Tageszeitung 2002 1. Mai”, 2002, p. 21)
2003 – *Die Motivation ist entsprechend hoch. Ergebnisse und Erfolge sind allerdings schwer messbar. Kluge: ""In der Walpurgisnacht waren wir am Boxhagener Platz in Friedrichshain unterwegs. Dort ist es ruhig geblieben, und ich hoffe, wir haben dazu beigetragen."" Vor zwei Jahren war es bei brennenden Barrikaden an gleicher Stelle heiß hergegangen.* (taz 2003)
2004 – *Tausende Autonome wollen sich im Mauerpark und auf dem Boxhagener Platz treffen und die Walpurgisnacht feiern. Linke Gruppen planen eine Kundgebung an der Eberswalder Straße. Anschließend gibt es ein Straßenfest.* (Berliner Zeitung 2004)
2005 – Gegen Yuppisierung
und Umstrukturierung“ (taz 30.04.2005)
2007 – Antikapitalistischer Walpurgisnacht – zum dritten Mal auf Boxi (erstermai.nostate.net 2007)
> *Die Teilnehmer des Aufzugs hätten sich unter die Teilnehmer der Kundgebung gemischt, die – gepaart mit einer Musikveranstaltung – am Boxhagener Platz bis ca. 22 Uhr stattgefunden habe. Insgesamt hätten an der Veranstaltung 1 500 Personen teilgenommen. Nach Beendigung der Veranstaltung sei es dann gegen 23 Uhr – zum Teil sehr heftig – zu Flaschen- und Steinwürfen auf Polizeibeamte gekommen. Durch gezielte Festnahmen und konsequenten Zugriff habe die Situation jedoch bis ca. 1 Uhr nachts beruhigt werden können.*
2009 – Walpurgisnachtfest mit Musik
2010 –30.4. 14:00 Konzert und Kundgebung Reclaim the Kiez (taz 30.4)",,,Polygon,,,,23,1__mai_berlin_aktualna_11_.geojson,,True
2008_DE_wiec_Walpurgisnacht-Antikapitalistische-Walpurgisnacht,2008,Lata,DE,Walpurgisnacht,wiec,geometria,Walpurgisnacht,False,niezwiazkowe,Antikapitalistische Walpurgisnacht,"2001 – *20.00 Uhr - Boxhagener Platz (Friedrichshain) Dort soll es ebenfalls eine Walpurgisnacht-Feier mit Trommeln, Getränken und Feuer(spuckern) geben. Wir werden einen Tag vor dem Naziaufmarsch zeigen, dass Friedrichshain weiterhin ein bunter und widerspenstiger Kiez ist.* (stressfaktor.squat.com)
*Auch am Boxhagener Platz hatten etwa 500 Menschen die Walpurgisnacht mit Lagerfeuern eingeleitet. Erst als gegen 0:30 Uhr Barrikaden auf der Straße errichtet und angezündet wurden, rückte die Polizei aus den Seitenstraßen vor. Sie wurde umgehend aus der Menge mit Steinen und Flaschen beworfen. Wasserwerfer und Räumfahrzeuge beseitigten die Barrikaden. Etwa 200 Personen wurden auf dem Platz eingekesselt. Die Beamten wurden nun aus den Seitenstraßen angegriffen. Erst gegen 1:20 Uhr beruhigte sich die Lage.* (taz 2001)
2002 – *“Auf dem Boxhagener Platz, inzwischen ebenso ein Platz mit Mai-Tradition, wird die Walpurgisnacht etwas esoterisch mit Trommeln und Feuerspuckern begangen, es soll aber auch eine Vorbereitung zu Aktionen gegen den für den 1. Mai geplanten Nazi-Aufmarsch sein (20 Uhr). Wo genau dieser Nazi-Marsch vorbeiführen wird, ist noch das Geheimnis des Innensenators.” (“taz. Tageszeitung 2002 1. Mai”, 2002, p. 21)
2003 – *Die Motivation ist entsprechend hoch. Ergebnisse und Erfolge sind allerdings schwer messbar. Kluge: ""In der Walpurgisnacht waren wir am Boxhagener Platz in Friedrichshain unterwegs. Dort ist es ruhig geblieben, und ich hoffe, wir haben dazu beigetragen."" Vor zwei Jahren war es bei brennenden Barrikaden an gleicher Stelle heiß hergegangen.* (taz 2003)
2004 – *Tausende Autonome wollen sich im Mauerpark und auf dem Boxhagener Platz treffen und die Walpurgisnacht feiern. Linke Gruppen planen eine Kundgebung an der Eberswalder Straße. Anschließend gibt es ein Straßenfest.* (Berliner Zeitung 2004)
2005 – Gegen Yuppisierung
und Umstrukturierung“ (taz 30.04.2005)
2007 – Antikapitalistischer Walpurgisnacht – zum dritten Mal auf Boxi (erstermai.nostate.net 2007)
> *Die Teilnehmer des Aufzugs hätten sich unter die Teilnehmer der Kundgebung gemischt, die – gepaart mit einer Musikveranstaltung – am Boxhagener Platz bis ca. 22 Uhr stattgefunden habe. Insgesamt hätten an der Veranstaltung 1 500 Personen teilgenommen. Nach Beendigung der Veranstaltung sei es dann gegen 23 Uhr – zum Teil sehr heftig – zu Flaschen- und Steinwürfen auf Polizeibeamte gekommen. Durch gezielte Festnahmen und konsequenten Zugriff habe die Situation jedoch bis ca. 1 Uhr nachts beruhigt werden können.*
2009 – Walpurgisnachtfest mit Musik
2010 –30.4. 14:00 Konzert und Kundgebung Reclaim the Kiez (taz 30.4)",,,Polygon,,,,23,1__mai_berlin_aktualna_11_.geojson,,True
2009_DE_wiec_Walpurgisnacht-Antikapitalistische-Walpurgisnacht,2009,Lata,DE,Walpurgisnacht,wiec,geometria,Walpurgisnacht,False,niezwiazkowe,Antikapitalistische Walpurgisnacht,"2001 – *20.00 Uhr - Boxhagener Platz (Friedrichshain) Dort soll es ebenfalls eine Walpurgisnacht-Feier mit Trommeln, Getränken und Feuer(spuckern) geben. Wir werden einen Tag vor dem Naziaufmarsch zeigen, dass Friedrichshain weiterhin ein bunter und widerspenstiger Kiez ist.* (stressfaktor.squat.com)
*Auch am Boxhagener Platz hatten etwa 500 Menschen die Walpurgisnacht mit Lagerfeuern eingeleitet. Erst als gegen 0:30 Uhr Barrikaden auf der Straße errichtet und angezündet wurden, rückte die Polizei aus den Seitenstraßen vor. Sie wurde umgehend aus der Menge mit Steinen und Flaschen beworfen. Wasserwerfer und Räumfahrzeuge beseitigten die Barrikaden. Etwa 200 Personen wurden auf dem Platz eingekesselt. Die Beamten wurden nun aus den Seitenstraßen angegriffen. Erst gegen 1:20 Uhr beruhigte sich die Lage.* (taz 2001)
2002 – *“Auf dem Boxhagener Platz, inzwischen ebenso ein Platz mit Mai-Tradition, wird die Walpurgisnacht etwas esoterisch mit Trommeln und Feuerspuckern begangen, es soll aber auch eine Vorbereitung zu Aktionen gegen den für den 1. Mai geplanten Nazi-Aufmarsch sein (20 Uhr). Wo genau dieser Nazi-Marsch vorbeiführen wird, ist noch das Geheimnis des Innensenators.” (“taz. Tageszeitung 2002 1. Mai”, 2002, p. 21)
2003 – *Die Motivation ist entsprechend hoch. Ergebnisse und Erfolge sind allerdings schwer messbar. Kluge: ""In der Walpurgisnacht waren wir am Boxhagener Platz in Friedrichshain unterwegs. Dort ist es ruhig geblieben, und ich hoffe, wir haben dazu beigetragen."" Vor zwei Jahren war es bei brennenden Barrikaden an gleicher Stelle heiß hergegangen.* (taz 2003)
2004 – *Tausende Autonome wollen sich im Mauerpark und auf dem Boxhagener Platz treffen und die Walpurgisnacht feiern. Linke Gruppen planen eine Kundgebung an der Eberswalder Straße. Anschließend gibt es ein Straßenfest.* (Berliner Zeitung 2004)
2005 – Gegen Yuppisierung
und Umstrukturierung“ (taz 30.04.2005)
2007 – Antikapitalistischer Walpurgisnacht – zum dritten Mal auf Boxi (erstermai.nostate.net 2007)
> *Die Teilnehmer des Aufzugs hätten sich unter die Teilnehmer der Kundgebung gemischt, die – gepaart mit einer Musikveranstaltung – am Boxhagener Platz bis ca. 22 Uhr stattgefunden habe. Insgesamt hätten an der Veranstaltung 1 500 Personen teilgenommen. Nach Beendigung der Veranstaltung sei es dann gegen 23 Uhr – zum Teil sehr heftig – zu Flaschen- und Steinwürfen auf Polizeibeamte gekommen. Durch gezielte Festnahmen und konsequenten Zugriff habe die Situation jedoch bis ca. 1 Uhr nachts beruhigt werden können.*
2009 – Walpurgisnachtfest mit Musik
2010 –30.4. 14:00 Konzert und Kundgebung Reclaim the Kiez (taz 30.4)",,,Polygon,,,,23,1__mai_berlin_aktualna_11_.geojson,,True
2010_DE_wiec_Walpurgisnacht-Antikapitalistische-Walpurgisnacht,2010,Lata,DE,Walpurgisnacht,wiec,geometria,Walpurgisnacht,False,niezwiazkowe,Antikapitalistische Walpurgisnacht,"2001 – *20.00 Uhr - Boxhagener Platz (Friedrichshain) Dort soll es ebenfalls eine Walpurgisnacht-Feier mit Trommeln, Getränken und Feuer(spuckern) geben. Wir werden einen Tag vor dem Naziaufmarsch zeigen, dass Friedrichshain weiterhin ein bunter und widerspenstiger Kiez ist.* (stressfaktor.squat.com)
*Auch am Boxhagener Platz hatten etwa 500 Menschen die Walpurgisnacht mit Lagerfeuern eingeleitet. Erst als gegen 0:30 Uhr Barrikaden auf der Straße errichtet und angezündet wurden, rückte die Polizei aus den Seitenstraßen vor. Sie wurde umgehend aus der Menge mit Steinen und Flaschen beworfen. Wasserwerfer und Räumfahrzeuge beseitigten die Barrikaden. Etwa 200 Personen wurden auf dem Platz eingekesselt. Die Beamten wurden nun aus den Seitenstraßen angegriffen. Erst gegen 1:20 Uhr beruhigte sich die Lage.* (taz 2001)
2002 – *“Auf dem Boxhagener Platz, inzwischen ebenso ein Platz mit Mai-Tradition, wird die Walpurgisnacht etwas esoterisch mit Trommeln und Feuerspuckern begangen, es soll aber auch eine Vorbereitung zu Aktionen gegen den für den 1. Mai geplanten Nazi-Aufmarsch sein (20 Uhr). Wo genau dieser Nazi-Marsch vorbeiführen wird, ist noch das Geheimnis des Innensenators.” (“taz. Tageszeitung 2002 1. Mai”, 2002, p. 21)
2003 – *Die Motivation ist entsprechend hoch. Ergebnisse und Erfolge sind allerdings schwer messbar. Kluge: ""In der Walpurgisnacht waren wir am Boxhagener Platz in Friedrichshain unterwegs. Dort ist es ruhig geblieben, und ich hoffe, wir haben dazu beigetragen."" Vor zwei Jahren war es bei brennenden Barrikaden an gleicher Stelle heiß hergegangen.* (taz 2003)
2004 – *Tausende Autonome wollen sich im Mauerpark und auf dem Boxhagener Platz treffen und die Walpurgisnacht feiern. Linke Gruppen planen eine Kundgebung an der Eberswalder Straße. Anschließend gibt es ein Straßenfest.* (Berliner Zeitung 2004)
2005 – Gegen Yuppisierung
und Umstrukturierung“ (taz 30.04.2005)
2007 – Antikapitalistischer Walpurgisnacht – zum dritten Mal auf Boxi (erstermai.nostate.net 2007)
> *Die Teilnehmer des Aufzugs hätten sich unter die Teilnehmer der Kundgebung gemischt, die – gepaart mit einer Musikveranstaltung – am Boxhagener Platz bis ca. 22 Uhr stattgefunden habe. Insgesamt hätten an der Veranstaltung 1 500 Personen teilgenommen. Nach Beendigung der Veranstaltung sei es dann gegen 23 Uhr – zum Teil sehr heftig – zu Flaschen- und Steinwürfen auf Polizeibeamte gekommen. Durch gezielte Festnahmen und konsequenten Zugriff habe die Situation jedoch bis ca. 1 Uhr nachts beruhigt werden können.*
2009 – Walpurgisnachtfest mit Musik
2010 –30.4. 14:00 Konzert und Kundgebung Reclaim the Kiez (taz 30.4)",,,Polygon,,,,23,1__mai_berlin_aktualna_11_.geojson,,True
2011_DE_festyn_Walpurgisnacht-Antikapitalistische-Walpurgisnacht-Fest-,2011,Lata,DE,Walpurgisnacht,festyn,name,Walpurgisnacht,False,niezwiazkowe,"Antikapitalistische Walpurgisnacht Fest, Wismarplatz","2011 – 30.4. 14:00 Konzert und Kundgebung ""Finger weg von unserem Kiez! Boxi zurück! (taz 30.4)",,,Polygon,,,,24,1__mai_berlin_aktualna_11_.geojson,,False
1999_DE_demonstracja_Walpurgisnacht-Walpurgisnacht,1999,Lata,DE,Walpurgisnacht,demonstracja,geometria,Walpurgisnacht,False,niezwiazkowe,Walpurgisnacht 1999,"Reclaim the streets – demonstracyjny pochód w stronę Mauer Parku, zamiast Kollwitz Platz. (route unknown)

Attendance: 100 (rbb)",,100,LineString,3316.4,"52.521855,13.413698","52.54379,13.40197",25,1__mai_berlin_aktualna_11_.geojson,,True
1990_DE_demonstracja_Walpurgisnacht-Walpurgisnacht-Frauendemo,1990,Lata,DE,Walpurgisnacht,demonstracja,name,Walpurgisnacht,False,niezwiazkowe,1990 Walpurgisnacht Frauendemo,"1990
*Leider mußten wir feststellen, daß die taz es nicht für nötig gehalten hat, über die Walpurgisnachtdemo in West -Berlin zu berichten. Es ist wohl nicht erwähnenswert, wenn 2.500 Frauen gegen Staats- und Männergewalt auf die Straße gehen.* 21.05.1990 open letter from the Notrufladies (organizers of Frauendemo in Schöneberg) published in taz
* Winterfeld/Goltzstrasse ([F-NL-PGA-2-1146], schwules muesum
* Goltzstrasse ([F-NL-PGA-2-1184], schwules muesum)

Attendance:
2500 (organisers)",,2500,LineString,253.8,"52.494775,13.353994","52.497048,13.353946",26,1__mai_berlin_aktualna_11_.geojson,,False
1991_DE_demonstracja_Walpurgisnacht-Frauendemo,1991,Lata,DE,Walpurgisnacht,demonstracja,name,Walpurgisnacht,False,niezwiazkowe,1991 Frauendemo,"1991
30.04. *Ob alt oder jung, ob geschminktoder pur, in weiten Gewändern oder Alternativ-Look, beflochten oder mitwiderspenstiger Mähne - die Hexen sind los. Start ist um 18 Uhr am Kleistpark (Schöneberg) mit einerverhexten Demo. Im Anschluß daran zieht frau gemeinsam zum Fest ein die alte TU-Mensa (Hardenbergstraße).* (Berliner Zeitung, 29.04.1991)
* Gleditschstrasse ([F-NL-PGA-2-1833], schwules Museum)",,,LineString,2721.4,"52.490424,13.360212","52.504937,13.334563",27,1__mai_berlin_aktualna_11_.geojson,,False
1992_DE_demonstracja_Walpurgisnacht-Frauendemo,1992,Lata,DE,Walpurgisnacht,demonstracja,name,Walpurgisnacht,False,niezwiazkowe,1992 Frauendemo,"1992 (assumed similiar to 1991)
30.04. 20 Uhr in Tiergarten, der TU-Mensa, Hardenberger Strabe 38,Umzug 18 Uhr ab Kielsipark.* (Berliner Zeitung, 29.04.1992)
* Grunewladstrasse/Potsdamerstrasse([F-NL-PGA-2-1477], schwules muesum)
*Ecke Hohenstaufenstrasse/Habsburgerstrasse ([F-NL-PGA-2-1452], schwules museum)
* Ecke Hohenstaufenstrasse/Martin-Luther Strasse ([F-NL-PGA-2-1428], schwules museum)
* Ecke Martin-Luther Strasse/Motzstrasse ([F-NL-PGA-2-1412], schwules museum)
* (, schwules museum)",,,LineString,3830.5,"52.490424,13.360212","52.504937,13.334563",28,1__mai_berlin_aktualna_11_.geojson,,False
1994_DE_demonstracja_Walpurgisnacht-Gegen-die-Kriminalisierung-des-Antifasch,1994,Lata,DE,Walpurgisnacht,demonstracja,geometria,Walpurgisnacht,False,niezwiazkowe,1994 - Gegen die Kriminalisierung des Antifaschistiches Widerstands. Für eine Gesselschaft Ohne Knaste,13:15. Gegen die Kriminalisierung des Antifaschistiches Widerstands. Für eine Gesselschaft Ohne Knaste,,,LineString,434.1,"52.515881,13.323509","52.512068,13.322135",29,1__mai_berlin_aktualna_11_.geojson,,True
1994_DE_demonstracja_Walpurgisnacht-Walpurgisnacht-Frauendemo,1994,Lata,DE,Walpurgisnacht,demonstracja,name,Walpurgisnacht,False,niezwiazkowe,1994 Walpurgisnacht Frauendemo,"18:00 Winterfelderplatz
* Hohnestauferstrasse 9 ([F-NL-PGA-2-1687], schwules museum)
* Ecke Eisenacherstrasse ([[F-NL-PGA-2-1911], schwules museum)
* Ecke Martin-Luther-Strasse/Winterfelderstrasse ([F-NL-PGA-2-1713], schwules museum)
???
20:00 Alten TU-Mensa (Hardenbergerstrasse)",,,LineString,3523.4,"52.495964,13.354027","52.51199,13.322128",30,1__mai_berlin_aktualna_11_.geojson,,False
1995_DE_demonstracja_Walpurgisnacht-Frauen-Lesben-Demo,1995,Lata,DE,Walpurgisnacht,demonstracja,name,Walpurgisnacht,False,niezwiazkowe,1995 – Frauen Lesben Demo,"30.04, 18:00 Frauen Lesben Demo",,,Point,,"52.526339,13.387249","52.526339,13.387249",31,1__mai_berlin_aktualna_11_.geojson,,False
1996_DE_demonstracja_Walpurgisnacht-Frauendemo,1996,Lata,DE,Walpurgisnacht,demonstracja,name,Walpurgisnacht,False,niezwiazkowe,1996 Frauendemo,"18:00, Alexanderplatz
* Ecke Oranienburgerstrasse/Auguststrasse (https://www.youtube.com/watch?v=1-hZEuSrsU8&t=465s)
* U-Bahn Oranienburger Tor (https://youtu.be/1-hZEuSrsU8?si=jinhOwBSDe8nb9rz)
????

Zwischendkundgebung Rosenthaler Platz
Ende Friedrichtrasse (taz 2.05.1996)",,,LineString,2876.7,"52.526953,13.387184","52.521496,13.413106",32,1__mai_berlin_aktualna_11_.geojson,,False
1997_DE_demonstracja_Walpurgisnacht-Frauen-Lesben-Madchen-gegen-Gewalt,1997,Lata,DE,Walpurgisnacht,demonstracja,geometria,Walpurgisnacht,False,niezwiazkowe,"1997 – Frauen, Lesben, Mädchen gegen Gewalt","30.4.1997 demo 18 uhr sophie-charlotte-platz(u-bhf sophie-charloite-p. 
party 20 uhr alte tu-mensa hardenbergstr. 35(u-bhf ernst-reutet-platz)
demoroute:sophie-charlotte-platz, windscheidstr., kantstr., leibnitzstr.,ku-damm, knesebeckstr. (savigny-platz), erst-reuter-platz (flyer, nadir.org)",,,LineString,3959.3,"52.510929,13.297307","52.511931,13.321987",33,1__mai_berlin_aktualna_11_.geojson,,True
1998_DE_demonstracja_Walpurgisnacht-Frauen-Lesben-Madchen,1998,Lata,DE,Walpurgisnacht,demonstracja,geometria,Walpurgisnacht,False,niezwiazkowe,"1998 – Frauen, Lesben, Mädchen","Route — Walpurgisnacht feminist demo, 30 April 1998, Berlin Start: Breitscheidplatz, 18:00 — End: Alte TU-Mensa, Hardenbergstraße 34, 20:00

Blurred poster – inferred with AI:
Breitscheidplatz, Ansbacher Straße, Wittenbergplatz, Tauentzienstraße, Marburger Straße, Los-Angeles-Platz, Augsburger Straße, Rankstraße, Kurfürstendamm, Fasa…Breitscheidplatz, Ansbacher Straße, Wittenbergplatz, Tauentzienstraße, Marburger Straße, Los-Angeles-Platz, Augsburger Straße, Rankstraße, Kurfürstendamm, Fasanenstraße, Lietzenburger Straße, Bleibtreustraße, Kurfürstendamm, Uhlandstraße, Kantstraße, Savignyplatz, Knesebeckstraße, Hardenbergstraße",,,LineString,5254.1,"52.511951,13.321931","52.50512,13.335515",34,1__mai_berlin_aktualna_11_.geojson,,True
1999_DE_demonstracja_Walpurgisnacht-Frauen-Lesben-Madchen-gegen-Gewalt,1999,Lata,DE,Walpurgisnacht,demonstracja,geometria,Walpurgisnacht,False,niezwiazkowe,"1999 – Frauen, Lesben, Mädchen gegen Gewalt","am 30.April um 18 Uhrab Karl-Marx-Platz(U7 Karl-Marx-Str.)ab 20 Uhr im SO 36D.Janes Elvi und Almut(Soli für den Notruf) (Flyer nadir.org)
*Karl-Marx-Platz – Thomasstrasse – Frauenknast – Hermannstrasse – Kottbusser Damm, Adalbertstr., O-Str., Heinrichplatz ",,,LineString,4288.1,"52.473756,13.441193","52.500242,13.422965",35,1__mai_berlin_aktualna_11_.geojson,,True
2000_DE_demonstracja_Walpurgisnacht-Frauen-Lesben-Madchen-gegen-Gewalt,2000,Lata,DE,Walpurgisnacht,demonstracja,geometria,Walpurgisnacht,False,niezwiazkowe,"2000 – Frauen, Lesben Mädchen gegen Gewalt","30.04, 18:00
SCHWERPUNKTTHEMA: ABSCHIEBUNG, FRAUENHANDEL, PROSTITUTION
Demoroute: Hermannplatz, Sonnenallee, Hertzbergstr., Richardplatz, Kart-Marx-Platz, Karl-Mare-Str., Hermannplatz,Urbanstr., Kortestr., Gneisenaustr., Zossener Str., Bergmannstr., Mehringdamm UBhf (Flyer)

Attendance: 300 (Tsg)",,300,LineString,8157.8,"52.492586,13.387637","52.487635,13.42569",36,1__mai_berlin_aktualna_11_.geojson,,True
2001_DE_demonstracja_Walpurgisnacht-Walpurgisnacht-Frauendemo-Wir-erobern-un,2001,Lata,DE,Walpurgisnacht,demonstracja,name,Walpurgisnacht,False,niezwiazkowe,2001 Walpurgisnacht Frauendemo – Wir erobern uns die Nacht zurück!,"* Hermannplatz 9 richtung Kottbusser Damm 0:16 kanalb
* Kottbusser Damm 00:25 kanalb
* Kottbusser Tor – Oranienplatz rbb
",,,LineString,1894.8,"52.486223,13.424093","52.50221,13.416023",37,1__mai_berlin_aktualna_11_.geojson,,False
2001_DE_demonstracja_Walpurgisnacht-Walpurgisnachtdemo-errobern-wie-die-Nach,2001,Lata,DE,Walpurgisnacht,demonstracja,name,Walpurgisnacht,False,niezwiazkowe,2001 Walpurgisnachtdemo – errobern wie die Nacht zurück!,2001 Walpurgisnacht (kanal.b),,,Point,,"52.486282,13.424113","52.486282,13.424113",38,1__mai_berlin_aktualna_11_.geojson,,False
1993_DE_demonstracja_Walpurgisnacht-Walpurgisnacht-Demo,1993,Lata,DE,Walpurgisnacht,demonstracja,name,Walpurgisnacht,False,niezwiazkowe,Walpurgisnacht Demo 1993,"30.04, 18:00 – Um 18 Uhr treffen sich Frauen auf dem Winterfeldtplatz. Die Nacht vor dem 1. Mai nutzen sie, um auf Gewalt gegen Frauen aufmerksam zu machen. Der Demonstrationszug verläuft vom Nollendorfplatz zum Zoo (BZ 30.04.93)
* Pallaststrasse (Vor 20 Jahren: Alljährliche Mai-Randale in Berlin | Spiegel TV 0:09)
* Ecke Büllowstrasse/Frobenstrasse ([F-NL-PGA-2-1537], schwules museum)
* rechts Karl-Heinrich-Strasse (F-NL-PGA-2-1553], schwules museum)


",,,LineString,2698.2,"52.496115,13.354354","52.505068,13.341437",39,1__mai_berlin_aktualna_11_.geojson,,False
1990_DE_festyn_PDS,1990,Lata,DE,East German Left,festyn,name,PDS,False,niezwiazkowe,"1990 PDS-Fest ""1. Mai wird 100""",(ND 2.05.1990),,,Point,,"52.512487,13.400123","52.512487,13.400123",1,1__mai_berlin_aktualna_12_.geojson,,False
1991_DE_festyn_PDS,1991,Lata,DE,East German Left,festyn,name,PDS,False,niezwiazkowe,1991 PDS Strassenfest,"From invitation:

**Kommt alle zur Kundgebung des DGB am 1. Mai.**
*11 Uhr Platz der Republik, Reichstagsgebäude* 

**Straßenfest der PDS** 
*Am Rosa-Luxemburg-Platz von 14-18 Uhr Gespräche mit Gregor Gysi und Käthe ReichelStände der AG's und IG’s Linker Medien- und Lesemarkt Spielaktionen für Kinderund Erwachsene PDS»Tag der Ottenen Tür«im Parteivorstand der PDS*",,,Point,,"52.527149,13.411195","52.527149,13.411195",2,1__mai_berlin_aktualna_12_.geojson,,False
1993_DE_spotkanie_PDS,1993,Lata,DE,East German Left,spotkanie,name,PDS,False,niezwiazkowe,1993 PDS Tag der offenen Tür,"9:30 – Kundgebung
11:30 – Tag der offenen Tür (nur Berliner PDS) (jw 30.04.1993)",,,Point,,"52.526457,13.411689","52.526457,13.411689",3,1__mai_berlin_aktualna_12_.geojson,,False
1994_DE_wiec_PDS,1994,name,DE,East German Left,wiec,geometria,PDS,False,niezwiazkowe,1994 ,,,,Point,,"52.52666,13.411271","52.52666,13.411271",4,1__mai_berlin_aktualna_12_.geojson,,True
1994_DE_demonstracja_PDS,1994,Lata,DE,East German Left,demonstracja,name,PDS,False,niezwiazkowe,1994 PDS Demo,"*Die PDS Berlin ruft ihre Mitglieder und Sympathisanten auf, an den Maiveranstaltungen der Gewerkschaften teilzunehmen. Um 10.15 Uhr ist Treffpunkt vor dem Karl-Liebknecht-Haus.* (nd 27.04)

*Auch die PDS, die rund tausend Anhänger mobilisierte, erließ es bei dem Transparent: „Gegen Rechtsruck und Sozialabbau"". Erstaunt oder amüsiert reagierten Teilnehmer auf einen mit roten Fahnenüberladenen Lastwagen der „fdj"".* (BZ 2.05.94)

Attendance: 
1000 (BZ 2.05.1994)",,1000,LineString,1791.9,"52.526274,13.411506","52.517944,13.400229",5,1__mai_berlin_aktualna_12_.geojson,,False
1994_DE_festyn_PDS,1994,Lata,DE,East German Left,festyn,name,PDS,False,niezwiazkowe,1994 PDS Tanz in den Mai,*Schon am Vorabend ist etwas los. Am 30. April lädt die PDS um 19.30 Uhr in die Kongreßhalle am Alex ein. Reinhold Ändert sowie der Gewerkschafter und Bundestagskandidat Manfred Müller werden dabei sein. Es wird eine Versteigerung geben und Musik für den Tanz in den Mai.* (ND 28.04.1994,,,Point,,"52.52068,13.4164507","52.52068,13.4164507",6,1__mai_berlin_aktualna_12_.geojson,,False
1995_DE_festyn_PDS,1995,Lata,DE,East German Left,festyn,name,PDS,False,niezwiazkowe,1995 PDS 1. Mai Fest,"*Bei der PDS rund um das Karl-Liebknecht-Haus ging es mit Jazzmusik und Hofschoppen eher familiär zu. Viele Besucher waren gekommen, um die Diskussionsrunden zu erleben, etwa zur Länderehe Berlin-Brandenburg. Die uniformierte Staatsmacht war von der Sicherheitslage offensichtlich so überzeugt, daß sie sich gar nicht erst blicken ließ.* (ND 2.05.1995)",,,Point,,"52.526588,13.411625","52.526588,13.411625",7,1__mai_berlin_aktualna_12_.geojson,,False
1996_DE_wiec_PDS,1996,Lata,DE,East German Left,wiec,name,PDS,False,niezwiazkowe,1996 PDS Kundgebung,"# 1996
12:15 **Gegen Sozialabbau und Ausgrenzung** (zusammen mit Ostdeutsches Kuratorium von Verbänden)
*Die PDS, die mit einer geballten Faust als Logo, und der Parole »Kämpfen für Arbeit« zum 1. Mai mobilisiert, ruft ihre Mitglieder auf, zu der HBV-Demo zu gehen und veranstaltet selbst eine Kundgebung am Alexanderplatz.* (JW, 30.04.1996)
# 1998
12:30 **Gegen rechts – für eine gerechte Republik**
*Kundgebung der PDS 12.30 Uhr auf dem Berliner Alexanderplatzmit Petra Pau, Petra Sitte,Lothar Bisky und Uwe Doering,ab 11 Uhr Konzert mit „The Clogs""* (PDS Einladung)

*Nach der Kundgebung der Gewerkschaften »Zum Tag der Arbeit« vor dem Roten Rathaus zogen viele Teilnehmer gleich weiter auf den Alex zur Maifeier der PDS. Dort zählten die Veranstalter 12 000 Teilnehmer. Vor ihnen forderte PDS-Vorsitzender Lothar Bisky einen Politikwechsel in Deutschland und eine gerechte Republik. Allein ein Regierungswechsel reiche nicht. So, wie unser Land heute ökologisch, ökonomisch, sozial, kulturell und moralisch verfaßt sei, dürfe es nicht bleiben* (ND)
Attendance:
12000 (ND, 2.05.1998)
1000 Teilnehmer (BZ, 2.05.1998)

# 1999
ca. 12:00 – **Frieden schaffen ohne Waffen!**
*Eine der größten Maikundgebungen mit 10 000 Teilnehmergegen den NATO-Krieg fand auf dem Berliner Alexanderplatz statt. Aufgerufen dazu hatte die PDS*
10 000 Teilnehmer (ND, 3.05.1999)

# 2000
12:30 – *Ausbildung jetzt. Arbeit jetzt. Frieden jetzt. Atomausstieg jetzt.*
**Es sprechen Gregor Gysi, Christa Luft und Petra Pau.**
7 000 Teilnehmer (ND, 2.05.2000)

# 2001
11:30 
*Auch PDS-Chefin Petra Pau kritisierte auf der Kundgebung am Alex vor 7000 Teilnehmern die ""unsägliche Faulheits-Debatte"". Sie warf dem Kanzler fehlendes Engagement beim Aufbau Ost vor.* (Berliner Kurier 2.05.2001)
*Ostdeutsche seien keine Jammerossis, sagte auf einer PDS-Kundgebung auf dem Berliner Alexanderplatz die Parteivorsitzende Gabriele Zimmer zu 7500 Teilnehmern.* (ND, 2.05.2001)

# 2002
12:30 
** (ND 30.04.2002)",,4000,Point,,"52.52192,13.413247","52.52192,13.413247",8,1__mai_berlin_aktualna_12_.geojson,,False
1997_DE_wiec_PDS,1997,Lata,DE,East German Left,wiec,name,PDS,False,niezwiazkowe,"1997 PDS Kundgebung ""sozial und solidarisch""","**12:00** – u.a. Lothar Bisky, Petra Pau, Christa Luft und Elke Breitenbach (HBV) sprechen. (ND 30.04.1997)",,7333,Point,,"52.521712,13.413073","52.521712,13.413073",9,1__mai_berlin_aktualna_12_.geojson,,False
1998_DE_wiec_PDS,1998,Lata,DE,East German Left,wiec,name,PDS,False,niezwiazkowe,1998 PDS Kundgebung,"# 1996
12:15 **Gegen Sozialabbau und Ausgrenzung** (zusammen mit Ostdeutsches Kuratorium von Verbänden)
*Die PDS, die mit einer geballten Faust als Logo, und der Parole »Kämpfen für Arbeit« zum 1. Mai mobilisiert, ruft ihre Mitglieder auf, zu der HBV-Demo zu gehen und veranstaltet selbst eine Kundgebung am Alexanderplatz.* (JW, 30.04.1996)
# 1998
12:30 **Gegen rechts – für eine gerechte Republik**
*Kundgebung der PDS 12.30 Uhr auf dem Berliner Alexanderplatzmit Petra Pau, Petra Sitte,Lothar Bisky und Uwe Doering,ab 11 Uhr Konzert mit „The Clogs""* (PDS Einladung)

*Nach der Kundgebung der Gewerkschaften »Zum Tag der Arbeit« vor dem Roten Rathaus zogen viele Teilnehmer gleich weiter auf den Alex zur Maifeier der PDS. Dort zählten die Veranstalter 12 000 Teilnehmer. Vor ihnen forderte PDS-Vorsitzender Lothar Bisky einen Politikwechsel in Deutschland und eine gerechte Republik. Allein ein Regierungswechsel reiche nicht. So, wie unser Land heute ökologisch, ökonomisch, sozial, kulturell und moralisch verfaßt sei, dürfe es nicht bleiben* (ND)
Attendance:
12000 (ND, 2.05.1998)
1000 Teilnehmer (BZ, 2.05.1998)

# 1999
ca. 12:00 – **Frieden schaffen ohne Waffen!**
*Eine der größten Maikundgebungen mit 10 000 Teilnehmergegen den NATO-Krieg fand auf dem Berliner Alexanderplatz statt. Aufgerufen dazu hatte die PDS*
10 000 Teilnehmer (ND, 3.05.1999)

# 2000
12:30 – *Ausbildung jetzt. Arbeit jetzt. Frieden jetzt. Atomausstieg jetzt.*
**Es sprechen Gregor Gysi, Christa Luft und Petra Pau.**
7 000 Teilnehmer (ND, 2.05.2000)

# 2001
11:30 
*Auch PDS-Chefin Petra Pau kritisierte auf der Kundgebung am Alex vor 7000 Teilnehmern die ""unsägliche Faulheits-Debatte"". Sie warf dem Kanzler fehlendes Engagement beim Aufbau Ost vor.* (Berliner Kurier 2.05.2001)
*Ostdeutsche seien keine Jammerossis, sagte auf einer PDS-Kundgebung auf dem Berliner Alexanderplatz die Parteivorsitzende Gabriele Zimmer zu 7500 Teilnehmern.* (ND, 2.05.2001)

# 2002
12:30 
** (ND 30.04.2002)
",,6500,Point,,"52.52192,13.413247","52.52192,13.413247",10,1__mai_berlin_aktualna_12_.geojson,,False
1999_DE_wiec_PDS,1999,Lata,DE,East German Left,wiec,name,PDS,False,niezwiazkowe,1999 PDS Kundgebung,"# 1996
12:15 **Gegen Sozialabbau und Ausgrenzung** (zusammen mit Ostdeutsches Kuratorium von Verbänden)
*Die PDS, die mit einer geballten Faust als Logo, und der Parole »Kämpfen für Arbeit« zum 1. Mai mobilisiert, ruft ihre Mitglieder auf, zu der HBV-Demo zu gehen und veranstaltet selbst eine Kundgebung am Alexanderplatz.* (JW, 30.04.1996)
# 1998
12:30 **Gegen rechts – für eine gerechte Republik**
*Kundgebung der PDS 12.30 Uhr auf dem Berliner Alexanderplatzmit Petra Pau, Petra Sitte,Lothar Bisky und Uwe Doering,ab 11 Uhr Konzert mit „The Clogs""* (PDS Einladung)

*Nach der Kundgebung der Gewerkschaften »Zum Tag der Arbeit« vor dem Roten Rathaus zogen viele Teilnehmer gleich weiter auf den Alex zur Maifeier der PDS. Dort zählten die Veranstalter 12 000 Teilnehmer. Vor ihnen forderte PDS-Vorsitzender Lothar Bisky einen Politikwechsel in Deutschland und eine gerechte Republik. Allein ein Regierungswechsel reiche nicht. So, wie unser Land heute ökologisch, ökonomisch, sozial, kulturell und moralisch verfaßt sei, dürfe es nicht bleiben* (ND)
Attendance:
12000 (ND, 2.05.1998)
1000 Teilnehmer (BZ, 2.05.1998)

# 1999
ca. 12:00 – **Frieden schaffen ohne Waffen!**
*Eine der größten Maikundgebungen mit 10 000 Teilnehmergegen den NATO-Krieg fand auf dem Berliner Alexanderplatz statt. Aufgerufen dazu hatte die PDS*
10 000 Teilnehmer (ND, 3.05.1999)

# 2000
12:30 – *Ausbildung jetzt. Arbeit jetzt. Frieden jetzt. Atomausstieg jetzt.*
**Es sprechen Gregor Gysi, Christa Luft und Petra Pau.**
7 000 Teilnehmer (ND, 2.05.2000)

# 2001
11:30 
*Auch PDS-Chefin Petra Pau kritisierte auf der Kundgebung am Alex vor 7000 Teilnehmern die ""unsägliche Faulheits-Debatte"". Sie warf dem Kanzler fehlendes Engagement beim Aufbau Ost vor.* (Berliner Kurier 2.05.2001)
*Ostdeutsche seien keine Jammerossis, sagte auf einer PDS-Kundgebung auf dem Berliner Alexanderplatz die Parteivorsitzende Gabriele Zimmer zu 7500 Teilnehmern.* (ND, 2.05.2001)

# 2002
12:30 
** (ND 30.04.2002)
",,10000,Point,,"52.52192,13.413247","52.52192,13.413247",11,1__mai_berlin_aktualna_12_.geojson,,False
2000_DE_wiec_PDS,2000,Lata,DE,East German Left,wiec,name,PDS,False,niezwiazkowe,2000 PDS Kundgebung,"# 1996
12:15 **Gegen Sozialabbau und Ausgrenzung** (zusammen mit Ostdeutsches Kuratorium von Verbänden)
*Die PDS, die mit einer geballten Faust als Logo, und der Parole »Kämpfen für Arbeit« zum 1. Mai mobilisiert, ruft ihre Mitglieder auf, zu der HBV-Demo zu gehen und veranstaltet selbst eine Kundgebung am Alexanderplatz.* (JW, 30.04.1996)
# 1998
12:30 **Gegen rechts – für eine gerechte Republik**
*Kundgebung der PDS 12.30 Uhr auf dem Berliner Alexanderplatzmit Petra Pau, Petra Sitte,Lothar Bisky und Uwe Doering,ab 11 Uhr Konzert mit „The Clogs""* (PDS Einladung)

*Nach der Kundgebung der Gewerkschaften »Zum Tag der Arbeit« vor dem Roten Rathaus zogen viele Teilnehmer gleich weiter auf den Alex zur Maifeier der PDS. Dort zählten die Veranstalter 12 000 Teilnehmer. Vor ihnen forderte PDS-Vorsitzender Lothar Bisky einen Politikwechsel in Deutschland und eine gerechte Republik. Allein ein Regierungswechsel reiche nicht. So, wie unser Land heute ökologisch, ökonomisch, sozial, kulturell und moralisch verfaßt sei, dürfe es nicht bleiben* (ND)
Attendance:
12000 (ND, 2.05.1998)
1000 Teilnehmer (BZ, 2.05.1998)

# 1999
ca. 12:00 – **Frieden schaffen ohne Waffen!**
*Eine der größten Maikundgebungen mit 10 000 Teilnehmergegen den NATO-Krieg fand auf dem Berliner Alexanderplatz statt. Aufgerufen dazu hatte die PDS*
10 000 Teilnehmer (ND, 3.05.1999)

# 2000
12:30 – *Ausbildung jetzt. Arbeit jetzt. Frieden jetzt. Atomausstieg jetzt.*
**Es sprechen Gregor Gysi, Christa Luft und Petra Pau.**
7 000 Teilnehmer (ND, 2.05.2000)

# 2001
11:30 
*Auch PDS-Chefin Petra Pau kritisierte auf der Kundgebung am Alex vor 7000 Teilnehmern die ""unsägliche Faulheits-Debatte"". Sie warf dem Kanzler fehlendes Engagement beim Aufbau Ost vor.* (Berliner Kurier 2.05.2001)
*Ostdeutsche seien keine Jammerossis, sagte auf einer PDS-Kundgebung auf dem Berliner Alexanderplatz die Parteivorsitzende Gabriele Zimmer zu 7500 Teilnehmern.* (ND, 2.05.2001)

# 2002
12:30 
** (ND 30.04.2002)
",,3666,Point,,"52.52192,13.413247","52.52192,13.413247",12,1__mai_berlin_aktualna_12_.geojson,,False
2001_DE_wiec_PDS,2001,Lata,DE,East German Left,wiec,name,PDS,False,niezwiazkowe,2001 PDS Kundgebung,"# 1996
12:15 **Gegen Sozialabbau und Ausgrenzung** (zusammen mit Ostdeutsches Kuratorium von Verbänden)
*Die PDS, die mit einer geballten Faust als Logo, und der Parole »Kämpfen für Arbeit« zum 1. Mai mobilisiert, ruft ihre Mitglieder auf, zu der HBV-Demo zu gehen und veranstaltet selbst eine Kundgebung am Alexanderplatz.* (JW, 30.04.1996)
# 1998
12:30 **Gegen rechts – für eine gerechte Republik**
*Kundgebung der PDS 12.30 Uhr auf dem Berliner Alexanderplatzmit Petra Pau, Petra Sitte,Lothar Bisky und Uwe Doering,ab 11 Uhr Konzert mit „The Clogs""* (PDS Einladung)

*Nach der Kundgebung der Gewerkschaften »Zum Tag der Arbeit« vor dem Roten Rathaus zogen viele Teilnehmer gleich weiter auf den Alex zur Maifeier der PDS. Dort zählten die Veranstalter 12 000 Teilnehmer. Vor ihnen forderte PDS-Vorsitzender Lothar Bisky einen Politikwechsel in Deutschland und eine gerechte Republik. Allein ein Regierungswechsel reiche nicht. So, wie unser Land heute ökologisch, ökonomisch, sozial, kulturell und moralisch verfaßt sei, dürfe es nicht bleiben* (ND)
Attendance:
12000 (ND, 2.05.1998)
1000 Teilnehmer (BZ, 2.05.1998)

# 1999
ca. 12:00 – **Frieden schaffen ohne Waffen!**
*Eine der größten Maikundgebungen mit 10 000 Teilnehmergegen den NATO-Krieg fand auf dem Berliner Alexanderplatz statt. Aufgerufen dazu hatte die PDS*
10 000 Teilnehmer (ND, 3.05.1999)

# 2000
12:30 – *Ausbildung jetzt. Arbeit jetzt. Frieden jetzt. Atomausstieg jetzt.*
**Es sprechen Gregor Gysi, Christa Luft und Petra Pau.**
7 000 Teilnehmer (ND, 2.05.2000)

# 2001
11:30 
*Auch PDS-Chefin Petra Pau kritisierte auf der Kundgebung am Alex vor 7000 Teilnehmern die ""unsägliche Faulheits-Debatte"". Sie warf dem Kanzler fehlendes Engagement beim Aufbau Ost vor.* (Berliner Kurier 2.05.2001)
*Ostdeutsche seien keine Jammerossis, sagte auf einer PDS-Kundgebung auf dem Berliner Alexanderplatz die Parteivorsitzende Gabriele Zimmer zu 7500 Teilnehmern.* (ND, 2.05.2001)

# 2002
12:30 
** (ND 30.04.2002)
",,7250,Point,,"52.52192,13.413247","52.52192,13.413247",13,1__mai_berlin_aktualna_12_.geojson,,False
2002_DE_wiec_PDS,2002,Lata,DE,East German Left,wiec,name,PDS,False,niezwiazkowe,2002 PDS Kundgebung,"# 1996
12:15 **Gegen Sozialabbau und Ausgrenzung** (zusammen mit Ostdeutsches Kuratorium von Verbänden)
*Die PDS, die mit einer geballten Faust als Logo, und der Parole »Kämpfen für Arbeit« zum 1. Mai mobilisiert, ruft ihre Mitglieder auf, zu der HBV-Demo zu gehen und veranstaltet selbst eine Kundgebung am Alexanderplatz.* (JW, 30.04.1996)
# 1998
12:30 **Gegen rechts – für eine gerechte Republik**
*Kundgebung der PDS 12.30 Uhr auf dem Berliner Alexanderplatzmit Petra Pau, Petra Sitte,Lothar Bisky und Uwe Doering,ab 11 Uhr Konzert mit „The Clogs""* (PDS Einladung)

*Nach der Kundgebung der Gewerkschaften »Zum Tag der Arbeit« vor dem Roten Rathaus zogen viele Teilnehmer gleich weiter auf den Alex zur Maifeier der PDS. Dort zählten die Veranstalter 12 000 Teilnehmer. Vor ihnen forderte PDS-Vorsitzender Lothar Bisky einen Politikwechsel in Deutschland und eine gerechte Republik. Allein ein Regierungswechsel reiche nicht. So, wie unser Land heute ökologisch, ökonomisch, sozial, kulturell und moralisch verfaßt sei, dürfe es nicht bleiben* (ND)
Attendance:
12000 (ND, 2.05.1998)
1000 Teilnehmer (BZ, 2.05.1998)

# 1999
ca. 12:00 – **Frieden schaffen ohne Waffen!**
*Eine der größten Maikundgebungen mit 10 000 Teilnehmergegen den NATO-Krieg fand auf dem Berliner Alexanderplatz statt. Aufgerufen dazu hatte die PDS*
10 000 Teilnehmer (ND, 3.05.1999)

# 2000
12:30 – *Ausbildung jetzt. Arbeit jetzt. Frieden jetzt. Atomausstieg jetzt.*
**Es sprechen Gregor Gysi, Christa Luft und Petra Pau.**
7 000 Teilnehmer (ND, 2.05.2000)

# 2001
11:30 
*Auch PDS-Chefin Petra Pau kritisierte auf der Kundgebung am Alex vor 7000 Teilnehmern die ""unsägliche Faulheits-Debatte"". Sie warf dem Kanzler fehlendes Engagement beim Aufbau Ost vor.* (Berliner Kurier 2.05.2001)
*Ostdeutsche seien keine Jammerossis, sagte auf einer PDS-Kundgebung auf dem Berliner Alexanderplatz die Parteivorsitzende Gabriele Zimmer zu 7500 Teilnehmern.* (ND, 2.05.2001)

# 2002
12:30 
** (ND 30.04.2002)
",,2250,Point,,"52.52192,13.413247","52.52192,13.413247",14,1__mai_berlin_aktualna_12_.geojson,,False
1992_DE_demonstracja_PDS,1992,Lata,DE,East German Left,demonstracja,name,PDS,False,niezwiazkowe,"""The East strikes back"". East German left demonstration 1992","*Am Abend gingen die Auseinan-dersetzungen in Prenzlauer Berg indie zweite Runde: Unter dem Motto""Der Osten schlägt zurück"" zogengegen 20 Uhr etwa 200 Demonstranten vom Heimholtzplatz in Richtung Kollwitzplatz. Entlang der Duncker-und der Husemannstraße hinterließen die Autonomen eine Spur der Verwüstung. Bauwagen wurden umgekippt, Mulicontainer auf die Straße geschoben, Autos angezündet und Schaufenster eingeworfen.* (BZ 2.05.1992)

200 – BZ
1000 – Gluckspilz",,600,LineString,2077.6,"52.543033,13.419006","52.536338,13.417032",16,1__mai_berlin_aktualna_12_.geojson,,False
1990_DE_demonstracja_PDS,1990,Lata,DE,East German Left,demonstracja,geometria,PDS,False,niezwiazkowe,"1990. Ost-Gruppen 100 Jahre 1. Mai – Widerstand gegen Unterdrückung, Kapital und Faschismus","Friedrichstraße/Ecke Hannoversche Straße – Wilhelm-Pieck-Straße – Schönhauser Allee – Metzer Straße – Kollwitzstraße -Kollwitzplatz; (telegraph 7/1990)

Początek demonstracji przed stałym przedstawicielstwem RFN w Berlinie

**Aufruf** (excerpt)
*Der faschistische Plan von Großraum Europa im 'dritten Reich‘ wird mit dem entstehenden 'vierten Reich deutscher Nation‘ innerhalb des 'europäischen Hauses‘ eine neue und wesentlich effektivere Gestalt annehmen.* (taz 27.04.1990)

*Etwas 2000 Demonstranten blieben am Vormittag auf dem Kollwitzplatz in Prenzlauer Berg gelassen, fackelten zwar eine ehemalige deutsche Reichskriegsflagge ab, beschränkten sich aber ansonsten auf die Gewalt des Wortes im Kampf gegen Faschismus und Großkapital. * (BZ 2.05.1990)

Organizers: *Revolutionärer Jugendverband (RAJV), Autonome Antifa, Antifa-Jugend Berlin, Sozialistischer Studentenbund, AG Junge GenossInnen, Besetzte Häuser, Marxistischer Jugendverband (MJV), MitgliederInnen Vereinigte Linke, VSJV „Rosa Luxemburg“, MitgliederInnen des Unabh. Frauenverband*

Attendance:
2000 (Glückspilz)","Widerstand gegen Unterdrückung, Kapital und Faschismus",2000,LineString,2675.0,"52.527146,13.386986","52.536267,13.417075",17,1__mai_berlin_aktualna_12_.geojson,,True
1992_DE_wiec_PDS,1992,Lata,DE,East German Left,wiec,geometria,PDS,False,niezwiazkowe,Helmholtzplatz,"1992 – początek demonstracji ""Osten schlägt zurück"" (20:00)

## 1993 

*Nach einem Stadtteilfest der Hausbestzern auf dem Helmhotzplatz hatten angetrunkene Randalier Gerümpel angerundet und Bauzäune auf die Strasse geworfen. Die Auseinandersetzungen dauerten bis Mitternacht* (BZ 3.05.1993)",,,Point,,"52.5430211,13.419032624098314","52.5430211,13.419032624098314",18,1__mai_berlin_aktualna_12_.geojson,,True
1993_DE_wiec_PDS,1993,Lata,DE,East German Left,wiec,geometria,PDS,False,niezwiazkowe,Helmholtzplatz,"1992 – początek demonstracji ""Osten schlägt zurück"" (20:00)

## 1993 

*Nach einem Stadtteilfest der Hausbestzern auf dem Helmhotzplatz hatten angetrunkene Randalier Gerümpel angerundet und Bauzäune auf die Strasse geworfen. Die Auseinandersetzungen dauerten bis Mitternacht* (BZ 3.05.1993)",,,Point,,"52.5430211,13.419032624098314","52.5430211,13.419032624098314",18,1__mai_berlin_aktualna_12_.geojson,,True
1995_DE_festyn_PDS_a,1995,Lata,DE,East German Left,festyn,name,PDS,False,niezwiazkowe,Widerspenstig und lebendig Hummanplatz Maifest,"## 1995
festyn, z dala od potencjalnie niebezpiecznego Kollwitzplatz

*“Unter dem Motto ""Widerspenstig & Lebendig"" findet am Humannplatz in Prenzlauer Berg von 10 bis 19 Uhr ein ""buntes, froehliches Strassenfest gegen den grauen Alltag"" statt. ""Leider haben die Faschisten in den letzten Jahren den 1. Mai genutzt, um an die Oeffentlichkeit zu treten und gegen Minderheiten zu hetzen (...) Wir wollen dieser Entwicklung entgegentreten"", heisst es in einem Aufruf. Neben tuerkischer und lateinamerikanischer Musik gibt es Punk aus Bernau, internationales Essen und Informationsstaende. Im Diskussionszelt finden u.a. Gespraechsrunden zur Lage der vietnamesischen VertragsarbeiterInnen (15 Uhr) statt. Um 14 Uhr berichten Antifaschistische Widerstandskaempfer, danach informiert die Vorbereitungsgruppe 8. Mai.* taz 1995
## 1996
– festyn organizowany przez grupy lewicowe; ma być alternatywą dla zamieszek, polityczny, ale bez przemocy

*In Kreuzberg will ein von kommunistischen und stalinistischen Gruppierungen dominiertes Bündnis am Oranienplatz demonstrieren, in Mitte und Prenzlauer Berg rufen ein autonomes Bündnis zur Demo (Rosa-Luxemburg- Platz), organisieren Ostinitiativen ein ""lebendiges und widerspenstiges"" Straßenfest (Humannplatz) und findet bereits in der Nacht zum 1. Mai die Walpurgisfeier statt (Kollwitzplatz).* (taz 1996)

## 1997 
festyn wspierany przez PDS/Zielonych (Glückspilz)

*Weitere Mai-Veranstaltungen der PDS gibt es in den Bezirken: Kreuzberg, 15-21 Uhr, Mariannenplatz, Prenzlauer Berg, 10-18 Uhr, Humannplatz, Treptow, 14-18 Uhr, Springbornclub Johannisthai, Köpenick, 14-18 Uhr, Luisenhain, Marzahn, 13-18 Uhr, Alt-Marzahn 64, Hohenschönhausen, 10-17 Uhr, Oberseepark, Hellersdorf, 11-19 Uhr, Boulevard Kastanienallee.* ND 30.04.1997

## 1998 
pokojowo zakończony festyn (podobnie jak rok wcześniej, również współorganizowany przez PDS) BZ (3.05.1999)
## 1999
peaceful festival

## 2000
 peaceful festival
*9-24 Uhr Bündnisfest auf dem Humannplatz, Prenzlauer Berg* (ND 30.04.2000)

## 2001
*ab 11.00 Uhr - Humannplatz (Prenzlauer Berg) 7. Humannplatz-Fest mit viel Musik, Essen- und Infoständen* (stressfaktor)

## 2002
*Berlin ruft die PDS für 12.30 Uhr zu einer Kundgebung auf dem Alexanderplatz. Maifeste veranstalten die Sozialisten an der Bötzoweiche (10-20 Uhr, Bötzowstraße, Prenzlauer Berg), am Obersee (11-18 Uhr, Lindenweg, Lichtenberg), auf dem Humannplatz (12-20 Uhr, Prenzlauer Berg)*

## 2003
*Dann am 1. Mai selbst trifft man sich ab 10 Uhr auf dem Mariannenplatz an Marktständen zum Debattieren, von dort aus strebt eine erste irgendwie revolutionäre Gruppe zur Protestkundgebung auf dem Oranienplatz. Dieweil startet um 14 Uhr auf dem Humannplatz in Prenzlauer Berg ein konkurrierendes Kleinhändler-Polit-Fest, friedlich und mit großem PDS-Anteil.* taz 2003

## End
*Unter dem Motto »widerspenstig und lebendig« hatte ein Bündnis aus linken Gruppierungen erstmals 1995 das Fest auf dem Humannplatz in Prenzlauer Berg mit dem Ziel organisiert, den Feiertag im Ostteil der Stadt »jenseits von traditionellen Massenaufläufen und revolutionärer Verbalrhetorik wiederzubeleben«, wie es in einer Presseerklärung heißt. »Die politische Ausrichtung des Festes fiel schnell hinten runter«, konstatieren die Organisatoren neun Jahre später. Inhaltliche Angebote seien auf breites Desinteresse gestoßen. »Wir haben keine Lust mehr«, gab das Festkomitee bekannt. In den Jahren seines Bestehens hatte das ausnahmslos friedlich verlaufende Fest immer stärkeren Zulauf bekommen.* ND 28.04.2004",,,Point,,"52.549074000000005,13.422295698381111","52.549074000000005,13.422295698381111",19,1__mai_berlin_aktualna_12_.geojson,,False
1996_DE_festyn_PDS,1996,Lata,DE,East German Left,festyn,name,PDS,False,niezwiazkowe,Widerspenstig und lebendig Hummanplatz Maifest,"## 1995
festyn, z dala od potencjalnie niebezpiecznego Kollwitzplatz

*“Unter dem Motto ""Widerspenstig & Lebendig"" findet am Humannplatz in Prenzlauer Berg von 10 bis 19 Uhr ein ""buntes, froehliches Strassenfest gegen den grauen Alltag"" statt. ""Leider haben die Faschisten in den letzten Jahren den 1. Mai genutzt, um an die Oeffentlichkeit zu treten und gegen Minderheiten zu hetzen (...) Wir wollen dieser Entwicklung entgegentreten"", heisst es in einem Aufruf. Neben tuerkischer und lateinamerikanischer Musik gibt es Punk aus Bernau, internationales Essen und Informationsstaende. Im Diskussionszelt finden u.a. Gespraechsrunden zur Lage der vietnamesischen VertragsarbeiterInnen (15 Uhr) statt. Um 14 Uhr berichten Antifaschistische Widerstandskaempfer, danach informiert die Vorbereitungsgruppe 8. Mai.* taz 1995
## 1996
– festyn organizowany przez grupy lewicowe; ma być alternatywą dla zamieszek, polityczny, ale bez przemocy

*In Kreuzberg will ein von kommunistischen und stalinistischen Gruppierungen dominiertes Bündnis am Oranienplatz demonstrieren, in Mitte und Prenzlauer Berg rufen ein autonomes Bündnis zur Demo (Rosa-Luxemburg- Platz), organisieren Ostinitiativen ein ""lebendiges und widerspenstiges"" Straßenfest (Humannplatz) und findet bereits in der Nacht zum 1. Mai die Walpurgisfeier statt (Kollwitzplatz).* (taz 1996)

## 1997 
festyn wspierany przez PDS/Zielonych (Glückspilz)

*Weitere Mai-Veranstaltungen der PDS gibt es in den Bezirken: Kreuzberg, 15-21 Uhr, Mariannenplatz, Prenzlauer Berg, 10-18 Uhr, Humannplatz, Treptow, 14-18 Uhr, Springbornclub Johannisthai, Köpenick, 14-18 Uhr, Luisenhain, Marzahn, 13-18 Uhr, Alt-Marzahn 64, Hohenschönhausen, 10-17 Uhr, Oberseepark, Hellersdorf, 11-19 Uhr, Boulevard Kastanienallee.* ND 30.04.1997

## 1998 
pokojowo zakończony festyn (podobnie jak rok wcześniej, również współorganizowany przez PDS) BZ (3.05.1999)
## 1999
peaceful festival

## 2000
 peaceful festival
*9-24 Uhr Bündnisfest auf dem Humannplatz, Prenzlauer Berg* (ND 30.04.2000)

## 2001
*ab 11.00 Uhr - Humannplatz (Prenzlauer Berg) 7. Humannplatz-Fest mit viel Musik, Essen- und Infoständen* (stressfaktor)

## 2002
*Berlin ruft die PDS für 12.30 Uhr zu einer Kundgebung auf dem Alexanderplatz. Maifeste veranstalten die Sozialisten an der Bötzoweiche (10-20 Uhr, Bötzowstraße, Prenzlauer Berg), am Obersee (11-18 Uhr, Lindenweg, Lichtenberg), auf dem Humannplatz (12-20 Uhr, Prenzlauer Berg)*

## 2003
*Dann am 1. Mai selbst trifft man sich ab 10 Uhr auf dem Mariannenplatz an Marktständen zum Debattieren, von dort aus strebt eine erste irgendwie revolutionäre Gruppe zur Protestkundgebung auf dem Oranienplatz. Dieweil startet um 14 Uhr auf dem Humannplatz in Prenzlauer Berg ein konkurrierendes Kleinhändler-Polit-Fest, friedlich und mit großem PDS-Anteil.* taz 2003

## End
*Unter dem Motto »widerspenstig und lebendig« hatte ein Bündnis aus linken Gruppierungen erstmals 1995 das Fest auf dem Humannplatz in Prenzlauer Berg mit dem Ziel organisiert, den Feiertag im Ostteil der Stadt »jenseits von traditionellen Massenaufläufen und revolutionärer Verbalrhetorik wiederzubeleben«, wie es in einer Presseerklärung heißt. »Die politische Ausrichtung des Festes fiel schnell hinten runter«, konstatieren die Organisatoren neun Jahre später. Inhaltliche Angebote seien auf breites Desinteresse gestoßen. »Wir haben keine Lust mehr«, gab das Festkomitee bekannt. In den Jahren seines Bestehens hatte das ausnahmslos friedlich verlaufende Fest immer stärkeren Zulauf bekommen.* ND 28.04.2004",,,Point,,"52.549074000000005,13.422295698381111","52.549074000000005,13.422295698381111",19,1__mai_berlin_aktualna_12_.geojson,,False
1997_DE_festyn_PDS,1997,Lata,DE,East German Left,festyn,name,PDS,False,niezwiazkowe,Widerspenstig und lebendig Hummanplatz Maifest,"## 1995
festyn, z dala od potencjalnie niebezpiecznego Kollwitzplatz

*“Unter dem Motto ""Widerspenstig & Lebendig"" findet am Humannplatz in Prenzlauer Berg von 10 bis 19 Uhr ein ""buntes, froehliches Strassenfest gegen den grauen Alltag"" statt. ""Leider haben die Faschisten in den letzten Jahren den 1. Mai genutzt, um an die Oeffentlichkeit zu treten und gegen Minderheiten zu hetzen (...) Wir wollen dieser Entwicklung entgegentreten"", heisst es in einem Aufruf. Neben tuerkischer und lateinamerikanischer Musik gibt es Punk aus Bernau, internationales Essen und Informationsstaende. Im Diskussionszelt finden u.a. Gespraechsrunden zur Lage der vietnamesischen VertragsarbeiterInnen (15 Uhr) statt. Um 14 Uhr berichten Antifaschistische Widerstandskaempfer, danach informiert die Vorbereitungsgruppe 8. Mai.* taz 1995
## 1996
– festyn organizowany przez grupy lewicowe; ma być alternatywą dla zamieszek, polityczny, ale bez przemocy

*In Kreuzberg will ein von kommunistischen und stalinistischen Gruppierungen dominiertes Bündnis am Oranienplatz demonstrieren, in Mitte und Prenzlauer Berg rufen ein autonomes Bündnis zur Demo (Rosa-Luxemburg- Platz), organisieren Ostinitiativen ein ""lebendiges und widerspenstiges"" Straßenfest (Humannplatz) und findet bereits in der Nacht zum 1. Mai die Walpurgisfeier statt (Kollwitzplatz).* (taz 1996)

## 1997 
festyn wspierany przez PDS/Zielonych (Glückspilz)

*Weitere Mai-Veranstaltungen der PDS gibt es in den Bezirken: Kreuzberg, 15-21 Uhr, Mariannenplatz, Prenzlauer Berg, 10-18 Uhr, Humannplatz, Treptow, 14-18 Uhr, Springbornclub Johannisthai, Köpenick, 14-18 Uhr, Luisenhain, Marzahn, 13-18 Uhr, Alt-Marzahn 64, Hohenschönhausen, 10-17 Uhr, Oberseepark, Hellersdorf, 11-19 Uhr, Boulevard Kastanienallee.* ND 30.04.1997

## 1998 
pokojowo zakończony festyn (podobnie jak rok wcześniej, również współorganizowany przez PDS) BZ (3.05.1999)
## 1999
peaceful festival

## 2000
 peaceful festival
*9-24 Uhr Bündnisfest auf dem Humannplatz, Prenzlauer Berg* (ND 30.04.2000)

## 2001
*ab 11.00 Uhr - Humannplatz (Prenzlauer Berg) 7. Humannplatz-Fest mit viel Musik, Essen- und Infoständen* (stressfaktor)

## 2002
*Berlin ruft die PDS für 12.30 Uhr zu einer Kundgebung auf dem Alexanderplatz. Maifeste veranstalten die Sozialisten an der Bötzoweiche (10-20 Uhr, Bötzowstraße, Prenzlauer Berg), am Obersee (11-18 Uhr, Lindenweg, Lichtenberg), auf dem Humannplatz (12-20 Uhr, Prenzlauer Berg)*

## 2003
*Dann am 1. Mai selbst trifft man sich ab 10 Uhr auf dem Mariannenplatz an Marktständen zum Debattieren, von dort aus strebt eine erste irgendwie revolutionäre Gruppe zur Protestkundgebung auf dem Oranienplatz. Dieweil startet um 14 Uhr auf dem Humannplatz in Prenzlauer Berg ein konkurrierendes Kleinhändler-Polit-Fest, friedlich und mit großem PDS-Anteil.* taz 2003

## End
*Unter dem Motto »widerspenstig und lebendig« hatte ein Bündnis aus linken Gruppierungen erstmals 1995 das Fest auf dem Humannplatz in Prenzlauer Berg mit dem Ziel organisiert, den Feiertag im Ostteil der Stadt »jenseits von traditionellen Massenaufläufen und revolutionärer Verbalrhetorik wiederzubeleben«, wie es in einer Presseerklärung heißt. »Die politische Ausrichtung des Festes fiel schnell hinten runter«, konstatieren die Organisatoren neun Jahre später. Inhaltliche Angebote seien auf breites Desinteresse gestoßen. »Wir haben keine Lust mehr«, gab das Festkomitee bekannt. In den Jahren seines Bestehens hatte das ausnahmslos friedlich verlaufende Fest immer stärkeren Zulauf bekommen.* ND 28.04.2004",,,Point,,"52.549074000000005,13.422295698381111","52.549074000000005,13.422295698381111",19,1__mai_berlin_aktualna_12_.geojson,,False
1998_DE_festyn_PDS,1998,Lata,DE,East German Left,festyn,name,PDS,False,niezwiazkowe,Widerspenstig und lebendig Hummanplatz Maifest,"## 1995
festyn, z dala od potencjalnie niebezpiecznego Kollwitzplatz

*“Unter dem Motto ""Widerspenstig & Lebendig"" findet am Humannplatz in Prenzlauer Berg von 10 bis 19 Uhr ein ""buntes, froehliches Strassenfest gegen den grauen Alltag"" statt. ""Leider haben die Faschisten in den letzten Jahren den 1. Mai genutzt, um an die Oeffentlichkeit zu treten und gegen Minderheiten zu hetzen (...) Wir wollen dieser Entwicklung entgegentreten"", heisst es in einem Aufruf. Neben tuerkischer und lateinamerikanischer Musik gibt es Punk aus Bernau, internationales Essen und Informationsstaende. Im Diskussionszelt finden u.a. Gespraechsrunden zur Lage der vietnamesischen VertragsarbeiterInnen (15 Uhr) statt. Um 14 Uhr berichten Antifaschistische Widerstandskaempfer, danach informiert die Vorbereitungsgruppe 8. Mai.* taz 1995
## 1996
– festyn organizowany przez grupy lewicowe; ma być alternatywą dla zamieszek, polityczny, ale bez przemocy

*In Kreuzberg will ein von kommunistischen und stalinistischen Gruppierungen dominiertes Bündnis am Oranienplatz demonstrieren, in Mitte und Prenzlauer Berg rufen ein autonomes Bündnis zur Demo (Rosa-Luxemburg- Platz), organisieren Ostinitiativen ein ""lebendiges und widerspenstiges"" Straßenfest (Humannplatz) und findet bereits in der Nacht zum 1. Mai die Walpurgisfeier statt (Kollwitzplatz).* (taz 1996)

## 1997 
festyn wspierany przez PDS/Zielonych (Glückspilz)

*Weitere Mai-Veranstaltungen der PDS gibt es in den Bezirken: Kreuzberg, 15-21 Uhr, Mariannenplatz, Prenzlauer Berg, 10-18 Uhr, Humannplatz, Treptow, 14-18 Uhr, Springbornclub Johannisthai, Köpenick, 14-18 Uhr, Luisenhain, Marzahn, 13-18 Uhr, Alt-Marzahn 64, Hohenschönhausen, 10-17 Uhr, Oberseepark, Hellersdorf, 11-19 Uhr, Boulevard Kastanienallee.* ND 30.04.1997

## 1998 
pokojowo zakończony festyn (podobnie jak rok wcześniej, również współorganizowany przez PDS) BZ (3.05.1999)
## 1999
peaceful festival

## 2000
 peaceful festival
*9-24 Uhr Bündnisfest auf dem Humannplatz, Prenzlauer Berg* (ND 30.04.2000)

## 2001
*ab 11.00 Uhr - Humannplatz (Prenzlauer Berg) 7. Humannplatz-Fest mit viel Musik, Essen- und Infoständen* (stressfaktor)

## 2002
*Berlin ruft die PDS für 12.30 Uhr zu einer Kundgebung auf dem Alexanderplatz. Maifeste veranstalten die Sozialisten an der Bötzoweiche (10-20 Uhr, Bötzowstraße, Prenzlauer Berg), am Obersee (11-18 Uhr, Lindenweg, Lichtenberg), auf dem Humannplatz (12-20 Uhr, Prenzlauer Berg)*

## 2003
*Dann am 1. Mai selbst trifft man sich ab 10 Uhr auf dem Mariannenplatz an Marktständen zum Debattieren, von dort aus strebt eine erste irgendwie revolutionäre Gruppe zur Protestkundgebung auf dem Oranienplatz. Dieweil startet um 14 Uhr auf dem Humannplatz in Prenzlauer Berg ein konkurrierendes Kleinhändler-Polit-Fest, friedlich und mit großem PDS-Anteil.* taz 2003

## End
*Unter dem Motto »widerspenstig und lebendig« hatte ein Bündnis aus linken Gruppierungen erstmals 1995 das Fest auf dem Humannplatz in Prenzlauer Berg mit dem Ziel organisiert, den Feiertag im Ostteil der Stadt »jenseits von traditionellen Massenaufläufen und revolutionärer Verbalrhetorik wiederzubeleben«, wie es in einer Presseerklärung heißt. »Die politische Ausrichtung des Festes fiel schnell hinten runter«, konstatieren die Organisatoren neun Jahre später. Inhaltliche Angebote seien auf breites Desinteresse gestoßen. »Wir haben keine Lust mehr«, gab das Festkomitee bekannt. In den Jahren seines Bestehens hatte das ausnahmslos friedlich verlaufende Fest immer stärkeren Zulauf bekommen.* ND 28.04.2004",,,Point,,"52.549074000000005,13.422295698381111","52.549074000000005,13.422295698381111",19,1__mai_berlin_aktualna_12_.geojson,,False
1999_DE_festyn_PDS,1999,Lata,DE,East German Left,festyn,name,PDS,False,niezwiazkowe,Widerspenstig und lebendig Hummanplatz Maifest,"## 1995
festyn, z dala od potencjalnie niebezpiecznego Kollwitzplatz

*“Unter dem Motto ""Widerspenstig & Lebendig"" findet am Humannplatz in Prenzlauer Berg von 10 bis 19 Uhr ein ""buntes, froehliches Strassenfest gegen den grauen Alltag"" statt. ""Leider haben die Faschisten in den letzten Jahren den 1. Mai genutzt, um an die Oeffentlichkeit zu treten und gegen Minderheiten zu hetzen (...) Wir wollen dieser Entwicklung entgegentreten"", heisst es in einem Aufruf. Neben tuerkischer und lateinamerikanischer Musik gibt es Punk aus Bernau, internationales Essen und Informationsstaende. Im Diskussionszelt finden u.a. Gespraechsrunden zur Lage der vietnamesischen VertragsarbeiterInnen (15 Uhr) statt. Um 14 Uhr berichten Antifaschistische Widerstandskaempfer, danach informiert die Vorbereitungsgruppe 8. Mai.* taz 1995
## 1996
– festyn organizowany przez grupy lewicowe; ma być alternatywą dla zamieszek, polityczny, ale bez przemocy

*In Kreuzberg will ein von kommunistischen und stalinistischen Gruppierungen dominiertes Bündnis am Oranienplatz demonstrieren, in Mitte und Prenzlauer Berg rufen ein autonomes Bündnis zur Demo (Rosa-Luxemburg- Platz), organisieren Ostinitiativen ein ""lebendiges und widerspenstiges"" Straßenfest (Humannplatz) und findet bereits in der Nacht zum 1. Mai die Walpurgisfeier statt (Kollwitzplatz).* (taz 1996)

## 1997 
festyn wspierany przez PDS/Zielonych (Glückspilz)

*Weitere Mai-Veranstaltungen der PDS gibt es in den Bezirken: Kreuzberg, 15-21 Uhr, Mariannenplatz, Prenzlauer Berg, 10-18 Uhr, Humannplatz, Treptow, 14-18 Uhr, Springbornclub Johannisthai, Köpenick, 14-18 Uhr, Luisenhain, Marzahn, 13-18 Uhr, Alt-Marzahn 64, Hohenschönhausen, 10-17 Uhr, Oberseepark, Hellersdorf, 11-19 Uhr, Boulevard Kastanienallee.* ND 30.04.1997

## 1998 
pokojowo zakończony festyn (podobnie jak rok wcześniej, również współorganizowany przez PDS) BZ (3.05.1999)
## 1999
peaceful festival

## 2000
 peaceful festival
*9-24 Uhr Bündnisfest auf dem Humannplatz, Prenzlauer Berg* (ND 30.04.2000)

## 2001
*ab 11.00 Uhr - Humannplatz (Prenzlauer Berg) 7. Humannplatz-Fest mit viel Musik, Essen- und Infoständen* (stressfaktor)

## 2002
*Berlin ruft die PDS für 12.30 Uhr zu einer Kundgebung auf dem Alexanderplatz. Maifeste veranstalten die Sozialisten an der Bötzoweiche (10-20 Uhr, Bötzowstraße, Prenzlauer Berg), am Obersee (11-18 Uhr, Lindenweg, Lichtenberg), auf dem Humannplatz (12-20 Uhr, Prenzlauer Berg)*

## 2003
*Dann am 1. Mai selbst trifft man sich ab 10 Uhr auf dem Mariannenplatz an Marktständen zum Debattieren, von dort aus strebt eine erste irgendwie revolutionäre Gruppe zur Protestkundgebung auf dem Oranienplatz. Dieweil startet um 14 Uhr auf dem Humannplatz in Prenzlauer Berg ein konkurrierendes Kleinhändler-Polit-Fest, friedlich und mit großem PDS-Anteil.* taz 2003

## End
*Unter dem Motto »widerspenstig und lebendig« hatte ein Bündnis aus linken Gruppierungen erstmals 1995 das Fest auf dem Humannplatz in Prenzlauer Berg mit dem Ziel organisiert, den Feiertag im Ostteil der Stadt »jenseits von traditionellen Massenaufläufen und revolutionärer Verbalrhetorik wiederzubeleben«, wie es in einer Presseerklärung heißt. »Die politische Ausrichtung des Festes fiel schnell hinten runter«, konstatieren die Organisatoren neun Jahre später. Inhaltliche Angebote seien auf breites Desinteresse gestoßen. »Wir haben keine Lust mehr«, gab das Festkomitee bekannt. In den Jahren seines Bestehens hatte das ausnahmslos friedlich verlaufende Fest immer stärkeren Zulauf bekommen.* ND 28.04.2004",,,Point,,"52.549074000000005,13.422295698381111","52.549074000000005,13.422295698381111",19,1__mai_berlin_aktualna_12_.geojson,,False
2000_DE_festyn_PDS,2000,Lata,DE,East German Left,festyn,name,PDS,False,niezwiazkowe,Widerspenstig und lebendig Hummanplatz Maifest,"## 1995
festyn, z dala od potencjalnie niebezpiecznego Kollwitzplatz

*“Unter dem Motto ""Widerspenstig & Lebendig"" findet am Humannplatz in Prenzlauer Berg von 10 bis 19 Uhr ein ""buntes, froehliches Strassenfest gegen den grauen Alltag"" statt. ""Leider haben die Faschisten in den letzten Jahren den 1. Mai genutzt, um an die Oeffentlichkeit zu treten und gegen Minderheiten zu hetzen (...) Wir wollen dieser Entwicklung entgegentreten"", heisst es in einem Aufruf. Neben tuerkischer und lateinamerikanischer Musik gibt es Punk aus Bernau, internationales Essen und Informationsstaende. Im Diskussionszelt finden u.a. Gespraechsrunden zur Lage der vietnamesischen VertragsarbeiterInnen (15 Uhr) statt. Um 14 Uhr berichten Antifaschistische Widerstandskaempfer, danach informiert die Vorbereitungsgruppe 8. Mai.* taz 1995
## 1996
– festyn organizowany przez grupy lewicowe; ma być alternatywą dla zamieszek, polityczny, ale bez przemocy

*In Kreuzberg will ein von kommunistischen und stalinistischen Gruppierungen dominiertes Bündnis am Oranienplatz demonstrieren, in Mitte und Prenzlauer Berg rufen ein autonomes Bündnis zur Demo (Rosa-Luxemburg- Platz), organisieren Ostinitiativen ein ""lebendiges und widerspenstiges"" Straßenfest (Humannplatz) und findet bereits in der Nacht zum 1. Mai die Walpurgisfeier statt (Kollwitzplatz).* (taz 1996)

## 1997 
festyn wspierany przez PDS/Zielonych (Glückspilz)

*Weitere Mai-Veranstaltungen der PDS gibt es in den Bezirken: Kreuzberg, 15-21 Uhr, Mariannenplatz, Prenzlauer Berg, 10-18 Uhr, Humannplatz, Treptow, 14-18 Uhr, Springbornclub Johannisthai, Köpenick, 14-18 Uhr, Luisenhain, Marzahn, 13-18 Uhr, Alt-Marzahn 64, Hohenschönhausen, 10-17 Uhr, Oberseepark, Hellersdorf, 11-19 Uhr, Boulevard Kastanienallee.* ND 30.04.1997

## 1998 
pokojowo zakończony festyn (podobnie jak rok wcześniej, również współorganizowany przez PDS) BZ (3.05.1999)
## 1999
peaceful festival

## 2000
 peaceful festival
*9-24 Uhr Bündnisfest auf dem Humannplatz, Prenzlauer Berg* (ND 30.04.2000)

## 2001
*ab 11.00 Uhr - Humannplatz (Prenzlauer Berg) 7. Humannplatz-Fest mit viel Musik, Essen- und Infoständen* (stressfaktor)

## 2002
*Berlin ruft die PDS für 12.30 Uhr zu einer Kundgebung auf dem Alexanderplatz. Maifeste veranstalten die Sozialisten an der Bötzoweiche (10-20 Uhr, Bötzowstraße, Prenzlauer Berg), am Obersee (11-18 Uhr, Lindenweg, Lichtenberg), auf dem Humannplatz (12-20 Uhr, Prenzlauer Berg)*

## 2003
*Dann am 1. Mai selbst trifft man sich ab 10 Uhr auf dem Mariannenplatz an Marktständen zum Debattieren, von dort aus strebt eine erste irgendwie revolutionäre Gruppe zur Protestkundgebung auf dem Oranienplatz. Dieweil startet um 14 Uhr auf dem Humannplatz in Prenzlauer Berg ein konkurrierendes Kleinhändler-Polit-Fest, friedlich und mit großem PDS-Anteil.* taz 2003

## End
*Unter dem Motto »widerspenstig und lebendig« hatte ein Bündnis aus linken Gruppierungen erstmals 1995 das Fest auf dem Humannplatz in Prenzlauer Berg mit dem Ziel organisiert, den Feiertag im Ostteil der Stadt »jenseits von traditionellen Massenaufläufen und revolutionärer Verbalrhetorik wiederzubeleben«, wie es in einer Presseerklärung heißt. »Die politische Ausrichtung des Festes fiel schnell hinten runter«, konstatieren die Organisatoren neun Jahre später. Inhaltliche Angebote seien auf breites Desinteresse gestoßen. »Wir haben keine Lust mehr«, gab das Festkomitee bekannt. In den Jahren seines Bestehens hatte das ausnahmslos friedlich verlaufende Fest immer stärkeren Zulauf bekommen.* ND 28.04.2004",,,Point,,"52.549074000000005,13.422295698381111","52.549074000000005,13.422295698381111",19,1__mai_berlin_aktualna_12_.geojson,,False
2001_DE_festyn_PDS,2001,Lata,DE,East German Left,festyn,name,PDS,False,niezwiazkowe,Widerspenstig und lebendig Hummanplatz Maifest,"## 1995
festyn, z dala od potencjalnie niebezpiecznego Kollwitzplatz

*“Unter dem Motto ""Widerspenstig & Lebendig"" findet am Humannplatz in Prenzlauer Berg von 10 bis 19 Uhr ein ""buntes, froehliches Strassenfest gegen den grauen Alltag"" statt. ""Leider haben die Faschisten in den letzten Jahren den 1. Mai genutzt, um an die Oeffentlichkeit zu treten und gegen Minderheiten zu hetzen (...) Wir wollen dieser Entwicklung entgegentreten"", heisst es in einem Aufruf. Neben tuerkischer und lateinamerikanischer Musik gibt es Punk aus Bernau, internationales Essen und Informationsstaende. Im Diskussionszelt finden u.a. Gespraechsrunden zur Lage der vietnamesischen VertragsarbeiterInnen (15 Uhr) statt. Um 14 Uhr berichten Antifaschistische Widerstandskaempfer, danach informiert die Vorbereitungsgruppe 8. Mai.* taz 1995
## 1996
– festyn organizowany przez grupy lewicowe; ma być alternatywą dla zamieszek, polityczny, ale bez przemocy

*In Kreuzberg will ein von kommunistischen und stalinistischen Gruppierungen dominiertes Bündnis am Oranienplatz demonstrieren, in Mitte und Prenzlauer Berg rufen ein autonomes Bündnis zur Demo (Rosa-Luxemburg- Platz), organisieren Ostinitiativen ein ""lebendiges und widerspenstiges"" Straßenfest (Humannplatz) und findet bereits in der Nacht zum 1. Mai die Walpurgisfeier statt (Kollwitzplatz).* (taz 1996)

## 1997 
festyn wspierany przez PDS/Zielonych (Glückspilz)

*Weitere Mai-Veranstaltungen der PDS gibt es in den Bezirken: Kreuzberg, 15-21 Uhr, Mariannenplatz, Prenzlauer Berg, 10-18 Uhr, Humannplatz, Treptow, 14-18 Uhr, Springbornclub Johannisthai, Köpenick, 14-18 Uhr, Luisenhain, Marzahn, 13-18 Uhr, Alt-Marzahn 64, Hohenschönhausen, 10-17 Uhr, Oberseepark, Hellersdorf, 11-19 Uhr, Boulevard Kastanienallee.* ND 30.04.1997

## 1998 
pokojowo zakończony festyn (podobnie jak rok wcześniej, również współorganizowany przez PDS) BZ (3.05.1999)
## 1999
peaceful festival

## 2000
 peaceful festival
*9-24 Uhr Bündnisfest auf dem Humannplatz, Prenzlauer Berg* (ND 30.04.2000)

## 2001
*ab 11.00 Uhr - Humannplatz (Prenzlauer Berg) 7. Humannplatz-Fest mit viel Musik, Essen- und Infoständen* (stressfaktor)

## 2002
*Berlin ruft die PDS für 12.30 Uhr zu einer Kundgebung auf dem Alexanderplatz. Maifeste veranstalten die Sozialisten an der Bötzoweiche (10-20 Uhr, Bötzowstraße, Prenzlauer Berg), am Obersee (11-18 Uhr, Lindenweg, Lichtenberg), auf dem Humannplatz (12-20 Uhr, Prenzlauer Berg)*

## 2003
*Dann am 1. Mai selbst trifft man sich ab 10 Uhr auf dem Mariannenplatz an Marktständen zum Debattieren, von dort aus strebt eine erste irgendwie revolutionäre Gruppe zur Protestkundgebung auf dem Oranienplatz. Dieweil startet um 14 Uhr auf dem Humannplatz in Prenzlauer Berg ein konkurrierendes Kleinhändler-Polit-Fest, friedlich und mit großem PDS-Anteil.* taz 2003

## End
*Unter dem Motto »widerspenstig und lebendig« hatte ein Bündnis aus linken Gruppierungen erstmals 1995 das Fest auf dem Humannplatz in Prenzlauer Berg mit dem Ziel organisiert, den Feiertag im Ostteil der Stadt »jenseits von traditionellen Massenaufläufen und revolutionärer Verbalrhetorik wiederzubeleben«, wie es in einer Presseerklärung heißt. »Die politische Ausrichtung des Festes fiel schnell hinten runter«, konstatieren die Organisatoren neun Jahre später. Inhaltliche Angebote seien auf breites Desinteresse gestoßen. »Wir haben keine Lust mehr«, gab das Festkomitee bekannt. In den Jahren seines Bestehens hatte das ausnahmslos friedlich verlaufende Fest immer stärkeren Zulauf bekommen.* ND 28.04.2004",,,Point,,"52.549074000000005,13.422295698381111","52.549074000000005,13.422295698381111",19,1__mai_berlin_aktualna_12_.geojson,,False
2002_DE_festyn_PDS,2002,Lata,DE,East German Left,festyn,name,PDS,False,niezwiazkowe,Widerspenstig und lebendig Hummanplatz Maifest,"## 1995
festyn, z dala od potencjalnie niebezpiecznego Kollwitzplatz

*“Unter dem Motto ""Widerspenstig & Lebendig"" findet am Humannplatz in Prenzlauer Berg von 10 bis 19 Uhr ein ""buntes, froehliches Strassenfest gegen den grauen Alltag"" statt. ""Leider haben die Faschisten in den letzten Jahren den 1. Mai genutzt, um an die Oeffentlichkeit zu treten und gegen Minderheiten zu hetzen (...) Wir wollen dieser Entwicklung entgegentreten"", heisst es in einem Aufruf. Neben tuerkischer und lateinamerikanischer Musik gibt es Punk aus Bernau, internationales Essen und Informationsstaende. Im Diskussionszelt finden u.a. Gespraechsrunden zur Lage der vietnamesischen VertragsarbeiterInnen (15 Uhr) statt. Um 14 Uhr berichten Antifaschistische Widerstandskaempfer, danach informiert die Vorbereitungsgruppe 8. Mai.* taz 1995
## 1996
– festyn organizowany przez grupy lewicowe; ma być alternatywą dla zamieszek, polityczny, ale bez przemocy

*In Kreuzberg will ein von kommunistischen und stalinistischen Gruppierungen dominiertes Bündnis am Oranienplatz demonstrieren, in Mitte und Prenzlauer Berg rufen ein autonomes Bündnis zur Demo (Rosa-Luxemburg- Platz), organisieren Ostinitiativen ein ""lebendiges und widerspenstiges"" Straßenfest (Humannplatz) und findet bereits in der Nacht zum 1. Mai die Walpurgisfeier statt (Kollwitzplatz).* (taz 1996)

## 1997 
festyn wspierany przez PDS/Zielonych (Glückspilz)

*Weitere Mai-Veranstaltungen der PDS gibt es in den Bezirken: Kreuzberg, 15-21 Uhr, Mariannenplatz, Prenzlauer Berg, 10-18 Uhr, Humannplatz, Treptow, 14-18 Uhr, Springbornclub Johannisthai, Köpenick, 14-18 Uhr, Luisenhain, Marzahn, 13-18 Uhr, Alt-Marzahn 64, Hohenschönhausen, 10-17 Uhr, Oberseepark, Hellersdorf, 11-19 Uhr, Boulevard Kastanienallee.* ND 30.04.1997

## 1998 
pokojowo zakończony festyn (podobnie jak rok wcześniej, również współorganizowany przez PDS) BZ (3.05.1999)
## 1999
peaceful festival

## 2000
 peaceful festival
*9-24 Uhr Bündnisfest auf dem Humannplatz, Prenzlauer Berg* (ND 30.04.2000)

## 2001
*ab 11.00 Uhr - Humannplatz (Prenzlauer Berg) 7. Humannplatz-Fest mit viel Musik, Essen- und Infoständen* (stressfaktor)

## 2002
*Berlin ruft die PDS für 12.30 Uhr zu einer Kundgebung auf dem Alexanderplatz. Maifeste veranstalten die Sozialisten an der Bötzoweiche (10-20 Uhr, Bötzowstraße, Prenzlauer Berg), am Obersee (11-18 Uhr, Lindenweg, Lichtenberg), auf dem Humannplatz (12-20 Uhr, Prenzlauer Berg)*

## 2003
*Dann am 1. Mai selbst trifft man sich ab 10 Uhr auf dem Mariannenplatz an Marktständen zum Debattieren, von dort aus strebt eine erste irgendwie revolutionäre Gruppe zur Protestkundgebung auf dem Oranienplatz. Dieweil startet um 14 Uhr auf dem Humannplatz in Prenzlauer Berg ein konkurrierendes Kleinhändler-Polit-Fest, friedlich und mit großem PDS-Anteil.* taz 2003

## End
*Unter dem Motto »widerspenstig und lebendig« hatte ein Bündnis aus linken Gruppierungen erstmals 1995 das Fest auf dem Humannplatz in Prenzlauer Berg mit dem Ziel organisiert, den Feiertag im Ostteil der Stadt »jenseits von traditionellen Massenaufläufen und revolutionärer Verbalrhetorik wiederzubeleben«, wie es in einer Presseerklärung heißt. »Die politische Ausrichtung des Festes fiel schnell hinten runter«, konstatieren die Organisatoren neun Jahre später. Inhaltliche Angebote seien auf breites Desinteresse gestoßen. »Wir haben keine Lust mehr«, gab das Festkomitee bekannt. In den Jahren seines Bestehens hatte das ausnahmslos friedlich verlaufende Fest immer stärkeren Zulauf bekommen.* ND 28.04.2004",,,Point,,"52.549074000000005,13.422295698381111","52.549074000000005,13.422295698381111",19,1__mai_berlin_aktualna_12_.geojson,,False
2003_DE_festyn_PDS,2003,Lata,DE,East German Left,festyn,name,PDS,False,niezwiazkowe,Widerspenstig und lebendig Hummanplatz Maifest,"## 1995
festyn, z dala od potencjalnie niebezpiecznego Kollwitzplatz

*“Unter dem Motto ""Widerspenstig & Lebendig"" findet am Humannplatz in Prenzlauer Berg von 10 bis 19 Uhr ein ""buntes, froehliches Strassenfest gegen den grauen Alltag"" statt. ""Leider haben die Faschisten in den letzten Jahren den 1. Mai genutzt, um an die Oeffentlichkeit zu treten und gegen Minderheiten zu hetzen (...) Wir wollen dieser Entwicklung entgegentreten"", heisst es in einem Aufruf. Neben tuerkischer und lateinamerikanischer Musik gibt es Punk aus Bernau, internationales Essen und Informationsstaende. Im Diskussionszelt finden u.a. Gespraechsrunden zur Lage der vietnamesischen VertragsarbeiterInnen (15 Uhr) statt. Um 14 Uhr berichten Antifaschistische Widerstandskaempfer, danach informiert die Vorbereitungsgruppe 8. Mai.* taz 1995
## 1996
– festyn organizowany przez grupy lewicowe; ma być alternatywą dla zamieszek, polityczny, ale bez przemocy

*In Kreuzberg will ein von kommunistischen und stalinistischen Gruppierungen dominiertes Bündnis am Oranienplatz demonstrieren, in Mitte und Prenzlauer Berg rufen ein autonomes Bündnis zur Demo (Rosa-Luxemburg- Platz), organisieren Ostinitiativen ein ""lebendiges und widerspenstiges"" Straßenfest (Humannplatz) und findet bereits in der Nacht zum 1. Mai die Walpurgisfeier statt (Kollwitzplatz).* (taz 1996)

## 1997 
festyn wspierany przez PDS/Zielonych (Glückspilz)

*Weitere Mai-Veranstaltungen der PDS gibt es in den Bezirken: Kreuzberg, 15-21 Uhr, Mariannenplatz, Prenzlauer Berg, 10-18 Uhr, Humannplatz, Treptow, 14-18 Uhr, Springbornclub Johannisthai, Köpenick, 14-18 Uhr, Luisenhain, Marzahn, 13-18 Uhr, Alt-Marzahn 64, Hohenschönhausen, 10-17 Uhr, Oberseepark, Hellersdorf, 11-19 Uhr, Boulevard Kastanienallee.* ND 30.04.1997

## 1998 
pokojowo zakończony festyn (podobnie jak rok wcześniej, również współorganizowany przez PDS) BZ (3.05.1999)
## 1999
peaceful festival

## 2000
 peaceful festival
*9-24 Uhr Bündnisfest auf dem Humannplatz, Prenzlauer Berg* (ND 30.04.2000)

## 2001
*ab 11.00 Uhr - Humannplatz (Prenzlauer Berg) 7. Humannplatz-Fest mit viel Musik, Essen- und Infoständen* (stressfaktor)

## 2002
*Berlin ruft die PDS für 12.30 Uhr zu einer Kundgebung auf dem Alexanderplatz. Maifeste veranstalten die Sozialisten an der Bötzoweiche (10-20 Uhr, Bötzowstraße, Prenzlauer Berg), am Obersee (11-18 Uhr, Lindenweg, Lichtenberg), auf dem Humannplatz (12-20 Uhr, Prenzlauer Berg)*

## 2003
*Dann am 1. Mai selbst trifft man sich ab 10 Uhr auf dem Mariannenplatz an Marktständen zum Debattieren, von dort aus strebt eine erste irgendwie revolutionäre Gruppe zur Protestkundgebung auf dem Oranienplatz. Dieweil startet um 14 Uhr auf dem Humannplatz in Prenzlauer Berg ein konkurrierendes Kleinhändler-Polit-Fest, friedlich und mit großem PDS-Anteil.* taz 2003

## End
*Unter dem Motto »widerspenstig und lebendig« hatte ein Bündnis aus linken Gruppierungen erstmals 1995 das Fest auf dem Humannplatz in Prenzlauer Berg mit dem Ziel organisiert, den Feiertag im Ostteil der Stadt »jenseits von traditionellen Massenaufläufen und revolutionärer Verbalrhetorik wiederzubeleben«, wie es in einer Presseerklärung heißt. »Die politische Ausrichtung des Festes fiel schnell hinten runter«, konstatieren die Organisatoren neun Jahre später. Inhaltliche Angebote seien auf breites Desinteresse gestoßen. »Wir haben keine Lust mehr«, gab das Festkomitee bekannt. In den Jahren seines Bestehens hatte das ausnahmslos friedlich verlaufende Fest immer stärkeren Zulauf bekommen.* ND 28.04.2004",,,Point,,"52.549074000000005,13.422295698381111","52.549074000000005,13.422295698381111",19,1__mai_berlin_aktualna_12_.geojson,,False
1992_DE_demonstracja_PDS_a,1992,Lata,DE,East German Left,demonstracja,geometria,PDS,False,niezwiazkowe,1992 – Zug der Widerspensigsten,"Slogan: *Alles was uns fällt, ist Solidarität*
Attendance: mehr als 5000 ~ 6000 (ND)
",,5500,LineString,1055.4,"52.521613,13.412402","52.518336,13.399631",20,1__mai_berlin_aktualna_12_.geojson,,True
1993_DE_demonstracja_PDS,1993,Lata,DE,East German Left,demonstracja,name,PDS,False,niezwiazkowe,BKG Demonstration 1993,"(Berliner Zeitung 30.04; [@hurtgenDokumenteBundnisKritischer2017 {89}]

*Gut 5000 Kritische Gewerkschafterinnen, Wehrdienstverweigerer, Arbeitslose, Behinderte, Vertreter von Bürgerinitiativen, KPD, PDS sammelten sich hier [Rosa-Luxemburg-Platz] gegen 9 Uhr gemeinsam* (jw 2.05.1993)

Veranstalter: *Ostberliner Betriebs- und Personalratsinitiative und einem „Bündnis Kritischer GewerkschafterInnen""* (taz 1993)
Attendance: ~6000 (JW 3.05)",,6000,LineString,1693.0,"52.526933,13.410929","52.518519,13.399843",21,1__mai_berlin_aktualna_12_.geojson,,False
1992_DE_demonstracja_FAP,1992,Lata,DE,Neo-Nazi May Day,demonstracja,warstwa,FAP,True,kontra,"1992. FAP ""1. Mai – Chaoten Frei""","*Schon am Nachmittag hatten sich in Ost-Berlin fünfzig Neonazis der „Freiheitlichen Deutschen Arbeiterpartei“ (FAP) mit 200 Antifas Scharmützel geliefert. Die GegendemonstrantInnen verhinderten den von der FAP angemeldeten Aufmarsch, die Polizei eskortierte die Neonazis zum S-Bahnhof* (taz 2.05.1992)",,50,Point,,"52.5387445,13.433763416678673","52.5387445,13.433763416678673",0,1__mai_berlin_aktualna_13_.geojson,,True
1993_DE_demonstracja_NIEZNANY,1993,Lata,DE,Neo-Nazi May Day,demonstracja,warstwa,,True,kontra,1993 Friedrichsfelde,"1993 – 100 członków FAP organizuje demonstrację. Blokada antify:

In Berlin-Friedrichsfelde machten 100 FAP-Nazis eine Demo, die von den Bullen geschützt wurde. Viele mobilisierte Antifas wurden an Sperren abgefangen, 40 wurden festgenommen; nur etwa 30 erreichten den Schauplatz, es gab einzelne kurze Auseinandersetzungen mit Nazis.",,100,Point,,"52.5061644,13.5128387","52.5061644,13.5128387",1,1__mai_berlin_aktualna_13_.geojson,,True
1994_DE_demonstracja_FAP,1994,Lata,DE,Neo-Nazi May Day,demonstracja,name,FAP,True,kontra,1994 FAP Demo,"Am Vormittag hatte die FAP noch auf einen geplanten Aufmarsch in Johannisthal verzichtet, nachdem sich etwa fünfhundert GegendemonstrantInnen an der Kreuzung Sterndamm/Königsheideweg zu einer ebenfalls genehmigten Kundgebung eingefunden hatten. Zuvor waren nach Angaben der Gegendemonstranten mehrere Fahrzeuge mit Neonazis von der Polizei „festgesetzt“ worden. (taz 3.05.1994)

Attendance: 400 (taz)
",,5,Point,,"52.448144,13.508785","52.448144,13.508785",2,1__mai_berlin_aktualna_13_.geojson,,True
1996_DE_demonstracja_NPD,1996,Lata,DE,Neo-Nazi May Day,demonstracja,name,NPD,True,kontra,1996 NPD + Junge Nationaldemokraten,"1996 – 300-500 take part in nazi demonstration; little to no blockades, only 40 DGB members according to HBV leader (jw, 2.05.96), Gluckspilz Nachbereitung reports *relativ bescheidene* mobilisation of Antifa ",,350,Point,,"52.5429481,13.563142","52.5429481,13.563142",3,1__mai_berlin_aktualna_13_.geojson,,True
2000_DE_demonstracja_NPD,2000,Lata,DE,Neo-Nazi May Day,demonstracja,name,NPD,True,kontra,2000 NPD Aufmarsch,"Planned route: 
U-Bhf. Louis-Lewin-Str. - Louis-Lewin-Str. - Riesaerstr. - Stendalerstr. - Zossenerstr. - Alte Hellersdorferstr. - Gothaerstr. - Alte Hellersdorferstr. - Hellersdorferstr. - Cecilienstr. - Lilly-Braun-Str. (http://www.stressfaktor.squat.net/2002/sonderseiten/mai.php)

*. Inzwischen demonstrieren bald 1.000 Rechtsextreme für Deutschtum und Arbeit für Deutsche* Taz 2.05.2000 ",Für Deutschtum und Arbeit für Deutsche,1000,LineString,7278.6,"52.539516,13.619818","52.522723,13.593307",4,1__mai_berlin_aktualna_13_.geojson,,True
2000_DE_demonstracja_NPD_a,2000,Lata,DE,Neo-Nazi May Day,demonstracja,warstwa,NPD,True,kontra,2000 NPD. Arbeit zuerst für Deutsche,"Der Kampf um die Straßen, Köpfe und Parlamente: Mehr als 1.000 Rechtsextreme von NPD, „Freien Kameradschaften“ und Skinheads demonstrieren am 1. Mai 2000 bei einer Kundgebung in Berlin-Hellersdorf unter dem Motto „Arbeit zuerst für Deutsche“ (taz 30.08.2000)",Arbeit zuerst für Deutsche,1000,Point,,"52.539249,13.619703","52.539249,13.619703",5,1__mai_berlin_aktualna_13_.geojson,,True
2001_DE_demonstracja_NPD,2001,Lata,DE,Neo-Nazi May Day,demonstracja,name,NPD,True,kontra,2001 NPD Demo,"Tagesspiegel, s. 10

Das Oberverwaltungsgericht hat am Freitagabend beschlossen, den geplantenNPD-Aufmarsch am 1.Mai nach Hohenschönhausen zu verlegen.Die Route: S-Bahnhof Gehrenseestraße, Pablo-Picasso-Straße, SeehausenerStraße, Vincent-van-Gogh-Straße, Prendener Straße, Dorfstraße,Ernst-Barlach-Straße, Egon-Erwin-Kisch Straße, S-Bahnhof Wartenberg.Die Zeit: 11.00 Uhr bis 14.00 Uhr. (DGB

Attendance: 900 (MAZ)",Deutschland zuerst – gemeinsam für soziale Gerechtigkeit in einem Europa der Vaterländer,100,LineString,4429.9,"52.555559,13.525429","52.573455,13.50484",6,1__mai_berlin_aktualna_13_.geojson,,True
2002_DE_demonstracja_NPD,2002,Lata,DE,Neo-Nazi May Day,demonstracja,name,NPD,True,kontra,2002 – NPD-Demonstration,"na podst. Rucht 2003, 250",,700,LineString,1743.0,"52.566719,13.514635","52.555687,13.525729",7,1__mai_berlin_aktualna_13_.geojson,,True
2003_DE_demonstracja_NPD,2003,Lata,DE,Neo-Nazi May Day,demonstracja,warstwa,NPD,True,kontra,2003. NPD Wir sind das Volk,"Zwischen 11 und 15 Uhr will die NPD unter dem Motto »Wir sind das Volk« mit einen »Siegeszug« voraussichtlich zwischen Raußendorffplatz und dem Coubertin-Platz am Olympiastadion das Scheitern des NPD-Verbotes feiern (ND 30.04.2003, Tagesspiegel 30.04.2003)",,1675,LineString,1818.7,"52.508608,13.259173","52.514928,13.246081",8,1__mai_berlin_aktualna_13_.geojson,,True
2004_DE_demonstracja_NPD,2004,Lata,DE,Neo-Nazi May Day,demonstracja,name,NPD,True,kontra,2004 NPD Demo (blocked)," (blocked at Lichtenberger Bridge) die Route der Neonazis inzwischen fest. Sie soll vom S-Bahnhof Lichtenberg über Frankfurter Allee, Petersburger Straße, Landsberger Allee, Weißenseer Weg zurück zum S-Bahnhof Lichtenberg führen. Der Naziaufmarsch sei die erste große Veranstaltung nach dem Scheitern des NPD-Verbots vor dem Bundesverfassungsgericht. Deshalb sei mit sehr vielen Teilnehmern zu rechnen. (nd 28.04.2004)

Slogans:
Nein zur Ost-Erweiterung; Wir sind das Volk; Gute Heimreise Jetzt

Attendance:
2500 (Umbruch-Archiv)",,2300,MultiLineString,2162.3,"52.514628,13.481426","52.509665,13.497822",9,1__mai_berlin_aktualna_13_.geojson,,True
2009_DE_festyn_NPD,2009,Lata,DE,Neo-Nazi May Day,festyn,name,NPD,True,kontra,2009 NPD Strassenfest,"12:12-16:27, ca. 280 Teilnehmer (Polizeilische Darstellung)",,280,Point,,"52.455513,13.580357","52.455513,13.580357",10,1__mai_berlin_aktualna_13_.geojson,,True
2010_DE_demonstracja_NPD,2010,Lata,DE,Neo-Nazi May Day,demonstracja,name,NPD,True,kontra,2010 – planned route of NPD demonstration,"2010 – 12:00, 1.05 NPD demonstration route. S-Bhf Bornholmer Strasse – S-Bhf Landsberger Strasse (taz 30.4)

*16.40 Uhr: Rückzug. Die Demo der Rechtsextremen muss auf Höhe der Seelower Straße umdrehen. Noch auf der Bornholmer Straße machen die Demonstranten kehrt, ohne die Schönhauser Allee erreicht zu haben.* (Tagesspiegel liveticker)",,700,LineString,921.8,"52.554672,13.397554","52.553903,13.41113",11,1__mai_berlin_aktualna_13_.geojson,,True
2010_DE_demonstracja_NPD_a,2010,Lata,DE,Neo-Nazi May Day,demonstracja,name,NPD,True,kontra,2010 NPD Demo,"*13.45 Uhr: Die Kundgebung der Neonazis in Prenzlauer Berg hat begonnen. 300 Rechtsextreme haben sich inzwischen versammelt. Ein Redner spricht weitschweifig über die Reconquista, die Rückeroberung Spaniens von den muslimischen Besatzern im Mittelalter. Das Ganze wird übertönt durch Reggae-Musik und Kochtopfklappern von umliegenden Balkonen.* (Tagesspiegel-liveticker)

*14.40 Mit knapp drei Stunden Verspätung formieren sich knapp 600 Rechtsextreme in der Bornholmer Straße zum Marsch. Angeführt wird der Zug von Berliner Rechten, die ein breites Frontplakat mit der Aufschrift ""Stoßt auf das Tor zur Freiheit"" tragen.* (Tagesspiegel liveticker)",,700,Point,,"52.554757,13.397645","52.554757,13.397645",12,1__mai_berlin_aktualna_13_.geojson,,True
2010_DE_demonstracja_NIEZNANY,2010,Lata,DE,Neo-Nazi May Day,demonstracja,name,,True,kontra,2010 Spontan Nazi Demo,"Während rund 600 Rechte am 1. Mai in Pankow warteten, hatten sich, wie berichtet, 300 weitere am Südkreuz versammelt. Darunter der frühere NPD-Landesvorsitzende Jörg Hähnel und Anhänger der verbotenen „Kameradschaft Tor“ und „Frontbann 24“. Am S-Bahnhof Halensee verließen sie auf Kommando die Bahn und stürmten Richtung Adenauerplatz. Dabei attackierten sie Passanten und warfen Flaschen auf Polizisten. (https://blog.zeit.de/stoerungsmelder/2010/05/03/naziaktion-auf-dem-kudamm-hat-rechtliche-folgen_3171)",,700,Point,,"52.496721,13.289573","52.496721,13.289573",13,1__mai_berlin_aktualna_13_.geojson,,True
2013_DE_demonstracja_NPD,2013,Lata,DE,Neo-Nazi May Day,demonstracja,name,NPD,True,kontra,2013 NPD Demo,,Raus aus dem Euro – Gegen Euro und Großkapital,300,LineString,2717.0,"52.456428,13.509904","52.454878,13.512179",14,1__mai_berlin_aktualna_13_.geojson,,True
2013_DE_wiec_NPD,2013,Lata,DE,Neo-Nazi May Day,wiec,name,NPD,True,kontra,2013 NPD Kundgebung,(taz 30.04.2013),,300,Point,,"52.454833,13.512127","52.454833,13.512127",15,1__mai_berlin_aktualna_13_.geojson,,True
2015_DE_wiec_NPD,2015,Lata,DE,Neo-Nazi May Day,wiec,name,NPD,True,kontra,2015 NPD Kundgebung,"14:00, 2015 – Die NPD plant zwei kleinere Kundgebungen – ab 12 Uhr in Hohenschönhausen an der Zingster Straße/Ecke Falkenberger Chaussee (Nahe S-Hohenschönhausen) sowie im Anschluss in Marzahn am Ahrensfelder Platz (nahe S-Ahrensfelde). Antifa-Demo und Kundgebungen gegen die NPD – anschließend NPD-Kundgebung in Marzahn stören. (taz 30.04.2015)",,50,Point,,"52.570925,13.565866","52.570925,13.565866",16,1__mai_berlin_aktualna_13_.geojson,,True
2015_DE_wiec_NPD_a,2015,Lata,DE,Neo-Nazi May Day,wiec,name,NPD,True,kontra,2015 NPD Kundgebung,"2015 – Die NPD plant zwei kleinere Kundgebungen – ab 12 Uhr in Hohenschönhausen an der Zingster Straße/Ecke Falkenberger Chaussee (Nahe S-Hohenschönhausen) sowie im Anschluss in Marzahn am Ahrensfelder Platz (nahe S-Ahrensfelde). Antifa-Demo und Kundgebungen gegen die NPD – anschließend NPD-Kundgebung in Marzahn stören. Vortreffpunkt für die gemeinsame Anreise aus der Innenstadt: 10.15 Uhr am Ostkreuz, Ausgang Sonntagsstraße. (taz 30.04.2015)

Attendance: 30",,50,Point,,"52.563125,13.504812","52.563125,13.504812",17,1__mai_berlin_aktualna_13_.geojson,,True
2016_DE_demonstracja_NPD,2016,Lata,DE,Neo-Nazi May Day,demonstracja,warstwa,NPD,True,kontra,2016 NPD „Asylflut stoppen“,"10:00 (BZ 27.04)
Jetzt #Bärgida-Hymne „Wir sind das Volk“ bei Nazi-Kundgebung in Berlin #b0105 #nobaergida #nonazis” (https://x.com/JFDA_eV/status/726692549159706624)",,50,Point,,"52.54765928050418,13.451675176620485","52.54765928050418,13.451675176620485",18,1__mai_berlin_aktualna_13_.geojson,,True
2016_DE_wiec_NPD,2016,Lata,DE,Neo-Nazi May Day,wiec,name,NPD,True,kontra,2016 NPD Kundgebung,,,50,Point,,"52.563047,13.505502","52.563047,13.505502",19,1__mai_berlin_aktualna_13_.geojson,,True
2016_DE_wiec_NPD_a,2016,Lata,DE,Neo-Nazi May Day,wiec,name,NPD,True,kontra,2016 NPD Kundgebung,,,50,Point,,"52.453721,13.510178","52.453721,13.510178",20,1__mai_berlin_aktualna_13_.geojson,,True
2017_DE_festyn_AfD,2017,Lata,DE,Neo-Nazi May Day,festyn,name,AfD,True,kontra,2017 AFD Maifest ,"*Super Protest gegen das Parteifest der AfD im Pankower Bürgerpark heute. Rund 600 Demonstrantinnen sorgten dafür, dass das traurige Häufchen von rund 60 AfD Anhängerinnen und Parteifunktionärinnen mit ihrem Grill und ihrer Hüpfburg in einem Polizeikessel feiern mussten. Statt Parkpanorama und Gespräche mit Anwohnerinnen, gab es blau-weiße Polizeiauto und komplette Isolation* (Berliner Bündnis Gegen Rechts)",,50,Point,,"52.569,13.406872","52.569,13.406872",21,1__mai_berlin_aktualna_13_.geojson,,True
2017_DE_demonstracja_Bargida,2017,Lata,DE,Neo-Nazi May Day,demonstracja,warstwa,Bärgida,True,kontra,2017 Bärgida,"Berlińska sekcja organizacji Bärgida organizuje niewielką, **cykliczną Montagsdemonstration, która wypada 1. Maja 2017.** 
18.30 Uhr, Washingtonplatz, Aufzug ab 19.15 Uhr über S-Bahnhof Sayignyplatz, Schlüterstraße, Niebuhrstraße, Bleibtreustraße, Kurfürstendamm, Breitscheidplatz, Tauentzienstraße, Wittenbergplatz (Berliner Morgenpost)

28.04.2017

Treffpunkt von #No Bärgida ist der Hauptbahnhof (Washingtonplatz) um 18.30 Uhr. Die Rassist_innen, Nazi-Hooligans und Flüchtlingsfeinde von Bärgida versammeln sich ebenso um 18.30 Uhr am selben Ort. Bärgida führt häufig spontane Aufmärsche im Anschluss an die Kundgebung am Washingtonplatz durch. Zu diesem Zweck fahren die Rassist_innen mit U oder S-Bahn zum Startpunkt des Aufmarsches.
Aktionskarte Bärgida, 01.05.2017, Berlin-Charlottenburg (Änderungen möglich) (Berlin Gegen Nazis)

## Twitter summary (via Grok)
Grok twitter AI summary
- Approx. 19:50 (@BerlingegenNazi) – Bärgida is about to arrive at Breitscheidplatz.  
    [Link](/BerlingegenNazi/status/859103164318011395)  
    „1950 Bärgida gleich am Breidscheidplatz. #nobärgida #b0105 #Charlottenburg” (with photo)
- Approx. 19:56 (@BerlingegenNazi) – Intermediate rally at Breitscheidplatz. Previously the far-right chanted “Europa, Jugend, Reconquista”.  
    [Link](/BerlingegenNazi/status/859104797802336257)  
    „1956 Zwischenkundgebung am Breidscheidplatz zuvor wurde „Europa, Jugend, Reconquista“ von den Rechtsextremen skandiert. #nobärgida”
- Approx. 20:15 (@BerlingegenNazi) – A group of passers-by and some tourists are visibly enjoying the protest against the aggressive far-right extremists behind the barriers.  
    [Link](/BerlingegenNazi/status/859109158200782849)  
    „2015 Eine Gruppe Passanten und einige Tourist_innen haben sichtlich Spaß am Protest gegen aggressive Rechtsextreme hinter Gittern.#nobärgida” (2 photos)
- Approx. 20:25 (@BerlingegenNazi) – Bärgida starts moving again. Next to them a refugee from Afghanistan is explaining racism to a camera crew from Singapore.  
    [Link](/BerlingegenNazi/status/859111357039489027)  
    „2025 Bärgida läuft wieder. Daneben erklärt ein Geflüchteter aus Afghanistan einem Kamerateam aus Singapur Rassismus #nobärgida”
- Approx. 20:26 (@BerlingegenNazi) – Bärgida has expanded its usually unchanging music repertoire – a new Söhne Mannheims song is being played.  
    [Link](/BerlingegenNazi/status/859112248232611843)  
    „2026 Bärgida hat das eigentlich immer gleichbleibende Musikreportoire erweitert - Der neue Söhne Mannheims Song wird gespielt #nobärgida” (with photo)
- Approx. 20:44 (@BerlingegenNazi) – The end of Bärgida’s closing rally is delayed because one of the speakers refuses to give his personal details.  
    [Link](/BerlingegenNazi/status/859116496643076097)  
    „2044 Ende der Abschlusskundgebung Bärgida verzögert sich, da sich ein Redner weigert die Personalien abzugeben. #nobärgida”
- Approx. 20:51 (@BerlingegenNazi) – Closing with the first verse. Earlier an announcement was made over Bärgida’s loudspeakers: “17. Juni Volksaufstand 2.0 – unangemeldet”.  
    [Link](/BerlingegenNazi/status/859118744890732544)  
    „2051 Abschluss mit 1.Strophe. Vorher Ansage über Bärgida-Lautsprecher „17.Juni Volksaufstand 2.0 -unangemeldet“ #nobärgida #1Mai”
- Approx. 20:56 (@BerlingegenNazi) – Thanks to everyone who protested against the far-right march in Charlottenburg.  
    [Link](/BerlingegenNazi/status/859119358412509185)  
    „Danke an alle die gegen den rechtsextremen Aufmarsch in #Charlottenburg protestiert haben #nobärgida” (with photo)
- Approx. 21:00 (@BerlingegenNazi) – One arrest from the ranks of the far-right extremists of Bärgida.  
    [Link](/BerlingegenNazi/status/859120836334243841)  
    „2100 eine Festnahme aus den Reihen der Rechtsextremen von Bärgida #nobärgida”
- Approx. 22:54 (@nopegida_berlin) – Thanks from NoBärgida.  
    [Link](/nopegida_berlin/status/859148966818193409)  
    „Danke, dass ihr heute da wart. Wir mussten einfach mal raus & andere Volkspfosten am Montag sehen. Nächste Woche geht's weiter #nobärgida” (quotes the post with thanks and photo from Charlottenburg)",,40,LineString,6422.3,"52.523366,13.369417","52.501717,13.342489",22,1__mai_berlin_aktualna_13_.geojson,,True
2018_DE_festyn_AfD,2018,Lata,DE,Neo-Nazi May Day,festyn,name,AfD,True,kontra,2018 AFD Maifest ,"*Bei einem Sommerfest der Berliner AfD im Bleichröderpark in Pankow versammelten sich am Dienstag einige hundert Demonstranten. Erklärtes Ziel war es, das sogenannte Maifest der Partei zu stören. Die Protestierenden hatten ihre Lautsprecher, meist mit Punk-Musik, daher in Richtung des Festes gerichtet, wo die AfD Volksmusik und Schlager erklingen ließ. Nennenswerte Zwischenfälle oder Gewalttaten gab es bis zum Redaktionsschluss dieser Ausgabe nicht.* (Berliner Morgenpost)",,30,Point,,"52.569197,13.393312","52.569197,13.393312",23,1__mai_berlin_aktualna_13_.geojson,,True
2019_DE_festyn_AfD,2019,Lata,DE,Neo-Nazi May Day,festyn,name,AfD,True,kontra,2019 AfD Maifest,"Festyn majowy zorganizowany przez AfD zostaje oprotestowany przez około 500 osób. Wśród blokujących Antifa, członkowie Linke, SPD; SPD nawołuje do bojkotu i blokad obchodów święta, oraz udziału w ich święcie 

*Ein Sperrkreis von 50 Metern und ein Großaufgebot der Polizei trennten am Nachmittag des 1. Mai die Teilnehmer des Bürgerfests der Pankower AfD in Alt-Blankenburg von etwa 500 Demonstranten, die angetreten waren, „die völkische Party zu crashen*
(BM 1.05.2019)",,100,Point,,"52.59100795,13.44265682776852","52.59100795,13.44265682776852",24,1__mai_berlin_aktualna_13_.geojson,,True
1993_DE_kontra_Antifa,1993,Lata,DE,Neo-Nazi May Day,kontra,name,Antifa,True,kontra,1993 Antifa Blockade,"In Berlin-Friedrichsfelde machten 100 FAP-Nazis eine Demo, die von den Bullen geschützt wurde. Viele mobilisierte Antifas wurden an Sperren abgefangen, 40 wurden festgenommen; nur etwa 30 erreichten den Schauplatz, es gab einzelne kurze Auseinandersetzungen mit Nazis. (Glückspilz Archiv)",,,Point,,"52.505695,13.513012","52.505695,13.513012",25,1__mai_berlin_aktualna_13_.geojson,,True
1994_DE_kontra_FAP,1994,Lata,DE,Neo-Nazi May Day,kontra,name,FAP,True,kontra,1994 FAP blockade,"Am Vormittag hatte die FAP noch auf einen geplanten Aufmarsch in Johannisthal verzichtet, nachdem sich etwa fünfhundert GegendemonstrantInnen an der Kreuzung Sterndamm/Königsheideweg zu einer ebenfalls genehmigten Kundgebung eingefunden hatten. Zuvor waren nach Angaben der Gegendemonstranten mehrere Fahrzeuge mit Neonazis von der Polizei „festgesetzt“ worden. (taz 3.05.1994)
",,450,Point,,"52.446581,13.506382","52.446581,13.506382",26,1__mai_berlin_aktualna_13_.geojson,,True
2000_DE_festyn_NIEZNANY,2000,Lata,DE,Neo-Nazi May Day,festyn,name,,True,kontra,"2000 ""Kulturfest gegen Rechts"", 10 Uhr, Alice-Salomon-Platz in Hellersdorf","PDS organized ""Kulturfest gegen Rechts"", 10 Uhr, Alice-Salomon-Platz in Hellersdorf. 10 000 in attendance",,10000,Point,,"52.5369,13.60455","52.5369,13.60455",27,1__mai_berlin_aktualna_13_.geojson,,True
2002_DE_kontra_NIEZNANY,2002,name,DE,Neo-Nazi May Day,kontra,name,,True,kontra,2002 Counter-demonstration,"Ab 10 Uhr finden zwei Gegenkundgebungen gegen den NPD-Aufmarsch in Hohenschönhausen statt - am Lindencenter am Prerower Platz sowie an der Falkenberger Chaussee Ecke Prendener Straße. Die NPD will eine Stunde später, um 11 Uhr, am S-Bahnhof Hohenschönhausen losmarschieren. (taz 30.04.2002)",,1000,Point,,"52.568525,13.520651","52.568525,13.520651",28,1__mai_berlin_aktualna_13_.geojson,,True
2002_DE_kontra_NIEZNANY_a,2002,name,DE,Neo-Nazi May Day,kontra,name,,True,kontra,2002 Counter-demonstration,"Ab 10 Uhr finden zwei Gegenkundgebungen gegen den NPD-Aufmarsch in Hohenschönhausen statt - am Lindencenter am Prerower Platz sowie an der Falkenberger Chaussee Ecke Prendener Straße. Die NPD will eine Stunde später, um 11 Uhr, am S-Bahnhof Hohenschönhausen losmarschieren. (taz 30.04.2002)",,1000,Point,,"52.563752,13.506682","52.563752,13.506682",29,1__mai_berlin_aktualna_13_.geojson,,True
2003_DE_demonstracja_NIEZNANY,2003,Lata,DE,Neo-Nazi May Day,demonstracja,warstwa,,True,kontra,2003 Fegt die Nazis aus der Stadt,"13:30 – Berliner Initiative: Europa ohne Rassismus blokuje część trasy przemarszu NPD 1. Maja (ND 1.05.03)
Attendance: 300 (taz)",,250,Point,,"52.508666,13.259395","52.508666,13.259395",30,1__mai_berlin_aktualna_13_.geojson,,True
2004_DE_kontra_Antifa,2004,Lata,DE,Neo-Nazi May Day,kontra,name,Antifa,True,kontra,2004 Antifa Blockade,"Zur bundesweiten Großdemo in Berlin hatten die NPD und faschistische ""Freie Kameradschaften"" aufgerufen. Rund 2500 Nazis fanden sich ab 10 Uhr am Bahnhof Lichtenberg ein und wollten von dort durch die Bezirke Lichtenberg und Friedrichshain marschieren. Doch dazu kam es nicht. An verschiedenen Stellen blockierten nach Polizeiangaben 4500 AntifaschistInnen über Stunden die vorgesehene Demoroute entlang der Frankfurter Allee.

Attendance:
4500 (Umbruch)",,3400,Point,,"52.511545,13.496209","52.511545,13.496209",31,1__mai_berlin_aktualna_13_.geojson,,True
2009_DE_kontra_SPD,2009,Lata,DE,Neo-Nazi May Day,kontra,name,SPD,True,kontra,2009 Counterdemonstration NPD (registered by SPD),"12:08 – 13:05 Uhr  
von Bahnhofstraße 23-25  bis Seelenbinderstraße 17-21  
ca. 2.500 Teilnehmer (Polizeilische Darstellung)
Seelenbinderstraße 17-21 – die Linke Kundgebung, 3500 Teilnehmer",,3500,LineString,1287.5,"52.458278,13.579284","52.455702,13.577256",32,1__mai_berlin_aktualna_13_.geojson,,True
2010_DE_demonstracja_NIEZNANY_a,2010,Lata,DE,Neo-Nazi May Day,demonstracja,name,,True,kontra,2010 – Demonstration against Zum Henker,"2010 – Demonstration against a Nazi bar Zum Henker (taz 30.4)
Attendance:
50 (Police, via taz)",,50,LineString,601.9,"52.454558,13.511517","52.459043,13.512483",33,1__mai_berlin_aktualna_13_.geojson,,True
2010_DE_demonstracja_NIEZNANY_b,2010,Lata,DE,Neo-Nazi May Day,demonstracja,name,,True,kontra,2010 – Demonstration against Zum Henker bar,"2010 – 30.4, 17:00 (taz 30.4)",,500,Point,,"52.454427,13.511109","52.454427,13.511109",34,1__mai_berlin_aktualna_13_.geojson,,True
2010_DE_kontra_NPD,2010,Lata,DE,Neo-Nazi May Day,kontra,name,NPD,True,kontra,2010 Anti-NPD Blockade,"* Blockades at many different sites – this is the site of the main counter 
*An die **10.000 Menschen** versammeln sich an mehreren Plätzen, darunter Antifa-Aktivisten und Punks, aber auch bürgerliche Protestierer, Eltern mit ihren Kindern und Rentner mit roten Nelken in der Hand. Anwohner stehen auf Balkonen und klopfen auf Töpfe, auf Transparenten steht: ""Berlin bleibt bunt, Scheiße bleibt braun.""* (taz, 3.05.2010)

*600 Neonazis kommen nicht mehr weiter. Sie stecken fest, gleich am Anfang ihrer Demonstration. Thierse hält sie auf, zusammen mit dem Bezirksbürgermeister und Abgeordneten von Grünen und Linkspartei. Was für ein Bild! Journalisten eilen zu dem Grüppchen. Fotoapparate klicken. Und jetzt? Gehts jetzt rund?* (taz, 3.05.2010)

**Sitting blockade at the Malmoer Strasse**
*Die Polizei kesselt die auf der Fahrbahn verstreuten Gegendemonstranten an der Bornholmer Ecke Malmöer Straße ein. Es entwickelt sich eine spontane Sitzblockade - eher eine symbolische Aktion eines eher bürgerlichen Publikums. Die Blockierer rufen: ""Wir sind friedlich, was seid ihr?"" Die Polizei zerrt und trägt daraufhin die Demonstranten von der Fahrbahn. Dabei geht es wenig sanft zu* (Tagesspiegel liveticker)",,10000,Point,,"52.553602,13.414199","52.553602,13.414199",35,1__mai_berlin_aktualna_13_.geojson,,True
2013_DE_demonstracja_NIEZNANY,2013,Lata,DE,Neo-Nazi May Day,demonstracja,name,,True,kontra,2013 Anti-Nazi Demo,,,2000,LineString,1593.8,"52.456258,13.510607","52.462403,13.514201",36,1__mai_berlin_aktualna_13_.geojson,,True
2002_DE_kontra_NPD,2002,Lata,DE,Neo-Nazi May Day,kontra,name,NPD,True,kontra,2015 – NPD Counterdemonstration,12-13:30 (taz 30.04),,500,Point,,"52.566334,13.512089","52.566334,13.512089",37,1__mai_berlin_aktualna_13_.geojson,,True
2015_DE_kontra_NPD,2015,Lata,DE,Neo-Nazi May Day,kontra,name,NPD,True,kontra,2015 – NPD Counterdemonstration,12-13:30 (taz 30.04),,500,Point,,"52.566334,13.512089","52.566334,13.512089",37,1__mai_berlin_aktualna_13_.geojson,,True
2016_DE_wiec_NIEZNANY,2016,Lata,DE,Neo-Nazi May Day,wiec,name,,True,kontra,"2016 – Kundgebung „1. Mai – Nazifrei!“ am Busbahnhof Schöneweide, Beginn 13 Uhr",(B.Z. Stimme 27.04),,900,Point,,"52.453028,13.510523","52.453028,13.510523",38,1__mai_berlin_aktualna_13_.geojson,,True
2016_DE_wiec_NIEZNANY_a,2016,Lata,DE,Neo-Nazi May Day,wiec,name,,True,kontra,2016 – Kundgebung „1. Mai – Nazifreiheit!“ am Cajamarcaplatz ,"auf dem Vorplatz des S-Bahnhof Schöneweide, Beginn 13.30 Uhr (BZ 27.04)",,900,Point,,"52.45598977913197,13.50997567176819","52.45598977913197,13.50997567176819",39,1__mai_berlin_aktualna_13_.geojson,,True
2016_DE_wiec_NIEZNANY_b,2016,Lata,DE,Neo-Nazi May Day,wiec,name,,True,kontra,"2016 – Kundgebung „Gemeinsam gegen Rassismus – Refugees Welcome“,","Berlin-Lichtenberg; Beginn 11.30 Uhr (BZ, 27.04)",,900,Point,,"52.563569,13.507084","52.563569,13.507084",40,1__mai_berlin_aktualna_13_.geojson,,True
2016_DE_wiec_NIEZNANY_c,2016,Lata,DE,Neo-Nazi May Day,wiec,name,,True,kontra,"2016 – Kundgebung „Schöner weiden ohne Nazis""", Beginn 13.30 Uhr an der Schnellerstrasse/Brückenstrasse,,900,Point,,"52.456456,13.509892","52.456456,13.509892",41,1__mai_berlin_aktualna_13_.geojson,,True
2016_DE_wiec_Grune,2016,Lata,DE,Neo-Nazi May Day,wiec,name,Grüne,True,kontra,2016 Kundgebung Die Grünen „Pankow ist bunt und vielfältig“ ,"10:00 (BZ, 27.04)
Attendance: (Overall 900)",,900,Point,,"52.547026,13.448166","52.547026,13.448166",42,1__mai_berlin_aktualna_13_.geojson,,True
2017_DE_wiec_NIEZNANY,2017,Lata,DE,Neo-Nazi May Day,wiec,name,,True,kontra,2017 Kundgebung „Berlin solidarisch gegen Nazis“,"10:00, Antonplatz (Berliner Morgenpost)",,,Point,,"52.548076,13.451021","52.548076,13.451021",43,1__mai_berlin_aktualna_13_.geojson,,True
1990_DE_wiec_DGB,1990,Lata,DE,DGB,wiec,name,DGB,False,zwiazkowe,1990. East German May 1st rally in Lustgarten,"Lustgarten, Museumsinsel, Mitte.

1990: FDGB auftakt rally, ~7,000 participants. First joint East-West May Day event since 1947. (1990_DE; ND 2.05.1990)",,,Point,,"52.5185383,13.399396320043286","52.5185383,13.399396320043286",0,1__mai_berlin_aktualna_14_.geojson,,False
1995_DE_wiec_DGB,1995,Lata,DE,DGB,wiec,geometria,DGB,False,zwiazkowe,Köllnischer Park,"Köllnischer Park, Mitte.

1995: DGB Berlin main rally site. ~10,000 participants — more than expected; square too small. Main speaker: Manfred Birkhahn (HBV). Focus: 50th anniversary of liberation from fascism. (1995_DE; ND 28.04.1995)",,,Point,,"52.5130928,13.414440081646378","52.5130928,13.414440081646378",2,1__mai_berlin_aktualna_14_.geojson,,True
1990_DE_wiec_DGB_a,1990,Lata,DE,DGB,wiec,name,DGB,False,zwiazkowe,Platz der Republik – joint rally,"Platz der Republik, before the Reichstag, Tiergarten.

1990: Joint end-rally for East and West German trade unions. ~60,000 participants. Speakers: Ernst Breit (DGB), Helga Mausch (FDGB), Gregor Gysi (PDS), Ingrid Boche. First joint celebration since 1947. (1990_DE; taz 2.05.1990)
1991: End-rally. ~25,000–30,000. Speaker: Christiane Bretz (DGB Berlin). Central DGB event in Halle. (1991_DE)
1992 onwards: No longer main DGB Berlin rally site — replaced by Lustgarten (1992–1994), Köllnischer Park (1995), Rotes Rathaus (1996–2005), Brandenburger Tor (2006–2019). (1992_DE onwards)

[Open in Obsidian by year: see individual year notes 1990_DE–2019_DE]",,,Point,,"52.51867525,13.373124868231805","52.51867525,13.373124868231805",4,1__mai_berlin_aktualna_14_.geojson,,False
1991_DE_wiec_DGB,1991,Lata,DE,DGB,wiec,name,DGB,False,zwiazkowe,Platz der Republik – joint rally,"Platz der Republik, before the Reichstag, Tiergarten.

1990: Joint end-rally for East and West German trade unions. ~60,000 participants. Speakers: Ernst Breit (DGB), Helga Mausch (FDGB), Gregor Gysi (PDS), Ingrid Boche. First joint celebration since 1947. (1990_DE; taz 2.05.1990)
1991: End-rally. ~25,000–30,000. Speaker: Christiane Bretz (DGB Berlin). Central DGB event in Halle. (1991_DE)
1992 onwards: No longer main DGB Berlin rally site — replaced by Lustgarten (1992–1994), Köllnischer Park (1995), Rotes Rathaus (1996–2005), Brandenburger Tor (2006–2019). (1992_DE onwards)

[Open in Obsidian by year: see individual year notes 1990_DE–2019_DE]",,,Point,,"52.51867525,13.373124868231805","52.51867525,13.373124868231805",4,1__mai_berlin_aktualna_14_.geojson,,False
1994_DE_festyn_DGB,1994,Lata,DE,DGB,festyn,name,DGB,False,zwiazkowe,1994 DGB-Jugend Tanz in den Mai,19:00 Na zakończenie akcji *Unsere Toleranz hat Grenzen! Gegen Rassismus und Naziterror!* DGB-Jugend organizuje Tanz in den Mai (ulotka DGBG000664),,1500,Point,,"52.4936405,13.3876998","52.4936405,13.3876998",6,1__mai_berlin_aktualna_14_.geojson,,False
2000_DE_festyn_DGB,2000,Lata,DE,DGB,festyn,name,DGB,False,zwiazkowe,2000-2003 DGB Tanz in den Mai,"The idea for Tanz in den Mai event in front of the Rotes Rathaus was connected with the Bürgermeisterempfang. Although the event organised by DGB Jugend was organised independently, after Bürgermeisterempfang finished, its participants were welcomed to join the ""Tanz in den Mai"" event

*Die AG schlägt vor, dass gepruft werden soll, welche Kosten durch den Aufbau eines Zeltes für 700 - 800 Personen entstehen. Eine Vorabendveranstaltung Open air” wird als nicht realistisch angesehen. Der Vorteil einer Veranstaltung im Zelt liegt darin, dass die TeilnehmerInnen des Empfangs beim Regierenden Bürgermeister unter dem Dach der Gewerkschaften weiterfeiern können und auch Kolleginnen, die keine Karte für den Empfang erhalten haben, Gelegenheit zum Feiern erhalten. Außerdem kann das Zelt am 1. Mai auch für Diskus-sionsrunden genutzt werden.* (Konzeptionelle Vorschläge des AG 1. Mai, DGBG 31.07.2000)

## 2000
am Vorabend: openair Tanz in den Mai ab 15.00 Uhr an der Bühne (web.archive berlin brandenburg DGB)

## 2001
17-22
Gegen Dummheit, Hass und Gewalt
*eine gesellige Veranstaltung zur Einleitung des Maifestes. Es erwarten Sie Live-Bands, DJ's und Gesprächspartner aus den Gewerkschaften**

## 2002
*""Tanz in den Mai"" und ""DGB-Jugend Party""  
Am 30. April 2002 ab 17.00 Uhr - 0.00 Uhr* 

**vor dem Roten Rathaus, mit Live-Band und Gesprächspartnern aus den Gewerkschaften**

## 2003
30.04
*12 bis 24 Uhr Infomarkt, Mai-Empfang, Rock gegen Rechts am Roten Rathaus mit DGB-Jugend;* (ND 30.04.2003)

No indications after 2003",,750,Point,,"52.519746,13.409028","52.519746,13.409028",7,1__mai_berlin_aktualna_14_.geojson,,False
2001_DE_festyn_DGB,2001,Lata,DE,DGB,festyn,name,DGB,False,zwiazkowe,2000-2003 DGB Tanz in den Mai,"The idea for Tanz in den Mai event in front of the Rotes Rathaus was connected with the Bürgermeisterempfang. Although the event organised by DGB Jugend was organised independently, after Bürgermeisterempfang finished, its participants were welcomed to join the ""Tanz in den Mai"" event

*Die AG schlägt vor, dass gepruft werden soll, welche Kosten durch den Aufbau eines Zeltes für 700 - 800 Personen entstehen. Eine Vorabendveranstaltung Open air” wird als nicht realistisch angesehen. Der Vorteil einer Veranstaltung im Zelt liegt darin, dass die TeilnehmerInnen des Empfangs beim Regierenden Bürgermeister unter dem Dach der Gewerkschaften weiterfeiern können und auch Kolleginnen, die keine Karte für den Empfang erhalten haben, Gelegenheit zum Feiern erhalten. Außerdem kann das Zelt am 1. Mai auch für Diskus-sionsrunden genutzt werden.* (Konzeptionelle Vorschläge des AG 1. Mai, DGBG 31.07.2000)

## 2000
am Vorabend: openair Tanz in den Mai ab 15.00 Uhr an der Bühne (web.archive berlin brandenburg DGB)

## 2001
17-22
Gegen Dummheit, Hass und Gewalt
*eine gesellige Veranstaltung zur Einleitung des Maifestes. Es erwarten Sie Live-Bands, DJ's und Gesprächspartner aus den Gewerkschaften**

## 2002
*""Tanz in den Mai"" und ""DGB-Jugend Party""  
Am 30. April 2002 ab 17.00 Uhr - 0.00 Uhr* 

**vor dem Roten Rathaus, mit Live-Band und Gesprächspartnern aus den Gewerkschaften**

## 2003
30.04
*12 bis 24 Uhr Infomarkt, Mai-Empfang, Rock gegen Rechts am Roten Rathaus mit DGB-Jugend;* (ND 30.04.2003)

No indications after 2003",,750,Point,,"52.519746,13.409028","52.519746,13.409028",7,1__mai_berlin_aktualna_14_.geojson,,False
2002_DE_festyn_DGB,2002,Lata,DE,DGB,festyn,name,DGB,False,zwiazkowe,2000-2003 DGB Tanz in den Mai,"The idea for Tanz in den Mai event in front of the Rotes Rathaus was connected with the Bürgermeisterempfang. Although the event organised by DGB Jugend was organised independently, after Bürgermeisterempfang finished, its participants were welcomed to join the ""Tanz in den Mai"" event

*Die AG schlägt vor, dass gepruft werden soll, welche Kosten durch den Aufbau eines Zeltes für 700 - 800 Personen entstehen. Eine Vorabendveranstaltung Open air” wird als nicht realistisch angesehen. Der Vorteil einer Veranstaltung im Zelt liegt darin, dass die TeilnehmerInnen des Empfangs beim Regierenden Bürgermeister unter dem Dach der Gewerkschaften weiterfeiern können und auch Kolleginnen, die keine Karte für den Empfang erhalten haben, Gelegenheit zum Feiern erhalten. Außerdem kann das Zelt am 1. Mai auch für Diskus-sionsrunden genutzt werden.* (Konzeptionelle Vorschläge des AG 1. Mai, DGBG 31.07.2000)

## 2000
am Vorabend: openair Tanz in den Mai ab 15.00 Uhr an der Bühne (web.archive berlin brandenburg DGB)

## 2001
17-22
Gegen Dummheit, Hass und Gewalt
*eine gesellige Veranstaltung zur Einleitung des Maifestes. Es erwarten Sie Live-Bands, DJ's und Gesprächspartner aus den Gewerkschaften**

## 2002
*""Tanz in den Mai"" und ""DGB-Jugend Party""  
Am 30. April 2002 ab 17.00 Uhr - 0.00 Uhr* 

**vor dem Roten Rathaus, mit Live-Band und Gesprächspartnern aus den Gewerkschaften**

## 2003
30.04
*12 bis 24 Uhr Infomarkt, Mai-Empfang, Rock gegen Rechts am Roten Rathaus mit DGB-Jugend;* (ND 30.04.2003)

No indications after 2003",,750,Point,,"52.519746,13.409028","52.519746,13.409028",7,1__mai_berlin_aktualna_14_.geojson,,False
2003_DE_festyn_DGB,2003,Lata,DE,DGB,festyn,name,DGB,False,zwiazkowe,2000-2003 DGB Tanz in den Mai,"The idea for Tanz in den Mai event in front of the Rotes Rathaus was connected with the Bürgermeisterempfang. Although the event organised by DGB Jugend was organised independently, after Bürgermeisterempfang finished, its participants were welcomed to join the ""Tanz in den Mai"" event

*Die AG schlägt vor, dass gepruft werden soll, welche Kosten durch den Aufbau eines Zeltes für 700 - 800 Personen entstehen. Eine Vorabendveranstaltung Open air” wird als nicht realistisch angesehen. Der Vorteil einer Veranstaltung im Zelt liegt darin, dass die TeilnehmerInnen des Empfangs beim Regierenden Bürgermeister unter dem Dach der Gewerkschaften weiterfeiern können und auch Kolleginnen, die keine Karte für den Empfang erhalten haben, Gelegenheit zum Feiern erhalten. Außerdem kann das Zelt am 1. Mai auch für Diskus-sionsrunden genutzt werden.* (Konzeptionelle Vorschläge des AG 1. Mai, DGBG 31.07.2000)

## 2000
am Vorabend: openair Tanz in den Mai ab 15.00 Uhr an der Bühne (web.archive berlin brandenburg DGB)

## 2001
17-22
Gegen Dummheit, Hass und Gewalt
*eine gesellige Veranstaltung zur Einleitung des Maifestes. Es erwarten Sie Live-Bands, DJ's und Gesprächspartner aus den Gewerkschaften**

## 2002
*""Tanz in den Mai"" und ""DGB-Jugend Party""  
Am 30. April 2002 ab 17.00 Uhr - 0.00 Uhr* 

**vor dem Roten Rathaus, mit Live-Band und Gesprächspartnern aus den Gewerkschaften**

## 2003
30.04
*12 bis 24 Uhr Infomarkt, Mai-Empfang, Rock gegen Rechts am Roten Rathaus mit DGB-Jugend;* (ND 30.04.2003)

No indications after 2003",,750,Point,,"52.519746,13.409028","52.519746,13.409028",7,1__mai_berlin_aktualna_14_.geojson,,False
1990_DE_festyn_DGB,1990,Lata,DE,DGB,festyn,name,DGB,False,zwiazkowe,DGB Maifest 1990,"First joint rally in Berlin since 1948;

10:45	Berliner Hymnentafel: ""Wann wir schreiten...""
10:48	We Shall Overcome
10:55	Friede auf unserer Erde
10:58	Für Freiheit und Recht
11:00	Start of ARD live broadcast
11:03	Solidaritätslied
11:06	Lied der Freiheit (Nabucco)
11:10	Rede Michael Pagels
11:18	Rede Ingrid Boche
11:23	Rede Ernst Breit
11:43	Rede Rosemarie Lubasch
11:48	Rede Mathias Oertel
11:56	Rede Johan Stekelenburg
12:05	Brüder zur Sonne, zur Freiheit (Hymnentafel)
IG Metall-Bühne	
12:08	Petticoats
12:38	IG Metall-Chor
13:53	Gruppe ""Erich Weinert""
14:38	Gruppe aus Eisenhüttenstadt
15:08	Petticoats
DGB-Jugend-Bühne	
12:30	TTS
13:25	Ramikuna
14:25	Das Gelbe vom Ei
15:30	Beginn Abbau",,56667,Point,,"52.518663,13.372787","52.518663,13.372787",8,1__mai_berlin_aktualna_14_.geojson,,False
1991_DE_festyn_DGB,1991,Lata,DE,DGB,festyn,name,DGB,False,zwiazkowe,DGB Maifest 1991,"10:30-11:00 Berliner Singgemeinschaft Märkisches Ufer – Der Mai ist gekommen; Wenn wir schreiten Seit an Seit

11:00 Begrüßung Berd Riessmann
11:15 Christiane Bretz (DGB BB Vorsitzende), Holger Kasselow (Betriebsratvorsitzende Werks für Fernsehelektronik (WF))
Speeches:

11:45 Political and cultural programme
Tiemponuevo (Chilean music)
Distel (Berlin cabaret)
Bügelbrett (cabaret)
Angelika Weiz (singer)",,10000,Point,,"52.518663,13.372787","52.518663,13.372787",9,1__mai_berlin_aktualna_14_.geojson,,False
1992_DE_festyn_DGB,1992,Lata,DE,DGB,festyn,name,DGB,False,zwiazkowe,DGB Maifest 1992,"1992 **Lustgarten rally as a sign of Berlin's unification**
*Sie werden sicher wissen, daß der Deutsche Gewerkschaftsbund, Landesbezirk Berlin-Brandenburg, am 1. Mai 1992 erstmals seine Maikundgebung im Lustgarten durchgeführt hat, nachdem diese traditionellen Veranstaltungen bis 1991 vordem Reichstag stattfanden. Unsere Absicht dabei war, ein politisches Zeichen für den Zusammenschluß Berlins zu setzen und auch die künftigen Maikundgebungenim Bereich des Lustgartens durchzuführen* (Bernd Rissmann in a letter to Gerhard Keil, Bezirk Mitte Bürgermeister, 26.08.1992; DGBG000664)

10:20	Großes Berliner Blasorchester
11:00	Christiane Bretz (chair, DGB Berlin/Brandenburg)
11:00	Chair of the European Trade Union Confederation (ETUC)
12:00	Großes Berliner Blasorchester (second set)
12:45	Tiemponuevo
13:30	Schauorchester Ungelenk
14:30	Familie Kuklew
15:00	Die Zöllner
16:00	End",,25600,Point,,"52.519067,13.399352","52.519067,13.399352",10,1__mai_berlin_aktualna_14_.geojson,,False
1993_DE_festyn_DGB,1993,Lata,DE,DGB,festyn,name,DGB,False,zwiazkowe,DGB Maifest 1993,"11:00 - Hauptveranstaltung DGB Lustgarten (Familienfest)

**Speeches:**
* Yilmaz Karahasan (member of IG Metall Bundesvorstand)
* Burgunde Grosse (vorsitzende DGB Kreis Berlin-Nord)
* Ursula Schäfer (vorsitzende DGB Kreis Berlin-Süd)
Renft Combo, Distel Kabaret, Berliner Blaßorchestra as element of cultural programme",,28333,Point,,"52.519067,13.399352","52.519067,13.399352",11,1__mai_berlin_aktualna_14_.geojson,,False
1994_DE_festyn_DGB_a,1994,Lata,DE,DGB,festyn,name,DGB,False,zwiazkowe,DGB Maifest 1994,"**Introduction and moderation**
* Burgunde Grosse (vorsitzende DGB Kreis Berlin-Nord)
* Ursula Schäfer (vorsitzende DGB Kreis Berlin-Süd)
**Speech**
Irmgard Meyer (Bundesvorstand IG BSE)
Constanze Lindemeyer (Bezirksvorsitzende IG Metall)
**Cutural Programme**
Die Petticoats
BSR Orchester
BVG Orchester
(u.a. Roter Adler, Berliner Luft)
andere Gruppen",,6000,Point,,"52.519067,13.399352","52.519067,13.399352",12,1__mai_berlin_aktualna_14_.geojson,,False
1995_DE_festyn_DGB,1995,Lata,DE,DGB,festyn,name,DGB,False,zwiazkowe,DGB Maifest 1995,"~10,000 participants — more than expected; square too small. Main speaker: Manfred Birkhahn (HBV). Focus: 50th anniversary of liberation from fascism. (1995_DE; ND 28.04.1995)

*Mehrere tausend Berliner beteiligen sich am 01.05.1995 an der traditionellen Mai Demonstration der Gewerkschaften in Berlin. Bei strahlendem Sonnenschein zogen die Demonstranten durch Kreuzberg zur Kundgebung am Köllnischen Park in Mitte, an der auch Ingrid Stahmer (2.v.r.), SPD-Bewerberin für das Amt des Regierenden Bürgermeisters bei den Wahlen im Oktober, Senatorin Christine Bergmann (SPD/M) und die Berliner PDS Landesvorsitzende Petra Pau (2.v.l.) teilnahmen.* 

- **11:00 – Main Rally and Festival:** DGB rally at Köllnischer Park in Mitte, followed by a May Day festival at the same location.
	- Główny mówca Manfred Birkhahn z HBV

Disruptions caused by kurdish groups",,7400,Point,,"52.513139,13.414135","52.513139,13.414135",13,1__mai_berlin_aktualna_14_.geojson,,False
1996_DE_festyn_DGB,1996,Lata,DE,DGB,festyn,name,DGB,False,zwiazkowe,DGB Maifest 1996,"11:30 - Zentrale Kundgebung des DGB 1996 am Roten Rathaus
Im Anschluss - DGB-Familienfest am Roten Rathaus
Im Anschluss - DGB-Kinderfest in der Spandauer Straße
Im Anschluss - DGB-Talkrunde zur Länderfusion",,16667,Point,,"52.519471,13.40832","52.519471,13.40832",14,1__mai_berlin_aktualna_14_.geojson,,False
1997_DE_festyn_DGB,1997,Lata,DE,DGB,festyn,name,DGB,False,zwiazkowe,DGB Maifest 1997,"Die DGB-Demonstration beginnt morgen um 10 Uhr am Engeldamm 70, am Haus der IG Metall in der Alten Jakobstraße und an der Info-Box am Potsdamer Platz. Die SPD-Spitze demonstriert gemeinsam mit den Gewerkschaften ab 10 Uhr vor dem IG-Metall-Haus. Die zentrale Abschlußkundgebung dazu ist ab 11.30 Uhr vor dem Roten Rathaus (taz)",,9500,Point,,"52.519668,13.407932","52.519668,13.407932",15,1__mai_berlin_aktualna_14_.geojson,,False
1998_DE_festyn_DGB,1998,Lata,DE,DGB,festyn,name,DGB,False,zwiazkowe,DGB Maifest 1998,"Deine Stimme für Arbeit und soziale Gerechtigkeit. Joint event with DAG. 

*Am internationalen Tag der Arbeit waren die Gewerkschaftsmitglieder von den Zentralen der ÖTV und der IG Metall zum Rathaus marschiert. (taz 2.05.1998) Abschlußkundgebung des Sterrunarschesvon DGB und DAG: 11.30,Rotes Rathaus; (taz 30.04.1998)*",,13875,Point,,"52.519471,13.40832","52.519471,13.40832",16,1__mai_berlin_aktualna_14_.geojson,,False
1999_DE_festyn_DGB,1999,Lata,DE,DGB,festyn,name,DGB,False,zwiazkowe,DGB Maifest 1999,"Wenn die Demonstrationszüge der Gewerkschaften vor dem Roten Rathaus eintreffen, herrscht ab 11 Uhr 30 gewerkschaftliche Volksfeststimmung. Reden halten wird zu Beispiel Detlef Hensche, Vorsitzender der IG Medien. Die SPD ist mit Walter Momper dabei. (Neues Deutschland)",,10400,Point,,"52.519471,13.40832","52.519471,13.40832",17,1__mai_berlin_aktualna_14_.geojson,,False
2000_DE_festyn_DGB_a,2000,Lata,DE,DGB,festyn,name,DGB,False,zwiazkowe,DGB Maifest 2000,"11.30 DGB-Kundgebung vorm Roten Rathaus, anschließend Maifest am Neptunbrunnen.",,11400,Point,,"52.519471,13.40832","52.519471,13.40832",18,1__mai_berlin_aktualna_14_.geojson,,False
2001_DE_festyn_DGB_a,2001,Lata,DE,DGB,festyn,name,DGB,False,zwiazkowe,DGB Maifest 2001,"Ort/Beginn 	Berlin Platz vor dem Roten Rathaus, 11.30 Uhr
Rednerin/Redner 	Begrüßung: Ursula Schäfer/DGB

es sprechen:
Rainer Knerler/IG BAU
Norbert Hocke/GEW
Programm 	

10.00 Uhr:
Demonstrationszüge der Gewerkschaften jeweils ab IG Metall-Haus(Alte Jakobstr.), ÖTV-Haus(Engeldamm, Michael-Kirch-Platz) , und ab DGB-Bundesvorstand (Hackescher Markt) .

11.30 Uhr:
Kundgebung und Kulturprogramm

(berlin-brandenburg.dgb.de)",,16683,Point,,"52.519471,13.40832","52.519471,13.40832",19,1__mai_berlin_aktualna_14_.geojson,,False
2002_DE_festyn_DGB_a,2002,Lata,DE,DGB,festyn,name,DGB,False,zwiazkowe,DGB Maifest 2002,"Performances at the DGB May Festival in 2002:

the school trumpet band
dancers from the Balkans
the percussion and fanfare band
two Turkish musicians
a Brazilian band
a percussion group from Prenzlauer Berg 04300051.JPG
Der volksfestartige Charakter dieser Maifeier wird zudem durch den zweiten Teil des Buhnenprogramms unterstrichen, der aus vier sehr verschiedenen musischen Angeboten besteht: eine Trommlergruppe von Schiilern, die nach ihrem Aussehen und Verhalten der Alternativkultur zuneigen; eine Gruppe von Tanzerinnen aus dem Balkan in farbenfroher Tracht, die jedoch aufgrund ihrer Platzierung unterhalb der Buhne kaum zu sehen ist; dem vielkopfigen Trommler- und Fanfarenzug, der in seinem paramilitarischen Aussehen und Auftreten selbst auf einer rechtsradikalen Veranstaltung kaum als Fremdkorper empfunden wurde; weiterhin zwei turkische Musiker und schlieBlich eine eher besinnlich aufspielende brasilianischen Gruppe. (Rucht, 2003, p. 38)",,13500,Point,,"52.519471,13.40832","52.519471,13.40832",20,1__mai_berlin_aktualna_14_.geojson,,False
2003_DE_festyn_DGB_a,2003,Lata,DE,DGB,festyn,name,DGB,False,zwiazkowe,DGB Maifest 2003,"""Berlin braucht Arbeit, Bildung Zukunft"", meinen die Gewerkschaften ab 10 Uhr am Brandenburger Tor. Solidarische Kradfahrer brummen gleichzeitig vom Olympischen Platz. Zum Abschluss vorm Roten Rathaus grüßt DGB-Chef Dietmar Scholz. Um 15 Uhr rocken dort die unvermeidlichen Puhdys. (taz 30.04.2003)",,13500,Point,,"52.519471,13.40832","52.519471,13.40832",21,1__mai_berlin_aktualna_14_.geojson,,False
2004_DE_festyn_DGB,2004,Lata,DE,DGB,festyn,name,DGB,False,zwiazkowe,DGB Maifest 2004,"START DEMOZUG
10.00 Uhr Brandenburger Tor (Platz d. 18. März)

TREFF MOTORRAD-CORSO
10.00 Uhr Charlottenburg Olympischer Platz

KUNDGEBUNG
11.30 Uhr Platz vor dem Roten Rathaus
Begrüßung:
Bernd Rissmann, stellvertretender Vorsitzender des DGB Berlin-Brandenburg
Grußwort:
Tony Janssen, Präsident des Europäischen Metallgewerkschaftsbundes
Hauptredner:
Michael Sommer, Vorsitzender des DGB Bundesvorstandes
MAIFEST mit Kinderprogramm ab 13.00 Uhr

The line-up includes, amongst others, the band Flashback from Cologne",,20667,Point,,"52.519471,13.40832","52.519471,13.40832",22,1__mai_berlin_aktualna_14_.geojson,,False
2005_DE_festyn_DGB,2005,Lata,DE,DGB,festyn,name,DGB,False,zwiazkowe,DGB Maifest 2005,"Mai Kinder- und Familienfest
Hinter dem Neptunbrunnen
steigt von 11:00 bis 18:00 Uhr ein großes Fest für Kinder, Jugendliche und Eltern. Neben Spielen und Sportaktivitäten gibt es auch eine Menge von Mitmachangeboten und Informationen.",,10667,Point,,"52.519341,13.407504","52.519341,13.407504",23,1__mai_berlin_aktualna_14_.geojson,,False
2006_DE_festyn_DGB,2006,Lata,DE,DGB,festyn,name,DGB,False,zwiazkowe,DGB Maifest 2006,"DGB-Landeschef Dieter Scholz nannte in seiner Ansprache weitere Betriebe, in denen Arbeitsplatzabbau droht: Telekom, Schering, Samsung, Coca-Cola, S-Bahn... Scholz erinnerte außerdem daran, dass sich die Gewerkschaften in schwierigen und sehr grundsätzlichen Auseinandersetzungen befinden. Es würden nicht nur immer weniger Leute eine Beschäftigung finden. Viele könnten sich mit ihren niedrigen Löhnen oder Renten auch kaum über Wasser halten. ""Arbeit darf nicht arm machen"", sagte auch Verdi-Bundeschef Frank Bsirske. Nach seinen Angaben gebe es in 60 Prozent der bundesdeutschen Betriebe keine Mitarbeiter mehr über 60 Jahre. Dennoch werde weiter eine Erhöhung des Renteneintrittsalters diskutiert. Bsirske berichtete von einer Verkäuferin, die nach 42 Berufsjahren nicht einmal 700 Euro Rente erhalte. Der Verdi-Bundeschef forderte einen gesetzlichen Mindeststundenlohn von 7,50 Euro, der Zug um Zug auf neun Euro klettern müsse. ""Löhne, die anständiges Leben ermöglichen"", der Verdi-Chef Frank Bsirske. Bsirske redete fast 40 Minuten lang. Da hatten sich viele Gewerkschafter schon auf die Straße des 17. Juni zurückgezogen. Dort konnten sich die Berliner bis in den Abend rund um die Stände der Gewerkschaften bei Bier und Würstchen stärken, und eine ""schön laute 1.Mai-Tröte"" für drei Euro kaufen. Die vielen ungemütlichen Holzbänke waren bis nachmittags dicht besetzt. (Berliner Zeitung)",,17000,Point,,"52.516325,13.375253","52.516325,13.375253",24,1__mai_berlin_aktualna_14_.geojson,,False
2007_DE_festyn_DGB,2007,Lata,DE,DGB,festyn,name,DGB,False,zwiazkowe,DGB Maifest 2007,"Beginn: **11:00** Uhr, nach Eintreffen v. Demo, Lauf, Skating, Fahrrad + Motorrad-Korso.  
Anschließend großer Infomarkt  
  
Es sprechen nach Ankunft aller Demo- Züge (Motorrad, Lauf, Skater u. Fahrrad sowie traditioneller Demo- Zug):  

- **Doro Zinke,** stellvertretende Vorsitzende des DGB Bezirks Berlin-Brandenburg
- **Alexandru Rus,** Vizepräsident, FSS Metarom Rumänien
- **Annelie Buntenbach,** stellvertretende Bundesvorsitzende des Deutschen Gewerkschaftsbundes
- **Jessica Sauerwald,** Vorsitzende der Auszubildenden- Vertretung von Telekom in Berlin

Moderatorion: Markus Plagmann  
  
Es spielt die ultimative Partyrockband BIBA & DIE BUTZEMÄNNER",,9750,Point,,"52.516247,13.375554","52.516247,13.375554",25,1__mai_berlin_aktualna_14_.geojson,,False
2008_DE_festyn_DGB,2008,Lata,DE,DGB,festyn,name,DGB,False,zwiazkowe,DGB Maifest 2008,"1. Mai-Kundgebung 2008 07.03.2008

Mai-Kundgebung vor dem Brandenburger Tor auf dem Platz des 18. März (Straße des 17. Juni)
10:00 Uhr, Treff Brandenburger Tor 11:30 Uhr, Kundgebung

Programm: Rede Susanne Stumpenhusen, Talk mit Betriebs- und Personalräten, Beiträge von amnesty international und der „Busfahrer gegen Gewalt und Vandalismus"", anschl. Live-Musik, Breakdance, Talk, Großer Infomarkt

Vor das Brandenburger Tor, auf die Straße des 17. Juni, hatten die Gewerkschaften ihre Mitglieder zur Kundgebung geladen. Trotz des Regens zogen am Vormittag rund 5 000 Menschen vom DGB-Haus am Wittenbergplatz zum Brandenburger Tor. Vor der großen Bühne versammelten sich nach der Demonstration weit mehr als 6 000 Menschen. ""Gute Bezahlung muss drin sein!"" und ""Innovation statt Billiglohn!"" lauteten die Hauptforderungen. An rund 80 Ständen von Gewerkschaften, Parteien und Organisationen wurde bei Bratwurst und Bier teils heftig diskutiert. Über zu niedrige Löhne und die ""arbeitnehmerfeindliche Politik des rot-roten Senats"" (BZ 2.05.2008)",,5500,Point,,"52.516299,13.375511","52.516299,13.375511",26,1__mai_berlin_aktualna_14_.geojson,,False
2009_DE_festyn_DGB,2009,Lata,DE,DGB,festyn,name,DGB,False,zwiazkowe,DGB Maifest 2009,"11:30 Uhr: Mai-KundgebungBühne auf dem Platz des 18. März
Hauptrede: 
Dieter Scholz, Vorsitzender des DGB Bezirk Berlin-Brandenburg 
Anschließend Bühnenprogramm bis 18:00 Uhr
Talk, Live- Musik, Dance, Kabarett,…Kleines Bühnenprogramm
Infomarkt, Kinder- und Familienfest
Straße des 17. Juni bis Brandenburger Tor
Musik, Essen, Trinken, Spiele, Hüpfburgen
Kleines Bühnenprogramm

**Cultural Programme**
* NGG Blaßorchester
* die Busfahrer 
* young hip-hop group
* Team Selaxion – youth dance group [[IMG_1508.JPG",,11250,Point,,"52.516247,13.375511","52.516247,13.375511",27,1__mai_berlin_aktualna_14_.geojson,,False
2010_DE_festyn_DGB,2010,Lata,DE,DGB,festyn,name,DGB,False,zwiazkowe,DGB Maifest 2010,"Im Anschluss an seine Kundgebung zum Tag der Arbeit lädt der Deutsche Gewerkschaftsbund (DGB) am Brandenburger Tor/Straße des 17. Juni zum Familienfest. 11-18 Uhr, Eintritt frei. (Berliner Zeitung)",,9750,Point,,"52.516188,13.376187","52.516188,13.376187",28,1__mai_berlin_aktualna_14_.geojson,,False
2011_DE_festyn_DGB,2011,Lata,DE,DGB,festyn,name,DGB,False,zwiazkowe,DGB Maifest 2011,"Beginn: ca. 11:30 Uhr vor dem Brandenburger Tor auf dem Platz des 18.März (Straße des 17. Juni)
Hauptrede: Annelie Buntenbach, Mitglied des DGB Bundesvorstandes

Anschließend Bühnenprogramm bis 18:00 Uhr Talk, Live-Musik, Dance, Bands:
mit Nina Hagen und Band ruheSTörung, Art of Dance,
BiBA & die Butzemänner, Jörg Erb & Bernard G. Mulla",,11500,Point,,"52.516188,13.376187","52.516188,13.376187",29,1__mai_berlin_aktualna_14_.geojson,,False
2012_DE_festyn_DGB,2012,Lata,DE,DGB,festyn,name,DGB,False,zwiazkowe,DGB Maifest 2012,"Europa spart falsch - Gewerkschaftsarbeit aktueller denn je! (DGB Region Berlin | Tag Der Arbeit 2012, 2012)
11:30 Uhr: Mai-Kundgebung Platz des 18. März
Bühne vor dem Brandenburger Tor
Hauptrede: Ulrich Thöne, Vorsitzender der GEW
Gastrede vom Spanischen Gewerkschaftsbund CCOO

Anschließend Maifest mit Infomarkt Straße des 17. Juni
mit BiBA & die Butzemänner Die PartyShowBand … Cover-Music vom Feinsten
sowie weitere Live-Musik, Hip-Hop, Dance, Talk, Bands, …",,12625,Point,,"52.51643,13.379116","52.51643,13.379116",30,1__mai_berlin_aktualna_14_.geojson,,False
2013_DE_festyn_DGB,2013,Lata,DE,DGB,festyn,name,DGB,False,zwiazkowe,DGB Maifest 2013,"Bühnenprogramm 
REDEN  
10:00 Uhr Erste Ansagen: Demo ist losgegangen ...  Dazwischen immer Musik von CD 
11:00 Uhr Begrüßung: Karsten Berlin: Erste Moderation  Meldungen von den Demos, Europa ... 11:15 Uhr Begrüßung von Motorrad-Korso und Fahrrad-Korso 

11:30 Uhr: Mai-Kundgebung Platz des 18. März
Bühne vor dem Brandenburger Tor
Doro Zinke, Vorsitzende des DGB Berlin-Brandenburg
Lars Lindgren, Präsident Europäische Transportarbeiterföderation

11:30 Uhr Begrüßung des Demonstrationszuges  DGB-Jugend-Lkw macht Musik und Ansagen (Ebertstraße Süd) 
11:35 Uhr Talk mit Gewerkschaftsjugend: Jeremy Arndt (ver.di) Jugendvorstand Berlin  Themen: Jugendforderungen und News zur Anti-Nazi-Demo
11:50 Uhr Talk zur Forderung Tarifvertrag für Mitarbeiter bei Berliner Volkshochschulen  Beate Strenge (ver.di), VHS-Dozent/innen-Vertretung  
12:00 Uhr NN (IG BAU), Gebäudereiniger/in  Thema: Tarifrunde 2013 
12:05 Uhr Begrüßung: Doro Zinke, Vorsitzende des DGB Berlin-Brandenburg 12:10 Uhr Hauptrede: Lars Lindgren, Präsident d. Europ. Transportarbeiterförderation Talk und kurze Reden von aktiven Gewerkschafter/innen 
12:30 Uhr Philipp Singer (IG Metall), JAV-Vorsitzender BMW Niederlassung Berlin  Thema: Tarifrunde 2013 – Handwerk und M&E Industrie 
12:35 Uhr Katrin Dornheim (EVG), BR-Vorsitzende b. Station &Service Zentrale DB AG  Thema: Stolperstein-Aktion für ermordete Gewerkschafter/innen 
12:40 Uhr Roland Hanke (IG BCE), Betriebsrat bei Bayer Pharma  Thema: Aktuelles 
12:45 Uhr Claudia Spreen (ver.di), Vorsitzende Bezirks-Erwerbslosenausschuss  Thema: Vertafelung und Kosten der Unterkunft 
12:50 Uhr Yannis Stathas (Griechenland), Vorsitzender der Betriebsgewerkschaft  des Aluminiumwerkes „Aluminium of Greece“ Rede wird übersetzt 
13:00 Uhr Ende der Kundgebung, Musik von CD, Bühnenumbau 
13:30 Uhr Beginn des Kulturprogramms 

Anschließend Maifest mit Infomarkt Straße des 17. Juni
Live-Musik, Hip-Hop, Dance, Talk, Bands, …
mit BiBA & die Butzemänner
Die PartyShowBand … Cover-Music vom Feinsten
sowie weitere Live-Musik, Hip-Hop, Dance, Talk, Bands

bis 19:00 Uhr: Kinder-, Jugend- und Familienfest
BSR-Spiele, Musik, Essen, Trinken, Hüpfburgen",,9750,Point,,"52.51643,13.379116","52.51643,13.379116",31,1__mai_berlin_aktualna_14_.geojson,,False
2014_DE_festyn_DGB,2014,Lata,DE,DGB,festyn,name,DGB,False,zwiazkowe,DGB Maifest 2014,"11:30 Uhr: Mai-Kundgebung auf dem Platz des 18. März
Begrüßung: Christian Hoßbach, Stellv. Vorsitzender DGB Berlin-Brandenburg
Hauptrede: Irene Schulz, IG Metall Vorstand
Außerdem: Weitere aktuelle Beiträge aus den Gewerkschaften

Anschließend: Maifest mit Infomarkt in der Straße des 17. Juni
Auf der Bühne: BiBA & die Butzemänner
Die PartyShowBand … Cover-Musik vom Feinsten
sowie weitere Live-Musik, Dance, Talk, Bands

bis 19:00 Uhr: Kinder- und Familienfest
BSR-Spiele, Musik, Essen, Trinken, Hüpfburgen",,10000,Point,,"52.51643,13.379116","52.51643,13.379116",32,1__mai_berlin_aktualna_14_.geojson,,False
2015_DE_festyn_DGB,2015,Lata,DE,DGB,festyn,name,DGB,False,zwiazkowe,DGB Maifest 2015,,,15000,Point,,"52.516299,13.376133","52.516299,13.376133",33,1__mai_berlin_aktualna_14_.geojson,,False
2016_DE_festyn_DGB,2016,Lata,DE,DGB,festyn,name,DGB,False,zwiazkowe,DGB Maifest 2016,,,14000,Point,,"52.516234,13.37639","52.516234,13.37639",34,1__mai_berlin_aktualna_14_.geojson,,False
2017_DE_festyn_DGB,2017,Lata,DE,DGB,festyn,name,DGB,False,zwiazkowe,DGB Maifest 2017,,,14000,Point,,"52.51643,13.379116","52.51643,13.379116",35,1__mai_berlin_aktualna_14_.geojson,,False
2018_DE_festyn_DGB,2018,Lata,DE,DGB,festyn,name,DGB,False,zwiazkowe,DGB Maifest 2018,,,9500,Point,,"52.51643,13.379116","52.51643,13.379116",36,1__mai_berlin_aktualna_14_.geojson,,False
2019_DE_festyn_DGB,2019,Lata,DE,DGB,festyn,name,DGB,False,zwiazkowe,DGB Maifest 2019,,,13000,Point,,"52.51643,13.379116","52.51643,13.379116",37,1__mai_berlin_aktualna_14_.geojson,,False
1990_DE_demonstracja_DGB,1990,Lata,DE,DGB,demonstracja,name,DGB,False,zwiazkowe,1990 East German Demonstration,"*Aufgerfen, sich 9 Uhr zur Kundgebung im Lustgarten zu treffen, haben die Grüne Liga, der Unabhängige Frauenverband, der DFD, die Vereinigte Linke, derUnabhängige SozialistischeJu-gendverband, die AlternativeLinke Liste, die Aktionsgemeinschaft ""Rentner fordern Sicherheit"", der Behindertenverband, Demokratie Initiative 90, der Bezirksausschuß der Volkssolidarität, der Initiativkreis Friedensforum, DIE NELKEN, die KPD sowie die PDS. Im Aufruf heißt es: Für eine solidarische friedliche Welt! Für starke Gewerkschaften und Betriebsräte! Für eine energische Vertretung unserer sozialen Interessen! Wir wollen Gerechtigkeit und keine Almosen! Nur gemeinsam sind wir stark!* (ND 2.05.1990)

*Die 17 Einzelgewerkschaften des FDGBs, die alle als selbständige Organisationen zur Demonstration aufgerufen haben, versammeln sich um 9 Uhr im Lustgarten und wandern zum Brandenburger Tor. Alle Ost- und Westzüge treffen sich zwischen dem eingerüsteten Tor und Potsdamer Platz, um vereinigt Richtung Reichstag zu ziehen. Fehlen werden am Lustgarten die IG-Metaller Ost. Sie treffen sich mit den West-KollegInnen um 8.30 Uhr vor dem IG-Metall-Haus in der Alten Jakobstraße.* (taz 30.04.1990)

Attendance: 16000 (taz)
15000 (ND)",,15000,LineString,2057.8,"52.517958,13.400037","52.518415,13.373837",38,1__mai_berlin_aktualna_14_.geojson,,False
1990_DE_demonstracja_DGB_a,1990,Lata,DE,DGB,demonstracja,geometria,DGB,False,zwiazkowe,1990 IG Metall,"Alte Jacobstrasse – Lindenstrasse – Gitschner Strasse – Mehringdamm – Yorckstrasse – Yorkbrücken – Goebenstrasse – Kulmer Strasse – Bülowstr. – Postdamer Str. – Entlastungsstr. – Platz der Republik (DGBB 651)

IG Metall joined by the IG Metall-Ost (taz 30.04.1990)",,,LineString,6108.3,"52.499099,13.39596","52.518636,13.373022",39,1__mai_berlin_aktualna_14_.geojson,,True
1990_DE_demonstracja_DGB_b,1990,Lata,DE,DGB,demonstracja,name,DGB,False,zwiazkowe,1990 ÖTV Demo,"Joachimstaler Straße, Ecke Lietzenburger Strasse – Joachimstaler Straße – Lietzenburger Strasse – Schlüsterstrasse – Kantstrasse – Breitschiedtplatz – Budapester Strasse – Stülerstrasse – Hofjägerallee – Großer Stern – Spreeweg – John-Forster-Dulles-Alle – Platz der Republik (DGBB 651)",,,LineString,6777.2,"52.500255,13.331013","52.518617,13.372765",40,1__mai_berlin_aktualna_14_.geojson,,False
1990_DE_demonstracja_DGB_c,1990,Lata,DE,DGB,demonstracja,name,DGB,False,zwiazkowe,1990-1991 DGB Demo,"Keithstrasse/Kleiststrasse – Martin Luther Strasse – Hohenstauffenstrasse – Pallastr. – Potsdamer Strasse – Entlastungsstr. – Motklestr. – Platz der Republik (DGBB 651; 653)

Attendance: einige hundert ~ 300 (BZ 2.05.91)",,300,LineString,5164.9,"52.501731,13.345937","52.518702,13.373044",41,1__mai_berlin_aktualna_14_.geojson,,False
1991_DE_demonstracja_DGB,1991,Lata,DE,DGB,demonstracja,name,DGB,False,zwiazkowe,1990-1991 DGB Demo,"Keithstrasse/Kleiststrasse – Martin Luther Strasse – Hohenstauffenstrasse – Pallastr. – Potsdamer Strasse – Entlastungsstr. – Motklestr. – Platz der Republik (DGBB 651; 653)

Attendance: einige hundert ~ 300 (BZ 2.05.91)",,300,LineString,5164.9,"52.501731,13.345937","52.518702,13.373044",41,1__mai_berlin_aktualna_14_.geojson,,False
1991_DE_demonstracja_DGB_a,1991,Lata,DE,DGB,demonstracja,name,DGB,False,zwiazkowe,1991 DGB trade unionist demonstration,"Märkisches Ufer – Brückenstrasse – Stralauer Strasse – Spandauer Strasse – Karl-Liebknecht–Strasse – Unter den Linden – Brandenburger Tor – Strasse der 17. Juni – Entlastungsstrasse – Platz der Republik (DGBB 653)
Attendance: 100 (BZ 2.05.91)",,100,LineString,4831.9,"52.513084,13.412359","52.51865,13.373344",42,1__mai_berlin_aktualna_14_.geojson,,False
1991_DE_demonstracja_DGB_b,1991,Lata,DE,DGB,demonstracja,geometria,DGB,False,zwiazkowe,1991 IG Metall,"Alte Jacobstrasse – Oranienstrasse – Kochstrasse – Friedrichstrasse – Unter den Linden – Brandenburger Tor – Strasse der 17. Juni – Entlastungsstrasse – Platz der Republik (DGBB 653)

1991: Joined by BKG (Bündnis Kritischer Gewerkschafter)
Attendance: 1000 (BZ 2.05.91)",,1000,LineString,4502.2,"52.499079,13.396132","52.518636,13.373108",43,1__mai_berlin_aktualna_14_.geojson,,True
1991_DE_demonstracja_DGB_c,1991,Lata,DE,DGB,demonstracja,name,DGB,False,zwiazkowe,1991 ÖTV Demo,"Lietzenburger Strasse – Nürnburger Strasse – Budapester Strasse – Stülerstrasse – Hofjägerallee – Großer Stern – Spreeweg – John-Forster-Dulles-Alle – Platz der Republik (DGBB 653)

Attendance:
""einige hundert"" ~300 (BZ 2.05.1991)
",,300,LineString,4352.9,"52.500255,13.331013","52.518571,13.373022",44,1__mai_berlin_aktualna_14_.geojson,,False
1992_DE_demonstracja_DGB,1992,Lata,DE,DGB,demonstracja,name,DGB,False,zwiazkowe,1992 – IG BAU/DGB demonstration,"Wallstraße – Märkisches Ufer – Brückenstrasse – Stralauer Strasse – Spandauer Strasse – Karl-Liebknecht-Strasse – Lustgarten (DGBB 657)

",,,LineString,2239.8,"52.513074,13.412193","52.518441,13.399898",45,1__mai_berlin_aktualna_14_.geojson,,False
1992_DE_demonstracja_DGB_a,1992,Lata,DE,DGB,demonstracja,name,DGB,False,zwiazkowe,1992 DGB demonstration,"Kleiststrasse – Nollendorfplatz – Bülowstrasse – Potsdamer Strasse – Potsdamer Brücke – Entlastungsstrasse – Kemper Platz – Strasse der 17. Juni – Brandenburger Tor – Pariser Platz – Unter den Linden – Lustgarten (DGBB 657)

In 1993, only the demonstration from Wallstrasse",,,LineString,5486.0,"52.50163,13.345755","52.518571,13.399715",46,1__mai_berlin_aktualna_14_.geojson,,False
1992_DE_demonstracja_DGB_b,1992,Lata,DE,DGB,demonstracja,geometria,DGB,False,zwiazkowe,1992 IG Metall,Alte Jakobstrasse/Lindenstrasse – Oranienstrasse – Moritzplatz – Heinrich-Heine-Strasse – Brückenstrasse – Jannowitzbrücke – Stalauer Strasse – Molkenmarkt – Spandauer Strasse – Karl-Liebknechtstrasse – Lustgarten (DGBG656). IG Metall joins the Wallstrasse demonstration at Märkisches Ufer/Brückenstrasse (DGBB 657),,,LineString,2789.1,"52.499122,13.396347","52.513723,13.417692",47,1__mai_berlin_aktualna_14_.geojson,,True
1992_DE_demonstracja_DGB_c,1992,Lata,DE,DGB,demonstracja,name,DGB,False,zwiazkowe,1992 ÖTV demonstration,Lietzenburger Strasse – An der Urania – Schillstrasse – Lützowufer – Schöneberger Ufer – Potsdamer Strasse – Potsdamer Platz – Leipziger Platz – Leipziger Strasse – Friedrichstrasse – Unter den Linden – Lustgarten (DGBB 653),,,LineString,6170.7,"52.500588,13.331501","52.518271,13.400273",48,1__mai_berlin_aktualna_14_.geojson,,False
1994_DE_demonstracja_DGB,1994,Lata,DE,DGB,demonstracja,geometria,DGB,False,zwiazkowe,1992-94 IG Metall,"1992 – Alte Jakobstrasse/Lindenstrasse – Oranienstrasse – Moritzplatz – Heinrich-Heine-Strasse – Brückenstrasse – Jannowitzbrücke – Stalauer Strasse – Molkenmarkt – Spandauer Strasse – Karl-Liebknechtstrasse – Lustgarten (DGBG656). IG Metall joins the Wallstrasse demonstration at Märkisches Ufer/Brückenstrasse (DGBB 657)

No definitive proof for 1993-4: given the same timing, I assume the same routes were followed

1992: 9:30
1993: 9:30
1994: 9:30",,,MultiLineString,2789.1,"52.499122,13.396347","52.513723,13.417692",49,1__mai_berlin_aktualna_14_.geojson,,True
1993_DE_demonstracja_DGB,1993,Lata,DE,DGB,demonstracja,geometria,DGB,False,zwiazkowe,1992-94 IG Metall,"1992 – Alte Jakobstrasse/Lindenstrasse – Oranienstrasse – Moritzplatz – Heinrich-Heine-Strasse – Brückenstrasse – Jannowitzbrücke – Stalauer Strasse – Molkenmarkt – Spandauer Strasse – Karl-Liebknechtstrasse – Lustgarten (DGBG656). IG Metall joins the Wallstrasse demonstration at Märkisches Ufer/Brückenstrasse (DGBB 657)

No definitive proof for 1993-4: given the same timing, I assume the same routes were followed

1992: 9:30
1993: 9:30
1994: 9:30

Attendance 1993: 700 IG Metall + 200 Kurden (rbb)",,700,MultiLineString,2789.1,"52.499122,13.396347","52.513723,13.417692",50,1__mai_berlin_aktualna_14_.geojson,,True
1993_DE_demonstracja_DGB_a,1993,Lata,DE,DGB,demonstracja,name,DGB,False,zwiazkowe,1993 ÖTV demonstration,"Lietzenburger Strasse – An der Urania – Schillstrasse – Lützowufer – Schöneberger Ufer – Potsdamer Strasse – Potsdamer Platz – Leipziger Platz – Leipziger Strasse – Friedrichstrasse – Unter den Linden – Lustgarten (DGBB 653, 1992)

Tagesschau 1993 – Seems that they went through the Brandenburger Tor (5:03)

Attendance: 2000 (rbb)",,2000,LineString,5991.7,"52.500588,13.331501","52.518271,13.400273",51,1__mai_berlin_aktualna_14_.geojson,,False
1993_DE_demonstracja_DGB_b,1993,Lata,DE,DGB,demonstracja,name,DGB,False,zwiazkowe,1993-4 – IG BAU/DGB demonstration,"1992: Wallstraße – Märkisches Ufer – Brückenstrasse – Stralauer Strasse – Spandauer Strasse – Karl-Liebknecht-Strasse – Lustgarten (DGBB 657)

1992: 10:00
1993: 10:00
1994: 9:45

No definitive proof for 1993-4: given the same timing, I assume the same routes were followed",,,LineString,2239.8,"52.513074,13.412193","52.518441,13.399898",52,1__mai_berlin_aktualna_14_.geojson,,False
1994_DE_demonstracja_DGB_a,1994,Lata,DE,DGB,demonstracja,name,DGB,False,zwiazkowe,1993-4 – IG BAU/DGB demonstration,"1992: Wallstraße – Märkisches Ufer – Brückenstrasse – Stralauer Strasse – Spandauer Strasse – Karl-Liebknecht-Strasse – Lustgarten (DGBB 657)

1992: 10:00
1993: 10:00
1994: 9:45

No definitive proof for 1993-4: given the same timing, I assume the same routes were followed",,,LineString,2239.8,"52.513074,13.412193","52.518441,13.399898",52,1__mai_berlin_aktualna_14_.geojson,,False
1994_DE_demonstracja_DGB_b,1994,Lata,DE,DGB,demonstracja,name,DGB,False,zwiazkowe,1994 ÖTV demonstration,"1994: 9:30
(Route through Moritzplatz?)",,,LineString,4063.7,"52.506139,13.419591","52.518493,13.399587",53,1__mai_berlin_aktualna_14_.geojson,,False
1995_DE_demonstracja_DGB,1995,Lata,DE,DGB,demonstracja,name,DGB,False,zwiazkowe,1995 DGB/ÖTV demonstration,"1995, 9:30-11:00. Engeldammstrasse – (Moritzplatz) – Kölnischer Park (BZ 29.04.1994)",,,LineString,2337.0,"52.506152,13.419907","52.513048,13.414435",54,1__mai_berlin_aktualna_14_.geojson,,False
1996_DE_demonstracja_DGB,1996,Lata,DE,DGB,demonstracja,geometria,DGB,False,zwiazkowe,1996 – DGB Jugend Job Parade. Deine Einstellung zählt – Perspektive Jetzt,"* Neue Synagogue vorbei (DGB BB Geschäftsbericht 1994-1997)
* Attendance via DGB BB Geschäftsbericht
",,300,LineString,2025.7,"52.52632,13.387422","52.518003,13.407931",55,1__mai_berlin_aktualna_14_.geojson,,True
1996_DE_demonstracja_DGB_a,1996,Lata,DE,DGB,demonstracja,name,DGB,False,zwiazkowe,1996-1999 Demonstration,"1996 – IG Bau, GTB, GdED und NGG sammeln sich vor der Infobox am Potsdamer Platz; (taz 30.04 Demos in Doppelpack)
1997 – Info-Box Richtung Leipziger Platz (rbb 0:03) - Garner Hotel (rbb 0:42) 
Attendance: einige hundert (500)

1998 – (Berliner Zeitung 28.04)
1999",,500,LineString,2612.8,"52.509646,13.378451","52.518578,13.406936",56,1__mai_berlin_aktualna_14_.geojson,,False
1997_DE_demonstracja_DGB,1997,Lata,DE,DGB,demonstracja,name,DGB,False,zwiazkowe,1996-1999 Demonstration,"1996 – IG Bau, GTB, GdED und NGG sammeln sich vor der Infobox am Potsdamer Platz; (taz 30.04 Demos in Doppelpack)
1997 – Info-Box Richtung Leipziger Platz (rbb 0:03) - Garner Hotel (rbb 0:42) 
Attendance: einige hundert (500)

1998 – (Berliner Zeitung 28.04)
1999",,500,LineString,2612.8,"52.509646,13.378451","52.518578,13.406936",56,1__mai_berlin_aktualna_14_.geojson,,False
1996_DE_demonstracja_DGB_b,1996,Lata,DE,DGB,demonstracja,name,DGB,False,zwiazkowe,1996-1999 Demonstration,"## 1996
IG Bau, GTB, GdED und NGG sammeln sich vor der Infobox am Potsdamer Platz; (taz 30.04 Demos in Doppelpack)
## 1997
Info-Box Richtung Leipziger Platz (rbb 0:03) - Garner Hotel (rbb 0:42) 
Attendance: einige hundert (500)

## 1998
 (Berliner Zeitung 28.04)

## 1999",,500,LineString,2612.8,"52.509646,13.378451","52.518578,13.406936",57,1__mai_berlin_aktualna_14_.geojson,,False
1997_DE_demonstracja_DGB_a,1997,Lata,DE,DGB,demonstracja,name,DGB,False,zwiazkowe,1996-1999 Demonstration,"## 1996
IG Bau, GTB, GdED und NGG sammeln sich vor der Infobox am Potsdamer Platz; (taz 30.04 Demos in Doppelpack)
## 1997
Info-Box Richtung Leipziger Platz (rbb 0:03) - Garner Hotel (rbb 0:42) 
Attendance: einige hundert (500)

## 1998
 (Berliner Zeitung 28.04)

## 1999",,500,LineString,2612.8,"52.509646,13.378451","52.518578,13.406936",58,1__mai_berlin_aktualna_14_.geojson,,False
1998_DE_demonstracja_DGB,1998,Lata,DE,DGB,demonstracja,name,DGB,False,zwiazkowe,1996-1999 Demonstration,"## 1996
IG Bau, GTB, GdED und NGG sammeln sich vor der Infobox am Potsdamer Platz; (taz 30.04 Demos in Doppelpack)
## 1997
Info-Box Richtung Leipziger Platz (rbb 0:03) - Garner Hotel (rbb 0:42) 
Attendance: einige hundert (500)

## 1998

 (Berliner Zeitung 28.04)

## 1999",,500,LineString,2612.8,"52.509646,13.378451","52.518578,13.406936",59,1__mai_berlin_aktualna_14_.geojson,,False
1999_DE_demonstracja_DGB,1999,Lata,DE,DGB,demonstracja,name,DGB,False,zwiazkowe,1996-1999 Demonstration,"## 1996
IG Bau, GTB, GdED und NGG sammeln sich vor der Infobox am Potsdamer Platz; (taz 30.04 Demos in Doppelpack)
## 1997
Info-Box Richtung Leipziger Platz (rbb 0:03) - Garner Hotel (rbb 0:42) 
Attendance: einige hundert (500)

## 1998

 (Berliner Zeitung 28.04)

## 1999",,500,LineString,2612.8,"52.509646,13.378451","52.518578,13.406936",59,1__mai_berlin_aktualna_14_.geojson,,False
1996_DE_demonstracja_DGB_c,1996,Lata,DE,DGB,demonstracja,geometria,DGB,False,zwiazkowe,1996-2001 IG Metall,"1996 – IG Metall, IG Medien und GHK treffen sich vor dem IG- Metall-Haus in der Alten Jakobstraße (taz 30.4; rbb 0:00-0:10)
1997 – Joined by SPD Spitze (taz 30.4); Ecke Breite Strasse/Leipziger Strasse Ausschreitungen der Polizei/kurdische Gruppen
Attendance: 5000 (Gluckspilz)
1998 – 10:00 (Berliner Zeitung 28.04)
1999 – Anschließend ist ein großes Familienprogramm und im Vorfeld ein Sternmarsch (10 Uhr, Potsdamer Platz, Engeldamm, Alte Jakobstraße) zum Roten Rathaus geplant (BM 30.04) 
10 Uhr: ab IG-Metall-Haus (über Alte Jakobstraße inKreuzberg, Fischerinsel, Breite, Rathaus- und Spandauer Straße)

2001 – most likely the same route",,,LineString,2940.6,"52.498968,13.396132","52.518088,13.407826",60,1__mai_berlin_aktualna_14_.geojson,,True
1997_DE_demonstracja_DGB_b,1997,Lata,DE,DGB,demonstracja,geometria,DGB,False,zwiazkowe,1996-2001 IG Metall,"1996 – IG Metall, IG Medien und GHK treffen sich vor dem IG- Metall-Haus in der Alten Jakobstraße (taz 30.4)
1997 – Joined by SPD Spitze (taz 30.4); Ecke Breite Strasse/Leipziger Strasse Ausschreitungen der Polizei/kurdische Gruppen
Attendance: 5000 (Gluckspilz)
1998 – 10:00 (Berliner Zeitung 28.04)
1999 – Anschließend ist ein großes Familienprogramm und im Vorfeld ein Sternmarsch (10 Uhr, Potsdamer Platz, Engeldamm, Alte Jakobstraße) zum Roten Rathaus geplant (BM 30.04) 
10 Uhr: ab IG-Metall-Haus (über Alte Jakobstraße inKreuzberg, Fischerinsel, Breite, Rathaus- und Spandauer Straße)

2001 – most likely the same route",,,LineString,2940.6,"52.498968,13.396132","52.518088,13.407826",61,1__mai_berlin_aktualna_14_.geojson,,True
1998_DE_demonstracja_DGB_a,1998,Lata,DE,DGB,demonstracja,geometria,DGB,False,zwiazkowe,1996-2001 IG Metall,"1996 – IG Metall, IG Medien und GHK treffen sich vor dem IG- Metall-Haus in der Alten Jakobstraße (taz 30.4)
1997 – Joined by SPD Spitze (taz 30.4); Ecke Breite Strasse/Leipziger Strasse Ausschreitungen der Polizei/kurdische Gruppen
Attendance: 5000 (Gluckspilz)
1998 – 10:00 (Berliner Zeitung 28.04)
1999 – Anschließend ist ein großes Familienprogramm und im Vorfeld ein Sternmarsch (10 Uhr, Potsdamer Platz, Engeldamm, Alte Jakobstraße) zum Roten Rathaus geplant (BM 30.04) 
10 Uhr: ab IG-Metall-Haus (über Alte Jakobstraße inKreuzberg, Fischerinsel, Breite, Rathaus- und Spandauer Straße)

2001 – most likely the same route",,,LineString,2940.6,"52.498968,13.396132","52.518088,13.407826",62,1__mai_berlin_aktualna_14_.geojson,,True
1999_DE_demonstracja_DGB_a,1999,Lata,DE,DGB,demonstracja,geometria,DGB,False,zwiazkowe,1996-2001 IG Metall,"1996 – IG Metall, IG Medien und GHK treffen sich vor dem IG- Metall-Haus in der Alten Jakobstraße (taz 30.4)
1997 – Joined by SPD Spitze (taz 30.4); Ecke Breite Strasse/Leipziger Strasse Ausschreitungen der Polizei/kurdische Gruppen
Attendance: 5000 (Gluckspilz)
1998 – 10:00 (Berliner Zeitung 28.04)
1999 – Anschließend ist ein großes Familienprogramm und im Vorfeld ein Sternmarsch (10 Uhr, Potsdamer Platz, Engeldamm, Alte Jakobstraße) zum Roten Rathaus geplant (BM 30.04) 
10 Uhr: ab IG-Metall-Haus (über Alte Jakobstraße inKreuzberg, Fischerinsel, Breite, Rathaus- und Spandauer Straße)

2001 – most likely the same route",,,LineString,2940.6,"52.498968,13.396132","52.518088,13.407826",63,1__mai_berlin_aktualna_14_.geojson,,True
2000_DE_demonstracja_DGB,2000,Lata,DE,DGB,demonstracja,geometria,DGB,False,zwiazkowe,1996-2001 IG Metall,"1996 – IG Metall, IG Medien und GHK treffen sich vor dem IG- Metall-Haus in der Alten Jakobstraße (taz 30.4)
1997 – Joined by SPD Spitze (taz 30.4); Ecke Breite Strasse/Leipziger Strasse Ausschreitungen der Polizei/kurdische Gruppen
Attendance: 5000 (Gluckspilz)
1998 – 10:00 (Berliner Zeitung 28.04)
1999 – Anschließend ist ein großes Familienprogramm und im Vorfeld ein Sternmarsch (10 Uhr, Potsdamer Platz, Engeldamm, Alte Jakobstraße) zum Roten Rathaus geplant (BM 30.04) 
10 Uhr: ab IG-Metall-Haus (über Alte Jakobstraße inKreuzberg, Fischerinsel, Breite, Rathaus- und Spandauer Straße)

2001 – most likely the same route",,,LineString,2940.6,"52.498968,13.396132","52.518088,13.407826",64,1__mai_berlin_aktualna_14_.geojson,,True
2001_DE_demonstracja_DGB,2001,Lata,DE,DGB,demonstracja,geometria,DGB,False,zwiazkowe,1996-2001 IG Metall,"1996 – IG Metall, IG Medien und GHK treffen sich vor dem IG- Metall-Haus in der Alten Jakobstraße (taz 30.4)
1997 – Joined by SPD Spitze (taz 30.4); Ecke Breite Strasse/Leipziger Strasse Ausschreitungen der Polizei/kurdische Gruppen
Attendance: 5000 (Gluckspilz)
1998 – 10:00 (Berliner Zeitung 28.04)
1999 – Anschließend ist ein großes Familienprogramm und im Vorfeld ein Sternmarsch (10 Uhr, Potsdamer Platz, Engeldamm, Alte Jakobstraße) zum Roten Rathaus geplant (BM 30.04) 
10 Uhr: ab IG-Metall-Haus (über Alte Jakobstraße inKreuzberg, Fischerinsel, Breite, Rathaus- und Spandauer Straße)

2001 – most likely the same route",,,LineString,2940.6,"52.498968,13.396132","52.518088,13.407826",65,1__mai_berlin_aktualna_14_.geojson,,True
1996_DE_demonstracja_DGB_d,1996,Lata,DE,DGB,demonstracja,geometria,DGB,False,zwiazkowe,1996-2001 ÖTV,"1996-1999 presumed the same route as 2000-2001
1996 – ÖTV, HBV, DPG, GEW und CPK klumpen sich vor dem ÖTV- Haus am Engeldamm zusammen. Dortselbst wird auch das „Bündnis gegen Sozialkürzung und Ausgrenzung“ mitmarschieren (taz 30.4)
Attendance: 2500 (JW 2.05)
3500 (Breitenbach (organiser) JW 3.05)
1997 – 
Attendance: 8000 (organisers 5DGBG001329)
1998 – 
1999 – Anschließend ist ein großes Familienprogramm und im Vorfeld ein Sternmarsch (10 Uhr, Potsdamer Platz, Engeldamm, Alte Jakobstraße) zum Roten Rathaus geplant (BM 30.04)
Engeldamm in Mitte, über Heinrich-Heine-, Brücken-, Alexander-,Grunerstraße, Straße am Alexanderplatz, Karl-Liebknecht- und SpandauerStraße (BK 29.04.2000)
2001 – Annenstraße – Heinrich-Heine-Strasse – Brückenstrasse – Alexanderstrasse – rechts in die Grunerstrasse – Alexanderplatz – links in der Karl-Liebknecht-Strasse – links in die Spandauer Strasse – Berliner Rathaus (DGBGB 668)",,,LineString,3447.3,"52.506142,13.419666","52.518166,13.407784",66,1__mai_berlin_aktualna_14_.geojson,,True
1997_DE_demonstracja_DGB_c,1997,Lata,DE,DGB,demonstracja,geometria,DGB,False,zwiazkowe,1996-2001 ÖTV,"1996-1999 presumed the same route as 2000-2001
1996 – ÖTV, HBV, DPG, GEW und CPK klumpen sich vor dem ÖTV- Haus am Engeldamm zusammen. Dortselbst wird auch das „Bündnis gegen Sozialkürzung und Ausgrenzung“ mitmarschieren (taz 30.4)
Attendance: 2500 (JW 2.05)
3500 (Breitenbach (organiser) JW 3.05)
1997 – 
Attendance: 8000 (organisers 5DGBG001329)
1998 – 
1999 – Anschließend ist ein großes Familienprogramm und im Vorfeld ein Sternmarsch (10 Uhr, Potsdamer Platz, Engeldamm, Alte Jakobstraße) zum Roten Rathaus geplant (BM 30.04)
Engeldamm in Mitte, über Heinrich-Heine-, Brücken-, Alexander-,Grunerstraße, Straße am Alexanderplatz, Karl-Liebknecht- und SpandauerStraße (BK 29.04.2000)
2001 – Annenstraße – Heinrich-Heine-Strasse – Brückenstrasse – Alexanderstrasse – rechts in die Grunerstrasse – Alexanderplatz – links in der Karl-Liebknecht-Strasse – links in die Spandauer Strasse – Berliner Rathaus (DGBGB 668)",,,LineString,3447.3,"52.506142,13.419666","52.518166,13.407784",66,1__mai_berlin_aktualna_14_.geojson,,True
1998_DE_demonstracja_DGB_b,1998,Lata,DE,DGB,demonstracja,geometria,DGB,False,zwiazkowe,1996-2001 ÖTV,"1996-1999 presumed the same route as 2000-2001
1996 – ÖTV, HBV, DPG, GEW und CPK klumpen sich vor dem ÖTV- Haus am Engeldamm zusammen. Dortselbst wird auch das „Bündnis gegen Sozialkürzung und Ausgrenzung“ mitmarschieren (taz 30.4)
Attendance: 2500 (JW 2.05)
3500 (Breitenbach (organiser) JW 3.05)
1997 – 
Attendance: 8000 (organisers 5DGBG001329)
1998 – 
1999 – Anschließend ist ein großes Familienprogramm und im Vorfeld ein Sternmarsch (10 Uhr, Potsdamer Platz, Engeldamm, Alte Jakobstraße) zum Roten Rathaus geplant (BM 30.04)
Engeldamm in Mitte, über Heinrich-Heine-, Brücken-, Alexander-,Grunerstraße, Straße am Alexanderplatz, Karl-Liebknecht- und SpandauerStraße (BK 29.04.2000)
2001 – Annenstraße – Heinrich-Heine-Strasse – Brückenstrasse – Alexanderstrasse – rechts in die Grunerstrasse – Alexanderplatz – links in der Karl-Liebknecht-Strasse – links in die Spandauer Strasse – Berliner Rathaus (DGBGB 668)",,,LineString,3447.3,"52.506142,13.419666","52.518166,13.407784",66,1__mai_berlin_aktualna_14_.geojson,,True
1999_DE_demonstracja_DGB_b,1999,Lata,DE,DGB,demonstracja,geometria,DGB,False,zwiazkowe,1996-2001 ÖTV,"1996-1999 presumed the same route as 2000-2001
1996 – ÖTV, HBV, DPG, GEW und CPK klumpen sich vor dem ÖTV- Haus am Engeldamm zusammen. Dortselbst wird auch das „Bündnis gegen Sozialkürzung und Ausgrenzung“ mitmarschieren (taz 30.4)
Attendance: 2500 (JW 2.05)
3500 (Breitenbach (organiser) JW 3.05)
1997 – 
Attendance: 8000 (organisers 5DGBG001329)
1998 – 
1999 – Anschließend ist ein großes Familienprogramm und im Vorfeld ein Sternmarsch (10 Uhr, Potsdamer Platz, Engeldamm, Alte Jakobstraße) zum Roten Rathaus geplant (BM 30.04)
Engeldamm in Mitte, über Heinrich-Heine-, Brücken-, Alexander-,Grunerstraße, Straße am Alexanderplatz, Karl-Liebknecht- und SpandauerStraße (BK 29.04.2000)
2001 – Annenstraße – Heinrich-Heine-Strasse – Brückenstrasse – Alexanderstrasse – rechts in die Grunerstrasse – Alexanderplatz – links in der Karl-Liebknecht-Strasse – links in die Spandauer Strasse – Berliner Rathaus (DGBGB 668)",,,LineString,3447.3,"52.506142,13.419666","52.518166,13.407784",66,1__mai_berlin_aktualna_14_.geojson,,True
2000_DE_demonstracja_DGB_a,2000,Lata,DE,DGB,demonstracja,geometria,DGB,False,zwiazkowe,1996-2001 ÖTV,"1996-1999 presumed the same route as 2000-2001
1996 – ÖTV, HBV, DPG, GEW und CPK klumpen sich vor dem ÖTV- Haus am Engeldamm zusammen. Dortselbst wird auch das „Bündnis gegen Sozialkürzung und Ausgrenzung“ mitmarschieren (taz 30.4)
Attendance: 2500 (JW 2.05)
3500 (Breitenbach (organiser) JW 3.05)
1997 – 
Attendance: 8000 (organisers 5DGBG001329)
1998 – 
1999 – Anschließend ist ein großes Familienprogramm und im Vorfeld ein Sternmarsch (10 Uhr, Potsdamer Platz, Engeldamm, Alte Jakobstraße) zum Roten Rathaus geplant (BM 30.04)
Engeldamm in Mitte, über Heinrich-Heine-, Brücken-, Alexander-,Grunerstraße, Straße am Alexanderplatz, Karl-Liebknecht- und SpandauerStraße (BK 29.04.2000)
2001 – Annenstraße – Heinrich-Heine-Strasse – Brückenstrasse – Alexanderstrasse – rechts in die Grunerstrasse – Alexanderplatz – links in der Karl-Liebknecht-Strasse – links in die Spandauer Strasse – Berliner Rathaus (DGBGB 668)",,,LineString,3447.3,"52.506142,13.419666","52.518166,13.407784",67,1__mai_berlin_aktualna_14_.geojson,,True
2001_DE_demonstracja_DGB_a,2001,Lata,DE,DGB,demonstracja,geometria,DGB,False,zwiazkowe,1996-2001 ÖTV,"1996-1999 presumed the same route as 2000-2001
1996 – ÖTV, HBV, DPG, GEW und CPK klumpen sich vor dem ÖTV- Haus am Engeldamm zusammen. Dortselbst wird auch das „Bündnis gegen Sozialkürzung und Ausgrenzung“ mitmarschieren (taz 30.4)
Attendance: 2500 (JW 2.05)
3500 (Breitenbach (organiser) JW 3.05)
1997 – 
Attendance: 8000 (organisers 5DGBG001329)
1998 – 
1999 – Anschließend ist ein großes Familienprogramm und im Vorfeld ein Sternmarsch (10 Uhr, Potsdamer Platz, Engeldamm, Alte Jakobstraße) zum Roten Rathaus geplant (BM 30.04)
Engeldamm in Mitte, über Heinrich-Heine-, Brücken-, Alexander-,Grunerstraße, Straße am Alexanderplatz, Karl-Liebknecht- und SpandauerStraße (BK 29.04.2000)
2001 – Annenstraße – Heinrich-Heine-Strasse – Brückenstrasse – Alexanderstrasse – rechts in die Grunerstrasse – Alexanderplatz – links in der Karl-Liebknecht-Strasse – links in die Spandauer Strasse – Berliner Rathaus (DGBGB 668)",,,LineString,3447.3,"52.506142,13.419666","52.518166,13.407784",67,1__mai_berlin_aktualna_14_.geojson,,True
2000_DE_demonstracja_DGB_b,2000,Lata,DE,DGB,demonstracja,name,DGB,False,zwiazkowe,2000 DGB/IG Bau Demonstration,"DGB_-Bundesvorstand (ab Hackescher Markt in Mitte überRosenthaler Straße, Weinbergsweg, Schönhauser Allee, Rosa-Luxemburg-,Karl-Liebknecht-, Spandauer Straße), Skaterdemonstration (ab RotemRathaus, Unter den Linden, Straße des 17. Juni, Tiergartenstraße, Potsdamer Platz, Anhalter Bahnhof, Friedrich- und Französische Straße)

*Berlin: Mit den Fahnen der Industriegewerkschaft Bauen-Agrar-Umwelt nehmen am 01.05.2000) Bauarbeiter auf den Platz vor dem Roten Rathaus in Berlin an der traditionellen Maikundgebung teil. Etwa 4.000 Menschen beteiligten sich der Maidemonstration in Berlin Mitte (BER21-010500)* DPA

2001 – different route",,4000,LineString,3977.7,"52.522354,13.402247","52.518212,13.407816",68,1__mai_berlin_aktualna_14_.geojson,,False
2001_DE_demonstracja_DGB_b,2001,Lata,DE,DGB,demonstracja,name,DGB,False,zwiazkowe,2001 DGB/IG Bau Demonstration,"2000 – DGB_-Bundesvorstand (ab Hackescher Markt in Mitte überRosenthaler Straße, Weinbergsweg, Schönhauser Allee, Rosa-Luxemburg-,Karl-Liebknecht-, Spandauer Straße), Skaterdemonstration (ab RotemRathaus, Unter den Linden, Straße des 17. Juni, Tiergartenstraße, Potsdamer Platz, Anhalter Bahnhof, Friedrich- und Französische Straße)

*Die AG geht davon aus, dass weiterhin 3 Demonstrationsrouten angeboten werden. Zu den Demonstrationsrouten 2000 wird festgestellt, dass der örtlich veränderte Zug der IG BAU sowohl bei den beteiligten Kolleginnen als auch bei der Bevölkerung gut angekommen ist. Der Weg durch Wohngebiete und belebte Straßen ist positiv aufgenommen worden. Aufgrund der Länge des Demonstrationsweges muss evtl. über eine Kürzung der Strecke nachgedacht werden. Konkrete Überlegungen werden innerhalb der IG BAU getroffen.*

2001 – shortened (based on Tagesspiegel 30.04.2001, may be inaccurate)",,,LineString,3028.8,"52.522739,13.400117","52.518212,13.407816",69,1__mai_berlin_aktualna_14_.geojson,,False
2002_DE_demonstracja_DGB,2002,Lata,DE,DGB,demonstracja,name,DGB,False,zwiazkowe,2002 – DGB Demo,"Tagesspiegel 30.04.2002, s. 10",*Stoppt den Arbeitsplatzabbau – für ein lebenswertes Berlin*,,LineString,3434.2,"52.516221,13.377938","52.518049,13.407997",70,1__mai_berlin_aktualna_14_.geojson,,False
2003_DE_demonstracja_DGB,2003,Lata,DE,DGB,demonstracja,name,DGB,False,zwiazkowe,2003 – DGB Demo,"*Diesmal nicht wie in den Vorjahren und wie irrtümlich im Tagesspiegel angekündigt über uie Leipziger Straße, sondern über Wilhelm-, Tor- und Rosenthaler Straße*
(Tagesspiegel 2.05.2003)","Schaut auf diese Stadt, macht sie nicht platt - Berlin braucht Arbeit, Bildung, Zukunft",,LineString,4364.3,"52.516162,13.378528","52.51878,13.40807",71,1__mai_berlin_aktualna_14_.geojson,,False
2004_DE_demonstracja_DGB,2004,Lata,DE,DGB,demonstracja,name,DGB,False,zwiazkowe,2004 – DGB Demo,"Die Marschroute verläuft vom Brandenburger Tor über Dorotheen-, Luisen-, Hannoversche Straße, durch die Oranienburger Straße, vorbei am Hackeschen Markt über die Spandauer Straße zum Roten Rathaus, wo sie zur Kundgebung um 11.30 Uhr endet. (taz 28.04.2004; Tagesspiegel 30.04.2004)

Attendance: gut 3000 ~ 4000 (rbb)",Nichts ist gut so – schon gar nicht in Berlin,4000,LineString,4279.0,"52.516162,13.378528","52.51878,13.40807",72,1__mai_berlin_aktualna_14_.geojson,,False
2005_DE_demonstracja_DGB,2005,Lata,DE,DGB,demonstracja,name,DGB,False,zwiazkowe,2005 – DGB Demo,"Route:Ebertstraße Richtung Nord, Dorotheenstraße – Luisenstraßerechts in die Reinhardtstraßerechts in die Friedrichstraßelinks Unter den LindenKarl-Liebknecht-StraßeSpandauer StraßeEnde:Platz vor dem Roten Rathaus. (waybackmachine erstermai.dgb)
Attendance: 5000 (Tagesspiegel)",Stoppt den Arbeitsplatzabbau – für ein lebenswertes Berlin.,5000,LineString,3657.3,"52.518258,13.407816","52.516247,13.377432",73,1__mai_berlin_aktualna_14_.geojson,,False
2006_DE_demonstracja_DGB,2006,Lata,DE,DGB,demonstracja,name,DGB,False,zwiazkowe,2006 – DGB Demo,"2006 – 1. Mai-Demonstration
vom DGB-Gewerkschaftshaus am Wittenbergplatz zum Brandenburger Tor
Treff: 09:00 Uhr, DGB-Haus, Keithstraße 1-3
Start: 10:05 Uhr, Kleiststraße Richtung Nollendorfplatz
Ankunft: ca. 11:00 Uhr, Brandenburger Tor (route Tagesspiegel 30.04.06)

Attendance: 6000 (march), 100 (bicycle), 80 (motorcycle) 

2007 – Route Demonstration: Kleiststraße – An der Urania – Kurfürstenstraße – Potsdamer Straße – Potsdamer Platz – Ebertstraße – Ende: Platz des 18. März (Brandenburger Tor)
2008 – 00:22, An der Urania (rbb
2009 – Based on YouTube, through Bülowstrasse – the same one as in 2007
",Berlin braucht seine Plätze – Arbeits- und Ausbildungsplätze,10000,LineString,3795.8,"52.50175,13.346007","52.51626,13.378537",74,1__mai_berlin_aktualna_14_.geojson,,False
2007_DE_demonstracja_DGB,2007,Lata,DE,DGB,demonstracja,name,DGB,False,zwiazkowe,2007 – DGB Demo,"2006 – 1. Mai-Demonstration
vom DGB-Gewerkschaftshaus am Wittenbergplatz zum Brandenburger Tor
Treff: 09:00 Uhr, DGB-Haus, Keithstraße 1-3
Start: 10:05 Uhr, Kleiststraße Richtung Nollendorfplatz
Ankunft: ca. 11:00 Uhr, Brandenburger Tor (route Tagesspiegel 30.04.06)

Attendance: 6000 (march), 100 (bicycle), 80 (motorcycle) 

2007 – Route Demonstration: Kleiststraße – An der Urania – Kurfürstenstraße – Potsdamer Straße – Potsdamer Platz – Ebertstraße – Ende: Platz des 18. März (Brandenburger Tor) (Attendance 7500, Helbrecht)
2008 – 00:22, An der Urania (rbb)
2009 – Based on YouTube, through Bülowstrasse – the same one as in 2007
",,7500,LineString,3795.8,"52.50175,13.346007","52.51626,13.378537",75,1__mai_berlin_aktualna_14_.geojson,,False
2008_DE_demonstracja_DGB,2008,Lata,DE,DGB,demonstracja,name,DGB,False,zwiazkowe,2008 – DGB Demo,"* An der Urania (0:22, rbb)
* An der Urania/Ku-Damm (0:44 rbb)
* Potsdamerstrasse 77 (IMG_8287)
Attendance:
5000 (BZ, only demo)
6000 (police Helbrecht)",,5500,LineString,3732.2,"52.501373,13.345774","52.516221,13.378449",76,1__mai_berlin_aktualna_14_.geojson,,False
2009_DE_demonstracja_DGB,2009,Lata,DE,DGB,demonstracja,name,DGB,False,zwiazkowe,2009 – DGB Demo,"2006 – 1. Mai-Demonstration
vom DGB-Gewerkschaftshaus am Wittenbergplatz zum Brandenburger Tor
Treff: 09:00 Uhr, DGB-Haus, Keithstraße 1-3
Start: 10:05 Uhr, Kleiststraße Richtung Nollendorfplatz
Ankunft: ca. 11:00 Uhr, Brandenburger Tor (route Tagesspiegel 30.04.06)

Attendance: 

2007 – Route Demonstration: Kleiststraße – An der Urania – Kurfürstenstraße – Potsdamer Straße – Potsdamer Platz – Ebertstraße – Ende: Platz des 18. März (Brandenburger Tor)
2008 – 00:22, An der Urania (rbb
2009 – Based on YouTube, through Bülowstrasse – the same one as in 2007
Attendance 2500 (police, Helbrecht)
",,2500,LineString,3795.8,"52.50175,13.346007","52.51626,13.378537",77,1__mai_berlin_aktualna_14_.geojson,,False
2010_DE_demonstracja_DGB,2010,Lata,DE,DGB,demonstracja,name,DGB,False,zwiazkowe,2010 – DGB Demo,"Route Demonstration: Kleiststraße – An der Urania – Kurfürstenstraße – Potsdamer Straße – Potsdamer Platz – Ebertstraße – Ende: Platz des 18. März (Brandenburger Tor)

Attendance 5000 (Helbrecht, police) 6000 (organizers)",,5500,LineString,3721.0,"52.501875,13.34591","52.516351,13.377786",78,1__mai_berlin_aktualna_14_.geojson,,False
2011_DE_demonstracja_DGB,2011,Lata,DE,DGB,demonstracja,name,DGB,False,zwiazkowe,2011 – DGB Demo,"DGB-Haus – Kleistrasse – Bülowerstrasse – Potsdamerstrasse – Lützowstrasse – Köfhenner Strasse – Potsdamerplatz – Ebertstrasse – Pariser Platz (taz 30.04.2011)
Attendance: 15000 (organizers, via rbb)
Police: 6000",,1500,LineString,4300.4,"52.50175,13.346007","52.51626,13.378537",79,1__mai_berlin_aktualna_14_.geojson,,False
2012_DE_demonstracja_DGB,2012,Lata,DE,DGB,demonstracja,geometria,DGB,False,zwiazkowe,2012 DGB,"Spandauerstrasse – Anna-Louisa-Karsch-Strasse – An der Spandauer Brücke – Hackescher Markt – Oranienburger Strasse – Frierichstrasse – Reinhardstrasse - Luisenstrasse – Pariser Platz (taz, 30.04.2013, 30.04.2014, 30.04.2015; Youtube, zdjęcia – 2012)

Attendance: 5000 (rbb 2012); 7500 ver.di",,6250,LineString,3294.4,"52.522279,13.402151","52.516469,13.376412",80,1__mai_berlin_aktualna_14_.geojson,,True
2013_DE_demonstracja_DGB,2013,Lata,DE,DGB,demonstracja,geometria,DGB,False,zwiazkowe,2013 DGB,"Spandauerstrasse – Anna-Louisa-Karsch-Strasse – An der Spandauer Brücke – Hackescher Markt – Oranienburger Strasse – Frierichstrasse – Reinhardstrasse - Luisenstrasse – Pariser Platz (taz, 30.04.2013, 30.04.2014, 30.04.2015; Youtube, zdjęcia – 2012)",,8000,LineString,3294.4,"52.522279,13.402151","52.516469,13.376412",81,1__mai_berlin_aktualna_14_.geojson,,True
2014_DE_demonstracja_DGB,2014,Lata,DE,DGB,demonstracja,geometria,DGB,False,zwiazkowe,2014 DGB,"Spandauerstrasse – Anna-Louisa-Karsch-Strasse – An der Spandauer Brücke – Hackescher Markt – Oranienburger Strasse – Frierichstrasse – Reinhardstrasse - Luisenstrasse – Pariser Platz (taz, 30.04.2013, 30.04.2014, 30.04.2015; Youtube, zdjęcia – 2012)

2014 attendance: 10000 (rbb); 6000 (TsG, polizei)",,8000,LineString,3294.4,"52.522279,13.402151","52.516469,13.376412",82,1__mai_berlin_aktualna_14_.geojson,,True
2015_DE_demonstracja_DGB,2015,Lata,DE,DGB,demonstracja,geometria,DGB,False,zwiazkowe,2015 DGB,"Spandauerstrasse – Anna-Louisa-Karsch-Strasse – An der Spandauer Brücke – Hackescher Markt – Oranienburger Strasse – Frierichstrasse – Reinhardstrasse - Luisenstrasse – Pariser Platz (taz, 30.04.2013, 30.04.2014, 30.04.2015; Youtube, zdjęcia – 2012)

Attendance: 3000 (police, via Tagesspiegel)",,3000,LineString,3294.4,"52.522279,13.402151","52.516469,13.376412",83,1__mai_berlin_aktualna_14_.geojson,,True
2016_DE_demonstracja_DGB,2016,Lata,DE,DGB,demonstracja,geometria,DGB,False,zwiazkowe,2016 DGB,"Spandauerstrasse - Mühlendamm - Gertraudenstrasse - Spittelmarkt - Leipzigerstrasse - Ebertstrasse - 18. Märtz Platz (taz 30.04.2017; 30.04.2016; Berliner Kurier 30.04.2018; Tagesspiegel 29.04.2019)

2016
Attendance: 2500 (only demo, police via BM)",,2500,LineString,4009.6,"52.522279,13.40221","52.516156,13.376519",84,1__mai_berlin_aktualna_14_.geojson,,True
2017_DE_demonstracja_DGB,2017,Lata,DE,DGB,demonstracja,geometria,DGB,False,zwiazkowe,2017 DGB,"Spandauerstrasse - Mühlendamm - Gertraudenstrasse - Spittelmarkt - Leipzigerstrasse - Ebertstrasse - 18. Märtz Platz (taz 30.04.2017; 30.04.2016; Berliner Kurier 30.04.2018; Tagesspiegel 29.04.2019)

2019
Attendance: 8000 (only demo, organisers via taz 1.05)",,8000,LineString,4013.5,"52.522279,13.40221","52.51626,13.378408",85,1__mai_berlin_aktualna_14_.geojson,,True
2018_DE_demonstracja_DGB,2018,Lata,DE,DGB,demonstracja,geometria,DGB,False,zwiazkowe,2018 DGB,"Spandauerstrasse - Mühlendamm - Gertraudenstrasse - Spittelmarkt - Leipzigerstrasse - Ebertstrasse - 18. Märtz Platz (taz 30.04.2017; 30.04.2016; Berliner Kurier 30.04.2018; Tagesspiegel 29.04.2019)

2019
Attendance: 8000 (only demo, organisers via taz 1.05) 4500 (Police)",,6250,LineString,4013.5,"52.522279,13.40221","52.51626,13.378408",86,1__mai_berlin_aktualna_14_.geojson,,True
2019_DE_demonstracja_DGB,2019,Lata,DE,DGB,demonstracja,geometria,DGB,False,zwiazkowe,2019 DGB,"Spandauerstrasse - Mühlendamm - Gertraudenstrasse - Spittelmarkt - Leipzigerstrasse - Ebertstrasse - 18. Märtz Platz (taz 30.04.2017; 30.04.2016; Berliner Kurier 30.04.2018; Tagesspiegel 29.04.2019)

2019
Attendance: 8000 (only demo, organisers via taz 1.05)",,8000,LineString,4013.5,"52.522279,13.40221","52.51626,13.378408",87,1__mai_berlin_aktualna_14_.geojson,,True
2026_DE_demonstracja_DGB,2026,Lata,DE,DGB,demonstracja,name,DGB,False,zwiazkowe,"DGB 2026 Demonstration. Erst unser Jobs, dann Eure Profite","11:30 Strausberger Platz
15:00 Rotes Rathaus (BM 2026)",,,LineString,3607.8,"52.518338127199115,13.428206899944541","52.519005188802964,13.4075853954551",88,1__mai_berlin_aktualna_14_.geojson,True,False
2005_DE_demonstracja_DGB_a,2005,Lata,DE,DGB,demonstracja,geometria,DGB,False,zwiazkowe,2005 DGB Run,"Treff: 08:00 Uhr, Spandauer Straße Ecke Rathausstraße
Start: 09:00 Uhr, Spandauer Straße Richtung Nord
Anmeldung
Der 1. Mai-Lauf wird in diesem Jahr zum ersten Mal veranstaltet. Wir wollen damit zeigen, dass wir uns anstrengen und kämpfen für unsere Zukunft. Wir wollen aber auch Spaß haben und dabei unsere Kolleginnen und Kollegen, Freundinnen und Freunde, Nachbarn und Bekannten mitnehmen. Für die fachkundige Beratung und Begleitung haben wir die Unterstützung der Firma Long Distance, die auch die RBB-Laufbewegung begleitet. Die ersten 250 Teilnehmer, die sich angemeldet haben, bekommen am Start ein hochwertiges Funktions-Shirt der Firma odlo mit dem Aufdruck „1. Mai-Lauf 2005 – run for the future"". Voraussetzung ist natürlich, dass es während des Laufes getragen wird. So wollen wir ein unübersehbares Bild der Geschlossenheit abgeben: Für Arbeit und soziale Gerechtigkeit.
Route:
START 09:00 Uhr, Spandauer Straße
→ Karl-Liebknecht-Straße
→ Unter den Linden
→ Wilhelmstraße
→ Dorotheenstraße (ca. 09:15–09:30 Uhr)
→ Scheidemannstraße
→ Yitzhak-Rabin-Straße
→ Willy-Brandt-Straße
→ Alt-Moabit
→ Stromstraße
→ Lessingstraße
→ Altonaer Straße
→ Großer Stern
→ Hofjägerallee
→ Tiergartenstraße
→ Kemperplatz
→ Lennéstraße
→ Ebertstraße
→ Voßstraße
→ Wilhelmstraße
→ Behrenstraße
→ Friedrichstraße
→ Französische Straße
→ Werderscher Markt
→ Rathausstraße
→ Spandauer Straße
ZIEL: Platz vor dem Berliner Rathaus",,100,LineString,11715.8,"52.518179,13.407542","52.518428,13.407055",89,1__mai_berlin_aktualna_14_.geojson,,True
2006_DE_demonstracja_DGB_a,2006,Lata,DE,DGB,demonstracja,geometria,DGB,False,zwiazkowe,2006 DGB Lauf,"(assumed the same route as 2007)
1. Mai-Demonstration
vom DGB-Gewerkschaftshaus am Wittenbergplatz zum Brandenburger Tor

Treff: 09:00 Uhr, DGB-Haus, Keithstraße 1-3
Start: 10:05 Uhr, Kleiststraße Richtung Nollendorfplatz
Ankunft: ca. 11:00 Uhr, Brandenburger Tor

***11:05, Unter den Linden:** 23 Jogger in roten Ver.di-T-Shirts überqueren die Friedrichstraße. Die Solidargemeinschaft bröckelt: Zwei Läufer wurden von der Gruppe bereits deutlich abgehängt.* (taz 2.05.2006)",,23,LineString,9162.2,"52.50159,13.345913","52.516371,13.380299",90,1__mai_berlin_aktualna_14_.geojson,,True
2007_DE_demonstracja_DGB_a,2007,Lata,DE,DGB,demonstracja,geometria,DGB,False,zwiazkowe,2007 DGB Lauf,"
Mai-Lauf vom DGB-Gewerkschaftshaus am Wittenbergplatz zum Brandenburger Tor

Treff: 09:00 Uhr, DGB-Haus, Keithstraße 1-3
Start: 10:00 Uhr, Kleiststraße Richtung Nollendorfplatz
Die ersten 100 Angemeldeten erhalten am Start kostenlos ein T-Shirt „1. Mai-Lauf 2007""
ANMELDUNG
Route:
START 10:00 Uhr, Kleiststraße
→ Keithstraße
→ Kleiststraße
→ Bülowstraße
→ Potsdamer Straße
→ Potsdamer Platz
→ Leipziger Straße
→ Gertraudenstraße
→ Mühlendamm
→ Grunerstraße
→ Alexanderplatz
→ Karl-Liebknecht-Straße
→ Unter den Linden
ZIEL: Brandenburger Tor ",,50,LineString,9162.2,"52.50159,13.345913","52.516371,13.380299",91,1__mai_berlin_aktualna_14_.geojson,,True
1995_DE_korso_DGB,1995,Lata,DE,DGB,korso,name,DGB,False,zwiazkowe,1995 DGB Fahrradkorso,"1995, 9:30-11:00. Engeldammstrasse – (Moritzplatz) – Kölnischer Park (BZ 29.04.1994)

*An unserem Fahrradkorso haben aus dem Stand etwa 2.500 vorwiegend junge Gewerkschaftsmit-glieder teilgenommen, und zwar mit Kind und Kegel (das ZDF sprach von Tausenden, aber auch dieARD wies auf die große Teilnehmerzahl der vornehmlich jungen Teilnehmerinnen hin). Beim Fahrradkorso herrschte eine sehr positive, entspannte Atmosphäre. **Dies hat sicherlich auch dazu beigetragen, daß in den bundesweiten Medienberichterstattungen endlich einmal deutlich wurde, daß in Berlin nicht nur ""Randale in Kreuzberg"" gemacht wird, sondern seit Jahren ernst zunehmende Aktionen des DGB und seiner Gewerkschaften stattgefunden*** (DGBG000664)

Attendance: 
2500 (organisers)",,2500,LineString,6274.6,"52.501568,13.345857","52.513048,13.414435",92,1__mai_berlin_aktualna_14_.geojson,,False
2006_DE_korso_DGB,2006,Lata,DE,DGB,korso,name,DGB,False,zwiazkowe,2006; 2008-2010 DGB Fahrrad Korso,"(assumed the same route as 2007 and 2011)
2006 – 1. Mai-Fahrrad-Korso
vom DGB-Gewerkschaftshaus am Wittenbergplatz zum Brandenburger Tor

Treff: 09:00 Uhr, DGB-Haus, Keithstraße 1-3
Start: 09:50 Uhr, Kleiststraße Richtung Nollendorfplatz 

2008 – **1. Mai-Fahrrad-Korso 2008** 07.03.2008

1. Mai-Fahrrad-Korso vom DGB-Gewerkschaftshaus am Wittenbergplatz zum Brandenburger Tor

Treff: 09:00 Uhr, DGB-Haus, Keithstraße 1-3, Ecke Kleiststraße Start: 10:00 Uhr, Kleiststraße Richtung Nollendorfplatz

Die ersten 50 Angemeldeten erhalten am Start kostenlos eine Warnweste: „Gute Arbeit muss drin sein – GUTE BEZAHLUNG MUSS DRIN SEIN!""

2009 – vom DGB - Gewerkschaftshaus am Wittenbergplatz zum Brandenburger Tor

Treff: 09:00 Uhr, DGB-Haus, Keithstraße 1-3, Ecke Kleiststraße
Start: 10:00 Uhr, Kleiststraße Richtung Nollendorfplatz

Die ersten 50 Anmelder erhalten am Start kostenlos eine Warnweste

2010 – 1. Mai-Fahrrad-Korso 2010 

Mai-Fahrrad-Korso vom DGB-Gewerkschaftshaus am Wittenbergplatz zum Brandenburger Tor

Treff: 09:00 Uhr, DGB-Haus, Keithstraße 1-3, Ecke Kleiststraße
Start: 10:00 Uhr, Kleiststraße Richtung Nollendorfplatz
Ziel: ca. 11:30 Uhr, Bühne am Brandenburger Tor
Die ersten 50 Anmelder erhalten am Start kostenlos eine Warnweste: „WIR GEHEN VOR""

Attendance 2010 – 100 (TsG, organizers)",,100,LineString,15446.5,"52.501607,13.345894","52.516499,13.381219",93,1__mai_berlin_aktualna_14_.geojson,,False
2008_DE_korso_DGB,2008,Lata,DE,DGB,korso,name,DGB,False,zwiazkowe,2006; 2008-2010 DGB Fahrrad Korso,"(assumed the same route as 2007 and 2011)
2006 – 1. Mai-Fahrrad-Korso
vom DGB-Gewerkschaftshaus am Wittenbergplatz zum Brandenburger Tor

Treff: 09:00 Uhr, DGB-Haus, Keithstraße 1-3
Start: 09:50 Uhr, Kleiststraße Richtung Nollendorfplatz 

2008 – **1. Mai-Fahrrad-Korso 2008** 07.03.2008

1. Mai-Fahrrad-Korso vom DGB-Gewerkschaftshaus am Wittenbergplatz zum Brandenburger Tor

Treff: 09:00 Uhr, DGB-Haus, Keithstraße 1-3, Ecke Kleiststraße Start: 10:00 Uhr, Kleiststraße Richtung Nollendorfplatz

Die ersten 50 Angemeldeten erhalten am Start kostenlos eine Warnweste: „Gute Arbeit muss drin sein – GUTE BEZAHLUNG MUSS DRIN SEIN!""

2009 – vom DGB - Gewerkschaftshaus am Wittenbergplatz zum Brandenburger Tor

Treff: 09:00 Uhr, DGB-Haus, Keithstraße 1-3, Ecke Kleiststraße
Start: 10:00 Uhr, Kleiststraße Richtung Nollendorfplatz

Die ersten 50 Anmelder erhalten am Start kostenlos eine Warnweste

2010 – 1. Mai-Fahrrad-Korso 2010 

Mai-Fahrrad-Korso vom DGB-Gewerkschaftshaus am Wittenbergplatz zum Brandenburger Tor

Treff: 09:00 Uhr, DGB-Haus, Keithstraße 1-3, Ecke Kleiststraße
Start: 10:00 Uhr, Kleiststraße Richtung Nollendorfplatz
Ziel: ca. 11:30 Uhr, Bühne am Brandenburger Tor
Die ersten 50 Anmelder erhalten am Start kostenlos eine Warnweste: „WIR GEHEN VOR""

Attendance 2010 – 100 (TsG, organizers)",,100,LineString,15446.5,"52.501607,13.345894","52.516499,13.381219",93,1__mai_berlin_aktualna_14_.geojson,,False
2009_DE_korso_DGB,2009,Lata,DE,DGB,korso,name,DGB,False,zwiazkowe,2006; 2008-2010 DGB Fahrrad Korso,"(assumed the same route as 2007 and 2011)
2006 – 1. Mai-Fahrrad-Korso
vom DGB-Gewerkschaftshaus am Wittenbergplatz zum Brandenburger Tor

Treff: 09:00 Uhr, DGB-Haus, Keithstraße 1-3
Start: 09:50 Uhr, Kleiststraße Richtung Nollendorfplatz 

2008 – **1. Mai-Fahrrad-Korso 2008** 07.03.2008

1. Mai-Fahrrad-Korso vom DGB-Gewerkschaftshaus am Wittenbergplatz zum Brandenburger Tor

Treff: 09:00 Uhr, DGB-Haus, Keithstraße 1-3, Ecke Kleiststraße Start: 10:00 Uhr, Kleiststraße Richtung Nollendorfplatz

Die ersten 50 Angemeldeten erhalten am Start kostenlos eine Warnweste: „Gute Arbeit muss drin sein – GUTE BEZAHLUNG MUSS DRIN SEIN!""

2009 – vom DGB - Gewerkschaftshaus am Wittenbergplatz zum Brandenburger Tor

Treff: 09:00 Uhr, DGB-Haus, Keithstraße 1-3, Ecke Kleiststraße
Start: 10:00 Uhr, Kleiststraße Richtung Nollendorfplatz

Die ersten 50 Anmelder erhalten am Start kostenlos eine Warnweste

2010 – 1. Mai-Fahrrad-Korso 2010 

Mai-Fahrrad-Korso vom DGB-Gewerkschaftshaus am Wittenbergplatz zum Brandenburger Tor

Treff: 09:00 Uhr, DGB-Haus, Keithstraße 1-3, Ecke Kleiststraße
Start: 10:00 Uhr, Kleiststraße Richtung Nollendorfplatz
Ziel: ca. 11:30 Uhr, Bühne am Brandenburger Tor
Die ersten 50 Anmelder erhalten am Start kostenlos eine Warnweste: „WIR GEHEN VOR""

Attendance 2010 – 100 (TsG, organizers)",,100,LineString,15446.5,"52.501607,13.345894","52.516499,13.381219",93,1__mai_berlin_aktualna_14_.geojson,,False
2010_DE_korso_DGB,2010,Lata,DE,DGB,korso,name,DGB,False,zwiazkowe,2006; 2008-2010 DGB Fahrrad Korso,"(assumed the same route as 2007 and 2011)
2006 – 1. Mai-Fahrrad-Korso
vom DGB-Gewerkschaftshaus am Wittenbergplatz zum Brandenburger Tor

Treff: 09:00 Uhr, DGB-Haus, Keithstraße 1-3
Start: 09:50 Uhr, Kleiststraße Richtung Nollendorfplatz 

2008 – **1. Mai-Fahrrad-Korso 2008** 07.03.2008

1. Mai-Fahrrad-Korso vom DGB-Gewerkschaftshaus am Wittenbergplatz zum Brandenburger Tor

Treff: 09:00 Uhr, DGB-Haus, Keithstraße 1-3, Ecke Kleiststraße Start: 10:00 Uhr, Kleiststraße Richtung Nollendorfplatz

Die ersten 50 Angemeldeten erhalten am Start kostenlos eine Warnweste: „Gute Arbeit muss drin sein – GUTE BEZAHLUNG MUSS DRIN SEIN!""

2009 – vom DGB - Gewerkschaftshaus am Wittenbergplatz zum Brandenburger Tor

Treff: 09:00 Uhr, DGB-Haus, Keithstraße 1-3, Ecke Kleiststraße
Start: 10:00 Uhr, Kleiststraße Richtung Nollendorfplatz

Die ersten 50 Anmelder erhalten am Start kostenlos eine Warnweste

2010 – 1. Mai-Fahrrad-Korso 2010 

Mai-Fahrrad-Korso vom DGB-Gewerkschaftshaus am Wittenbergplatz zum Brandenburger Tor

Treff: 09:00 Uhr, DGB-Haus, Keithstraße 1-3, Ecke Kleiststraße
Start: 10:00 Uhr, Kleiststraße Richtung Nollendorfplatz
Ziel: ca. 11:30 Uhr, Bühne am Brandenburger Tor
Die ersten 50 Anmelder erhalten am Start kostenlos eine Warnweste: „WIR GEHEN VOR""

Attendance 2010 – 100 (TsG, organizers)",,100,LineString,15446.5,"52.501607,13.345894","52.516499,13.381219",93,1__mai_berlin_aktualna_14_.geojson,,False
2007_DE_korso_DGB,2007,Lata,DE,DGB,korso,name,DGB,False,zwiazkowe,2007 DGB Fahrrad Korso,"## 2007
1. Mai-Fahrrad-Korso vom DGB-Gewerkschaftshaus am Wittenbergplatz zum Brandenburger Tor

Treff: 09:00 Uhr, DGB-Haus, Keithstraße 1-3, Ecke Kleiststraße
Start: 09:50 Uhr, Kleiststraße Richtung Nollendorfplatz
Die ersten 50 erhalten am Start kostenlos ein T-Shirt „ride for the future""
ANMELDUNG
Route:
START 09:50 Uhr, Kleiststraße
→ Keithstraße
→ Kleiststraße
→ Bülowstraße
→ Potsdamer Straße
→ Potsdamer Platz
→ Stresemannstraße
→ Mehringbrücke
→ Tempelhofer Ufer
→ Waterlooufer
→ Gitschiner Straße
→ Skalitzer Straße
→ Oberbaumbrücke
→ Mühlenstraße
→ Stralauer Platz
→ Holzmarktstraße
→ Stralauer Straße
→ Grunerstraße
→ Alexanderplatz
→ Karl-Liebknecht-Straße
→ Unter den Linden
ZIEL: Brandenburger Tor

## 2011

Treff: 09:00 Uhr, DGB-Haus, Keithstraße 1-3, Ecke Kleiststraße Start: 10:00 Uhr, Kleiststraße Richtung Nollendorfplatz Ziel: ca. 11:30, Bühne am Brandenburger Tor

ANMELDUNG

Route: START 10:00 Uhr Keithstraße → Kleiststraße → Bülowstraße → Potsdamer Straße → Potsdamer Platz → Stresemannstraße → Mehringbrücke → Tempelhofer Ufer → Waterloo-Ufer → Gitschiner Straße → Skalitzer Straße → Oberbaumbrücke → Mühlenstraße → Stralauer Straße → Grunerstraße → Alexanderplatz → Karl-Liebknecht-Straße → Unter den Linden → Platz des 18. März ZIEL ca. 11:30 Uhr (waybackmachine DGB)",,100,LineString,15446.5,"52.501607,13.345894","52.516499,13.381219",94,1__mai_berlin_aktualna_14_.geojson,,False
2011_DE_korso_DGB,2011,Lata,DE,DGB,korso,name,DGB,False,zwiazkowe,2011 DGB Fahrrad-Korso,"Treff: 09:00 Uhr, DGB-Haus, Keithstraße 1-3, Ecke Kleiststraße Start: 10:00 Uhr, Kleiststraße Richtung Nollendorfplatz Ziel: ca. 11:30, Bühne am Brandenburger Tor

ANMELDUNG

Route: START 10:00 Uhr Keithstraße → Kleiststraße → Bülowstraße → Potsdamer Straße → Potsdamer Platz → Stresemannstraße → Mehringbrücke → Tempelhofer Ufer → Waterloo-Ufer → Gitschiner Straße → Skalitzer Straße → Oberbaumbrücke → Mühlenstraße → Stralauer Straße → Grunerstraße → Alexanderplatz → Karl-Liebknecht-Straße → Unter den Linden → Platz des 18. März ZIEL ca. 11:30 Uhr (waybackmachine DGB)

Attendance: 100 (taz)",,101,LineString,15446.5,"52.501607,13.345894","52.516499,13.381219",95,1__mai_berlin_aktualna_14_.geojson,,False
2012_DE_korso_DGB,2012,Lata,DE,DGB,korso,name,DGB,False,zwiazkowe,2012-2014; 2016 DGB Fahrradkorso,"2012-2016 assumed the same route as 2017:
*Ein Korso für Skater und Radler beginnt um 9 Uhr an der Spandauer Straße. Er führt über die Invalidenstraße und die Kurfürstenstraße zum Brandenburger Tor.* (Berliner Zeitung, 30.04)

## 2012
„Um 10 Uhr sollen an der Spandauer Straße ein Motorrad- und ein Fahrrad-Korso … Die Route verläuft über die Oranienburger Straße zum Brandenburger Tor.” 

Attendance: 100 (2012, taz)",,100,LineString,14645.6,"52.521431,13.403106","52.51609,13.377328",96,1__mai_berlin_aktualna_14_.geojson,,False
2013_DE_korso_DGB,2013,Lata,DE,DGB,korso,name,DGB,False,zwiazkowe,2012-2014; 2016 DGB Fahrradkorso,"2012-2016 assumed the same route as 2017:
*Ein Korso für Skater und Radler beginnt um 9 Uhr an der Spandauer Straße. Er führt über die Invalidenstraße und die Kurfürstenstraße zum Brandenburger Tor.* (Berliner Zeitung, 30.04)

## 2012
„Um 10 Uhr sollen an der Spandauer Straße ein Motorrad- und ein Fahrrad-Korso … Die Route verläuft über die Oranienburger Straße zum Brandenburger Tor.” 

Attendance: 100 (2012, taz)",,100,LineString,14645.6,"52.521431,13.403106","52.51609,13.377328",96,1__mai_berlin_aktualna_14_.geojson,,False
2014_DE_korso_DGB,2014,Lata,DE,DGB,korso,name,DGB,False,zwiazkowe,2012-2014; 2016 DGB Fahrradkorso,"2012-2016 assumed the same route as 2017:
*Ein Korso für Skater und Radler beginnt um 9 Uhr an der Spandauer Straße. Er führt über die Invalidenstraße und die Kurfürstenstraße zum Brandenburger Tor.* (Berliner Zeitung, 30.04)

## 2012
„Um 10 Uhr sollen an der Spandauer Straße ein Motorrad- und ein Fahrrad-Korso … Die Route verläuft über die Oranienburger Straße zum Brandenburger Tor.” 

Attendance: 100 (2012, taz)",,100,LineString,14645.6,"52.521431,13.403106","52.51609,13.377328",96,1__mai_berlin_aktualna_14_.geojson,,False
2016_DE_korso_DGB,2016,Lata,DE,DGB,korso,name,DGB,False,zwiazkowe,2012-2014; 2016 DGB Fahrradkorso,"2012-2016 assumed the same route as 2017:
*Ein Korso für Skater und Radler beginnt um 9 Uhr an der Spandauer Straße. Er führt über die Invalidenstraße und die Kurfürstenstraße zum Brandenburger Tor.* (Berliner Zeitung, 30.04)

## 2012
„Um 10 Uhr sollen an der Spandauer Straße ein Motorrad- und ein Fahrrad-Korso … Die Route verläuft über die Oranienburger Straße zum Brandenburger Tor.” 

Attendance: 100 (2012, taz)",,100,LineString,14645.6,"52.521431,13.403106","52.51609,13.377328",96,1__mai_berlin_aktualna_14_.geojson,,False
2015_DE_korso_DGB,2015,Lata,DE,DGB,korso,name,DGB,False,zwiazkowe,2015 DGB Fahrradkorso,"2015 DGB Fahrradkorso
300 rolkarzy i rowerzystów
Godz.: 09:00–11:20 (start 10:00)
Pełna trasa: start od Wyspy Muzeów (Museumsinsel) → rejon Hackescher Hof → Zoo Berlin (Tiergarten Garten) → przez Potsdamer Platz → Brandenburger Tor (otoa.com; wygląda na wersję skróconą; odpowiada trasie z 2017)

 *Ein Korso für Skater und Radler beginnt um 9 Uhr an der Spandauer Straße. Er führt über die Invalidenstraße und die Kurfürstenstraße zum Brandenburger Tor.* Berliner Zeitung 30.04.2015",,100,LineString,14645.6,"52.521431,13.403106","52.51609,13.377328",97,1__mai_berlin_aktualna_14_.geojson,,False
2017_DE_korso_DGB,2017,Lata,DE,DGB,korso,name,DGB,False,zwiazkowe,2017 DGB Fahrradkorso,"2017 – Fahrrad-Korso START um 10 Uhr am Hackeschen Markt:  Spandauer Straße, nach links ➫ Karl-Liebknecht-Straße, nach links ➫ Torstraße ➫ Rosenthaler Platz ➫ Torstraße ➫ Oranienburger Tor ➫ Chausseestraße ➫ Invalidenstraße ➫ Alt-Moabit ➫ Gotzkowskystraße ➫ Gotzkowskybrücke ➫ Franklinstraße ➫ Marchstraße ➫ Ernst-Reuter-Platz ➫ Hardenbergstraße ➫ Budapester Straße ➫ Kurfürstenstraße ➫ Potsdamer Straße ➫  Potsdamer Platz ➫ Ebertstraße ➫ Platz des 18. März ZIEL ca. 11.30 Uhr (DGB Flyer)
",,100,LineString,14645.6,"52.521431,13.403106","52.51609,13.377328",98,1__mai_berlin_aktualna_14_.geojson,,False
2018_DE_korso_DGB,2018,Lata,DE,DGB,korso,name,DGB,False,zwiazkowe,2018 Fahrrad Demo,"2018 – Es wird auch wieder einen Motorrad- und Fahrradkorsogeben. Beide starten ebenfalls9 Uhr an der Spandauer Straßeund enden am Platz des 18. März. (Berliner Zeitung 30.4); Unter dem Motto „Platz nehmen“ er-fahren wir beim Fahrradkorso am 1.Mai verschiedene Aspekte der Emanzipation – von Generalstreik bis City-Bike.  Der DGB erinnert an Höhepunkte der Arbeiterbewegung in Berlin, die IG Metall berichtet von ihren aktuellen sozialen Kämpfen und der ADFC Berlin erläutert, wie Radfahrende sich für Flächen- und Umweltgerechtigkeit, Solidarität und Sicherheit im Straßenverkehr einsetzen. (DGB Flyer)",,360,LineString,10673.6,"52.522161,13.40224","52.516162,13.377521",99,1__mai_berlin_aktualna_14_.geojson,,False
2019_DE_korso_DGB,2019,Lata,DE,DGB,korso,name,DGB,False,zwiazkowe,2019 Fahrradkorso,"*Beginn  1. Mai 2019
10:00 am **Henriette-Hertz-Platz** 
Ende ca. 11:30 beim Mai-Fest am Brandenburger Tor.  
---
Die gut zehn Kilometer lange Strecke führt durch Mitte, Friedrichshain, Kreuzberg und Tiergarten, mit Zwischenkundgebungen am **Moritzplatz** und an der **Lindenstraße/ Ecke Alte Jakobstraße**. Eingeladen sind Radfahrende mit und ohne Gewerkschaftsmitgliedschaft, ArbeiterInnen mit und ohne viel Radfahrpraxis sowie Familien, Stadtteilinitiativen und alle, die am 1. Mai ein Zeichen setzen möchten für ein gerechtes und lebenswertes Berlin.* (DGB Maizeitung 2019)",,200,LineString,11083.9,"52.5216,13.402902","52.516221,13.37667",100,1__mai_berlin_aktualna_14_.geojson,,False
2003_DE_korso_DGB,2003,Lata,DE,DGB,korso,name,DGB,False,zwiazkowe,2003 DGB Motorradkorso,"Assumed similiar route as in 2005

*Um 11 Uhr startet ein Motorradkorso vom U-Bahnhof Ruhleben. (BZ, 30.04.2003)*

2005 – Der 1.-Mai-Motorrad-Korso findet bereits zum dritten Mal statt. 2004 haben bereits über 200 Biker auf Motorrädern, Gespannen und Rollern teilgenommen. Diese Zahl wollen wir in diesem Jahr toppen. Wer Lust hat, kann an seinem Motorrad auch eine Gewerkschaftsfahne mitführen. Am sichersten ist das natürlich, wenn diese von einem Sozius gehalten wird. Bitte auf der Anmeldung vermerken!
Achtung, die Helmpflicht ist trotz Demoanmeldung nicht aufgehoben - safety first. Am Ziel bekommen alle Biker mit Helm eine Erfrischung.
Route:
START 10:15 Uhr, Olympischer Platz→ Olympische Straße→ Reichsstraße→ Theodor-Heuss-Platz→ Masurenallee→ Messedamm→ Halenseestraße→ Rathenauplatz→ Kurfürstendamm→ Tauentzienstraße→ Kleiststraße→ An der Urania (östliche Fahrbahn, Richtung Nord)→ Schillstraße→ Lützowufer→ Schöneberger Ufer→ Tempelhofer Ufer→ Waterlooufer→ Gitschiner Straße→ Skalitzer Straße→ Kottbusser Tor→ Skalitzer Straße→ Oberbaumstraße→ Oberbaumbrücke→ Warschauer Straße→ Karl-Marx-Allee→ Alexanderplatz→ Karl-Liebknecht-Straße→ Spandauer Straße ZIEL: Platz vor dem Berliner Rathaus (wayback machine DGB)",,100,LineString,22893.4,"52.526091,13.240674","52.518467,13.406925",101,1__mai_berlin_aktualna_14_.geojson,,False
2004_DE_demonstracja_DGB_a,2004,Lata,DE,DGB,demonstracja,name,DGB,False,zwiazkowe,2004-2005 DGB Motorcycle Demonstration,"2004 – assumed the same route
2005 – Der 1.-Mai-Motorrad-Korso findet bereits zum dritten Mal statt. 2004 haben bereits über 200 Biker auf Motorrädern, Gespannen und Rollern teilgenommen. Diese Zahl wollen wir in diesem Jahr toppen. Wer Lust hat, kann an seinem Motorrad auch eine Gewerkschaftsfahne mitführen. Am sichersten ist das natürlich, wenn diese von einem Sozius gehalten wird. Bitte auf der Anmeldung vermerken!
Achtung, die Helmpflicht ist trotz Demoanmeldung nicht aufgehoben - safety first. Am Ziel bekommen alle Biker mit Helm eine Erfrischung.
Route:
START 10:15 Uhr, Olympischer Platz→ Olympische Straße→ Reichsstraße→ Theodor-Heuss-Platz→ Masurenallee→ Messedamm→ Halenseestraße→ Rathenauplatz→ Kurfürstendamm→ Tauentzienstraße→ Kleiststraße→ An der Urania (östliche Fahrbahn, Richtung Nord)→ Schillstraße→ Lützowufer→ Schöneberger Ufer→ Tempelhofer Ufer→ Waterlooufer→ Gitschiner Straße→ Skalitzer Straße→ Kottbusser Tor→ Skalitzer Straße→ Oberbaumstraße→ Oberbaumbrücke→ Warschauer Straße→ Karl-Marx-Allee→ Alexanderplatz→ Karl-Liebknecht-Straße→ Spandauer Straße ZIEL: Platz vor dem Berliner Rathaus (wayback machine DGB)",,200,LineString,21527.5,"52.515542,13.24947","52.518467,13.406925",102,1__mai_berlin_aktualna_14_.geojson,,False
2005_DE_demonstracja_DGB_b,2005,Lata,DE,DGB,demonstracja,name,DGB,False,zwiazkowe,2004-2005 DGB Motorcycle Demonstration,"2004 – assumed the same route
2005 – Der 1.-Mai-Motorrad-Korso findet bereits zum dritten Mal statt. 2004 haben bereits über 200 Biker auf Motorrädern, Gespannen und Rollern teilgenommen. Diese Zahl wollen wir in diesem Jahr toppen. Wer Lust hat, kann an seinem Motorrad auch eine Gewerkschaftsfahne mitführen. Am sichersten ist das natürlich, wenn diese von einem Sozius gehalten wird. Bitte auf der Anmeldung vermerken!
Achtung, die Helmpflicht ist trotz Demoanmeldung nicht aufgehoben - safety first. Am Ziel bekommen alle Biker mit Helm eine Erfrischung.
Route:
START 10:15 Uhr, Olympischer Platz→ Olympische Straße→ Reichsstraße→ Theodor-Heuss-Platz→ Masurenallee→ Messedamm→ Halenseestraße→ Rathenauplatz→ Kurfürstendamm→ Tauentzienstraße→ Kleiststraße→ An der Urania (östliche Fahrbahn, Richtung Nord)→ Schillstraße→ Lützowufer→ Schöneberger Ufer→ Tempelhofer Ufer→ Waterlooufer→ Gitschiner Straße→ Skalitzer Straße→ Kottbusser Tor→ Skalitzer Straße→ Oberbaumstraße→ Oberbaumbrücke→ Warschauer Straße→ Karl-Marx-Allee→ Alexanderplatz→ Karl-Liebknecht-Straße→ Spandauer Straße ZIEL: Platz vor dem Berliner Rathaus (wayback machine DGB)",,200,LineString,21527.5,"52.515542,13.24947","52.518467,13.406925",102,1__mai_berlin_aktualna_14_.geojson,,False
2006_DE_korso_DGB_a,2006,Lata,DE,DGB,korso,name,DGB,False,zwiazkowe,2006 DGB Motorradkorso,"1. Mai-Motorrad-Korso
vom DGB-Gewerkschaftshaus am Wittenbergplatz zum Brandenburger Tor

Treff: 09:00 Uhr, DGB-Haus, Keithstraße 1-3, Ecke Kleiststraße
Start: 09:45 Uhr, Kleiststraße Richtung Nollendorfplatz 
Die ersten 50 erhalten am Start kostenlos ein T-Shirt „ride for the future""

(assumed the same route as in 2007)",,80,LineString,20674.4,"52.5013,13.345846","52.516691,13.377788",103,1__mai_berlin_aktualna_14_.geojson,,False
2007_DE_korso_DGB_a,2007,Lata,DE,DGB,korso,name,DGB,False,zwiazkowe,2007 Motorradkorso,"## 2007
Treff: 09:00 Uhr, DGB-Haus, Keithstraße 1-3, Ecke Kleiststraße
Start: 09:45 Uhr, Kleiststraße Richtung Nollendorfplatz
Die ersten 50 erhalten am Start kostenlos ein T-Shirt „ride for the future""

Wer Lust hat, kann an seinem Motorrad auch eine Gewerkschaftsfahne mitführen. Am sichersten ist das natürlich, wenn diese von einem Sozius gehalten wird. Bitte auf der Anmeldung vermerken!
Route:
START 09:45 Uhr, Kleiststraße
→ Bülowstraße
→ Potsdamer Straße
→ Potsdamer Platz
→ Stresemannstraße
→ Mehringbrücke
→ Tempelhofer Ufer
→ Waterlooufer
→ Gitschiner Straße
→ Skalitzer Straße
→ Oberbaumbrücke
→ Warschauer Straße
→ U-Bhf. Frankfurter Tor
→ Petersburger Straße
→ Danziger Straße
→ Kastanienallee
→ Veteranenstraße
→ Invalidenstraße
→ Willi-Brandt-Straße
→ Heinrich-von-Gagern-Straße
→ Scheidemannstraße
→ Ebertstraße
ZIEL: Brandenburger Tor (Parken in der nördlichen Ebertstraße direkt neben der Bühne) (waybackmachine erstermai.dgb.de)

## 2011
(https://www.parlament-berlin.de/ados/16/InnSichO/protokoll/iso16-077-bp-anlage2.pdf)",,100,LineString,20674.4,"52.5013,13.345846","52.516691,13.377788",104,1__mai_berlin_aktualna_14_.geojson,,False
2008_DE_korso_DGB_a,2008,Lata,DE,DGB,korso,name,DGB,False,zwiazkowe,2008; 2010 Motorrad Demo,"2008 (assumed the same route as 2009 and 2011)
1. Mai-Fahrrad-Korso vom DGB-Gewerkschaftshaus am Wittenbergplatz zum Brandenburger Tor

Treff: 09:00 Uhr, DGB-Haus, Keithstraße 1-3, Ecke Kleiststraße Start: 10:00 Uhr, Kleiststraße Richtung Nollendorfplatz

2010 Attendance 80 (TsG)",,80,LineString,28786.3,"52.5013,13.345846","52.516691,13.377673",105,1__mai_berlin_aktualna_14_.geojson,,False
2010_DE_korso_DGB_a,2010,Lata,DE,DGB,korso,name,DGB,False,zwiazkowe,2008; 2010 Motorrad Demo,"2008 (assumed the same route as 2009 and 2011)
1. Mai-Fahrrad-Korso vom DGB-Gewerkschaftshaus am Wittenbergplatz zum Brandenburger Tor

Treff: 09:00 Uhr, DGB-Haus, Keithstraße 1-3, Ecke Kleiststraße Start: 10:00 Uhr, Kleiststraße Richtung Nollendorfplatz

2010 Attendance 80 (TsG)",,80,LineString,28786.3,"52.5013,13.345846","52.516691,13.377673",105,1__mai_berlin_aktualna_14_.geojson,,False
2009_DE_korso_DGB_a,2009,Lata,DE,DGB,korso,name,DGB,False,zwiazkowe,2009;2011 Motorrad Demo,"2009 – vom DGB - Gewerkschaftshaus am Wittenbergplatz zum Brandenburger Tor

Treff: 09:00 Uhr, DGB-Haus, Keithstraße 1-3, Ecke Kleiststraße
Start: 10:00 Uhr, Kleiststraße Richtung Nollendorfplatz START: Kleiststraße
→ An der Urania
→ Kurfürstenstraße
→ Potsdamer Straße
→ Potsdamer Platz
→ Stresemannstraße
→ Wilhelmstraße
→ Mehringbrücke
→ Mehringdamm
→ Gneisenaustraße
→ Südstern
→ Hasenheide
→ Hermannplatz
→ Hermannstraße
→ Silbersteinstraße
→ Karl-Marx-Straße
→ Hermannplatz
→ Kottbusser Damm
→ Kottbusser Tor
→ Skalitzer Straße
→ Oberbaumstraße
→ Oberbaumbrücke
→ Am Oberbaum
→ Warschauer Straße
→ Frankfurter Tor
→ Petersburger Straße
→ Bersarinplatz
→ Petersburger Straße
→ Danziger Straße
→ Kastanienallee
→ Fehrbelliner Straße
→ Veteranenstraße
→ Invalidenstraße
→ Alt Moabit
→ Moltkebrücke
→ Willi-Brandt-Straße
→ Scheidemannstraße
→ Ebertstraße
ZIEL: Platz des 18. März

## 2011
(https://www.parlament-berlin.de/ados/16/InnSichO/protokoll/iso16-077-bp-anlage2.pdf)

Attendance: 45 (taz, 2011)",,45,LineString,28786.3,"52.5013,13.345846","52.516691,13.377673",106,1__mai_berlin_aktualna_14_.geojson,,False
2011_DE_korso_DGB_a,2011,Lata,DE,DGB,korso,name,DGB,False,zwiazkowe,2009;2011 Motorrad Demo,"2009 – vom DGB - Gewerkschaftshaus am Wittenbergplatz zum Brandenburger Tor

Treff: 09:00 Uhr, DGB-Haus, Keithstraße 1-3, Ecke Kleiststraße
Start: 10:00 Uhr, Kleiststraße Richtung Nollendorfplatz START: Kleiststraße
→ An der Urania
→ Kurfürstenstraße
→ Potsdamer Straße
→ Potsdamer Platz
→ Stresemannstraße
→ Wilhelmstraße
→ Mehringbrücke
→ Mehringdamm
→ Gneisenaustraße
→ Südstern
→ Hasenheide
→ Hermannplatz
→ Hermannstraße
→ Silbersteinstraße
→ Karl-Marx-Straße
→ Hermannplatz
→ Kottbusser Damm
→ Kottbusser Tor
→ Skalitzer Straße
→ Oberbaumstraße
→ Oberbaumbrücke
→ Am Oberbaum
→ Warschauer Straße
→ Frankfurter Tor
→ Petersburger Straße
→ Bersarinplatz
→ Petersburger Straße
→ Danziger Straße
→ Kastanienallee
→ Fehrbelliner Straße
→ Veteranenstraße
→ Invalidenstraße
→ Alt Moabit
→ Moltkebrücke
→ Willi-Brandt-Straße
→ Scheidemannstraße
→ Ebertstraße
ZIEL: Platz des 18. März

## 2011
(https://www.parlament-berlin.de/ados/16/InnSichO/protokoll/iso16-077-bp-anlage2.pdf)

Attendance: 45 (taz, 2011)",,45,LineString,28786.3,"52.5013,13.345846","52.516691,13.377673",106,1__mai_berlin_aktualna_14_.geojson,,False
2012_DE_korso_DGB_a,2012,Lata,DE,DGB,korso,name,DGB,False,zwiazkowe,2012-2014;2016 Motorradkorso ,"Assumed the same route as 2017

**2012**
10:00 Uhr: Start der Demos Hackescher Markt
Motorrad-Korso, Fahrrad-Korso, Skater-Demo
Demonstrationszug zum Brandenburger Tor (DGB Einladung 2012)

**2013**
10:00 Uhr: Start der Demos Hackescher Markt
Motorrad-Korso, Fahrrad-Korso, Skater-Demo
Demonstrationszug zum Brandenburger Tor (DGB Einladung 2013)


**2016**
10:00 – Hackescher Markt/Spandauer Strasse
 – ""Eindrucksvoll auch der Motorrad-Korso, der im Namen des Mindestlohns mit Polizeieskorte über den Kudamm herangebraust war."" 

*Die Route für Biker beginnt zur selben Zeit an der Spandauer Straße und führt über die Bornholmer Straße zur Hermannstraße, dem Südstern, die Gneisenaustraße bis zum Brandenburger Tor. ""Die Straßen sind voll. Autofahrer haben kaum Chancen, durch die Stadt zu kommen"", warnt die Polizei.*
(Morgenpost 2.05.2015)
– 11:30 Brandenburger Tor ",,50,LineString,42913.8,"52.521287,13.402742","52.516191,13.377274",107,1__mai_berlin_aktualna_14_.geojson,,False
2013_DE_korso_DGB_a,2013,Lata,DE,DGB,korso,name,DGB,False,zwiazkowe,2012-2014;2016 Motorradkorso ,"Assumed the same route as 2017

**2012**
10:00 Uhr: Start der Demos Hackescher Markt
Motorrad-Korso, Fahrrad-Korso, Skater-Demo
Demonstrationszug zum Brandenburger Tor (DGB Einladung 2012)

**2013**
10:00 Uhr: Start der Demos Hackescher Markt
Motorrad-Korso, Fahrrad-Korso, Skater-Demo
Demonstrationszug zum Brandenburger Tor (DGB Einladung 2013)


**2016**
10:00 – Hackescher Markt/Spandauer Strasse
 – ""Eindrucksvoll auch der Motorrad-Korso, der im Namen des Mindestlohns mit Polizeieskorte über den Kudamm herangebraust war."" 

*Die Route für Biker beginnt zur selben Zeit an der Spandauer Straße und führt über die Bornholmer Straße zur Hermannstraße, dem Südstern, die Gneisenaustraße bis zum Brandenburger Tor. ""Die Straßen sind voll. Autofahrer haben kaum Chancen, durch die Stadt zu kommen"", warnt die Polizei.*
(Morgenpost 2.05.2015)
– 11:30 Brandenburger Tor ",,50,LineString,42913.8,"52.521287,13.402742","52.516191,13.377274",107,1__mai_berlin_aktualna_14_.geojson,,False
2014_DE_korso_DGB_a,2014,Lata,DE,DGB,korso,name,DGB,False,zwiazkowe,2012-2014;2016 Motorradkorso ,"Assumed the same route as 2017

**2012**
10:00 Uhr: Start der Demos Hackescher Markt
Motorrad-Korso, Fahrrad-Korso, Skater-Demo
Demonstrationszug zum Brandenburger Tor (DGB Einladung 2012)

**2013**
10:00 Uhr: Start der Demos Hackescher Markt
Motorrad-Korso, Fahrrad-Korso, Skater-Demo
Demonstrationszug zum Brandenburger Tor (DGB Einladung 2013)


**2016**
10:00 – Hackescher Markt/Spandauer Strasse
 – ""Eindrucksvoll auch der Motorrad-Korso, der im Namen des Mindestlohns mit Polizeieskorte über den Kudamm herangebraust war."" 

*Die Route für Biker beginnt zur selben Zeit an der Spandauer Straße und führt über die Bornholmer Straße zur Hermannstraße, dem Südstern, die Gneisenaustraße bis zum Brandenburger Tor. ""Die Straßen sind voll. Autofahrer haben kaum Chancen, durch die Stadt zu kommen"", warnt die Polizei.*
(Morgenpost 2.05.2015)
– 11:30 Brandenburger Tor ",,50,LineString,42913.8,"52.521287,13.402742","52.516191,13.377274",107,1__mai_berlin_aktualna_14_.geojson,,False
2016_DE_korso_DGB_a,2016,Lata,DE,DGB,korso,name,DGB,False,zwiazkowe,2012-2014;2016 Motorradkorso ,"Assumed the same route as 2017

**2012**
10:00 Uhr: Start der Demos Hackescher Markt
Motorrad-Korso, Fahrrad-Korso, Skater-Demo
Demonstrationszug zum Brandenburger Tor (DGB Einladung 2012)

**2013**
10:00 Uhr: Start der Demos Hackescher Markt
Motorrad-Korso, Fahrrad-Korso, Skater-Demo
Demonstrationszug zum Brandenburger Tor (DGB Einladung 2013)


**2016**
10:00 – Hackescher Markt/Spandauer Strasse
 – ""Eindrucksvoll auch der Motorrad-Korso, der im Namen des Mindestlohns mit Polizeieskorte über den Kudamm herangebraust war."" 

*Die Route für Biker beginnt zur selben Zeit an der Spandauer Straße und führt über die Bornholmer Straße zur Hermannstraße, dem Südstern, die Gneisenaustraße bis zum Brandenburger Tor. ""Die Straßen sind voll. Autofahrer haben kaum Chancen, durch die Stadt zu kommen"", warnt die Polizei.*
(Morgenpost 2.05.2015)
– 11:30 Brandenburger Tor ",,50,LineString,42913.8,"52.521287,13.402742","52.516191,13.377274",107,1__mai_berlin_aktualna_14_.geojson,,False
2015_DE_korso_DGB_a,2015,Lata,DE,DGB,korso,name,DGB,False,zwiazkowe,2015 Motorradkorso ,"Route via https://www.otoa.com/

## 2015
■ Zarys demonstracji zaplanowanej na 1 maja
◎ Demonstracja motocyklowa zorganizowana przez Niemiecki Związek Zawodowy (DGB)
〔Uczestnicy〕
　Około 200 motocykli
〔Godziny〕
　09:00–11:20 (początek o godz. 10:00)
〔Trasa〕
　Początek na Spandauer Str. (ulica w pobliżu Wyspy Muzeów), przejazd przez dzielnicę Mitte.
　↓　Spandauer Brücke
　↓　Rosenthaler Str.
　↓　Brunnenstr.
　↓　Veteranenstr.
　↓　Zionskirchplatz
　↓　Zionskirchstr.
　↓　Choriner Str.
　↓　Schonhauser Allee
　↓　Danziger Str.
　↓　Petersburger Str.
　↓　Frankfurter Tor
　↓　Warschauer Str.
　↓　Am Oberbaum
　Następnie przejeżdżamy przez most Oberbaumbrucke w kierunku dzielnicy Kreuzberg,
　a stamtąd udajemy się w okolice Kurfürstendamm.
　↓　Skalitzer Str.
　↓　Kottbusser Tor
　↓　Kottbusser Damm
　↓　Hermannplatz
　↓　Karl-Marx-Str.
　↓　Silbersteinstr.
　↓　Hermannstr.
　↓　Hermannplatz
　↓　Hasenheide
　↓　Sudstern
　↓　Gneisenaustr.
　↓　Yorckstr.
　↓　Goebenstr.
　↓　Pallasstr
　↓　Hohenstauffenstr.
　↓　Nachodstr.
　↓　Hohenzollerndamm
　↓　Fehrbelliner Platz
　↓　Brandenburgische Str.
　↓　Adenauer Platz
　↓　Kurfürstendamm
　↓　Tauentzienstr.
　↓　An der Urania
　↓　Schillstr.
　↓　Lutzowufer
　↓　Schöneberger Ufer
　↓　Potsdamer Str.
　↓　Potsdamer Platz
　↓　Ebertstr.
*Die Route für Biker beginnt zur selben Zeit an der Spandauer Straße und führt über die Bornholmer Straße zur Hermannstraße, dem Südstern, die Gneisenaustraße bis zum Brandenburger Tor. ""Die Straßen sind voll. Autofahrer haben kaum Chancen, durch die Stadt zu kommen"", warnt die Polizei.*
(Morgenpost 2.05.2015)
– 11:30 Brandenburger Tor ",,200,LineString,33277.8,"52.521287,13.402742","52.516191,13.377274",108,1__mai_berlin_aktualna_14_.geojson,,False
2017_DE_korso_DGB_a,2017,Lata,DE,DGB,korso,name,DGB,False,zwiazkowe,2017-2018 Motorrad Demo,"2017 – Motorrad-Korso START um 10 Uhr am Hackeschen Markt (DGB Flyer 2017)
2018 – Es wird auch wieder einen Motorrad- und Fahrradkorsogeben. Beide starten ebenfalls9 Uhr an der Spandauer Straßeund enden am Platz des 18. März. (Berliner Zeitung 30.4)",,75,LineString,42929.6,"52.522109,13.402175","52.516296,13.378402",109,1__mai_berlin_aktualna_14_.geojson,,False
2018_DE_korso_DGB_a,2018,Lata,DE,DGB,korso,name,DGB,False,zwiazkowe,2017-2018 Motorrad Demo,"2017 – Motorrad-Korso START um 10 Uhr am Hackeschen Markt (DGB Flyer 2017)
2018 – Es wird auch wieder einen Motorrad- und Fahrradkorsogeben. Beide starten ebenfalls9 Uhr an der Spandauer Straßeund enden am Platz des 18. März. (Berliner Zeitung 30.4)",,75,LineString,42929.6,"52.522109,13.402175","52.516296,13.378402",109,1__mai_berlin_aktualna_14_.geojson,,False
2019_DE_korso_DGB_a,2019,Lata,DE,DGB,korso,name,DGB,False,zwiazkowe,2019 Motorrad Demo,"2017 – Motorrad-Korso START um 10 Uhr am Hackeschen Markt (DGB Flyer 2017)
2018 – Es wird auch wieder einen Motorrad- und Fahrradkorsogeben. Beide starten ebenfalls9 Uhr an der Spandauer Straßeund enden am Platz des 18. März. (Berliner Zeitung 30.4)
2019 – Berliner Zeitung [@kopietz1987HatSich2019]",,50,LineString,42732.6,"52.522109,13.402175","52.516296,13.378402",110,1__mai_berlin_aktualna_14_.geojson,,False
2000_DE_demonstracja_DGB_c,2000,Lata,DE,DGB,demonstracja,name,DGB,False,zwiazkowe,"2000 DGB Inline-Skates Demo. ""Wir lassen uns nicht abhängen""","Start: Rotes Rathaus (Rathausstraße/Ecke Breite Straße) 10:00 Uhr
- Werderstraße - Französische Straße - Friedrichstraße - ehem. Checkpoint Charlie
- Kochstraße - Wilhelmstraße - Anhalter Straße -
Anhalter Bahnhof - Stresemannstraße -
Potsdamer Platz- Potsdamer Straße - Scharounstraße - Herbert-v. Karajan-Straße -Philharmonie- Tiergartenstraße - Hofjägerallee -
Großer Stern- Straße des 17. Juni -Brandenburger Tor (ca. 11:00 bis 11:20 Uhr)- Unter den Linden - Karl-Liebknecht-Straße - Spandauer Straße -
Ziel: Rotes Rathaus DGB-Kundgebung 11:30 Uhr

Attendance: 350 (Tagesspiegel); 1000 (DGB Gewerkschaftsbericht)",,675,LineString,10153.5,"52.518519,13.407442","52.518336,13.40721",111,1__mai_berlin_aktualna_14_.geojson,,False
2005_DE_demonstracja_DGB_c,2005,Lata,DE,DGB,demonstracja,name,DGB,False,zwiazkowe,2005 Inline-skate Demo,"2005 – 1. Mai-Skating
vom Olympiastadion zum Roten Rathaus

Treff: 09:00 Uhr, Olympischer Platz
Start: 10:30 Uhr, Abfahrt (auf Inline-Skatern)

Auf Inlineskatern über die Straßen und Autobahnen zum Roten Rathaus. Auch diese Form der Demo machen wir erstmals zum 1. Mai. Viele, gerade jüngere Gewerkschaftsmitglieder und ihre Familien haben darauf gedrängt, auch auf diese Weise für Arbeit und soziale Gerechtigkeit zu demonstrieren. Hier heißt das Motto „skate for the future“.

Die ersten 250 Teilnehmer, die sich angemeldet haben, bekommen am Start ein bedrucktes T-Shirt mit dem Aufdruck „""1. Mai-Skating 2005"". Voraussetzung ist natürlich auch hier, dass es bis zum Roten Rathaus getragen wird. So wollen wir deutlich machen, dass es um mehr geht, als um ein Vergnügen, sondern um die Zukunft Berlins und der Menschen, die hier leben.

Route:
    Olympische Straße
    rechts in die Reichsstraße
    Theodor-Heuss-Platz
    Masurenallee
    rechts in den Messedamm
    Halenseestraße
    Rathenauplatz
    Kurfürstendamm
    Tauentzienstraße
    Kleiststraße
    links An der Urania (östliche Fahrbahn, Richtung Nord)
    Schillstraße
    Lützowufer
    Schöneberger Ufer
    links in die Potsdamer Straße
    Potsdamer Platz
    Leipziger Straße
    Gertraudenstraße
    Mühlendamm
    Spandauer Straße

Ende:

    Platz vor dem Berliner Rathaus
",,150,LineString,13735.0,"52.515542,13.24947","52.518108,13.407655",112,1__mai_berlin_aktualna_14_.geojson,,False
2006_DE_korso_DGB_b,2006,Lata,DE,DGB,korso,name,DGB,False,zwiazkowe,2006 DGB Inline Skate Korso,"(assumed the same route as 2007)
1. Mai-Skating
vom DGB-Gewerkschaftshaus am Wittenbergplatz zum Brandenburger Tor

Treff: 09:00 Uhr, DGB-Haus, Keithstraße 1-3
Start: 09:55 Uhr, Kleiststraße Richtung Nollendorfplatz

Die ersten 100 erhalten am Start kostenlos ein T-Shirt „1. Mai-Skating 2006"" ",,100,LineString,15446.5,"52.501607,13.345894","52.516499,13.381219",113,1__mai_berlin_aktualna_14_.geojson,,False
2007_DE_korso_DGB_b,2007,Lata,DE,DGB,korso,name,DGB,False,zwiazkowe,2007 DGB Inline Skate Korso,"Treff: 09:00 Uhr, DGB-Haus, Keithstraße 1-3
Start: 09:55 Uhr, Kleiststraße Richtung Nollendorfplatz
Die ersten 100 erhalten am Start kostenlos ein T-Shirt „1. Mai-Skating 2007""
ANMELDUNG
Route:
START 09:55 Uhr, Kleiststraße
→ Keithstraße
→ Kleiststraße
→ Bülowstraße
→ Potsdamer Straße
→ Potsdamer Platz
→ Stresemannstraße
→ Mehringbrücke
→ Tempelhofer Ufer
→ Waterlooufer
→ Gitschiner Straße
→ Skalitzer Straße
→ Oberbaumbrücke
→ Mühlenstraße
→ Stralauer Platz
→ Holzmarktstraße
→ Stralauer Straße
→ Grunerstraße
→ Alexanderplatz
→ Karl-Liebknecht-Straße
→ Unter den Linden
ZIEL: Brandenburger Tor",,100,LineString,15446.5,"52.501607,13.345894","52.516499,13.381219",114,1__mai_berlin_aktualna_14_.geojson,,False
2009_DE_korso_DGB_b,2009,Lata,DE,DGB,korso,name,DGB,False,zwiazkowe,2009 DGB Inline Skate Korso,"vom DGB-Gewerkschaftshaus am Wittenbergplatz zum Brandenburger Tor
Treff: 09:00 Uhr, DGB-Haus, Keithstraße 1-3
Start: 10:00 Uhr, Kleiststraße Richtung Nollendorfplatz
Die ersten 50 Anmelder erhalten am Start kostenlos eine Warnweste: ARBEIT für alle bei fairem LOHN
ANMELDUNG
Route:
START 10:00 Uhr, Kleiststraße
→ An der Urania
→ Kurfürstenstraße
→ Potsdamer Straße
→ Potsdamer Platz
→ Stresemannstraße
→ Mehringbrücke
→ Tempelhofer Ufer
→ Waterlooufer
→ Gitschiner Straße
→ Skalitzer Straße
→ Oberbaumbrücke
→ Mühlenstraße
→ Stralauer Platz
→ Holzmarktstraße
→ Stralauer Straße
→ Grunerstraße
→ Alexanderplatz
→ Karl-Liebknecht-Straße
→ Unter den Linden
ZIEL: Brandenburger Tor",,100,LineString,15404.0,"52.501607,13.345894","52.516499,13.381219",115,1__mai_berlin_aktualna_14_.geojson,,False
2011_DE_korso_DGB_b,2011,Lata,DE,DGB,korso,name,DGB,False,zwiazkowe,2011 DGB Inlineskate-Korso,"Treff: 09:00 Uhr, DGB-Haus, Keithstraße 1-3, Ecke Kleiststraße Start: 10:00 Uhr, Kleiststraße Richtung Nollendorfplatz Ziel: ca. 11:30, Bühne am Brandenburger Tor

ANMELDUNG

Route: START 10:00 Uhr Keithstraße → Kleiststraße → Bülowstraße → Potsdamer Straße → Potsdamer Platz → Stresemannstraße → Mehringbrücke → Tempelhofer Ufer → Waterloo-Ufer → Gitschiner Straße → Skalitzer Straße → Oberbaumbrücke → Mühlenstraße → Stralauer Straße → Grunerstraße → Alexanderplatz → Karl-Liebknecht-Straße → Unter den Linden → Platz des 18. März ZIEL ca. 11:30 Uhr (waybackmachine DGB)

Attendance: assume ca. 100",,100,LineString,15446.5,"52.501607,13.345894","52.516499,13.381219",116,1__mai_berlin_aktualna_14_.geojson,,False
2005_DE_demonstracja_R1M,2005,Lata,DE,Revolutionäre 1. Mai,demonstracja,name,R1M,False,niezwiazkowe,2005 Spontandemo,"The usual R1M demonstration was called off. Instead, a spontaneous demonstation through MyFest was organised (BZ 28.04.2005)

Start: Heinrichplatz (~18:25)
→ Waldemarstraße (~18:30)
→ między Oranienplatz a Moritzplatz (~18:59, część zawraca do SO36)
→ Moritzplatz
→ Axel-Springer-Straße (~19:39, starcia, Opel Corsa wywrócony, armatki wodne)
→ w kierunku Moritzplatz (demo odpychana przez policję, ~19:47)
→ Moritzplatz (okrążenie ~19:52, ~200 osób) (na podstawie taz 2.05.2005)

Attendance:
3000 (start, organizers)
200 (taz)",,1400,LineString,3196.7,"52.500238,13.423045","52.50368,13.410368",0,1__mai_berlin_aktualna_15_.geojson,,False
2006_DE_demonstracja_R1M,2006,Lata,DE,Revolutionäre 1. Mai,demonstracja,name,R1M,False,niezwiazkowe,2006 R1M Sponti (20:00),"A second unregistered march began around 20:18 in the Waldemarstraße, drawing several hundred participants including young people and migrants. The lead banner read ""Myfest ist scheiße. Für einen revolutionären 1. Mai"" (""MyFest is shit. For a revolutionary 1st of May""). Fireworks were thrown as the crowd moved through the neighborhood. By 20:49 police chief Glietsch was observed personally moving through the crowd in plain clothes near Manteuffelstraße, searching for trouble. The march ended around 21:12 at Heinrichplatz, where minor skirmishes broke out — bottles and fireworks were thrown, and police intervened selectively against individual perpetrators.
Route: Waldemarstraße → Manteuffelstraße → Heinrichplatz (taz liveticker 2006)",,,LineString,743.0,"52.502136,13.42462","52.500268,13.423",1,1__mai_berlin_aktualna_15_.geojson,,False
2013_DE_demonstracja_R1M,2013,Lata,DE,Revolutionäre 1. Mai,demonstracja,name,R1M,False,niezwiazkowe,2013 Spontandemo,"*“17.21 Uhr Spontandemo auf dem Myfest Eine Gruppe Autonomer, geschätzt 700 bis 800, hat sich zu einer Spontandemo über das Myfest formiert. An der Waldemarstraße fliegen zwei Steine, die Polizei behält die Lage aber unter Kontrolle. Aufforderungen an die Besucher des Festes, sich der Demo anzuschließen, werden durchweg ignoriert. Niemand interessiert sich so richtig dafür. Die Demo zieht weiter zum Mariannenplatz. Vor der türkischen Bühne wird getanzt.* Die Welt 2.05.2013

*17:26. Berlin/Kreuzberg. Nach kurzer Zeit ist die Spontandemonstration wieder an ihrem Startpunkt am Mariannenplatz angekommen. Der Demozug war verhältnismäßig lang und nicht zu übersehen, am Ende liefen mehrere Tausend Menschen mit.* (taz liveticker 2013)",,750,LineString,612.2,"52.501884,13.424128","52.502186,13.424201",2,1__mai_berlin_aktualna_15_.geojson,,False
2014_DE_demonstracja_R1M,2014,Lata,DE,Revolutionäre 1. Mai,demonstracja,name,R1M,False,niezwiazkowe,2014 unauthorised demonstration,"“Um 17.00 Uhr startete die Demo am Feuerwehrbrunnen am Mariannenplatz
und zog von dort aus kreuz und quer durch das ""Myfest"".
In der Manteuffelstraße und in der Skalitzer Straße versuchten einzelne Beamte
den Aufzug zu stoppen, in dem sie sich der Demonstration in den Weg stellten, jedoch ohne Erfolg. Die Demonstration wuchs auf über 2.000 Teilnehmer an
und endete schließlich am Lausitzer Platz, dem Startpunkt
für die revolutionäre 1. Mai- Demo.” (Umbruch Archiv)

Trasa:
* Mariannenplatz 22 (1698c.jpg)
? Manteuffelstrasse
* Waldemarstrasse 41 (1698e.jpg)
* Oranienplatz 1 (1698g.jpg)
* Gorlitzerstrasse U-Bahn (1698m.jpg)
Lausitzer Platz",,2000,LineString,2990.6,"52.499438,13.430421","52.502103,13.424306",3,1__mai_berlin_aktualna_15_.geojson,,False
2016_DE_demonstracja_R1M,2016,Lata,DE,Revolutionäre 1. Mai,demonstracja,name,R1M,False,niezwiazkowe,Spontandemo 2016,"(taz liveticker) 
21.20 Uhr: Spontandemo am Kanal gestoppt

BERLIN-KREUZBERG | Die Polizei macht die Kottbusser Brücke dicht. Die Spontandemo vom Kotti, der sich etwa 200 Personen angeschlossen haben, ist hier zu Ende. Insgesamt ist die Stimmung trotzdem friedlich. (mgu)

21.06 Uhr: Spontandemo Richtung Neukölln

BERLIN-KREUZBERG | Nach den Krawallen am Lausitzer Platz laufen die meisten Leute Richtung Kottbusser Tor. Von dort aus startet gerade eine Spontandemo auf Richtung Neukölln. Die ganze Straße ist voll mit Menschen. Wie viele mitlaufen, ist nicht ganz klar.

Attendance: 200 (taz)",,,LineString,314.9,"52.496212,13.419757","52.49889,13.418244",4,1__mai_berlin_aktualna_15_.geojson,,False
2011_DE_demonstracja_R1M,2011,Rok,DE,Revolutionäre 1. Mai,demonstracja,name,R1M,False,niezwiazkowe,Sponti 2011 (route unknown),"16:00
Attendance: 1000 (Umbruch)",,,LineString,423.5,"52.500757,13.421366","52.502194,13.415572",5,1__mai_berlin_aktualna_15_.geojson,,False
2012_DE_demonstracja_R1M,2012,Lata,DE,Revolutionäre 1. Mai,demonstracja,name,R1M,False,niezwiazkowe,Sponti 2012,"*Laut Polizei zogen aber bis zu 1000 linke Teilnehmer und Vertreter von Kiezinitiativen mit einer Spontandemo durch das Myfest.*
*Sie protestierten gegen steigende Mieten und Verdrängung aus dem Kiez. Zu sehen waren Transparente mit Parolen wie ""Schnauze voll von hohen Mieten"" und ""Wir bleiben alle"". Es kam zu einzelnen Rangeleien zwischen Polizei und Demonstranten.* (Die Welt 2.05.2012)

*Laut Polizei zogen aber bis zu 1000 linke Teilnehmer und Vertreter von Kiezinitiativen mit einer Spontandemo durch das Myfest.

Sie protestierten gegen steigende Mieten und Verdrängung aus dem Kiez. Zu sehen waren Transparente mit Parolen wie ""Schnauze voll von hohen Mieten"" und ""Wir bleiben alle"". Es kam zu einzelnen Rangeleien zwischen Polizei und Demonstranten.* (Tagesspiegel liveticker 2.05.2012)",,1000,LineString,878.6,"52.501894,13.424221","52.499379,13.430304",6,1__mai_berlin_aktualna_15_.geojson,,False
2015_DE_demonstracja_R1M,2015,Lata,DE,Revolutionäre 1. Mai,demonstracja,name,R1M,False,niezwiazkowe,Sponti 2015,"17.06 Uhr - Schwarzer Block sammelt sich: Klingt komisch, ist aber so. Jedes Jahr um 17 Uhr wird auf dem Myfest die Spontandemo der Linksextremen erwartet. Dieses Jahr gab es im Netz keinen Aufruf. Allerdings haben sich inzwischen etwa drei Dutzend Angehörige des schwarzen Blocks am traditionellen Treffpunkt versammelt, der Bushaltestelle an Feuerwehrbrunnen auf dem Mariannenplatz. Noch hat sich aber keine Demo gebildet. (tagesspiegel)

Attendance: 150 (Tsg)",,,LineString,320.0,"52.502861,13.421152","52.501711,13.425485",7,1__mai_berlin_aktualna_15_.geojson,,False
1996_DE_demonstracja_R1M,1996,Lata,DE,Revolutionäre 1. Mai,demonstracja,name,R1M,False,niezwiazkowe,1996 R1M (ML) Demo,"Oranienplatz – Kollwitzplatz (ML)
Ausschreitungen der kurdischen und türkischen Gruppen Schönhauser Allee (taz, 2.05)
Cafe Alibi (rbb 1996, 0:19)
Schillbrücke (rbb 1996, 0:21)
Ende Ecke Schönhauser Allee/Kollwitzstrasse (rbb 0:32)

Attendance:
3000 (Gluckspilz)",,3000,LineString,5066.5,"52.502273,13.415766","52.532592,13.412654",8,1__mai_berlin_aktualna_15_.geojson,,False
1997_DE_demonstracja_R1M,1997,Lata,DE,Revolutionäre 1. Mai,demonstracja,warstwa,R1M,False,niezwiazkowe,"1997 – R1M 13:00, Keine Befreiung Ohne Revolution","13:00 – Oranienplatz - Kottbusser Tor
* rechts Oranienstrasse (rbb 0:07)
* bei Oranienstrasse 21 (foto kaivonkroecher.de)
* An der Skalitzer Straße griffen Polizisten erstmals Demonstranten aus dem Zug. Diese hatten Fahnen derverbotenen kurdischen Arbeiterpartei PKK mit sich geführt. (Berliner Zeitung 2.05.1997)
* *Durch die Wiener Strasse, Karl Marx Allee, Kottbusser Damm bis zu Görlitzer Tor* (rbb B1 Spezial 1997 3:45) – probably meant Karl-Marx Strasse

Attendance:
2000 (Gluckspilz)",,2000,LineString,5250.5,"52.498981,13.418381","52.502247,13.415917",9,1__mai_berlin_aktualna_15_.geojson,,False
1998_DE_demonstracja_R1M,1998,Lata,DE,Revolutionäre 1. Mai,demonstracja,warstwa,R1M,False,niezwiazkowe,1998 – 13:00 R1M,"(taz 2.05; tagesspiegel 2.05)
Attendance:
1750 (Gluckspilz)",,1750,LineString,2517.4,"52.502168,13.415852","52.498903,13.418299",10,1__mai_berlin_aktualna_15_.geojson,,False
1999_DE_demonstracja_R1M,1999,Lata,DE,Revolutionäre 1. Mai,demonstracja,warstwa,R1M,False,niezwiazkowe,1999 R1M  13:00 ,"Oranienplatz – Heinrichplatz - Spreewaldplatz - Ohlauerstrasse - Reuterstrasse - Karl-Marx-Strasse - Hermannplatz - Kottbusser Damm - Kottbusser Tor (BZ 30.04.1999)
Attendance: 1500 (Gluckspilz)",,1500,LineString,4708.5,"52.502299,13.415508","52.499,13.4183",11,1__mai_berlin_aktualna_15_.geojson,,False
2000_DE_demonstracja_R1M,2000,Lata,DE,Revolutionäre 1. Mai,demonstracja,warstwa,R1M,False,niezwiazkowe,2000 R1M (Kommunistische Gruppen),"(Assumed same route as 2001)
*“Ein massives Polizeiaufgebot begleitete gestern Nachmittag die erste der beiden Revolutionären 1.-Mai-Demonstrationen. Dennoch zog die Demonstration der maoistischen RIM und der TKP/ML mit knapp 2.000 TeilnehmerInnen in entspannter Atmosphäre durch Kreuzberg und Neukölln”* (taz 2.05.2000)

Tagesspiegel, 29.04, s. 10
13:00 – Oranienplatz - Kottbusser Tor

Attendance:
1000 (Gluckspilz)",,1500,LineString,5262.0,"52.502273,13.415754","52.498916,13.418186",12,1__mai_berlin_aktualna_15_.geojson,,False
2001_DE_demonstracja_R1M,2001,Lata,DE,Revolutionäre 1. Mai,demonstracja,warstwa,R1M,False,niezwiazkowe,2001 R1M (Kommunistische Gruppen),"Tagesspiegel, 29.04, s. 10
13:00 – Oranienplatz - Kottbusser Tor
Attendance:
2000 (stressfaktor)
2500 (taz)",,2250,LineString,5262.0,"52.502273,13.415754","52.498916,13.418186",13,1__mai_berlin_aktualna_15_.geojson,,False
2001_DE_demonstracja_R1M_a,2001,Lata,DE,Revolutionäre 1. Mai,demonstracja,name,R1M,False,niezwiazkowe,2001. Gegen das Verbot der 1. Mai Demo,30.04 *gut 100 Menschen ziehen flankierten von starken Polizeikräften einmal um dem Block* (rbb Walpurgisnacht 1:01),,150,LineString,383.7,"52.502238,13.416003","52.499061,13.418214",14,1__mai_berlin_aktualna_15_.geojson,,False
2002_DE_demonstracja_R1M,2002,Lata,DE,Revolutionäre 1. Mai,demonstracja,warstwa,R1M,False,niezwiazkowe,2002 R1M (R1M Bündnis),"13:00 – pierwsze 3h mniej ludzi. Od 16 pod Görlitzer Bahnhof dołącza kolejna grupa manifestacyjna. trasa na podstawie mapki z taz. Może zawierać błędy; na pewno demo dzielnicowe
Attendance:
1000 (Gluckspilz)
",,1000,LineString,4818.0,"52.502247,13.415516","52.500222,13.423136",15,1__mai_berlin_aktualna_15_.geojson,,False
2003_DE_demonstracja_R1M,2003,Lata,DE,Revolutionäre 1. Mai,demonstracja,warstwa,R1M,False,niezwiazkowe,2003 Revolutionäre Komunisten/ALB. Nie wieder Frieden - fuck old europe,"15:00 –“Die 13 Uhr-Demo fand diesmal nicht statt, sondern wurde zu einer ""revolutionären 1. Mai""-Demo ab 15 Uhr vom Oranienplatz bis zum Heinrichplatz in Kreuzberg. Veranstalter waren neben den ""revolutionären Kommunisten"", die sonst immer die 13 Uhr-Demo organisierten auch die ALB. Die Demo verlief friedlich, schätzungsweise 10.000 Leute (die Zahlen schwanken zwischen 5000-15.000) nahmen am dem Zug unter dem Motto ""Nie wieder Frieden!"" te” ([Glückspilz, 2007])

Attendance:
10000 (ca., different numbers: via Gluckspilz)",,6750,LineString,3699.7,"52.500222,13.423083","52.502247,13.415508",16,1__mai_berlin_aktualna_15_.geojson,,False
2004_DE_demonstracja_R1M,2004,Lata,DE,Revolutionäre 1. Mai,demonstracja,warstwa,R1M,False,niezwiazkowe,2004 Keine Befreiung ohne Revolution (13 Uhr),"Start: 13 Uhr, Oranienplatz bis Kottbusser Tor (Tagesspiegel 2004)
Attendance:
5000 (Gluckspilz)",,5000,LineString,5471.5,"52.502391,13.415386","52.498838,13.418384",17,1__mai_berlin_aktualna_15_.geojson,,False
2005_DE_demonstracja_R1M_a,2005,Lata,DE,Revolutionäre 1. Mai,demonstracja,warstwa,R1M,False,niezwiazkowe,2005 R1M (13:00),"(assumed the same route as year before and after) 
Attendance:
""mehrere hundert"" – 500 (Berliner Zeitung) 
",,500,LineString,4682.7,"52.500131,13.423143","52.498824,13.418212",18,1__mai_berlin_aktualna_15_.geojson,,False
2006_DE_demonstracja_R1M_a,2006,Lata,DE,Revolutionäre 1. Mai,demonstracja,warstwa,R1M,False,niezwiazkowe,2006 R1M (13:00),"(tagesspiegel 30.04.2006)
Slogan: Eine andere Welt ist möglich
Attendance: ""mehr Menschen mit Kamera und Fotoapparat unterwegs als Demonstranten"" (taz)
",,50,LineString,4682.7,"52.500131,13.423143","52.498824,13.418212",19,1__mai_berlin_aktualna_15_.geojson,,False
2007_DE_demonstracja_R1M,2007,Lata,DE,Revolutionäre 1. Mai,demonstracja,warstwa,R1M,False,niezwiazkowe,2007 R1M 15:00,"Neu ist in diesem Jahr, dass die um 13 Uhr beginnende Demo, die sich ebenfalls „revolutionär“ nennt, am Startpunkt der 18-Uhr-Demo enden soll – die Teilnehmer sollen also nahtlos weiterziehen können. Sebastian Lorenz von der ALB sagte, dass deshalb bis zu 8000 Teilnehmer erwartet werden. (Tagesspiegel, 27.03.2007)
Attendance: ""nicht einmal Tausend"" ca 800 (Berliner Kurier)
1000 (Berliner Zeitung)",,900,LineString,5459.0,"52.502235,13.415719","52.500836,13.430788",20,1__mai_berlin_aktualna_15_.geojson,,False
2008_DE_demonstracja_R1M,2008,Lata,DE,Revolutionäre 1. Mai,demonstracja,warstwa,R1M,False,niezwiazkowe,2008 13Uhr R1M,"(rbb vorbericht 30.04.2008) Oranienstrasse – Kottbusser Tor
Slogan:
Deutschland, verrecke, damit wir leben können
Attendance:
""einige Hundert"" ~300 (taz)",,300,LineString,2984.3,"52.502168,13.415941","52.498785,13.418375",21,1__mai_berlin_aktualna_15_.geojson,,False
2009_DE_demonstracja_R1M,2009,Lata,DE,Revolutionäre 1. Mai,demonstracja,warstwa,R1M,False,niezwiazkowe,2009 R1M 13:00,"14:20 – Oranienplatz (start, over one hour delayed; ~300 participants; organised by Turkish and Maoist-Leninist groups)
15:20 – Sonnenallee, Neukölln (march lost ~1/4 of participants after leaving Kreuzberg; ~few hundred remaining; diverse: children, old communists, Kurds, Turks, Spaniards, Africans; almost no audience on Sonnenallee)
16:10 – Kottbusser Straße, Kreuzberg (end of march; Internationale played)
Source: taz live ticker 1.05.2009; Polizeiliche Darstellung

Attendance:
300 (taz)",,300,LineString,5311.2,"52.50226,13.415616","52.498851,13.418324",22,1__mai_berlin_aktualna_15_.geojson,,False
2010_DE_demonstracja_R1M,2010,Lata,DE,Revolutionäre 1. Mai,demonstracja,name,R1M,False,niezwiazkowe,2010 13:00 Demo,"*13:20 Berlin-Kreuzberg, Oranienplatz Eine Handvoll Maoisten hat sich auf dem Oranienplatz versammelt. ""Sonst war hier viel mehr los"", sagt eine Anwohnerin, die im Bioladen an der Ecke arbeitet, ""heute ist es höchstens ein Bruchteil. Nicht einmal die Wiese ist voll."" Die Maoisten wollen anschließend zum Kottbusser Tor laufen.*

*13:50, Berlin-Kreuzberg, Oranienplatz Die revolutionäre 1. Mai-Demonstration setzt sich mit gerade mal 50 Teilnehmern in Bewegung. Die ursprünglich geplante Wegstrecke soll deutlich abgekürzt werden. Man werde über die Manteuffelstraße direkt zum Kottbusser Tor laufen und sich anschließend den Protesten in Prenzlauer Berg anschließen, sagt ein Sprecher*
 (taz liveticker 2010)

Attendance:
50 (taz liveticker)",,50,LineString,1567.6,"52.502247,13.415337","52.499138,13.418042",23,1__mai_berlin_aktualna_15_.geojson,,False
2016_DE_demonstracja_R1M_a,2016,Lata,DE,Revolutionäre 1. Mai,demonstracja,name,R1M,False,niezwiazkowe,2016 – 13 Uhr Demo „Neukölln bleibt rot – gegen Ausbetung und Unterdrückung“.,"„Neukölln bleibt rot – gegen Ausbetung und Unterdrückung“. Die Strecke: Karl-Marx-Platz – Richardplatz – Richardstraße – Karl-Marx-Straße – Erkstraße – Sonnenallee – Braunschweiger Straße – Karl-Marx-Straße – Ernser Straße – Hermannstraße – Leinestraße – Weisestraße – ? - Hermannplatz (B.Z. 27.04)
Attendance: 250 (taz ticker 1. Mai)",,250,LineString,7294.6,"52.486988,13.424917","52.474145,13.440383",24,1__mai_berlin_aktualna_15_.geojson,,False
2017_DE_demonstracja_R1M,2017,Lata,DE,Revolutionäre 1. Mai,demonstracja,warstwa,R1M,False,niezwiazkowe,2017 Rotes 1. Mai,"1. MAI 2017 | 13:00 UHR | KARL-MARX-PLATZ | BERLIN-NEUKÖLLN (JugendWiderstand)

* Karl-Marx Platz
* Rixdorfer Schmiede (https://is.gd/eLJHNy)
* 51 Schudomannstrasse (https://is.gd/KkRlIw)
* 34 Braunschweiger Strasse (https://is.gd/xHa0s5)
* 196 Karl-Marx Strasse (https://is.gd/HGklmO)
* 215 Karl-Marx-Strasse (https://is.gd/VbTxiY)

*Schließlich formierte sich gegen 14:20 der Demonstrationszug und zog über den Richardplatz in Richtung S-Bahnhof Sonnenallee, durch die Braunschweiger Straße zum Bahnhof Neukölln und über die Karl-Marx-Straße und die Sonnenallee schließlich zum Hermannplatz.* (Jugend Widerstand)

*Bis zu 250 Menschen beteiligten sich an der diesjährigen roten 1. Mai Demonstration in Berlin. Wir haben damit unser Versprechen gehalten, auch im zweiten Jahr ihrer Wiederaufnahme eine Demonstration durchzuführen, die im Geiste der historischen, revolutionären 13-Uhr-Demonstration eine angemessene und echte, eine proletarische Alternative zu dem von allen Seiten kritisierten Touristen- und Yuppiekarneval in Kreuzberg darste*

Attendance: 
250 (organisers)",,250,LineString,4259.8,"52.487432,13.424392","52.473589,13.441349",25,1__mai_berlin_aktualna_15_.geojson,,False
2018_DE_demonstracja_R1M,2018,Lata,DE,Revolutionäre 1. Mai,demonstracja,warstwa,R1M,False,niezwiazkowe,2018 Rotes 1. Mai,"1. MAI 2018 | 13:00 UHR | KARL-MARX-PLATZ | BERLIN-NEUKÖLLN (JugendWiderstand)

* Karl-Marx-Platz 4 (https://is.gd/KrJqrY)
* 15 Richardplatz (https://is.gd/Np3t39)
* 58 Schudomastrasse (https://is.gd/sWGetp)
* Ecke Braunschweiger/Niemetzstrasse (https://is.gd/ceOocp)
* Braunschweiger Strasse 34 (https://is.gd/DXWB46)
* Ecke Kannerstrasse (https://is.gd/SdP3SK)
* Braunschweiger strasse 77 (https://is.gd/9JhiFO)
* Karl-Marx-Strasse/Ecke Briesestrasse (https://is.gd/KrJqrY)
* Karl-Marx Strasse 118 (https://is.gd/78bHoB)
* Fuldastrasse (https://is.gd/87qBR7)
* Sonnenalle 57 
* Sonnenallee/Ecke Reuterstrasse (https://is.gd/V4G7k7)

Attendance:
200 (organisers)",,200,LineString,4288.8,"52.487432,13.424392","52.473514,13.441182",26,1__mai_berlin_aktualna_15_.geojson,,False
2019_DE_demonstracja_R1M,2019,Lata,DE,Revolutionäre 1. Mai,demonstracja,warstwa,R1M,False,niezwiazkowe,2019 Rotes 1. Mai,"1. MAI 2019 | 13:00 UHR | KARL-MARX-PLATZ | BERLIN-NEUKÖLLN (JugendWiderstand)


* Karl-Marx-Platz 14 (https://shorturl.at/Flp8t)
* Richardplatz (https://is.gd/zDrrC5)
* Richardstrasse 97 (https://shorturl.at/nmn0u)
* Sonnenalle/Ecke Friedelstrasse (https://shorturl.at/25hK3)
* Alte Post (https://shorturl.at/zltgv)
* Fuldastrasse (https://shorturl.at/BjsfN)

*Mit knapp über 200 Teilnehmern nahmen dieses Jahr einige dutzend Menschen mehr teil, als im Vorjahr. Dafür, dass Mobilisierung und Demonstration komplett aus eigener Kraft gestemmt wurden, viele Genossen und Freunde aus privaten und Arbeitsgründen nicht teilnehmen konnten, während antikommunistische Hetze, Lügen und Spaltung durch verschiedene Reaktionäre im Verlauf des letzten Jahr nochmal massiv zunahmen und ihr langsam wirkendes Gift verströmten, sind wir sehr zufrieden. Ebenso mit der Resonanz und dem Feedback auf Mobilisierung und Demonstration im Viertel.* (Jugend Widerstand)

Attendance:
200 (organisers)",,200,LineString,2629.8,"52.487432,13.424392","52.473589,13.441349",27,1__mai_berlin_aktualna_15_.geojson,,False
1990_DE_demonstracja_R1M,1990,Lata,DE,Revolutionäre 1. Mai,demonstracja,warstwa,R1M,False,niezwiazkowe,1990 Revolutionäre 1. Mai. Lieber raus auf die Straße als heim ins Reich,"(Interim 99/1990)
Attendance:
* 10000 (police, Gluckspilz)
* 15000 (organisers, Gluckspilz)",,12500,LineString,4174.6,"52.502057,13.416538","52.49919,13.418384",28,1__mai_berlin_aktualna_15_.geojson,,False
1991_DE_demonstracja_R1M,1991,Lata,DE,Revolutionäre 1. Mai,demonstracja,name,R1M,False,niezwiazkowe,1991 Demo,"Oranienplatz 13.00 Uhr -: Skalitzerstr. -‘ Görlitzerstr. ->Oppelnerstr. -> Wrangelstr. -: Falckensteinstr. -> Oberbaumbrücke -> Warschauerstr. -’ Kopernikusstr. -: Simon-Dach-Str. -»Niederbarnimstr. -’ Proskauerstr. -. Liebigstr. ->Abschluß Bänschstr./Proskauerstr (Interim 142/1991)
Attendance:
* 10000 (Gluckspilz)
* 8000 (police)
* 20000 (organisers)",,12667,LineString,5187.0,"52.501986,13.416088","52.51879,13.462002",29,1__mai_berlin_aktualna_15_.geojson,,False
1992_DE_demonstracja_R1M,1992,Lata,DE,Revolutionäre 1. Mai,demonstracja,name,R1M,False,niezwiazkowe,1992 Revolutionäre 1. Mai Demo,"Oranienplatz - geradeaus in die Oranienstr. - links in die Adalbertstr., am Kinderbauernhof und den besetzten Häusern im Osten vorbei - links in die Melchiorstr. bis zum Michaelkirchplatz - rechts in die Michaelkirchstr. rechts in die Köpeniker Str., an der ""137"" vorbei bis zur Manteuffelstr. rechts in die Manteuffel bis zur Skalitzer - links in die Wiener Str. rechts in die Ohlauer Str. - über die Brücke in die Friedelstr. - links in die Pflüger - rechts in die Reuterstr. bis zur Sonnenallee - rechts die Sonnenallee bis zum Herrmannplatz - links in den Kottbusser Damm - geradeaus über die Brücke in die Kottbusser Str. und diese bis zum Kottbusser Tor.* (Interim 189/1992)

Attendance:
12000-15000 (Gluckspilz)",,13500,LineString,6443.8,"52.502051,13.41657","52.498981,13.418384",30,1__mai_berlin_aktualna_15_.geojson,,False
1993_DE_demonstracja_R1M,1993,Lata,DE,Revolutionäre 1. Mai,demonstracja,name,R1M,False,niezwiazkowe,1993 Demo,"Oranienstrasse-Adalbertstrasse- Köpenickerstrasse - Mühlendamm -  Breite Strasse - ... - Alexanderplatz (Interim 240/1993, 8; Glückspitz 2000, taz 3.5.1993). The demonstration was halted by the police around Breite Strasse, i ostatecznie rozwiązana na Alexanderplatz (BZ 3.05)

Attendance:
* 5500 (police, via Gluckspilz)
* 10000 (Gluckspilz)
",,7750,LineString,3713.8,"52.502182,13.416013","52.521927,13.416138",31,1__mai_berlin_aktualna_15_.geojson,,False
1994_DE_demonstracja_R1M,1994,Lata,DE,Revolutionäre 1. Mai,demonstracja,name,R1M,False,niezwiazkowe,1994 RIM Demo,"Oranienplatz - Brandenburger Tor

## 1994
*Die Demonstranten zogen an denvon Polizelfahrzeugen abgeschirmten Gebäuden des Springer Verlagesan der Kochstraße und der Treuhandan der Leipziger Straße vorbei zur Abschlußkundgebung am Brandenburger Tor.* (BZ, 2.05.1994)

Attendance: 
ca. 800
Gluckspilz– 1000",,900,LineString,3448.9,"52.50241,13.414875","52.516116,13.377829",32,1__mai_berlin_aktualna_15_.geojson,,False
1995_DE_demonstracja_R1M,1995,Lata,DE,Revolutionäre 1. Mai,demonstracja,name,R1M,False,niezwiazkowe,1995 RIM Demo,"Oranienplatz - Brandenburger Tor
## 1995

“Die ""RIM"" meldete als ""Revolutionärer 1.Mai-Bündnis"" unverdrossen eine Demo um 13 Uhr am Oranienplatz an, zu der sie seither jedes Jahr mit demselben Flugblatt (bei aktualisiertem Datum) aufruft. Die Demo führte zum Brandenburger Tor, es nahmen anfangs knapp 1000, später nur noch einige hundert Menschen daran teil.” (Glückspilz, 2000)

BZ 2.05.1995 – 2500k attended, peaceful demonstration
Gluckspilz – 2000 attended


",,2250,LineString,3448.9,"52.50241,13.414875","52.516116,13.377829",33,1__mai_berlin_aktualna_15_.geojson,,False
2026_DE_demonstracja_R1M,2026,Lata,DE,Revolutionäre 1. Mai,demonstracja,warstwa,R1M,False,niezwiazkowe,,,,,LineString,5253.2,"52.502278934961595,13.415710379683503","52.4891022864814,13.407069457748378",34,1__mai_berlin_aktualna_15_.geojson,True,False
1994_DE_demonstracja_R1M_a,1994,Lata,DE,Revolutionäre 1. Mai,demonstracja,name,R1M,False,niezwiazkowe,1994 KDB/RZ Demo,"Makheinekeplatz - ... - Admirastrasse - ... Kottbusser Tor (taz 1994, Spiegel Youtube)

# 2.500 TeilnehmerInnen machten die 1.- Mai-Demonstration der Kreuzberger Patriotischen Demokraten zu einer wohltuend selbstironischen Inszenierung

Die Zeit geht vorbei und die Slogans verändern sich. Auch der Widerstand gegen die herrschenden Verhältnisse hat sich gewandelt. Statt wie in jedem Jahr zur autonomen 1.-Mai-Demo mehr oder weniger ironisch die Weltrevolution zu propagieren, hatten die verdienten GenossInnen der Kreuzberger KPD/RZ (""Kreuzberger Patriotische Demokraten/Realistisches Zentrum"") diesmal zur Kundgebung ""Gegen nächtliche Ruhestörung und sinnlose Gewalt"" aufgerufen.
 Um selbstbewußt den Vorwurf der Engstirnigkeit zu entkräften, hatten sie differierende Ansichten und Minderheitenblöcke zugelassen, die unter den Parolen:""Gegen nächtliche Ruhestörung - für sinnlose Gewalt"", ""Für nächtliche Ruhestörung- für sinnlose Gewalt"". resp. ""Für nächtliche Ruhestörung - gegen sinnlose Gewalt"" vom Marheinekeplatz zum Kottbusser Tor zogen. Den Stalinisten von der RIM und den traurigen Langweilern vom DGB hatte man diesmal den Tag überlassen und zog erst gegen 21 Uhr mit etwa 2.500 Gutgelaunten durch enge Straßenzüge.
 Die Stimmung war so großartig wie seit Jahren nicht mehr; denn die autonome Demo verzichtete diesmal auf alle plakativen Formen einer Pseudoradikalität, auf Auseinandersetzungen mit der RIM, auf die bis zum Erbrechen bekannten Parolen - ""Polizei SA-SS"". ""Haut ab"" (mit hysterischem Tremolo) etc. - oder die ausgeleierten Evergreens von ""Ton Stein Scherben"". Souverän weigerte man sich, Polizei oder RIM als Gegner anzuerkennen und sich über diesen Gegner zu definieren. Subversiv nahm man sie statt dessen nicht ernst - statt ""Mörder und Faschisten"" hieß es, selbst noch als die Bullen überfallartig am Ende marodierend am Kottbusser Tor die Demonstranten überfielen: ""Deutsche Polizisten - Gärtner und Floristen"" oder ""Gärtner und Puristen"". Selbst noch beim Wegrennen skandierten viele:""Ihr seid blöde"".
 Revolutionäre Puristen, die vermeintliche Massenwirksamkeit nach dem Ausmaß zerbrochener Scheiben und dem Grad der Auseinandersetzungen mit den Bullen berechnen, werden an der Demo die wohltuend auf alle Inhalte revolutionären Anachronismus verzichtete und statt dessen die subversibve Form wählte, vermutlich wenig Freude gehabt haben.

""Ein Kampf, ein Wille, Mut zur Stille""
Denn statt sich an anachronistischrn Parolen zu berauschen oder die Auseinandersetzung mit den Bütteln des Systems zu suchen, skandierte man mit großer Begeisterung: ""Wir wollen schlafen"", rief ""Nächtliche Ruhestörung ist verwerflich"", ""Ruhestörung wollen wir nicht"", drohte ""Ruhe, sonst knallt's"", ""Ich muß morgen arbeiten"" oder ""Ein Kampf, ein Wille, Mut zur Stille!"" hallte es begeistert durch die Kreuzberger Straßenschluchten. Mit einem energischen ""So nicht"" auf Transparenten verwahrte sich die lärmende Menge gegen den lärmenden Zeitgeist, und das war unglaublich komisch, lustig, sympathisch und intelligent in einer Zeit, die zwar immer mehr Anlaß zum radikalen Protest bietet, in der sich aber die Worte des Protestes erschöpft haben und oft nur noch lächerlich wirken.
 Die subversive Form des Protestes wurde durchaus verstanden. Obgleich es in den letzten Jahren kaum eine friedlichere Demo gegeben hat - lediglich eine Handvoll Demonstranten wackelte am Ende ein bißchen an einer Wanne herum -, trieben wohl hundert stockschlagende Bullen zwischen Admiralstraße und Kottbusser Tor ohne Vorwarnung (oder die war so leise, daß es niemand hörte) die Demonstranten auseinander.
 Offensichtlich konnten sie es nicht ertragen, es mit Leuten zu tun zu haben, die sie nicht als ""Mörder und Faschisten"" sondern schlicht als ""Ruhestörer"" und ""Spielverderber"" beschimpften. (Detlef Kuhbrodt TAZ  7.5.94)

Attendance:
2500",,2500,LineString,2952.4,"52.489069,13.39456","52.498769,13.417772",35,1__mai_berlin_aktualna_15_.geojson,,False
1996_DE_demonstracja_R1M_a,1996,Lata,DE,Revolutionäre 1. Mai,demonstracja,name,R1M,False,niezwiazkowe,1996 RIM (AAB) Demo,"13:00 Rosa-Luxemburg-platz – Linienstraße – Ackerstrasse – Invalidenstrasse – Veteranenstrasse – Kastanienallee – Pappelallee – Raumerstrasse – Schliemannstrasse – Hagenauerstrasse – Szredzkistrasse – Knaackstrasse – Kollwitzplatz (AAB)

Attendance:
10000 (Gluckspilz)",,10000,LineString,4780.1,"52.527022,13.4109","52.53628,13.417091",36,1__mai_berlin_aktualna_15_.geojson,,False
1997_DE_demonstracja_R1M_a,1997,Lata,DE,Revolutionäre 1. Mai,demonstracja,name,R1M,False,niezwiazkowe,1997 R1M (AAB) Demo,"Rosa-Luxemburg-Platz – Senefelder Platz – Schwedter Strasse – Choriner Strasse – ... – Oranienburger Strasse – Auguststrasse – Rosenthaler Platz (Interim 418/1997)

14:30 – Ausschreitungen mit Polizei Schwedter/Templiner Strasse

Attendance:
9000 (Gluckspilz)",,9000,LineString,4260.0,"52.529773,13.401255","52.526989,13.410949",37,1__mai_berlin_aktualna_15_.geojson,,False
1998_DE_demonstracja_R1M_a,1998,Lata,DE,Revolutionäre 1. Mai,demonstracja,name,R1M,False,niezwiazkowe,1998 RIM (AAB) Demo,"Die Route sollte wie 1996 vom Rosa-Luxemburg-Platz zum Kollwitzplatz führen; dies wurde von der Polizei verboten und stattdessen als Endplatz der Senefelder Platz auferlegt. (Glückspilz). Po raz pierwszy, z powodu blokady w Lipsku, demonstracja przeniesiona na popołudnie

* Kurz vor 20 Uhr ist wie in den vergangenen Jahren die sog. ""Revolutionäre 1. Mai-Demo” vom Rosa-Luxemburg-Platz über die Choriner Straße und die Kastanienallee losgegangen. (Interim 451/1998)
* 75 Torstrasse (0:38 rbb 1998 Demonstration in Prenzlauer Berg)
* 21:00 – *Als die Demospitze gegen 21 Uhr bereits an der Kreuzung Schönhauser Allee/Oderberger Straße stand und der Großteil der Demo in dem kleineren Teil der Oderberger sowie noch der Kastanienallee war, gab es kurze Auseinandersetzungenmit der üblichen engen ""Spalier"" -Begleitung der Polizei.* (Interim 451/1998)
*Ecke Schönhauser Alle/Sredzkistrasse (richtung Senfelderplatz; 01:25 rbb 1998 Demonstration in Prenzlauer Berg)
Gegen 22:30 besetzten die Demonstranten Kreuzung Eberswalder Strasse/Schönhauser Allee (Tagesspiegel 2.05.1998)
 

* *An der Demo-Spitze kam es jedoch immer wieder zu Auseinandersetzungen mit dem Bullen-Spalier, die schließlich an der Ecke Kastanienallee/Oderberger Str. eskalierten. Ein Müllcontainer wurde angezündet, die Bullen setzten Wasserwerfer und Tränengas ein und wurden heftig beschmissen, woraufhin die Demo von den VeranstalterInnen für aufgelöst erklärt wurde.* (1. Mai Archiv, Glückspilz)

Attendance:
* 6000 (police, via Gluckspilz)
* 11000 (Organisers, Gluckspilz)",,6667,LineString,1467.1,"52.528839,13.409501","52.538537,13.409726",38,1__mai_berlin_aktualna_15_.geojson,,False
1999_DE_demonstracja_R1M_a,1999,Lata,DE,Revolutionäre 1. Mai,demonstracja,warstwa,R1M,False,niezwiazkowe,1999 R1M 18:00 ,"Oranienplatz – Heinrichplatz - Spreewaldplatz - Ohlauerstrasse - Burknerstrasse  Hohenstausfenplatz (BZ 30.04.1999)
Attendance:
12000 (Tsg)
15000 (Gluckspilz)
15000 (Berliner Zeitung)",,14000,LineString,2438.9,"52.502299,13.415508","52.490855,13.423317",39,1__mai_berlin_aktualna_15_.geojson,,False
2000_DE_demonstracja_R1M_a,2000,Lata,DE,Revolutionäre 1. Mai,demonstracja,name,R1M,False,niezwiazkowe,2000 R1M Demonstration,"R1M Demonstration, 1 May 2000, ~18:00

The planned route led from Kreuzberg to Hackescher Markt, where the DGB headquarters were located:
Revolutionäre 1. Mai-Demo 18.00 Uhr:
Oranienplatz - Oranienstr. - Manteuffelstr. - Reichenbergerstr. - Segitzdamm - Prinzessinenstr. - Moritzplatz - Oranienstr. - Alexandrinenstr. - Lindenstr. - Kochstr. - Friedrichstr. - Mauerstr. - Leipzigerstr. - Friedrichstr. - Oranienburgerstr. - Hackescher Markt
 Organisers explained that ""people can't relate to the annual DGB spectacle"" (ND 28.04.2000).

**Route (based on taz ticker)**
Oranienplatz (assembly, ~18:25) → Oranienstraße → Adalbertstraße → return to Oranienplatz (~20:30, dispersed by water cannons and Räumpanzer)
After dispersal, conflicts spread across SO36: Kottbusser Tor, Adalbertstraße, Oranienstraße, Heinrichplatz, Dresdener Straße, Kottbusser Brücke. Tear gas reported at Kottbusser Tor around 22:14; the elevated pedestrian bridge over Adalbertstraße was cleared late in the evening, with stones (and even a flowerpot from a window) thrown from above.

Attendance:
* 5000 (Police, via Gluckspilz)
* 20000 (organisers, via Gluckspilz)
* 15000 (Gluckspilz)",,13333,LineString,516.2,"52.502247,13.415929","52.502175,13.415786",40,1__mai_berlin_aktualna_15_.geojson,,False
2001_DE_demonstracja_R1M_b,2001,Lata,DE,Revolutionäre 1. Mai,demonstracja,warstwa,R1M,False,niezwiazkowe,"2001 R1M, 18:00 (ca. 18:30–20:35) – riots","16:30 Nach Abschluss der Kundgebung (Gegen das Verbot der 1. Mai) zogen gegen 16.30 Uhr mehrere hundert Teilnehmer spontan Richtung Oranienplatz, wo die verbotene ""Revolutonäre 1.-Mai-Demonstration"" eigentlich starten sollte. Die Polizei stoppte den Aufzug an der Ecke Adalbertstraße. Darauf flogen erste Steine und Flaschen. Hier wurde auch der FU-Politologe und Demonstrationsbeobachter Wolf-Dieter Narr festgenommen. (taz)


18:16 – Auftaktkundgebung (ca. 4.500–20.000 Teilnehmer). Zwei Lautsprecherwagen von der Polizei beschlagnahmt. Ab 20:34 – erste Steinwürfe, Stuhl- und Flaschenwürfe Ecke Oranienstraße/Oranienplatz. 20:42 – ca. 10 Wasserwerfer besetzen den Platz. Bis 22:35 – Barrikaden über 2 m Höhe errichtet und angezündet.

19:35 – erste Steinwürfe, Zusammenstöße zwischen Demonstranten und Polizei. Wasserwerfer fahren auf, Lage beruhigt sich kurzfristig. Nach 22:35 – erneute schwere Ausschreitungen.

Laut Pressemitteilung der Veranstalter: Hier war ursprünglich geplant, die Demonstration aufzulösen. Nach Verhandlungen mit der Einsatzleitung konnte der Demonstrationszug ungehindert passieren.

0:34 – Stein-, Stuhl- und Flaschenwürfe. Polizei gibt Knüppel frei. 20:45 – ca. 500 Demonstranten zwischen Adalbertstraße und Oranienplatz eingekesselt. 20:47 – erste Barrikaden errichtet und angezündet. 20:50 – Polizei rückt mit Räumpanzer vor, Barrikade wird gelöscht, Festnahmen.

20:45 – Polizei schließt ca. 500 Demonstranten auf der Oranienstraße zwischen Adalbertstraße und Oranienplatz ein. 21:00 – noch ca. 150 Demonstranten in dreigeteiltem Kessel festgehalten, heftiger Knüppeleinsatz gemeldet. 21:05 – Adalbertstraße wieder freigegeben, Kessel aufgelöst.

22:35 – Polizeifahrzeuge mit Steinhageln eingedeckt. Sparkasse am Kottbusser Tor zerstört. Schaufensterscheiben, Telefonzellen und Bushaltestellen in Scherben. Massiver Einsatz von Wasserwerfern, Räumfahrzeugen und Tränengas.

22:35 – Polizeifahrzeuge mit Steinwürfen angegriffen. Kämpfe in Gruppen von bis zu 50 Personen. 00:24 – noch kleinere Auseinandersetzungen. Lage beruhigt sich erst in den frühen Morgenstunden.

Nach 20:56 – Polizei riegelt das Kreuzberger Zentrum hermetisch ab (nach Friedrichshain und Mitte). Nur in Richtung Mehringdamm / U-Bahnhof Hallesches Tor bleibt ein Durchkommen möglich. Demonstranten mussten mehrere gesperrte Bahnhöfe zu Fuß umgehen.

Attendance:
",,,Polygon,,,,41,1__mai_berlin_aktualna_15_.geojson,,False
2002_DE_demonstracja_R1M_a,2002,Lata,DE,Revolutionäre 1. Mai,demonstracja,warstwa,R1M,False,niezwiazkowe,"2002 –AAB, Bündnis linksradikaler und antifaschistischer Groups 2002","2002 – *Zuvor findet am gleichen Ort bereits eine Diskussionveranstaltung statt* (taz, 30.4.02)

**Police forces the change of the route – the demonstration can't enter SO 36**
*Statt zum Oranienplatz, der als Abschlußkundgebungsort angemeldet war, ließ uns die Polizei dann jedoch nur zum Michael-Kirch-Platz laufen. Die Demospitze stand an der Köpenicker Straße und das Demoende war hinter der Jannowitzbrücke als dem Anmelder mitgeteilt wurde, dass die ab hier weiter angemeldete Route verboten wird* (stressfaktor 2002)

Attendance:
8000 (LÖPA)
10000-12000 (Gluckspilz, stressfaktor)","Macht verrückt, was euch verrückt macht! ",9500,LineString,3199.4,"52.527247,13.410864","52.507994,13.419897",42,1__mai_berlin_aktualna_15_.geojson,,False
2002_DE_demonstracja_R1M_b,2002,Lata,DE,Revolutionäre 1. Mai,demonstracja,warstwa,R1M,False,niezwiazkowe,2002 16:00 Zuschuss R1M,"16-21 (Rucht 2003, taz 30.04.2002, Tagesspiegel 30.04.2002)
Attendance:
4000 (Gluckspilz) – 1000 from the R1M 13 Demo",,4000,LineString,4070.9,"52.499153,13.427554","52.500261,13.423174",43,1__mai_berlin_aktualna_15_.geojson,,False
2003_DE_demonstracja_R1M_a,2003,Lata,DE,Revolutionäre 1. Mai,demonstracja,name,R1M,False,niezwiazkowe,2003 K&P R1M Demo,"18:00 Rosa Luxemburg Platz - Mollstrasse – Otto-Braun-Allee – KM-Allee-Schillingsbrücke - Köpernickerstrasse – Lausitzer Platz (ND 30.4, taz 30.4, Tagesspiegel 30.04)

Attendance:
3500 (Gluckspilz)",,3500,LineString,4648.3,"52.528546,13.410938","52.500144,13.430843",44,1__mai_berlin_aktualna_15_.geojson,,False
2004_DE_demonstracja_R1M_a,2004,Lata,DE,Revolutionäre 1. Mai,demonstracja,name,R1M,False,niezwiazkowe,2004 16 Uhr Revolutionäre 1. Mai Demo,"ab 16 Uhr vom Leipziger Platz über die Wilhelmstraße nach Kreuzberg ziehen (Kottbuser Tor?). Hauptanliegen der Polizei war es, die Demo von dem zeitgleich rund um die Oranienstraße stattfindenden Straßenfest fern zu halten.
Attendance:
3500 (Umbruch Archiv)",,3500,LineString,4012.9,"52.509587,13.378323","52.499007,13.418342",45,1__mai_berlin_aktualna_15_.geojson,,False
2004_DE_demonstracja_R1M_b,2004,Lata,DE,Revolutionäre 1. Mai,demonstracja,name,R1M,False,niezwiazkowe,2004 Anschlussdemo zur R1M (nicht genehmigt),"19 Uhr, Heinrich-Platz (Rio-Reiser Platz) – Oranienplatz

Attendance: 1500",,,LineString,773.2,"52.502534,13.414628","52.500196,13.423386",46,1__mai_berlin_aktualna_15_.geojson,,False
2005_DE_demonstracja_R1M_b,2005,Lata,DE,Revolutionäre 1. Mai,demonstracja,warstwa,R1M,False,niezwiazkowe,2005 Yorck59 Bleibt!,"* 13:00 – Demo: Yorckstraße 59 – Waldemarskiez
* Ecke Yorckstrasse./Mehringdamm – 1179v.jpg, Umbruch Archiv
* 1179x.jpg, Umbruch Archiv
* Prinzenstrasse S-Bahn 1180a.jpg
* Waldemarstrasse 43 1180b.jpg

Attendance:
500 (Umbruch archiv)
1000 (taz 2.05)",,750,LineString,3772.7,"52.503373,13.420213","52.491613,13.377011",47,1__mai_berlin_aktualna_15_.geojson,,False
2006_DE_demonstracja_R1M_b,2006,Lata,DE,Revolutionäre 1. Mai,demonstracja,name,R1M,False,niezwiazkowe,2006 Sponti R1M (18:00),"Due to route restrictions imposed by the authorities in connection with the MyFest street festival, the organizers of the official Revolutionary 1st of May demonstration cancelled the event. In response, a spontaneous, unregistered march broke out at around 18:08 from Oranienplatz. The procession started with roughly 200 participants dressed in black hoodies and carrying red flags, under a banner reading ""Kein Krieg, kein Hartz, kein Demoverbot"" (""No war, no Hartz [IV welfare cuts], no demo ban""). The crowd grew to an estimated 1,000 people as it moved eastward along Oranienstraße toward Mariannenplatz, reaching the intersection with Mariannenstraße (Rio-Reiser-Platz). Notably, Berlin's head of the Verfassungsschutz (domestic intelligence agency), Claudia Schmid, was spotted marching within the demonstration. By 18:35 the march had dissolved peacefully.
Route: Oranienplatz → Oranienstraße → Rio-Reiser-Platz/Mariannenstraße intersection → Mariannenplatz

Gegen 18 Uhr trafen sich am Oranienplatz rund 200 Autonome. Mit schwarzen Kapuzen und roten Flaggen zogen sie spontan durch das Kiezfest. Nach ein paar Runden um die Blöcke löste sich der Zug ebenso spontan am Mariannenplatz wieder auf. Von einem Skandal berichtete der Linkspartei-Abgeordnete Udo Wolf: Polizeipräsident Dieter Glietsch sei in dem Zug mitgelaufen. ""Das ist die Sensation des Abends."" Ein Großaufgebot von 5.500 Polizisten war vor Ort. Ein (taz)

Attendance:
1000 (Umbruch Archiv, ca)
",,,LineString,729.0,"52.502155,13.416107","52.502149,13.424305",48,1__mai_berlin_aktualna_15_.geojson,,False
2007_DE_demonstracja_R1M_a,2007,Lata,DE,Revolutionäre 1. Mai,demonstracja,warstwa,R1M,False,niezwiazkowe,2007 R1M 18:00,"Aktuell angemeldete Strecke: Lausitzer Platz – Eisenbahnstraße – Wrangelstraße – Oppelner Straße – Görlitzer Straße – Skalitzer Straße – Lausitzer Straße – Wiener Straße – Glogauer Straße – Reichenberger Straße – Mariannenstraße – Heinrichplatz – Oranienstraße – Wiener Straße – Spreewaldplatz (erstermai.nostate.de)
Slogan: G-8 stoppen! Imperialistische Kriege verhindern! Kapitalismus abschaffen!""
Attendance: 
3000 (police)
5000 (Berliner Kurier)
15000 (organisers via BZ)",,7667,LineString,4852.2,"52.500686,13.43099","52.498054,13.431336",49,1__mai_berlin_aktualna_15_.geojson,,False
2008_DE_demonstracja_R1M_a,2008,Lata,DE,Revolutionäre 1. Mai,demonstracja,warstwa,R1M,False,niezwiazkowe,2008 R1M (18),"18:00 (rbb Vorbericht 30.04.2008)
Attendance: 
10000 (police via taz)
""mehr als 10.000"" ~ 12000 (Umbruch)",,11000,LineString,4796.4,"52.499017,13.418706","52.499164,13.41887",50,1__mai_berlin_aktualna_15_.geojson,,False
2009_DE_demonstracja_R1M_a,2009,Lata,DE,Revolutionäre 1. Mai,demonstracja,name,R1M,False,niezwiazkowe,2009 Revolutionäre Demo 18:00,"17:00 – Reichenberger Straße, south side of Kottbusser Tor: auftakt rally begins; high degree of masking noted in front block (~1,000–2,000 participants in front section)
19:00 – march departs towards Mariannenstraße
19:10 – Mariannenstraße/Skalitzerstraße: first stone and bottle throwing directed at police securing the Aral petrol station; police surprised by intensity of attacks
19:10–19:30 – Muskauer Straße through MyFest area (passage via Muskauer Str./Pücklerstraße): conflict-free; mixed reactions from festival visitors (applause and greetings from some, hostility from others)
19:25 – Muskauer Straße/Manteuffelstraße: heaviest clashes of the demonstration; police charge on march front injures 25+; march temporarily splits in two; sound trucks call for calm and continuation
19:30–19:50 – Lausitzer Platz: march continues but increasingly disordered; front block losing cohesion; growing mix of bystanders and drunk individuals
20:18 – Wiener Straße (in front of former fire station): two police cars standing on central reservation attacked; intense back-and-forth follows
20:35 – Ohlauer Straße: police car attacked with baseball bat, driver in shock
~21:00 – Kottbusser Tor: demonstration dissolves; clashes continue; autonomen gradually withdraw, replaced by bystanders and Krawalltouristen; police gain control after ~30 minutes
Intermediate streets between Lausitzer Platz and Wiener Straße, and between Wiener Straße and Ohlauer Straße: not documented in available sources.
Source: taz live ticker 1.05.2009; Berliner Forum Gewaltprävention, BFG Nr. 42; Polizeiliche Darstellung der Einsätze am 1. Mai

Attendance:
5000 (police, via Tagesspiegel ticker 2010)
""über 10.000 TeilnehmerInnen"" ~ 12000 (Umbruch archiv)",,8500,LineString,2637.6,"52.499301,13.417603","52.498994,13.418321",51,1__mai_berlin_aktualna_15_.geojson,,False
2010_DE_demonstracja_R1M_a,2010,Lata,DE,Revolutionäre 1. Mai,demonstracja,warstwa,R1M,False,niezwiazkowe,2010 R1M 18:00. *Die Krise beenden – Kapitalismus abschaffen*,"2010 R1M – 18:00. Kottbusser Dam – Spreewaldplatz (taz 30.4)
Attendance:
10000 (police, via Tagesspiegel ticker)
15000 (Umbruch Archiv)",,12500,LineString,3152.0,"52.498811,13.417858","52.499086,13.427425",52,1__mai_berlin_aktualna_15_.geojson,,False
2011_DE_demonstracja_R1M_a,2011,Lata,DE,Revolutionäre 1. Mai,demonstracja,warstwa,R1M,False,niezwiazkowe,2011 R1M – Heraus zum revolutionären 1. Mai - für die soziale Revolution weltweit,"2011 – 18:00, Kottbusser Brücke-U-Bahnhof Südstern (taz 30.4; Polizeiliche Maßnahmen 2011)

Attendance:
10000 (taz)
15000 (Umbruch)",,11333,LineString,6531.5,"52.498769,13.418112","52.489,13.407913",53,1__mai_berlin_aktualna_15_.geojson,,False
2012_DE_demonstracja_R1M_a,2012,Lata,DE,Revolutionäre 1. Mai,demonstracja,warstwa,R1M,False,niezwiazkowe,2012 R1M,"2012 – 18:00, R1M Route durch der Mitte. Koniec na Bebelplatz

*“So sollte der Aufzug an der  Arbeitsagentur Mitte, an der  Wohnungsbaugesellschaft GSW und am  Bundesfinanzministerium vorbei führen, die für  „Ämter-Willkür“, „soziale Vertreibung“ und  „unsoziale Europapolitik“ stünden. **Nicht  genehmigt wurde dagegen das direkte Passieren  des Axel-Springer-Hauses, wo am 2. Mai der 100-jährige Geburtstag des  Namensgebers begangen werden soll, dessen Verlag wegen seiner angeblich  „rassistischen und antikommunistischen Hetze“22 als Feindbild der  linksextremistischen Szene gilt.*** (Polizeibericht 2012)

*20:21: Der Demonstrationszug ist jetzt kurz vor dem Axel-Springer-Hochhaus und ruft: ""Axel Springer wir sind da"". Die Stimmung wird wieder aggressiver. Über dem Hochhaus kreist ein Polizeihubschrauber. Auf Polizisten, die an einer Tankstelle standen flogen wieder Steine.* (Tagesspiegel 2.05)

*21:12: Die Demo ist aufgelöst. In der Nähe des Jüdischen Museums hat sich der Zug festgelaufen, es fliegen vereinzelt Steine und Flaschen. Die Polizei hat die Demo eingekesselt und lässt vor allem den hinteren Teil der Demo durch. Dabei dürfen nur vereinzelt kleinere Gruppen von fünf bis zehn Mann die Polizeikette passieren* (Tagesspiegel, 2.05)

Attendance: 12000 (taz)
25000 (organisers, via tagesspiegel)",,18500,LineString,3946.6,"52.499282,13.430811","52.502952,13.395181",54,1__mai_berlin_aktualna_15_.geojson,,False
2013_DE_demonstracja_R1M_a,2013,Lata,DE,Revolutionäre 1. Mai,demonstracja,warstwa,R1M,False,niezwiazkowe,2013 R1M,"2013 – 18 R1M Demo Rute; (taz 30.4)
*19:18. Berlin/Kreuzberg. Die „Revolutionäre 1. Mai""-Demo läuft mit mehreren Tausend Menschen die Eisenbahnstraße entlang. Damit läuft die Demonstration parallel zu der ursprünglich geplanten Route.”* (taz liveticker)
Attendance: ",,11667,LineString,6709.6,"52.497708,13.431443","52.516649,13.385832",55,1__mai_berlin_aktualna_15_.geojson,,False
2014_DE_demonstracja_R1M_a,2014,Lata,DE,Revolutionäre 1. Mai,demonstracja,name,R1M,False,niezwiazkowe,2014 Revolutionäre 1. Mai Demo,"18:00 (taz 29.04.14)
Attendance:
19000 (police)
25000 (organisers)",,22000,LineString,5893.6,"52.499347,13.430937","52.499347,13.388753",56,1__mai_berlin_aktualna_15_.geojson,,False
2015_DE_demonstracja_R1M_a,2015,Lata,DE,Revolutionäre 1. Mai,demonstracja,name,R1M,False,niezwiazkowe,2015 R1MB Demo,"Spreewaldplatz -> Ohlauerstrasse → (Gerhart Haputmann Schule) -> Reichenbergerstrasse -> Glogauerstrasse → Pannierstrasse -> Sonnenallee → (?) -> Karl-Marx-Straße → Hermannplatz ->  Kottbusser Damm → Mariannenstrasse -> Reichenbergerstrasse -> Lausitzerstrasse -> Lausitzerplatz . Źródła: taz.de (https://taz.de/-taz-Ticker-zum-1-Mai-/!5010110/), nd-aktuell.de (https://www.nd-aktuell.de/artikel/970785.mai-demonstrationen.html), berliner-zeitung.de (https://www.berliner-zeitung.de/mensch-metropole/revolutionaerer-1-mai-2015-linksradikale-szene-mobilisiert-fuer-1-mai-in-berlin-li.53503).

https://www.tagesspiegel.de/berlin/so-war-der-1-mai-in-berlin-3624361.html

Attendance:
18000 (police via Tsg)
33000 (organisers, via taz)
",,25500,LineString,5743.2,"52.499791,13.430486","52.498909,13.431172",57,1__mai_berlin_aktualna_15_.geojson,,False
2016_DE_demonstracja_R1M_b,2016,Lata,DE,Revolutionäre 1. Mai,demonstracja,name,R1M,False,niezwiazkowe,2016 Demo,"Faktyczna trasa z livetickera taz.de: Oranienplatz (start, 18:00) → Oranienstraße (do Adalbertstraße, 18:23) → Adalbertstraße → Waldemarstraße (pętla MyFest, 18:38) → Leuschnerdamm → Powrót do Oranienplatz → Moritzplatz (18:45) → Prinzenstraße (północ) → Heinrich-Heine-Straße (U-Bahn, 19:12) → Köpenicker Straße (Köpi, 19:25-19:35) → Skalitzer Straße (Schlesisches Tor, 20:00) → Lausitzer Platz (koniec, ~20:00). Skrócona przez policję/MyFest; bez Hermannplatz

Attendance: 
* 13000 (police, taz liveticker)
* 20000 (organisers, taz liveticker)",,16500,LineString,5113.7,"52.499295,13.431344","52.502168,13.415594",58,1__mai_berlin_aktualna_15_.geojson,,False
2017_DE_demonstracja_R1M_a,2017,Lata,DE,Revolutionäre 1. Mai,demonstracja,name,R1M,False,niezwiazkowe,2017 Hauptdemo 18,"Oranienstraße -Adalbertstraße - Naunynstraße - Manteuffelstraße - Reichenberger Straße-Ohlauer Straße-Friedelstraße-Weserstraße-Pannierstraße-Glogauer Straße-Reichenberger Straße-Ohlauer Straße-Spreewaldplatz (https://1maiberlin.noblogs.org/archiv/)
18:00
Attendance: 
* 10000 (police, Berliner Morgenpost ticker 2018)
* 20000 (organizers, umbruch archiv)",,15000,LineString,4434.5,"52.502168,13.415895","52.498034,13.431677",59,1__mai_berlin_aktualna_15_.geojson,,False
2017_DE_demonstracja_R1M_b,2017,Lata,DE,Revolutionäre 1. Mai,demonstracja,warstwa,R1M,False,niezwiazkowe,2017 Internationalistische Block,"2017 – taz 30.4
16:00",,,LineString,2534.4,"52.499507,13.43024","52.502103,13.415502",60,1__mai_berlin_aktualna_15_.geojson,,False
2017_DE_demonstracja_R1M_c,2017,Lata,DE,Revolutionäre 1. Mai,demonstracja,warstwa,R1M,False,niezwiazkowe,2017. Jugend auf die Strasse,"Um 16 Uhr demonstrieren ein Jugendbündnis und der Internationalistische Block, der sich von der 18-Uhr-Demo abgespalten hat (taz 29.04)",,,LineString,444.8,"52.502828,13.416495","52.506152,13.419585",61,1__mai_berlin_aktualna_15_.geojson,,False
2018_DE_demonstracja_R1M_a,2018,Lata,DE,Revolutionäre 1. Mai,demonstracja,name,R1M,False,niezwiazkowe,2018 Demo,"Oranienplatz (Start 18 Uhr) → Oranienstraße → Adalbertstraße → Naunynstraße → Manteuffelstraße → Wiener Straße (unter der Hochbahn durch) → Skalitzer Straße → Schlesisches Tor. (Revolutionärer 1. Mai Berlin, Twitter)

Attendance: 
* 7000 (police, Berliner Morgenpost ticker 2018)
* 18000 (organisers, Umbruch Archiv)",,12500,LineString,2109.4,"52.502195,13.415819","52.501091,13.44232",62,1__mai_berlin_aktualna_15_.geojson,,False
2019_DE_demonstracja_R1M_a,2019,Lata,DE,Revolutionäre 1. Mai,demonstracja,name,R1M,False,niezwiazkowe,2019 Demo. Gegen die Stadt der Reichen,"https://x.com/Rev1MaiBerlin/status/1117526331418451969?ref_src=twsrc%5Etfw
Attendance:
* 15000 (organisers, Umbruch Archiv)
* 10000 (press, Perspektive)
5000 (police, via Berliner Zeitung)
Slogan: 
Gegen die Stadt der Reichen",,10000,LineString,4715.9,"52.507458,13.450162","52.510841,13.462415",63,1__mai_berlin_aktualna_15_.geojson,,False
2019_DE_demonstracja_R1M_b,2019,Lata,DE,Revolutionäre 1. Mai,demonstracja,name,R1M,False,niezwiazkowe,"2019 Jugenddemo – Unser Kiez, nicht ihr Profit","(BZ 2019)
“Ab 14 Uhr wurde im Grunewald für bezahlbaren Wohnraum demonstriert (siehe Seiten 4-5), um 16 Uhr sollte sich vom Schlesischen Tor in Kreuzberg ein großer Tross Richtung Wismarplatz in Friedrichshain auf den Weg machen, um von dort aus ab 18 Uhr mit der ""Revolutionären 1. Mai Demo"" die für Anwohner und Polizei gefährliche Phase des Feiertags einzuleiten” (BK 2.05.2019)",,,LineString,2329.1,"52.510906,13.462608","52.500653,13.44161",64,1__mai_berlin_aktualna_15_.geojson,,False
1994_DE_festyn_R1M,1994,Lata,DE,Revolutionäre 1. Mai,festyn,name,R1M,False,niezwiazkowe,1994 Oranienplatz Strassenfest,"*Unterdessen wird in Kreuzberg gefeiert statt demonstriert. Zum ersten Mal seit sechs Jahren wird es am 1. Mai keine „revolutionäre Demonstration“ geben. Nachdem bereits im vergangenen Jahr der Kreuzberger Scherbenlauf von mehreren autonomen Gruppen als „Ritual“ und „ohne Inhalt“ kritisiert worden war und sich im Vorbereitungskreis organisierte K-Gruppen mit undogmatischen Gruppen gestritten hatten, fand sich heuer keiner bereit, das alljährliche Spektakel vorzubereiten. Statt dessen soll es ab 10 Uhr am Oranienplatz ein alkoholfreies „internationalistisches Straßenfest“ geben. Das von 50 verschiedenen Initiativen organisierte Fest soll, wie es in einem Aufruf heißt, „diesen Tag wieder mit Leben füllen“. Außerdem biete das Fest Gelegenheit, „über die Aktivitäten der Nazis zu informieren und gegebenenfalls Leute zu mobilisieren“.* (taz 28.04.1994)",,,Point,,"52.5022391,13.41571442375585","52.5022391,13.41571442375585",65,1__mai_berlin_aktualna_15_.geojson,,False
1996_DE_demonstracja_R1M_b,1996,Lata,DE,Revolutionäre 1. Mai,demonstracja,name,R1M,False,niezwiazkowe,1996 KPD/RZ Spaßdemo,Spaßrevolutionäre der KPD/RZ nahm die Parade in der Kastanienallee unter großem Beifall ab (jw 2.05.1996),,,Point,,"52.533702,13.404911","52.533702,13.404911",66,1__mai_berlin_aktualna_15_.geojson,,False
2001_DE_demonstracja_R1M_c,2001,Lata,DE,Revolutionäre 1. Mai,demonstracja,warstwa,R1M,False,niezwiazkowe,2001 – Gegen das Verbot der linken 1. Mai,"
13:00 Lausitzer Platz (Kreuzberg)
Demo: Gegen das Verbot der linken 1. Mai-Demo! Die Demo wurde von Angela Marquardt angemeldet. Die Auftaktkundgebung findet ab 12 Uhr statt. Werthebach besteht darauf, dass die Demo um 15 Uhr beendet ist. Wir werden also ziemlich pünktlich losgehen! (https://www.stressfaktor.squat.net/2001/mai_nach.html)",,,Point,,"52.500862,13.431129","52.500862,13.431129",67,1__mai_berlin_aktualna_15_.geojson,,False
2001_DE_demonstracja_R1M_d,2001,Lata,DE,Revolutionäre 1. Mai,demonstracja,warstwa,R1M,False,niezwiazkowe,2001 – Gegen das Verbot des Revolutinären 1. Mai,"*""Hingehen und 'mitmachen' hahaha"", wird auf Diskussionsforen im Internet bereits vorgeschlagen, sowie: ""Mit ein bisschen Glück kommen wir auch nach Mitte durch."" Schon für morgen Abend ist am Breitscheidplatz eine Kundgebung ""Gegen das Verbot des revolutionären 1. Mai"" angemeldet.* (taz, 26.04.2001)

**DGB fears disruptions from Autonomen?**
*Koll. Mayer berichtet von der Kundgebung der AAB am Breitscheidplatz. Dort wurde dazu aufgerufen an der DGB -Demonstration teilzunehmen. Das Problem wäre dann, dass sich Störer in unsere Demo-Züge mischen, insbesondere in den Demo-Zug der IG Metall.* (5/DGBG000668)",,,Point,,"52.504467,13.334741","52.504467,13.334741",68,1__mai_berlin_aktualna_15_.geojson,,False
2001_DE_demonstracja_R1M_e,2001,Lata,DE,Revolutionäre 1. Mai,demonstracja,warstwa,R1M,False,niezwiazkowe,2001. Gegen das verbot des Linkes 1. Mai,"Report stressfaktor:
01.05.2001 15:42
Demo wieder am Lausitzer Platz angekommen. Überall Polizei.



01.05.2001 15:22
Route der 13.00.Uhr Demo geändert jetzt über Schlesisches Tor, mittlerweile 8000!!! Leute und Polizei-Spalier. Im Moment biegt sie in die Eisenbahnstrasse ab.

01.05.2001 14:30
13.00.Uhr-Demo startet vom Lausitzer Platz Richtung Wrangelstrasse. ca. 4000 Menschen.

Attendance:
~ 6000 (stressfaktor)
5000 (taz)",,,LineString,1742.7,"52.500973,13.43129","52.499518,13.432032",69,1__mai_berlin_aktualna_15_.geojson,,False
1987_DE_demonstracja_R1M,1987,Lata,DE,Revolutionäre 1. Mai,demonstracja,warstwa,R1M,False,niezwiazkowe,"Bolle Supermarket, burned down in 1987","Miejsce, w którym stał spalony w trakcie zamieszek 1. Maja 1987 supermarket Bolle – symbol wydarzeń, które zapoczątkowały historię Rewolucyjnego 1. Maja w Berlinie

{{imgurl}}",,,Point,,"52.498929,13.427","52.498929,13.427",70,1__mai_berlin_aktualna_15_.geojson,,False
1990_DE_festyn_R1M,1990,Lata,DE,Revolutionäre 1. Mai,festyn,name,R1M,False,niezwiazkowe,Görlitzer Park festival,"1990 – zabroniony przez władze miasta festyn, zorganizowany mimo to przez grupę lewicowych radykałów",,,Point,,"52.4965878,13.437578889204548","52.4965878,13.437578889204548",71,1__mai_berlin_aktualna_15_.geojson,,False
1999_DE_demonstracja_R1M_b,1999,Lata,DE,Revolutionäre 1. Mai,demonstracja,warstwa,R1M,False,niezwiazkowe,Kottbusser Damm,1999 – endpoint of the AAB demonstration,,,Point,,"52.49574735643853,13.420273960401055","52.49574735643853,13.420273960401055",72,1__mai_berlin_aktualna_15_.geojson,,False
1999_DE_demonstracja_R1M_c,1999,Lata,DE,Revolutionäre 1. Mai,demonstracja,warstwa,R1M,False,niezwiazkowe,Mauerpark,"1999 – festyn przeniesiony z Kollwitz
2000 – festyn z okazji Walpurgisnacht odbywa się po raz drugi",,,Point,,"52.54371605,13.401932691264753","52.54371605,13.401932691264753",73,1__mai_berlin_aktualna_15_.geojson,,False
2000_DE_demonstracja_R1M_b,2000,Lata,DE,Revolutionäre 1. Mai,demonstracja,warstwa,R1M,False,niezwiazkowe,Mauerpark,"1999 – festyn przeniesiony z Kollwitz
2000 – festyn z okazji Walpurgisnacht odbywa się po raz drugi",,,Point,,"52.54371605,13.401932691264753","52.54371605,13.401932691264753",73,1__mai_berlin_aktualna_15_.geojson,,False
1996_DE_demonstracja_R1M_c,1996,Lata,DE,Revolutionäre 1. Mai,demonstracja,warstwa,R1M,False,niezwiazkowe,Rosa-Luxemburg-Platz,"1996 – autonomowie + Antifa rozpoczynają demonstrację w stronę Kollwitzplatz: tam wspólny wiec z drugim pochodem
1997 – autonomowie + Antifa rozpoczynają demonstrację w stronę Rosenthaler Platz
1998 – autonomie + Antifa rozpoczynają demonstrację w stronę Senefelder Platz
2002 – Antyfaszyści, AAB demonstrują w stronę Kreuzberga o godzinie 18. Trasa na podstawie mapki taz
2003 – Początek demonstracji antyfaszystowskiej o 18",,,Point,,"52.528663,13.409747","52.528663,13.409747",74,1__mai_berlin_aktualna_15_.geojson,,False
1998_DE_demonstracja_R1M_b,1998,Lata,DE,Revolutionäre 1. Mai,demonstracja,warstwa,R1M,False,niezwiazkowe,Rosa-Luxemburg-Platz,"1996 – autonomowie + Antifa rozpoczynają demonstrację w stronę Kollwitzplatz: tam wspólny wiec z drugim pochodem
1997 – autonomowie + Antifa rozpoczynają demonstrację w stronę Rosenthaler Platz
1998 – autonomie + Antifa rozpoczynają demonstrację w stronę Senefelder Platz
2002 – Antyfaszyści, AAB demonstrują w stronę Kreuzberga o godzinie 18. Trasa na podstawie mapki taz
2003 – Początek demonstracji antyfaszystowskiej o 18",,,Point,,"52.528663,13.409747","52.528663,13.409747",74,1__mai_berlin_aktualna_15_.geojson,,False
1993_DE_demonstracja_R1M_a,1993,Lata,DE,Revolutionäre 1. Mai,demonstracja,warstwa,R1M,False,niezwiazkowe,Rosenthaler Platz,"1993 – punkt końcowy demonstracji z Oranienplatz: wynik kompromisu między grupami zachodnimi i wschodnimi. Ostatecznie nie udaje się do niego dotrzeć
1997 – punkt końcowy demonstracji Autonomów",,,Point,,"52.5298999,13.4011206","52.5298999,13.4011206",75,1__mai_berlin_aktualna_15_.geojson,,False
1998_DE_demonstracja_R1M_c,1998,Lata,DE,Revolutionäre 1. Mai,demonstracja,warstwa,R1M,False,niezwiazkowe,Senefelder Platz,1998 – planned endpoint of the AAB/radical rally from Rosa-Luxembourg Platz,,,Point,,"52.5317969,13.4121526","52.5317969,13.4121526",76,1__mai_berlin_aktualna_15_.geojson,,False
2026_DE_demonstracja_NIEZNANY,2026,Lata,DE,Other events,demonstracja,geometria,,True,niezwiazkowe,,16:00 Schlosplatz - 18:00 Potsdamer Platz (BM 2026),,,LineString,3430.4,"52.517321451729,13.399622655562467","52.50922856957678,13.376300590310848",0,umap_backup_1-mai-berlin_aktualna16.umap,True,True
2026_DE_wiec_b-Gorlitzer-Park-Free-Gorli-Rave-against,2026,Lata,DE,Other events,wiec,geometria,,True,niezwiazkowe,<b>Görlitzer Park: Free Görli - Rave against the Zaun</b>,8.00-22.30 Uhr BM 2026,,,Point,,"52.496334924265824,13.440410263890726","52.496334924265824,13.440410263890726",1,umap_backup_1-mai-berlin_aktualna16.umap,True,True
2026_DE_wiec_b-Tempelhofer-Feld-Langsam-reichts-Kultu,2026,Lata,DE,Other events,wiec,geometria,,True,niezwiazkowe,<b>Tempelhofer Feld: Langsam reichts - Kulturkürzungen stoppen!</b>,12-22 Uhr (BM 2026),,,Point,,"52.47432939628871,13.403090958488178","52.47432939628871,13.403090958488178",2,umap_backup_1-mai-berlin_aktualna16.umap,True,True
2026_DE_wiec_b-Treptower-Park-Puschkinallee-ganztagig,2026,Lata,DE,Other events,wiec,geometria,,True,niezwiazkowe,<b>Treptower Park /Puschkinallee: ganztägig</b>diverse Veranstaltunge,"diverse Veranstaltungen:
- Clubkultur (Musikbranche)
- Bass statt Beton
- Stärkung der Kunst und Kultur
- A100 stoppen (BM 2026)",,,Point,,"52.48844095360204,13.463952011112042","52.48844095360204,13.463952011112042",3,umap_backup_1-mai-berlin_aktualna16.umap,True,True
2014_DE_wiec_1st-of-May-Rave-Gorli,2014,Lata,DE,Other events,wiec,geometria,,True,niezwiazkowe,1st of May Rave Görli,"## 2014
13.08 Uhr: Im Görlitzer Park soll es mehrere illegale Bühnen geben, die derzeit von der Polizei kontrolliert werden.  (Berliner Stimme)

## 2015

18.10 Uhr - Tausende auch abseits des offiziellen Myfestes unterwegs: Im Görlitzer Park scharen sich die Leute um den Pamukkale-Brunnen. Zu Dutzenden sitzen Menschen auf dem weißen Dach des Edelweiß, wie auch immer sie dort hingekommen sind. Auch in den Straßen, vor den Lokalen feiern die Leute, tanzen zur Musik. (tagesspiegel liveticker)

## 2016

Tanz im Görlitzer Park in Berlin (liveticker taz)

## 2017

1st of May Open air Free Party by Underground Town In collaboration with PURE FM Berlin's Dance Radio.

Live broadcasting every DJ set from Görlitzer Park Berlin.

from 10:00 AM to 22:00 PM at the Park followed by an Afterparty at Görlitzer's Park more iconic Bar ""Das Edelweiss"" untill closing.
",,,Polygon,,,,5,umap_backup_1-mai-berlin_aktualna16.umap,False,True
2015_DE_wiec_1st-of-May-Rave-Gorli,2015,Lata,DE,Other events,wiec,geometria,,True,niezwiazkowe,1st of May Rave Görli,"## 2014
13.08 Uhr: Im Görlitzer Park soll es mehrere illegale Bühnen geben, die derzeit von der Polizei kontrolliert werden.  (Berliner Stimme)

## 2015

18.10 Uhr - Tausende auch abseits des offiziellen Myfestes unterwegs: Im Görlitzer Park scharen sich die Leute um den Pamukkale-Brunnen. Zu Dutzenden sitzen Menschen auf dem weißen Dach des Edelweiß, wie auch immer sie dort hingekommen sind. Auch in den Straßen, vor den Lokalen feiern die Leute, tanzen zur Musik. (tagesspiegel liveticker)

## 2016

Tanz im Görlitzer Park in Berlin (liveticker taz)

## 2017

1st of May Open air Free Party by Underground Town In collaboration with PURE FM Berlin's Dance Radio.

Live broadcasting every DJ set from Görlitzer Park Berlin.

from 10:00 AM to 22:00 PM at the Park followed by an Afterparty at Görlitzer's Park more iconic Bar ""Das Edelweiss"" untill closing.
",,,Polygon,,,,5,umap_backup_1-mai-berlin_aktualna16.umap,False,True
2016_DE_wiec_1st-of-May-Rave-Gorli,2016,Lata,DE,Other events,wiec,geometria,,True,niezwiazkowe,1st of May Rave Görli,"## 2014
13.08 Uhr: Im Görlitzer Park soll es mehrere illegale Bühnen geben, die derzeit von der Polizei kontrolliert werden.  (Berliner Stimme)

## 2015

18.10 Uhr - Tausende auch abseits des offiziellen Myfestes unterwegs: Im Görlitzer Park scharen sich die Leute um den Pamukkale-Brunnen. Zu Dutzenden sitzen Menschen auf dem weißen Dach des Edelweiß, wie auch immer sie dort hingekommen sind. Auch in den Straßen, vor den Lokalen feiern die Leute, tanzen zur Musik. (tagesspiegel liveticker)

## 2016

Tanz im Görlitzer Park in Berlin (liveticker taz)

## 2017

1st of May Open air Free Party by Underground Town In collaboration with PURE FM Berlin's Dance Radio.

Live broadcasting every DJ set from Görlitzer Park Berlin.

from 10:00 AM to 22:00 PM at the Park followed by an Afterparty at Görlitzer's Park more iconic Bar ""Das Edelweiss"" untill closing.
",,,Polygon,,,,5,umap_backup_1-mai-berlin_aktualna16.umap,False,True
2017_DE_wiec_1st-of-May-Rave-Gorli,2017,Lata,DE,Other events,wiec,geometria,,True,niezwiazkowe,1st of May Rave Görli,"## 2014
13.08 Uhr: Im Görlitzer Park soll es mehrere illegale Bühnen geben, die derzeit von der Polizei kontrolliert werden.  (Berliner Stimme)

## 2015

18.10 Uhr - Tausende auch abseits des offiziellen Myfestes unterwegs: Im Görlitzer Park scharen sich die Leute um den Pamukkale-Brunnen. Zu Dutzenden sitzen Menschen auf dem weißen Dach des Edelweiß, wie auch immer sie dort hingekommen sind. Auch in den Straßen, vor den Lokalen feiern die Leute, tanzen zur Musik. (tagesspiegel liveticker)

## 2016

Tanz im Görlitzer Park in Berlin (liveticker taz)

## 2017

1st of May Open air Free Party by Underground Town In collaboration with PURE FM Berlin's Dance Radio.

Live broadcasting every DJ set from Görlitzer Park Berlin.

from 10:00 AM to 22:00 PM at the Park followed by an Afterparty at Görlitzer's Park more iconic Bar ""Das Edelweiss"" untill closing.
",,,Polygon,,,,5,umap_backup_1-mai-berlin_aktualna16.umap,False,True
1996_DE_demonstracja_Graue-Panther,1996,Lata,DE,Other events,demonstracja,geometria,,True,niezwiazkowe,1996 Graue Panther,"*Die Demonstrationszüge der Gewerkschaften beginnen 10 Uhr Treffpunkte: OTV-Haus, Engeldamm; IG Bau, Info-Box Potsdamer Platz; IG Metall-Haus, Alte Jakobstraße; DGB, U-Bahnhof Oranienburger Tor; Graue Panther, Brandenburger Tor* (ND 30.04.1996)",,49,LineString,2072.0,"52.516391,13.379524","52.518285,13.407571",6,umap_backup_1-mai-berlin_aktualna16.umap,False,True
1997_DE_wiec_Obdachlose-Iniativen-Treffe,1997,Lata,DE,Other events,wiec,geometria,,True,niezwiazkowe,1997 Obdachlose Iniativen Treffe,"Obdachlosen-Initiativen treffen sich an der Siegessäule in Tiergarten, 11 Uhr (taz 1997)",,,Point,,"52.514288,13.350234","52.514288,13.350234",7,umap_backup_1-mai-berlin_aktualna16.umap,,True
2000_DE_wiec_Wreath-laying-by-delegation-of-Russian-e,2000,Lata,DE,Other events,wiec,geometria,,True,niezwiazkowe,2000. Wreath laying by delegation of Russian embassy (?),"The wreath laying ceremony in the same spot was (at least once) included in the May 1st script of GDR. Here, in 1954, trade union delegates from Soviet Union, China, Eastern Bloc countries as well as Western countries laid wreaths to commemorate the liberation of Europe from fascismus by the heroes of the soviet army (ND 2.05.1954. s. 2)",,,Point,,"52.487321,13.469315","52.487321,13.469315",8,umap_backup_1-mai-berlin_aktualna16.umap,False,True
2002_DE_wiec_KPD-RZ,2002,Lata,DE,Other events,wiec,geometria,,True,niezwiazkowe,2002 – KPD/RZ,"22:00 – satyryczna demonstracja KPD/RZ (taz 30.4)

No demonstration; only a rally due to riots

# apel
Kampa 2002: Tod den Spaltern und Sektierern!

In Wahrnehmung ihrer Verantwortung als einzige legitimierte Sachwalterin des kreuzbergischen Volkes inklusive seiner botmäßigen Untergruppen in ""Friedrichshain"", Kreuzberg-Süd (""Neukölln""), Kreuzberg-West (""Schöneberg"") und überspreeischer Kolonien sowie Hermaphroditen und Vertriebene erklären die Kreuzberger Patriotischen Demokraten/Realistisches Zentrum aus ihrem umkämpften Hauptquartier im Herzen des Kiezes bei Kerzenschein und Regenwasserauffangbehältertrunk sämtliche Veranstaltungen kiezfremder Personen, Bündnisse und sonstiger irrelevanter gesellschaftlicher Kräfte für ungültig und nichtig. Zusammenrottungen sind zu unterlassen. Die Kreuzberger Landwehr i.Gr., vulgo ""Kiez-Miliz"", ist in Alarmzustand versetzt und zu besonderer Wachsamkeit aufgerufen. Angemessene Waffen werden an den bekannten Ausgabestellen verteilt. Das Spezial-Kommando der 1.Brigade ""Generalissimo Chavez"" wird mit Freude sein Leben hingeben, um die Feuerwache Wiener Straße gegen den geplanten Angriff unmenschlicher Gruselmonster, kinderfressender Fanatiker und zähnefletschender Söldner zu verteidigen. Der Putschversuch der Partei Bibeltreuer Christen wird von uns zurückgeschlagen werden, so sehr sie auch scheinheilig nach ""internationaler Öffentlichkeit"" schreien.

Wir rufen alle patriotischen Kreuzberger und Kreuzbergerinnen auf, sich entschieden jedem Versuch usurpatorischer Cliquen entgegenzustemmen, die in unnachweisbar krimineller Art versuchen, den heiligen Tag des 1.Mai zu benutzen, um bisher nicht gekannte Mengen und Arten von Pollen nach Kreuzberg einzuschleppen. Neben der gemeinen Polle und der allgemeinen Polle wurde auch schon die gefürchtete arglistige Polle und die Spottdrossel in Randgebieten des Kiezes gesichtet.

Ebenso verpflichten wir hiermit alle Kreuzberger Bürger und Bürgerinnen mit einem feierlichen Eid zur Unterstützung unserer heldenhaften Jungs von der unfreiwilligen Feuerwehr/Wiener Straße (UFWS). Die UFWS steht seit Jahren Schlauch bei Fuß bereit zum Einsatz in den unvorstellbarsten Grauzonen der Welt. Sie kann jederzeit zum Schutz globaler Feuchtbiotope zum Einsatz kommen. Stattdessen wird sie jedes Jahr am 1.Mai in sinnlosen Barrikadenkämpfen verheizt. Damit muß Schluß sein!

Kämpft mit uns
gegen den Pollenterror und für die UFWS!

Kommt!
am 1.Mai 2002
um 22 Uhr
zur Wiener Str.
(dortige Feuerwache)

Kreuzberger Patriotische Demokraten/Realistisches Zentrum - Massenlinie (Generalcommando) KPD/RZ-ML (GC)",,,Point,,"52.498256,13.430061","52.498256,13.430061",9,umap_backup_1-mai-berlin_aktualna16.umap,False,True
2005_DE_demonstracja_FAU-Du-Hast-eine-Wurde-Verteidige-Sie,2005,name,DE,Other events,demonstracja,geometria,,True,niezwiazkowe,2005 FAU. Du Hast eine Würde. Verteidige Sie!,"*Wir gehen weiter und machen nicht am Sitz des Bürgermeisters halt, sondern führen eine Demonstration zum ""Haus der Deutschen Wirtschaft"" durch, wo die Bundesvereinigung der Deutschen Arbeitgeberverbände (BDA) und der Bundesverband der Deutschen Industrie e.V. (BDI) ihren Sitz haben. Wir gehen deshalb von der DGB-Kundgebung weiter zur Rückseite des Roten Rathauses (12 Uhr Molkenmarkt).* (fau.org)",,,LineString,474.4,"52.517724,13.408194","52.514262,13.40566",10,umap_backup_1-mai-berlin_aktualna16.umap,,True
2019_DE_wiec_der-Kampf-und-Feiertag-der-Arbeitslosen,2019,Lata,DE,Other events,wiec,geometria,,True,niezwiazkowe,2019 der Kampf- und Feiertag der Arbeitslosen,"Wenn am 1. Mai also bestehende Ausbeutungsverhältnisse kritisiert werden, kann damit am 2. Mai nicht wieder Schluss sein. Aus diesem Grund findet am Donnerstag bereits zum 16. Mal der Kampf- und Feiertag der Arbeitslosen statt. Leben muss nicht Arbeit sein und vielleicht müssen wir neue Ideen zu diesen Themen zulassen (2.5.,TreffpunktamSenefelderplatz,ab 13 Uhr). (2.05, taz)",,,Point,,"52.532406,13.41271","52.532406,13.41271",11,umap_backup_1-mai-berlin_aktualna16.umap,False,True
2026_DE_wiec_Auf-Nazis-Stampfen-b-12-22-Uhr,2026,Lata,DE,Other events,wiec,geometria,,True,niezwiazkowe,2026. Auf Nazis Stampfen</b>12-22 Uhr,BM 2026,,,Point,,"52.54529541136415,13.385953711278603","52.54529541136415,13.385953711278603",12,umap_backup_1-mai-berlin_aktualna16.umap,True,True
2026_DE_demonstracja_Feministische-1-Mai-Demo,2026,Lata,DE,Other events,demonstracja,name,,True,niezwiazkowe,2026. Feministische 1. Mai Demo,"13:30 Bismarckplatz
17:00 Wittenbergerplatz (BM 2026)",,,LineString,3744.5,"52.49739272955972,13.290378399092475","52.50189606413929,13.342619484057394",13,umap_backup_1-mai-berlin_aktualna16.umap,True,True
2026_DE_wiec_Fur-den-Erhalt-von-kunsterlischer-Arbeit,2026,name,DE,Other events,wiec,geometria,,True,niezwiazkowe,2026. Für den Erhalt von künsterlischer Arbeit auf dem RAW Gelände. (Kopie),<b>Revaler Str.: 16.30-20 Uhr</b> (BM 2026),,,Point,,"52.508137779196346,13.453191509968974","52.508137779196346,13.453191509968974",14,umap_backup_1-mai-berlin_aktualna16.umap,,True
2011_DE_demonstracja_FAU-Spaziergang-gegen-Leiharbeit,2011,Lata,DE,Other events,demonstracja,geometria,,True,niezwiazkowe,FAU 2011. Spaziergang gegen Leiharbeit,"12:30

Attendance:
50 (nd)
120 (FAU)

m 1.Mai führte die FAU Berlin einen Spaziergang gegen Leiharbeit durch, an dem sich bis zu 120 TeilnehmerInnen beteiligten. Beginnend beim Bundesverband Leiharbeit, wo die aktuelle Entwicklung in der Leiharbeitsbranche beleuchtet wurde, ging es danach zum Arbeitgeberverband Mittelständischer Personaldienstleister (AMP). Ein Tarifvertrag dieses Verbandes mit der Tarifgemeinschaft Christlicher Gewerkschaften für die Zeitarbeit (CGZP) wurde im Dezember 2010 durch das Bundesarbeitsgericht für unwirksam erklärt. Der Redebeitrag klärte darüber auf, dass Menschen die unter diesem Vertrag für einen Dumpinglohn arbeiten mussten, nun rückwirkend ein equal pay durchsetzen können.

Beim Bundesministerium für Soziales ging es um die Leiharbeit und Hartz IV, insbesondere um die Praxis der Jobcenter Arbeitslose auf Leiharbeitsmessen zu zwingen, wo sie sich verhökern lassen sollen. Vor Randstad Deutschland in der Nähe des S-Bhf. Friedrichstraße wurde die Firmenpolitik dieses größten Sklavenhändlers in Deutschland thematisiert.
Die Abschlusskundgebung fand anschließend vor einem Büro von Olympia Personaldienstleistungen statt. Olympia gehört zum international operierenden Konzern OTTO Workforce. Seit Februar wehren sich hier polnische und slowakische ArbeiterInnen, die von OTTO in die Niederlande verliehen wurden, gegen ihre miesen Arbeits- und Lebensbedingungen. Die FAU unterstützt diesen Arbeitskampf der von ihren Schwestergewerkschaften ZSP (Polen) und PA (Slowakei) initiiert wurde.
Die Demonstration, an der sich auch Gewerkschaftsaktivisten aus Italien , Frankreich und Spanien beteiligten, wurde musikalisch durch die Gruppe Atze Wellblech begleitet, die in vielen ihrer Liedern miese Arbeitsbedingungen thematisiert. In zahlreichen Slogans wurden bei besten akustischen Bedingungen in der Friedrichstraße sowohl die ungleiche Behandlung der LeiharbeiterInnen gegenüber anderen LohnarbeiterInnen angeprangert, als auch die Lohnarbeit als solche in Frage gestellt.
Zusammenfassend kann gesagt werden, das es am 1.Mai 2011 gelungen ist eine kämpferische kleine Gewerkschaftsdemonstration abseits des sozialdemokratischen Mainstream durchzuführen. ",,95,LineString,3052.6,"52.512146,13.389545","52.527008,13.386103",15,umap_backup_1-mai-berlin_aktualna16.umap,False,True
2006_DE_wiec_Jungen-Liberalen-Protest,2006,Lata,DE,Other events,wiec,geometria,,True,niezwiazkowe,Jungen Liberalen Protest,"Die Jungen Liberalen wollen gegen Berlins Kultursenator Thomas Flierl (Linkspartei) und den PDS-Ehrenvorsitzenden Hans Modrow demonstrieren. Beide seien ""Stasi-Ideologen"". 50 Teilnehmer sind angemeldet. Die zuständigen Polizisten suchen - und finden fünf JuLis an der Ecke. ""Wir haben auch überlegt, näher an die linken Demos zu gehen, aber das war uns dann doch zu gefährlich"", sagt die Vorsitzende Daniela Langer. (taz liveticker 2006)
Attendance: 5 (taz)",,,Point,,"52.50757,13.390275","52.50757,13.390275",16,umap_backup_1-mai-berlin_aktualna16.umap,False,True
1994_DE_wiec_Kottbusser-Tor,1994,Lata,DE,Other events,wiec,geometria,,True,niezwiazkowe,Kottbusser Tor,1994 – endpoint of the KPD/RZ demonstration,,,Point,,"52.4989853,13.4183107","52.4989853,13.4183107",17,umap_backup_1-mai-berlin_aktualna16.umap,False,True
1992_DE_festyn_LSBT-Fest,1992,Lata,DE,Other events,festyn,name,,True,niezwiazkowe,LSBT Fest," Bislang wird lediglich für ein lesbisch-schwules Fest in der Muskauer Straße geworben. Ob auch auf der Oberbaumbrücke gefeiert wird, war gestern unklar. (taz 30.04.1992)",,,Point,,"52.502502,13.428587","52.502502,13.428587",18,umap_backup_1-mai-berlin_aktualna16.umap,False,True
2018_DE_wiec_MaiGorli,2018,Lata,DE,Other events,wiec,geometria,,True,niezwiazkowe,MaiGörli,"## 2018

*Der familienfreundliche Teil der Maifeste findet in diesem Jahr im Görlizer Park statt, der extra umzäunt wird. Der Veranstalter „pure fm – berlins electronic radio“ präsentiert das Fest in Kooperation mit dem Bezirksamt Friedrichshain-Kreuzberg. Ausgelassen, bunt und fröhlich soll es auf zwei Bühnen und im Park zugehen. Von 12 bis 23 Uhr gibt es am 1. Mai ein Fest bei freien Eintritt.* (friedrichshain-kreuzberg.de)
",,,Polygon,,,,19,umap_backup_1-mai-berlin_aktualna16.umap,False,True
2003_DE_festyn_MyFest-MyFest,2003,Lata,DE,Other events,festyn,name,MyFest,True,niezwiazkowe,MyFest,"2003
2004 – 30 000 attendance (Tagesspiegel)
2005 – 15 000 attendance (Tagesspiegel; Hellbrecht)
2006 – 11 000 attendance (Hellbrecht)
2007 – 16 000 attendance (Hellbrecht)
2008 – 20 000 attendance (Hellbrecht)
2009 – 11:00-21:00
35 000 attendance (Hellbrecht)
2010 – 29 000 attendance (Hellbrecht)
2015 – 45 000 attendance (organisers, via Tsg)
2017 – 200 000 attendance",,"2003: 20000
2004: 30000
2005: 15000
2006: 11000
2007: 16000
2008: 20000
2009: 35000
2010: 29000
2011: 27000
2012: 29500
2013: 40000
2014: 40000
2015: 45000
2016: 30000
2017: 45000
2018: 52000
2019: 45000",Polygon,,,,20,umap_backup_1-mai-berlin_aktualna16.umap,False,True
2004_DE_festyn_MyFest-MyFest,2004,Lata,DE,Other events,festyn,name,MyFest,True,niezwiazkowe,MyFest,"2003
2004 – 30 000 attendance (Tagesspiegel)
2005 – 15 000 attendance (Tagesspiegel; Hellbrecht)
2006 – 11 000 attendance (Hellbrecht)
2007 – 16 000 attendance (Hellbrecht)
2008 – 20 000 attendance (Hellbrecht)
2009 – 11:00-21:00
35 000 attendance (Hellbrecht)
2010 – 29 000 attendance (Hellbrecht)
2015 – 45 000 attendance (organisers, via Tsg)
2017 – 200 000 attendance",,"2003: 20000
2004: 30000
2005: 15000
2006: 11000
2007: 16000
2008: 20000
2009: 35000
2010: 29000
2011: 27000
2012: 29500
2013: 40000
2014: 40000
2015: 45000
2016: 30000
2017: 45000
2018: 52000
2019: 45000",Polygon,,,,20,umap_backup_1-mai-berlin_aktualna16.umap,False,True
2005_DE_festyn_MyFest-MyFest,2005,Lata,DE,Other events,festyn,name,MyFest,True,niezwiazkowe,MyFest,"2003
2004 – 30 000 attendance (Tagesspiegel)
2005 – 15 000 attendance (Tagesspiegel; Hellbrecht)
2006 – 11 000 attendance (Hellbrecht)
2007 – 16 000 attendance (Hellbrecht)
2008 – 20 000 attendance (Hellbrecht)
2009 – 11:00-21:00
35 000 attendance (Hellbrecht)
2010 – 29 000 attendance (Hellbrecht)
2015 – 45 000 attendance (organisers, via Tsg)
2017 – 200 000 attendance",,"2003: 20000
2004: 30000
2005: 15000
2006: 11000
2007: 16000
2008: 20000
2009: 35000
2010: 29000
2011: 27000
2012: 29500
2013: 40000
2014: 40000
2015: 45000
2016: 30000
2017: 45000
2018: 52000
2019: 45000",Polygon,,,,20,umap_backup_1-mai-berlin_aktualna16.umap,False,True
2006_DE_festyn_MyFest-MyFest,2006,Lata,DE,Other events,festyn,name,MyFest,True,niezwiazkowe,MyFest,"2003
2004 – 30 000 attendance (Tagesspiegel)
2005 – 15 000 attendance (Tagesspiegel; Hellbrecht)
2006 – 11 000 attendance (Hellbrecht)
2007 – 16 000 attendance (Hellbrecht)
2008 – 20 000 attendance (Hellbrecht)
2009 – 11:00-21:00
35 000 attendance (Hellbrecht)
2010 – 29 000 attendance (Hellbrecht)
2015 – 45 000 attendance (organisers, via Tsg)
2017 – 200 000 attendance",,"2003: 20000
2004: 30000
2005: 15000
2006: 11000
2007: 16000
2008: 20000
2009: 35000
2010: 29000
2011: 27000
2012: 29500
2013: 40000
2014: 40000
2015: 45000
2016: 30000
2017: 45000
2018: 52000
2019: 45000",Polygon,,,,20,umap_backup_1-mai-berlin_aktualna16.umap,False,True
2007_DE_festyn_MyFest-MyFest,2007,Lata,DE,Other events,festyn,name,MyFest,True,niezwiazkowe,MyFest,"2003
2004 – 30 000 attendance (Tagesspiegel)
2005 – 15 000 attendance (Tagesspiegel; Hellbrecht)
2006 – 11 000 attendance (Hellbrecht)
2007 – 16 000 attendance (Hellbrecht)
2008 – 20 000 attendance (Hellbrecht)
2009 – 11:00-21:00
35 000 attendance (Hellbrecht)
2010 – 29 000 attendance (Hellbrecht)
2015 – 45 000 attendance (organisers, via Tsg)
2017 – 200 000 attendance",,"2003: 20000
2004: 30000
2005: 15000
2006: 11000
2007: 16000
2008: 20000
2009: 35000
2010: 29000
2011: 27000
2012: 29500
2013: 40000
2014: 40000
2015: 45000
2016: 30000
2017: 45000
2018: 52000
2019: 45000",Polygon,,,,20,umap_backup_1-mai-berlin_aktualna16.umap,False,True
2008_DE_festyn_MyFest-MyFest,2008,Lata,DE,Other events,festyn,name,MyFest,True,niezwiazkowe,MyFest,"2003
2004 – 30 000 attendance (Tagesspiegel)
2005 – 15 000 attendance (Tagesspiegel; Hellbrecht)
2006 – 11 000 attendance (Hellbrecht)
2007 – 16 000 attendance (Hellbrecht)
2008 – 20 000 attendance (Hellbrecht)
2009 – 11:00-21:00
35 000 attendance (Hellbrecht)
2010 – 29 000 attendance (Hellbrecht)
2015 – 45 000 attendance (organisers, via Tsg)
2017 – 200 000 attendance",,"2003: 20000
2004: 30000
2005: 15000
2006: 11000
2007: 16000
2008: 20000
2009: 35000
2010: 29000
2011: 27000
2012: 29500
2013: 40000
2014: 40000
2015: 45000
2016: 30000
2017: 45000
2018: 52000
2019: 45000",Polygon,,,,20,umap_backup_1-mai-berlin_aktualna16.umap,False,True
2009_DE_festyn_MyFest-MyFest,2009,Lata,DE,Other events,festyn,name,MyFest,True,niezwiazkowe,MyFest,"2003
2004 – 30 000 attendance (Tagesspiegel)
2005 – 15 000 attendance (Tagesspiegel; Hellbrecht)
2006 – 11 000 attendance (Hellbrecht)
2007 – 16 000 attendance (Hellbrecht)
2008 – 20 000 attendance (Hellbrecht)
2009 – 11:00-21:00
35 000 attendance (Hellbrecht)
2010 – 29 000 attendance (Hellbrecht)
2015 – 45 000 attendance (organisers, via Tsg)
2017 – 200 000 attendance",,"2003: 20000
2004: 30000
2005: 15000
2006: 11000
2007: 16000
2008: 20000
2009: 35000
2010: 29000
2011: 27000
2012: 29500
2013: 40000
2014: 40000
2015: 45000
2016: 30000
2017: 45000
2018: 52000
2019: 45000",Polygon,,,,20,umap_backup_1-mai-berlin_aktualna16.umap,False,True
2010_DE_festyn_MyFest-MyFest,2010,Lata,DE,Other events,festyn,name,MyFest,True,niezwiazkowe,MyFest,"2003
2004 – 30 000 attendance (Tagesspiegel)
2005 – 15 000 attendance (Tagesspiegel; Hellbrecht)
2006 – 11 000 attendance (Hellbrecht)
2007 – 16 000 attendance (Hellbrecht)
2008 – 20 000 attendance (Hellbrecht)
2009 – 11:00-21:00
35 000 attendance (Hellbrecht)
2010 – 29 000 attendance (Hellbrecht)
2015 – 45 000 attendance (organisers, via Tsg)
2017 – 200 000 attendance",,"2003: 20000
2004: 30000
2005: 15000
2006: 11000
2007: 16000
2008: 20000
2009: 35000
2010: 29000
2011: 27000
2012: 29500
2013: 40000
2014: 40000
2015: 45000
2016: 30000
2017: 45000
2018: 52000
2019: 45000",Polygon,,,,20,umap_backup_1-mai-berlin_aktualna16.umap,False,True
2011_DE_festyn_MyFest-MyFest,2011,Lata,DE,Other events,festyn,name,MyFest,True,niezwiazkowe,MyFest,"2003
2004 – 30 000 attendance (Tagesspiegel)
2005 – 15 000 attendance (Tagesspiegel; Hellbrecht)
2006 – 11 000 attendance (Hellbrecht)
2007 – 16 000 attendance (Hellbrecht)
2008 – 20 000 attendance (Hellbrecht)
2009 – 11:00-21:00
35 000 attendance (Hellbrecht)
2010 – 29 000 attendance (Hellbrecht)
2015 – 45 000 attendance (organisers, via Tsg)
2017 – 200 000 attendance",,"2003: 20000
2004: 30000
2005: 15000
2006: 11000
2007: 16000
2008: 20000
2009: 35000
2010: 29000
2011: 27000
2012: 29500
2013: 40000
2014: 40000
2015: 45000
2016: 30000
2017: 45000
2018: 52000
2019: 45000",Polygon,,,,20,umap_backup_1-mai-berlin_aktualna16.umap,False,True
2012_DE_festyn_MyFest-MyFest,2012,Lata,DE,Other events,festyn,name,MyFest,True,niezwiazkowe,MyFest,"2003
2004 – 30 000 attendance (Tagesspiegel)
2005 – 15 000 attendance (Tagesspiegel; Hellbrecht)
2006 – 11 000 attendance (Hellbrecht)
2007 – 16 000 attendance (Hellbrecht)
2008 – 20 000 attendance (Hellbrecht)
2009 – 11:00-21:00
35 000 attendance (Hellbrecht)
2010 – 29 000 attendance (Hellbrecht)
2015 – 45 000 attendance (organisers, via Tsg)
2017 – 200 000 attendance",,"2003: 20000
2004: 30000
2005: 15000
2006: 11000
2007: 16000
2008: 20000
2009: 35000
2010: 29000
2011: 27000
2012: 29500
2013: 40000
2014: 40000
2015: 45000
2016: 30000
2017: 45000
2018: 52000
2019: 45000",Polygon,,,,20,umap_backup_1-mai-berlin_aktualna16.umap,False,True
2013_DE_festyn_MyFest-MyFest,2013,Lata,DE,Other events,festyn,name,MyFest,True,niezwiazkowe,MyFest,"2003
2004 – 30 000 attendance (Tagesspiegel)
2005 – 15 000 attendance (Tagesspiegel; Hellbrecht)
2006 – 11 000 attendance (Hellbrecht)
2007 – 16 000 attendance (Hellbrecht)
2008 – 20 000 attendance (Hellbrecht)
2009 – 11:00-21:00
35 000 attendance (Hellbrecht)
2010 – 29 000 attendance (Hellbrecht)
2015 – 45 000 attendance (organisers, via Tsg)
2017 – 200 000 attendance",,"2003: 20000
2004: 30000
2005: 15000
2006: 11000
2007: 16000
2008: 20000
2009: 35000
2010: 29000
2011: 27000
2012: 29500
2013: 40000
2014: 40000
2015: 45000
2016: 30000
2017: 45000
2018: 52000
2019: 45000",Polygon,,,,20,umap_backup_1-mai-berlin_aktualna16.umap,False,True
2014_DE_festyn_MyFest-MyFest,2014,Lata,DE,Other events,festyn,name,MyFest,True,niezwiazkowe,MyFest,"2003
2004 – 30 000 attendance (Tagesspiegel)
2005 – 15 000 attendance (Tagesspiegel; Hellbrecht)
2006 – 11 000 attendance (Hellbrecht)
2007 – 16 000 attendance (Hellbrecht)
2008 – 20 000 attendance (Hellbrecht)
2009 – 11:00-21:00
35 000 attendance (Hellbrecht)
2010 – 29 000 attendance (Hellbrecht)
2015 – 45 000 attendance (organisers, via Tsg)
2017 – 200 000 attendance",,"2003: 20000
2004: 30000
2005: 15000
2006: 11000
2007: 16000
2008: 20000
2009: 35000
2010: 29000
2011: 27000
2012: 29500
2013: 40000
2014: 40000
2015: 45000
2016: 30000
2017: 45000
2018: 52000
2019: 45000",Polygon,,,,20,umap_backup_1-mai-berlin_aktualna16.umap,False,True
2015_DE_festyn_MyFest-MyFest,2015,Lata,DE,Other events,festyn,name,MyFest,True,niezwiazkowe,MyFest,"2003
2004 – 30 000 attendance (Tagesspiegel)
2005 – 15 000 attendance (Tagesspiegel; Hellbrecht)
2006 – 11 000 attendance (Hellbrecht)
2007 – 16 000 attendance (Hellbrecht)
2008 – 20 000 attendance (Hellbrecht)
2009 – 11:00-21:00
35 000 attendance (Hellbrecht)
2010 – 29 000 attendance (Hellbrecht)
2015 – 45 000 attendance (organisers, via Tsg)
2017 – 200 000 attendance",,"2003: 20000
2004: 30000
2005: 15000
2006: 11000
2007: 16000
2008: 20000
2009: 35000
2010: 29000
2011: 27000
2012: 29500
2013: 40000
2014: 40000
2015: 45000
2016: 30000
2017: 45000
2018: 52000
2019: 45000",Polygon,,,,20,umap_backup_1-mai-berlin_aktualna16.umap,False,True
2016_DE_festyn_MyFest-MyFest,2016,Lata,DE,Other events,festyn,name,MyFest,True,niezwiazkowe,MyFest,"2003
2004 – 30 000 attendance (Tagesspiegel)
2005 – 15 000 attendance (Tagesspiegel; Hellbrecht)
2006 – 11 000 attendance (Hellbrecht)
2007 – 16 000 attendance (Hellbrecht)
2008 – 20 000 attendance (Hellbrecht)
2009 – 11:00-21:00
35 000 attendance (Hellbrecht)
2010 – 29 000 attendance (Hellbrecht)
2015 – 45 000 attendance (organisers, via Tsg)
2017 – 200 000 attendance",,"2003: 20000
2004: 30000
2005: 15000
2006: 11000
2007: 16000
2008: 20000
2009: 35000
2010: 29000
2011: 27000
2012: 29500
2013: 40000
2014: 40000
2015: 45000
2016: 30000
2017: 45000
2018: 52000
2019: 45000",Polygon,,,,20,umap_backup_1-mai-berlin_aktualna16.umap,False,True
2017_DE_festyn_MyFest-MyFest,2017,Lata,DE,Other events,festyn,name,MyFest,True,niezwiazkowe,MyFest,"2003
2004 – 30 000 attendance (Tagesspiegel)
2005 – 15 000 attendance (Tagesspiegel; Hellbrecht)
2006 – 11 000 attendance (Hellbrecht)
2007 – 16 000 attendance (Hellbrecht)
2008 – 20 000 attendance (Hellbrecht)
2009 – 11:00-21:00
35 000 attendance (Hellbrecht)
2010 – 29 000 attendance (Hellbrecht)
2015 – 45 000 attendance (organisers, via Tsg)
2017 – 200 000 attendance",,"2003: 20000
2004: 30000
2005: 15000
2006: 11000
2007: 16000
2008: 20000
2009: 35000
2010: 29000
2011: 27000
2012: 29500
2013: 40000
2014: 40000
2015: 45000
2016: 30000
2017: 45000
2018: 52000
2019: 45000",Polygon,,,,20,umap_backup_1-mai-berlin_aktualna16.umap,False,True
2018_DE_festyn_MyFest-MyFest,2018,Lata,DE,Other events,festyn,name,MyFest,True,niezwiazkowe,MyFest,"2003
2004 – 30 000 attendance (Tagesspiegel)
2005 – 15 000 attendance (Tagesspiegel; Hellbrecht)
2006 – 11 000 attendance (Hellbrecht)
2007 – 16 000 attendance (Hellbrecht)
2008 – 20 000 attendance (Hellbrecht)
2009 – 11:00-21:00
35 000 attendance (Hellbrecht)
2010 – 29 000 attendance (Hellbrecht)
2015 – 45 000 attendance (organisers, via Tsg)
2017 – 200 000 attendance",,"2003: 20000
2004: 30000
2005: 15000
2006: 11000
2007: 16000
2008: 20000
2009: 35000
2010: 29000
2011: 27000
2012: 29500
2013: 40000
2014: 40000
2015: 45000
2016: 30000
2017: 45000
2018: 52000
2019: 45000",Polygon,,,,20,umap_backup_1-mai-berlin_aktualna16.umap,False,True
2019_DE_festyn_MyFest-MyFest,2019,Lata,DE,Other events,festyn,name,MyFest,True,niezwiazkowe,MyFest,"2003
2004 – 30 000 attendance (Tagesspiegel)
2005 – 15 000 attendance (Tagesspiegel; Hellbrecht)
2006 – 11 000 attendance (Hellbrecht)
2007 – 16 000 attendance (Hellbrecht)
2008 – 20 000 attendance (Hellbrecht)
2009 – 11:00-21:00
35 000 attendance (Hellbrecht)
2010 – 29 000 attendance (Hellbrecht)
2015 – 45 000 attendance (organisers, via Tsg)
2017 – 200 000 attendance",,"2003: 20000
2004: 30000
2005: 15000
2006: 11000
2007: 16000
2008: 20000
2009: 35000
2010: 29000
2011: 27000
2012: 29500
2013: 40000
2014: 40000
2015: 45000
2016: 30000
2017: 45000
2018: 52000
2019: 45000",Polygon,,,,20,umap_backup_1-mai-berlin_aktualna16.umap,False,True
1994_DE_demonstracja_Demokraten-fur-Deutschland-Vollendung-de,1994,Lata,DE,Other events,demonstracja,name,,True,niezwiazkowe,1994. Demokraten für Deutschland – *Vollendung der Einheit und für den sofortigen Regierungsumzug nach Berlin*,"Attendance unknown; 

Bereits am Sonnenabend laden die 'Demokraten für Deutschland' für 14 Uhr zu einem Meeting zur *Vollendung der Einheitund für den sofortigen Regierungs-umzug nach Berlin* zum Reichstag ein. Das Ganze ist mit einem Autokorso vom Grunewald zum Strausberger Platz verbunden. (ND 30.04.1994)

The party was  a small splinter group of the liberal party, formed in 1993 as an attempt to get into the Abgeordnetenhaus, without success (taz 29.10.1993)",,50,LineString,12496.6,"52.518415,13.428297","52.485655,13.256164",21,umap_backup_1-mai-berlin_aktualna16.umap,,True
2006_DE_demonstracja_EuroMayDay,2006,Lata,DE,Euro May Day,demonstracja,warstwa,EuroMayDay,False,niezwiazkowe,2006 Euro May Day,"16:00 – Euro MayDay Demonstration from Strausfelder Platz to Hermannplatz (Umbruch Bildsarchiv 1244x.jpg; 1244v.jpg; 1244i.jpg; 1244g.jpg; Tagesspiegel 30.04.2006)
Attendance:
4000 (taz liveticker)",,4000,LineString,3831.9,"52.497975,13.431328","52.486439,13.42443",0,umap_backup_1-mai-berlin_aktualna16.umap,False,False
2007_DE_demonstracja_EuroMayDay,2007,Lata,DE,Euro May Day,demonstracja,warstwa,EuroMayDay,False,niezwiazkowe,2007 Euro May Day Parade. Her mit dem schönen Leben– Solidarität statt Prekarität,"18:00 (taz 30.04.07; Tagesspiegel 30.04.2007)
Attendance: 6000 (Berliner Kurier)
8000 (Berliner Morgenpost)",,7000,LineString,3166.6,"52.499543,13.430487","52.486439,13.424153",1,umap_backup_1-mai-berlin_aktualna16.umap,False,False
2008_DE_demonstracja_EuroMayDay,2008,Lata,DE,Euro May Day,demonstracja,warstwa,EuroMayDay,False,niezwiazkowe,2008 MayDay Parade,"14:00 (rbb vorbericht 30.04.2008)
Attendance: 6500 (Umbruch)",,6500,LineString,4187.3,"52.511389,13.459392","52.498204,13.430039",2,umap_backup_1-mai-berlin_aktualna16.umap,False,False
2009_DE_demonstracja_EuroMayDay,2009,Lata,DE,Euro May Day,demonstracja,warstwa,EuroMayDay,False,niezwiazkowe,"2009 MayDay Parade – Ich krieg der Krise, und das nicht erst seit gestern","13:30 Bebelsplatz – Unter den Linden ecke Friedrichstrasse (rbb 0:32) – Behrenstrasse 23 (Britische Botschaft; taz liveticker) – Bundesfinanzministerium (rbb 1:12) – Rudi-Dutschke-Strasse 23 (liveticker taz) – Moritzplatz (rbb 1:20)

*16.48, Online: Die Mayday-Organisatoren versenden per Mail eine Presseerklärung zur Farbattacke auf das Finanzministerium (siehe 16.17 Uhr). Darin heißt es: ""Das war keine unpolitische Randale sondern eine deutliche Meinungsäußerung. Wenn große Demonstrationen mit mehreren 10.000 Teilnehmern keine Bedeutung mehr haben und es immer noch Maßnahmen wie Hartz IV gibt, ist es verständlich wenn die Menschen andere Ausdrucksformen suchen. Das Finanzministerium scheint für viele ein symbolisches Objekt gewesen zu sein um zu zeigen, dass sie mit den derzeitigen Verhältnissen nicht einverstanden sind."" Insgesamt seien etwa 60 Farbeier geflogen. Ein Polizeisprecher sagte, die Fassade in der Wilhelmstraße sehe ""ganz schön bunt"" aus.* (taz liveticker 2009)

Attendance:
3500 (Umbruch Archiv)
",,3500,LineString,3911.5,"52.517363,13.395719","52.503618,13.410685",3,umap_backup_1-mai-berlin_aktualna16.umap,False,False
2008_DE_demonstracja_EuroMayDay_a,2008,Lata,DE,Euro May Day,demonstracja,warstwa,EuroMayDay,False,niezwiazkowe,MayDay Parade 2008,(rbb Vorbericht 30.04.2008),,,LineString,,"52.51135,13.459379","52.51135,13.459379",4,umap_backup_1-mai-berlin_aktualna16.umap,False,False
1993_DE_wiec_DAG,1993,Lata,DE,DAG (1990-1997),wiec,name,DAG,False,zwiazkowe,1993-1995 DAG Kundgebung,"## 1993
*Gedenktafel im DAG-Haus in Wilmersdorf erinnert an Widerstandskämpfer und Gewerkschaftsführer der ersten Stunde - Enthüllung am 1. Mai* 

*Seit dem Bezug des Hauses in der Wilmersdorfer Blissestraße 2 durch den Landesverband und Bezirk der Deutschen Angestellten-Ge-werkschaft (DAG) vor 20 Jahren bürgerte sich der Name DAG-Haus bei den Angestellten der Stadt ein.* 

*Ab 1. Mai 1993 wird das Haus der DAG den Namen ""Siegfried-Aufhäuser-Haus” tragen.*
 
**Die offizielle Namensgebung erfolgt im Rahmen der Veranstaltungzum ""Tag der Arbeit"" am 01.05.1993, 13.00 Uhr Blissestraße 2, 1000 Berlin**

## 1994
*Christine Bergmann nanm gegen 12 Uhr auch an der DAG-Kundgebung in Wilmersdorf teil. Vor dem DAG Haus in der Blissestraße versammelten sich rund 800 Gewerkschafter.* Berliner Morgenpost 2.05

## 1995
Deutsche Angestelltengewerkschaft (DAG): Hoffest von13 bis 17 Uhr im Berliner DAG-Haus, Blissestraße 2. (Berliner Zeitung, 2.05.1995)

",,,Point,,"52.486256,13.320086","52.486256,13.320086",0,umap_backup_1-mai-berlin_aktualna16.umap,False,False
1994_DE_wiec_DAG,1994,Lata,DE,DAG (1990-1997),wiec,name,DAG,False,zwiazkowe,1993-1995 DAG Kundgebung,"## 1993
*Gedenktafel im DAG-Haus in Wilmersdorf erinnert an Widerstandskämpfer und Gewerkschaftsführer der ersten Stunde - Enthüllung am 1. Mai* 

*Seit dem Bezug des Hauses in der Wilmersdorfer Blissestraße 2 durch den Landesverband und Bezirk der Deutschen Angestellten-Ge-werkschaft (DAG) vor 20 Jahren bürgerte sich der Name DAG-Haus bei den Angestellten der Stadt ein.* 

*Ab 1. Mai 1993 wird das Haus der DAG den Namen ""Siegfried-Aufhäuser-Haus” tragen.*
 
**Die offizielle Namensgebung erfolgt im Rahmen der Veranstaltungzum ""Tag der Arbeit"" am 01.05.1993, 13.00 Uhr Blissestraße 2, 1000 Berlin**

## 1994
*Christine Bergmann nanm gegen 12 Uhr auch an der DAG-Kundgebung in Wilmersdorf teil. Vor dem DAG Haus in der Blissestraße versammelten sich rund 800 Gewerkschafter.* Berliner Morgenpost 2.05

## 1995
Deutsche Angestelltengewerkschaft (DAG): Hoffest von13 bis 17 Uhr im Berliner DAG-Haus, Blissestraße 2. (Berliner Zeitung, 2.05.1995)

",,,Point,,"52.486256,13.320086","52.486256,13.320086",0,umap_backup_1-mai-berlin_aktualna16.umap,False,False
1995_DE_wiec_DAG,1995,Lata,DE,DAG (1990-1997),wiec,name,DAG,False,zwiazkowe,1993-1995 DAG Kundgebung,"## 1993
*Gedenktafel im DAG-Haus in Wilmersdorf erinnert an Widerstandskämpfer und Gewerkschaftsführer der ersten Stunde - Enthüllung am 1. Mai* 

*Seit dem Bezug des Hauses in der Wilmersdorfer Blissestraße 2 durch den Landesverband und Bezirk der Deutschen Angestellten-Ge-werkschaft (DAG) vor 20 Jahren bürgerte sich der Name DAG-Haus bei den Angestellten der Stadt ein.* 

*Ab 1. Mai 1993 wird das Haus der DAG den Namen ""Siegfried-Aufhäuser-Haus” tragen.*
 
**Die offizielle Namensgebung erfolgt im Rahmen der Veranstaltungzum ""Tag der Arbeit"" am 01.05.1993, 13.00 Uhr Blissestraße 2, 1000 Berlin**

## 1994
*Christine Bergmann nanm gegen 12 Uhr auch an der DAG-Kundgebung in Wilmersdorf teil. Vor dem DAG Haus in der Blissestraße versammelten sich rund 800 Gewerkschafter.* Berliner Morgenpost 2.05

## 1995
Deutsche Angestelltengewerkschaft (DAG): Hoffest von13 bis 17 Uhr im Berliner DAG-Haus, Blissestraße 2. (Berliner Zeitung, 2.05.1995)

",,,Point,,"52.486256,13.320086","52.486256,13.320086",0,umap_backup_1-mai-berlin_aktualna16.umap,False,False
1996_DE_wiec_DAG,1996,Lata,DE,DAG (1990-1997),wiec,name,DAG,False,zwiazkowe,1996 Mai Kundgebung,*Die DAG führt einß eigene Mai-Kundgebung ab 12.30 Uhr im Palais am Funkturm durch.* (ND 30.04.1996),,,Point,,"52.50600849096503,13.274874687194826","52.50600849096503,13.274874687194826",1,umap_backup_1-mai-berlin_aktualna16.umap,False,False
1997_DE_festyn_DAG,1997,Lata,DE,DAG (1990-1997),festyn,name,DAG,False,zwiazkowe,1997 DAG Mai-Fest,"## 1997
*In den Bezirken finden verschiedene Mai-Feste statt: Ab 12.15 Uhr treffen sich die SPD-Kreisverbände Reinickendorf und Pankow sowie die DAG im Bürgerpark Pankow. * (ND 28.04.1997)",,,Point,,"52.569544,13.394826","52.569544,13.394826",2,umap_backup_1-mai-berlin_aktualna16.umap,False,False
