id,rok,rok_zrodlo,miasto,warstwa,typ,typ_zrodlo,aktor,aktor_zgadniety,charakter,nazwa,opis,haslo,frekwencja_mapa,geom_typ,dlugosc_trasy_m,punkt_start,punkt_koniec,id_geo,plik_zrodlowy,postcovid,wymaga_weryfikacji
1991_PL_demonstracja_PPS,1991,Lata,PL,PPS,demonstracja,warstwa,PPS,False,niezwiazkowe,1991 PPS,"*W manifestacji wzięło udział prawie 200 osób, w większości członków PPS (wśród których wyróżniał się sekretarz generalny partii Andrzej Malanowski w czerwonym krawacie). Dołączyli do nich idący z placu Konstytucji zwolennicy Komitetu Współpracy ""Na Lewo od PPS"" (udzielający licznych wywiadów), Ruchu ""Wolność i Pokój"" (z transparentem ,,Jesteśmy za aborcją parlamentu""), ""Solidarności Socjalistycznej"" (w pełnym siedmioosobowym składzie) oraz Ruch Społeczeństwa Alternatywnego z Międzymiastówką Anarchistyczną (czarno-kolorowi) _ w sumie ok. 30 osób, ochranianych przez 18 policjantów i obserwowanych przez 40 dziennikarzy.* (Wyborcza)",,200,LineString,2418.5,"52.236711,21.01645","52.221781,21.016528",0,umap_backup_1-maja_warszawa9.umap,,False
1991_PL_demonstracja_PPS_a,1991,Lata,PL,PPS,demonstracja,name,PPS,False,niezwiazkowe,1991 PPS distributing leaflets along the route of the demonstration,"Z budynku na Krakowskim Przedmieściu 6 przedstawiciele PPS rozrzucają ulotki i wywieszają swoje czerwone flagi (TVP, RP 2000)",,,Point,,"52.238664,21.017703","52.238664,21.017703",1,umap_backup_1-maja_warszawa9.umap,,False
1992_PL_demonstracja_PPS,1992,Lata,PL,PPS,demonstracja,warstwa,PPS,False,niezwiazkowe,1992 PPS,"*Pierwszomajowa manifestacja, zorganizowana w Warszawie przez PPS, najdobitniej świadczy o słabości tzw. lewicy postsolidarnościowej. Zaledwie stokilkadziesiąt osób przemaszerowało z ronda de Gaulle'a na ul. Warecką (do historycznej siedziby centralnych władz PPS), a następnie pod Ministerstwo Finansów.* (Dziennik Trybuna)

*Uczestniczyli młodzi anarchiści* (Wyborcza)",,200,LineString,819.3,"52.236711,21.01645","52.231696,21.020751",2,umap_backup_1-maja_warszawa9.umap,,False
1993_PL_demonstracja_PPS,1993,Lata,PL,PPS,demonstracja,warstwa,PPS,False,niezwiazkowe,1993 PPS,"Brak informacji o osobnym wiecu lub demonstracji w GW, ŻW, NTP, DT",,,MultiLineString,1268.3,"52.2317,21.020801","52.237884,21.020476",3,umap_backup_1-maja_warszawa9.umap,,False
1994_PL_demonstracja_PPS,1994,Lata,PL,PPS,demonstracja,warstwa,PPS,False,niezwiazkowe,1994 PPS,"9:30 – pochód PPS rusza z de Gaulle'a i dołącza do OPZZ przed siedzibą związku (ŻW); pod pomnikiem Kopernika zorganizowany jest krótki wiec (TVP 1994)
Razem z nim szło kilkunastu młodych ludzi z warszawskiego środowiska anarcho-syndykalistycznego (GW 1994)",,100,MultiLineString,1268.3,"52.2317,21.020801","52.237884,21.020476",4,umap_backup_1-maja_warszawa9.umap,,False
1995_PL_demonstracja_PPS,1995,Lata,PL,PPS,demonstracja,warstwa,PPS,False,niezwiazkowe,1995 PPS,"*Pierwsi zebrali się PPS-owcy. O godz. 9 kilkadziesiąt osób z czerwonymi opaskami na rękach i transparentami ""Reprywatyzacji - nie"", ""Spółdzielczość - szkołą samorządności"" ruszyło z ronda de Gaulle'a w Nowy Świat.* (Wyborcza)",,80,MultiLineString,1268.3,"52.2317,21.020801","52.237884,21.020476",5,umap_backup_1-maja_warszawa9.umap,,False
1996_PL_demonstracja_PPS,1996,Lata,PL,PPS,demonstracja,warstwa,PPS,False,niezwiazkowe,1996 PPS,"*PPS - o godz. 9.30 złożenie kwiatów przy pamiątkowym kamieniu przy ul. Wareckiej, gdzie mieściła się redakcja ""Robotnika"". O godz. 10 zbiórka pod pomnikiem Kopernika i tu spotkanie z pochodem OPZZ* (Wyborcza)
*Pochód organizowany przez PPS przejdzie ul. Kubusia Puchatka, Świętokrzyską i pod pomnikiem Kopernika połączy się z manifestacją OPZZ* (rzeczpospolita)",,100,MultiLineString,469.5,"52.233595,21.019292","52.238369,21.017742",6,umap_backup_1-maja_warszawa9.umap,,False
1997_PL_demonstracja_PPS,1997,Lata,PL,PPS,demonstracja,warstwa,PPS,False,niezwiazkowe,1997 PPS,"*Działacze PPS spotkają się o 9 na rondzie de Gaulle'a i pomaszerują Nowym Światem w kierunku Świętokrzyskiej. Po drodze delegacja skręci w ul. Warecką i złoży kwiaty pod tablicą upamiętniającą miejsce, gdzie przed wojną była redakcja ""Robotnika"". Ok. 10 pepeesowcy dołączą do ogólnego pochodu SLD przed siedzibą OPZZ przy ul. Kopernika.* (Wyborcza)",,150,MultiLineString,1268.3,"52.2317,21.020801","52.237884,21.020476",7,umap_backup_1-maja_warszawa9.umap,,False
1998_PL_demonstracja_PPS,1998,Lata,PL,PPS,demonstracja,warstwa,PPS,False,niezwiazkowe,1998 PPS,"*Już o dziewiątej rano 120 sympatyków PPS zjej liderem, posłem SLD Piotrem Ikonowiczem na czele, zbierało się na warszawskim rondzie de Gaulle'a, słuchając piosenek propagandowych zlat 60. i 70. Z""Międzynarodówką"" na ustach przemaszerowali na ulicę Warecką, niosąc flagę Kuby, czerwone transparenty i podobizny Che Guevary. Złożyli wieniec pod tablicą upamiętniającą przedwojenną PPS. * (Rzeczpospolita)",,150,MultiLineString,1268.3,"52.2317,21.020801","52.237884,21.020476",8,umap_backup_1-maja_warszawa9.umap,,False
1999_PL_demonstracja_PPS,1999,Lata,PL,PPS,demonstracja,warstwa,PPS,False,niezwiazkowe,1999 PPS,"*(...) Wcześniej, na rondzie de Gaulle'a zebrali się członkowie PPS, którzy następnie przyłączyli się do sympatyków SdRP i OPZZ * (ŻW)",,150,MultiLineString,1268.3,"52.2317,21.020801","52.237884,21.020476",9,umap_backup_1-maja_warszawa9.umap,,False
2000_PL_demonstracja_PPS,2000,Lata,PL,PPS,demonstracja,warstwa,PPS,False,niezwiazkowe,2000 PPS,"*Pochód rusza o 9:30 z ronda de Gaulle'a; ceremonia składania kwiatów na Wareckiej, następnie spotkanie z pochodem OPZZ i SdRP pod pomnikiem Kopernika* (ŻW)",,150,MultiLineString,1268.3,"52.2317,21.020801","52.237884,21.020476",10,umap_backup_1-maja_warszawa9.umap,,False
2001_PL_demonstracja_PPS,2001,Lata,PL,PPS,demonstracja,warstwa,PPS,False,niezwiazkowe,2001 PPS,"*Po drodze do manifestacji (według policji szło w niej ok. 6 tys. osób) dołączył się PPS z transparentem ""Cuba si, Yankee no"".* (Wyborcza)",,150,MultiLineString,1268.3,"52.2317,21.020801","52.237884,21.020476",11,umap_backup_1-maja_warszawa9.umap,,False
2012_PL_demonstracja_NIEZNANY,2012,Lata,PL,Lewica radykalna,demonstracja,warstwa,,True,niezwiazkowe,,"Z kolei o godz. 9 przed pomnikiem Partyzanta przy ul. Smolnej rozpocznie się manifestacja organizowana przez Kancelarię Sprawiedliwości Społecznej. Uczestnicy tej manifestacji przemaszerują Al. Jerozolimskimi, ul. Emilii Plater na pl. Grzybowski. Zakończenie przewidziano na godz. 12. (Onet)
https://www.youtube.com/watch?v=kTIoPsWSDbg",,150,LineString,1991.5,"52.231774,21.020356","52.235607,21.003756",0,umap_backup_1-maja_warszawa9.umap,,True
1990_PL_demonstracja_PPS,1990,Lata,PL,Lewica radykalna,demonstracja,name,PPS,True,niezwiazkowe,1990 PPS-RD/PPS-TKK/Anarchist Demonstration,"*Plac Konstytucji w Warszawie. Godzina 10.00. Grupy młodzieży. Także „zadymiarzy"" w czarnych skórach i wygolonych głowach z „pióropuszami"" wilosów. Sa tez dorosii, nawet stateczni panowie. W sumie okolo 200-300osób. Rozrzucano ulotki Federacjl Anarchistycznej, Grupy Samorzadnosci Robotniczej. Rozdawano pismo „ROBOTNIK”, organ Polskiej Partil Socjalistycznej - Rewolucja Demokratyczna. To ta własnie partia jest głównym organizatorem manifestacji.* (Tygodnik Związkowiec",,250,LineString,2527.8,"52.235225,21.016578","52.221743,21.016507",1,umap_backup_1-maja_warszawa9.umap,,True
2002_PL_demonstracja_NIEZNANY,2002,Lata,PL,Lewica radykalna,demonstracja,warstwa,,True,niezwiazkowe,2002. Ręce Precz od Kodeksu Pracy,"*Obchody rozpoczęła 200-osobowa demonstracja niezależnej lewicy (m.in. PPS, Federacja Młodych Unii Pracy, Lewicowa Alternatywa, Pracownicza Demokracja), która pod hasłem ""Ręce precz od kodeksu pracy"" przeszła z Ronda de Gaulle’a pod siedzibę OPZZ. Tam socjaliści połączyli się z demonstracją związkowców i wyruszyli w stronę parlamentu.* (Zandberg, 2002)",,200,LineString,1100.2,"52.232031,21.02089","52.238004,21.018618",2,umap_backup_1-maja_warszawa9.umap,,True
2003_PL_demonstracja_NIEZNANY,2003,Lata,PL,Lewica radykalna,demonstracja,warstwa,,True,niezwiazkowe,2003 – Nowa Lewica + Inicjatywa Stop Wojnie pod ambasadę USA,"Nowa Lewica Ikonowicza spotyka się z SLD na rondzie de Gaulle'a, potem wspólnie z Inicjatywą Stop Wojnie (start: pl. Zamkowy) idą pod ambasadę USA. Na pochodzie kilka osób z Konfederacji Pracy (OPZZ)",,300,LineString,865.7,"52.231788,21.020762","52.224328,21.023841",3,umap_backup_1-maja_warszawa9.umap,,True
2003_PL_demonstracja_NIEZNANY_a,2003,Lata,PL,Lewica radykalna,demonstracja,warstwa,,True,niezwiazkowe,2003. Inicjatywa Stop Wojnie,"*(...) Ważny był również fakt że poprzez wybór miejsca rozpoczęcia marszu i odmowę ruszenia z ronda De Gaulle’a Inicjatywa Stop Wojnie pozbawiła się możliwości zakłócenia pochodu SLD, w którym szli przecież politycy odpowiedzialni za udział Polski w agresji na Irak.* (Ciszewski, 2003)",,200,LineString,1730.1,"52.246643,21.013146","52.231861,21.020536",4,umap_backup_1-maja_warszawa9.umap,,True
2004_PL_demonstracja_NIEZNANY,2004,Lata,PL,Lewica radykalna,demonstracja,warstwa,,True,niezwiazkowe,2004 Nowa Lewica,"## 2004
*Około 200 osób, głownie z Nowej Lewicy, Pracowniczej Demokracji, Czerwonego Kolektywu-Lewicowej Alternatywy i Komunistycznej Partii Polski wzięło udział w pochodzie radykalnej lewicy, który odbył się w Warszawie. Wznoszono hasła antykapitalistyczne. (...) Później pochód radykalnej lewicy ruszył w kierunku Placu Grzybowskiego. Część jego uczestników wznosiła hasła przeciw Unii Europejskiej - ""ani Unia, ani nacjonalizm"".* (lewica.pl)
“Doszło do utarczek słownych z kilkunastoma działaczami prawicy, zgromadzonymi przed bramą Uniwersytetu Warszawskiego.” (Ciszewski, 2004)
Groźnie było, gdy spotkali się na pl. Piłsudskiego z bojowo nastawionymi sympatykami LPR idącymi w Marszu Niepodległości. Przeciw rządowi i wejściu do UE protestowało ponad tysiąc osób. Policjanci odgrodzili obie strony. (GW 2004)",,200,LineString,2154.7,"52.231718,21.020886","52.236301,21.00326",5,umap_backup_1-maja_warszawa9.umap,,True
2005_PL_demonstracja_NIEZNANY,2005,Lata,PL,Lewica radykalna,demonstracja,warstwa,,True,niezwiazkowe,2005. Nowa Lewica,"W Warszawie odbyły się dwa, konkurencyjne pochody pierwszomajowe. SLD i OPZZ zorganizowały pochód pod Sejm, kilkuset działaczy i działaczek lewicy alternatywnej (m.in. Nowa Lewica, Unia Lewicy, Czerwony Kolektyw-Lewicowa Alternatywa, Komunistyczna Partia Polski, Grupa na rzecz Partii Robotniczej) wyruszyło natomiast z ronda de Gaulle’a w stronę Placu Grzybowskiego.

Pochody spotkały się na wiecu pod siedzibą OPZZ. Lewica alternatywna została początkowo zatrzymana przez policję, która usiłowała nie dopuścić demonstrantów na umówione miejsce wiecu. Później, w trakcie przemówień doszło do utarczek słownych. Demonstranci zagłuszyli okrzykami ""Precz z czerwoną burżuazją"" i ""Powiedz nie liberałom z SLD"" przemówienia Józefa Oleksego i Marka Dyducha. (lewica.pl)

* Marszałkowska róg Książęcej (https://www.youtube.com/watch?v=jbTEh-HyiCk&t=438s)",,300,MultiLineString,2661.4,"52.2317,21.020801","52.235868,21.003411",6,umap_backup_1-maja_warszawa9.umap,,True
2006_PL_demonstracja_NIEZNANY,2006,Lata,PL,Lewica radykalna,demonstracja,warstwa,,True,niezwiazkowe,2006 Nowa Lewica,"W Warszawie około 250 osób wzięło udział w pochodzie radykalnej lewicy. Pochód organizowały Nowa Lewica, Czerwony Kolektyw-Lewicowa Alternatywa, Komunistyczna Partia Polski, Młodzi Socjaliści, Polska Partia Socjalistyczna, Pracownicza Demokracja oraz Zieloni 2004. Do pochodu dołączyła również Warszawska Grupa Anarchistyczna. (lewica.pl)

Pochód radykalnej lewicy zakończył się złożeniem kwiatów na Placu Grzybowskim, miejscu walk rewolucyjnych w 1905 roku.
 
* Pomnik Kopernika 5:30
* Hotel Victoria 6:18
(trasa przez Świętokrzyską, za youtube)",,250,LineString,2147.0,"52.231718,21.020886","52.236301,21.00326",7,umap_backup_1-maja_warszawa9.umap,,True
2007_PL_demonstracja_NIEZNANY,2007,Lata,PL,Lewica radykalna,demonstracja,warstwa,,True,niezwiazkowe,2007 Nowa Lewica,"Manifestanci (ok. 300 osób m. in. z Nowej Lewicy, Komunistycznej Partii Polski, Polskiej Partii Socjalistycznej, Pracowniczej Demokracji, Młodych Socjalistów) pod hasłami obrony świata pracy przed kapitalistycznym wyzyskiem przemaszerowali przez Śródmieście, skandowali hasła antywojenne i krytykowali politykę PiS (""Kodeks pracy, a nie kodeks karny"", ""Zdrowie prawem, nie towarem!"") by w końcu na Placu Grzybowskim złożyć hołd bojowcom PPS poległym w walce z caratem (lewica.pl)

* W lewo w Świętokrzyską 5:40 (https://www.youtube.com/watch?v=gJ4HopS1h5Q&t=405s)
* Spotkanie z demonstracją ZSP",,300,LineString,2028.4,"52.231718,21.020886","52.236301,21.00326",8,umap_backup_1-maja_warszawa9.umap,,True
2008_PL_demonstracja_NIEZNANY,2008,Lata,PL,Lewica radykalna,demonstracja,warstwa,,True,niezwiazkowe,2008 Nowa Lewica,"1 maja o godzinie 10.00 na Rondzie de Gaulle`a rozpoczął się pochód radykalnej lewicy. Wzięli w nim udział działacze i sympatycy Nowej Lewicy, Młodych Socjalistów, Pracowniczej Demokracji i Komunistycznej Partii Polski.

W tym roku w pochodzie nie wzięły udziału środowiska anarchistyczne, które zorganizowały własny pochód. Obchody 1-majowego święta odbywały się pod hasłem: ""Mniej pracy, więcej płacy"". W przemówieniach podkreślano sprawy takie jak eksmisje na bruk, łamanie przepisów prawa pracy oraz instalowanie w Polsce tzw. tarczy antyrakietowej.

Licząca około 150-200 osób kolumna demonstrantów udała się na Plac Grzybowski, gdzie złożono kwiaty pod kamieniem upamiętniającym bojowców Polskiej Partii Socjalistycznej z 1905 roku. O godzinie 14.00 w Jadłodajni Filozoficznej rozpoczęła się Fiesta Wenezuelska gdzie zaprezentowany został film dokumentalny Borysa Hassa poświęcony temu krajowi, można spróbować kuchni wenezuelskiej i posłuchać muzyki latynoskiej. (lewica.pl, 2.05.2008)

Trasa:
* Rondo de Gaulle'a
* Aleje Jerozolimskie róg Brackiej 0:27
* Plac Pięciu Rogów 0:53
* Plac Małachowskiego 5:56  https://www.youtube.com/watch?v=22piHmOytY0&t",,200,LineString,2187.3,"52.231913,21.020944","52.236301,21.00326",9,umap_backup_1-maja_warszawa9.umap,,True
2009_PL_demonstracja_NIEZNANY,2009,Lata,PL,Lewica radykalna,demonstracja,warstwa,,True,niezwiazkowe,2009. Nowa Lewica,"Około godziny 11.00 pod budynkiem giełdy rozpoczęła się demonstracja zorganizowana przez Lewicową Alternatywę, Nową Lewicę, Komunistyczną Partię Polski, Pracowniczą Demokrację i Stowarzyszenie ""Wolność - Równość - Solidarność"". Wzięło w niej udział ponad 300 osób. (lewica.pl)

Trasa: 
* Rondo de Gaulle'a
* Aleje Ujazdowskie
* siedziba KPP Lewiatan
https://www.youtube.com/watch?v=b7PzRxBkaao ",,300,LineString,2248.5,"52.23165,21.020794","52.212587,21.025017",10,umap_backup_1-maja_warszawa9.umap,,True
2010_PL_demonstracja_NIEZNANY,2010,Lata,PL,Lewica radykalna,demonstracja,name,,True,niezwiazkowe,2010 – Pochód Nowej Lewicy / KSS / KPP,"Pochód organizowany przez Nową Lewicę / Kancelarię Sprawiedliwości Społecznej, Pracowniczą Demokrację, KPP, młodzieżówkę UP, OZB i redakcję „Dalej”. Ok. 150 osób. Wiec na rondzie de Gaulle'a w stronę KPRM",,150,LineString,1730.3,"52.231703,21.020794","52.216551,21.025947",11,umap_backup_1-maja_warszawa9.umap,,True
2011_PL_demonstracja_NIEZNANY,2011,Lata,PL,Lewica radykalna,demonstracja,name,,True,niezwiazkowe,"2011 – Marsz Pustych Garnków (KSS, KPP, Racja, PD, NLR)","Marsz Pustych Garnków – KSS we współpracy z KPP, Racją Polskiej Lewicy, Pracowniczą Demokracją i Nurtem Lewicy Rewolucyjnej. Udział też Polska Partia Pracy – Sierpień 80, OZB, Lewicowa Alternatywa, Inicjatywa Stop Wojnie i społeczność syryjska.

*Zebrani przeszli głównymi ulicami Warszawy pod kamień upamiętniający walkę rewolucyjną bojowców Organizacji Bojowej PPS na pl. Grzybowskim. Podczas przemarszu skandowano ""Nasze prawo - prawo pracy"", ""Dość wyzysku"" oraz ""Samorządność pracownicza"". Pojawiły się również okrzyki ""Syria - Warszawa, wspólna sprawa"".* (lewica.pl 2011) 
* Aleje Jerozolimskie 3:43 https://www.youtube.com/watch?v=V_UtKMR35GY
* Emilii Plater 0:05 https://www.youtube.com/watch?v=V_UtKMR35GY
* Rotunda 5:40 https://www.youtube.com/watch?v=V_UtKMR35GY
",,150,LineString,2039.6,"52.231742,21.020537","52.235911,21.003639",12,umap_backup_1-maja_warszawa9.umap,,True
2013_PL_demonstracja_NIEZNANY,2013,Lata,PL,Lewica radykalna,demonstracja,warstwa,,True,niezwiazkowe,2013. KSS. Zasoby Ludzkie mają dość!,"*200 osób przeszło w 1-majowym pochodzie, zorganizowanym przez niezależne lewicowe ugrupowania w Warszawie. Pochodowi towarzyszyły postulaty obrony praw pracowniczych i hasło: ""Zasoby ludzkie mają dość"", oraz ""Strajk generalny!"". W pochodzie, który rozpoczął się przy Rondzie de Gaulle'a, a zakończył przed kancelarią premiera, uczestniczyli członkowie i sympatycy m.in. Kancelarii Sprawiedliwości Społecznej, Komunistycznej Partii Polski, Pracowniczej Demokracji, partii Racja, ""Dalej! - pismo socjalistyczne"", przedstawiciele społeczności kurdyjskiej w Polsce.* (Youtube)",,200,LineString,1882.5,"52.231926,21.020901","52.215432,21.026086",13,umap_backup_1-maja_warszawa9.umap,,True
2014_PL_demonstracja_NIEZNANY,2014,Lata,PL,Lewica radykalna,demonstracja,name,,True,niezwiazkowe,2014-2015. Marsz Sprawiedliwości Społecznej (RSS Ikonowicza),"## 2014
Marsz Sprawiedliwości Społecznej – RSS, KPP, Pracownicza Demokracja, OZZ Inicjatywa Pracownicza, Samoobrona RP, WSL, Zieloni. Start: rondo de Gaulle'a (godz. 11), zakończenie pod KPRM. Hasło OZZ IP: „Walcz, protestuj, stawiaj opór. Strajk generalny teraz!” 

*Około 400 osób przeszło 1 maja ulicami Warszawy w demonstracji pierwszomajowej. Rozpoczął ją wiec, który odbył się przy pomniku partyzanta.* lewica.pl 2.05.2014

## 2015
*Od początku przemian w Polsce, ci, którzy wystrajkowali wolność zostali zapędzeni do kąta. Pracują coraz ciężej za coraz mniej. Doszło do tego, że typa, który nie płaci za wykonaną pracę nie można nazwać złodziejem. Płace stanowią zaledwie 34% dochodu narodowego i udział ten nadal spada od lat. Nie istnieje pomoc społeczna ani pozwalające przeżyć zasiłki dla bezrobotnych. Zresztą większość bezrobotnych nie ma prawa nawet do tych głodowych zasiłków. Próba założenia związku zawodowego kończy się zwolnieniem z pracy, co oznacza głód, bo pomoc społeczna w Polsce praktycznie nie istnieje. Idziemy demonstrować przeciwko upodleniu polskiej pracy, przeciw wyzyskowi, pogardzie, mobbingowi, śmieciowym umowom i głodowym płacom. Razem możemy to zmienić. Policzymy się 1 maja na ulicy, a jesienią przy urnach.!*",,400,LineString,1748.9,"52.231716,21.020665","52.216442,21.025901",14,umap_backup_1-maja_warszawa9.umap,,True
2015_PL_demonstracja_NIEZNANY,2015,Lata,PL,Lewica radykalna,demonstracja,name,,True,niezwiazkowe,2014-2015. Marsz Sprawiedliwości Społecznej (RSS Ikonowicza),"## 2014
Marsz Sprawiedliwości Społecznej – RSS, KPP, Pracownicza Demokracja, OZZ Inicjatywa Pracownicza, Samoobrona RP, WSL, Zieloni. Start: rondo de Gaulle'a (godz. 11), zakończenie pod KPRM. Hasło OZZ IP: „Walcz, protestuj, stawiaj opór. Strajk generalny teraz!” 

*Około 400 osób przeszło 1 maja ulicami Warszawy w demonstracji pierwszomajowej. Rozpoczął ją wiec, który odbył się przy pomniku partyzanta.* lewica.pl 2.05.2014

## 2015
*Od początku przemian w Polsce, ci, którzy wystrajkowali wolność zostali zapędzeni do kąta. Pracują coraz ciężej za coraz mniej. Doszło do tego, że typa, który nie płaci za wykonaną pracę nie można nazwać złodziejem. Płace stanowią zaledwie 34% dochodu narodowego i udział ten nadal spada od lat. Nie istnieje pomoc społeczna ani pozwalające przeżyć zasiłki dla bezrobotnych. Zresztą większość bezrobotnych nie ma prawa nawet do tych głodowych zasiłków. Próba założenia związku zawodowego kończy się zwolnieniem z pracy, co oznacza głód, bo pomoc społeczna w Polsce praktycznie nie istnieje. Idziemy demonstrować przeciwko upodleniu polskiej pracy, przeciw wyzyskowi, pogardzie, mobbingowi, śmieciowym umowom i głodowym płacom. Razem możemy to zmienić. Policzymy się 1 maja na ulicy, a jesienią przy urnach.!*",,400,LineString,1748.9,"52.231716,21.020665","52.216442,21.025901",14,umap_backup_1-maja_warszawa9.umap,,True
2015_PL_demonstracja_NIEZNANY_a,2015,Lata,PL,Lewica radykalna,demonstracja,name,,True,niezwiazkowe,2015 – Pochód Partii Zmiana,Pochód Partii Zmiana: plac Osterwy (siedziba OPZZ) – Nowy Świat – Krakowskie Przedmieście – Pałac Prezydencki.,,50,LineString,700.6,"52.237919,21.020334","52.242675,21.015002",15,umap_backup_1-maja_warszawa9.umap,,True
2016_PL_demonstracja_NIEZNANY,2016,Lata,PL,Lewica radykalna,demonstracja,warstwa,,True,niezwiazkowe,2016-2018 RSS / KPP / Partia Socjaliści / WSL,"## 2016
Ikonowicz spod ronda de Gaulle'a do Kancelarii Premiera. 

## 2017
Przedstawiciele Ruchu Sprawiedliwości Społecznej, Komunistycznej Partii Polski, Partii Socjaliści, Warszawskiego Stowarzyszenia Lokatorów. Start: rondo de Gaulle'a, zakończenie: KPRM. 

## 2018
RSS Ikonowicza. Start: rondo de Gaulle'a (11:30), Nowy Świat – pl. Trzech Krzyży – Al. Ujazdowskie (zakończenie ok. 15:00). ",,400,LineString,1844.4,"52.231795,21.020773","52.215601,21.026094",16,umap_backup_1-maja_warszawa9.umap,,True
2017_PL_demonstracja_NIEZNANY,2017,Lata,PL,Lewica radykalna,demonstracja,warstwa,,True,niezwiazkowe,2016-2018 RSS / KPP / Partia Socjaliści / WSL,"## 2016
Ikonowicz spod ronda de Gaulle'a do Kancelarii Premiera. 

## 2017
Przedstawiciele Ruchu Sprawiedliwości Społecznej, Komunistycznej Partii Polski, Partii Socjaliści, Warszawskiego Stowarzyszenia Lokatorów. Start: rondo de Gaulle'a, zakończenie: KPRM. 

## 2018
RSS Ikonowicza. Start: rondo de Gaulle'a (11:30), Nowy Świat – pl. Trzech Krzyży – Al. Ujazdowskie (zakończenie ok. 15:00). ",,400,LineString,1844.4,"52.231795,21.020773","52.215601,21.026094",16,umap_backup_1-maja_warszawa9.umap,,True
2018_PL_demonstracja_NIEZNANY,2018,Lata,PL,Lewica radykalna,demonstracja,warstwa,,True,niezwiazkowe,2016-2018 RSS / KPP / Partia Socjaliści / WSL,"## 2016
Ikonowicz spod ronda de Gaulle'a do Kancelarii Premiera. 

## 2017
Przedstawiciele Ruchu Sprawiedliwości Społecznej, Komunistycznej Partii Polski, Partii Socjaliści, Warszawskiego Stowarzyszenia Lokatorów. Start: rondo de Gaulle'a, zakończenie: KPRM. 

## 2018
RSS Ikonowicza. Start: rondo de Gaulle'a (11:30), Nowy Świat – pl. Trzech Krzyży – Al. Ujazdowskie (zakończenie ok. 15:00). ",,400,LineString,1844.4,"52.231795,21.020773","52.215601,21.026094",16,umap_backup_1-maja_warszawa9.umap,,True
2018_PL_demonstracja_NIEZNANY_a,2018,Lata,PL,Lewica radykalna,demonstracja,warstwa,,True,niezwiazkowe,"2018 – Majówka Solidarnościowa (Strajk Kobiet, Syrena, OZZ IP)","Wspólny piknik i wiec pod Sejmem zorganizowany przez Warszawski Strajk Kobiet, Porozumienie Kobiet 8 Marca, squat Syrena, Codziennik Feministyczny i Warszawską Komisję Środowiskową OZZ IP. Wsparcie dla protestujących rodziców osób z niepełnosprawnościami.",,,Point,,"52.2256155,21.0270682","52.2256155,21.0270682",17,umap_backup_1-maja_warszawa9.umap,,True
2019_PL_demonstracja_NIEZNANY,2019,Lata,PL,Lewica radykalna,demonstracja,name,,True,niezwiazkowe,2019 – Demonstracja społeczna (Strajk / Naprzód / SFWM / UZ),"Społeczne Forum Wymiany Myśli, Studencki Komitet Antyfaszystowski, Historia Czerwona, Fundacja Naprzód, Uniwersytet Zaangażowany, redakcja Strajk. Start: rondo de Gaulle'a (11:00), zakończenie: plac Bankowy. ",,350,LineString,585.2,"52.231677,21.020537","52.235251,21.016611",18,umap_backup_1-maja_warszawa9.umap,,True
2008_PL_demonstracja_NIEZNANY_a,2008,Lata,PL,Lewica radykalna,demonstracja,warstwa,,True,niezwiazkowe,siedziba PKPP Lewiatan,,,,Point,,"52.21259,21.024978","52.21259,21.024978",19,umap_backup_1-maja_warszawa9.umap,,True
2009_PL_demonstracja_NIEZNANY_a,2009,Lata,PL,Lewica radykalna,demonstracja,warstwa,,True,niezwiazkowe,siedziba PKPP Lewiatan,,,,Point,,"52.21259,21.024978","52.21259,21.024978",19,umap_backup_1-maja_warszawa9.umap,,True
1990_PL_festyn_SdRP,1990,Lata,PL,Festyny,festyn,warstwa,SdRP,True,niezwiazkowe,1990. Dyskusja z członkami SdRP w kawiarni Kaprys,"*Dyskusje na różne inne tematy, oprócz tego, równolegle zaczyna się w kawiarni Kaprys spotkanie z członkami partii socjaldemokratycznej* (Dziennik Trybuna)",,,Point,,"52.233007,21.024716","52.233007,21.024716",0,umap_backup_1-maja_warszawa9.umap,,True
1990_PL_festyn_NIEZNANY,1990,Lata,PL,Festyny,festyn,name,,True,niezwiazkowe,1990. Festyn Trybuny Ludu,"Pod Empikiem festyn organizowany przez Trybunę Ludu. Miller twierdzi, że to może być zalążek nowej tradycji, tam dyskusje, goście ze świata sportu (Władysław Komar) i polityki (Aleksander Kwaśniewski). Rozpoczyna się o 12, pierwsze pytanie w dyskusji brzmi *Jak być rodziną epoki Balcerowicza*, w której spierali się przedstawiciele Komitetu Obrony Praw Ojca z działaczkami Pro Feminy i Demokratycznej Unii Kobiet. *Bardzo szybko tematem numer jeden stała się przygotowywana za zamkniętymi drzwiami senatu ustawa o ochronie życia poczętego*.  (Dziennik Trybuna)",,,Point,,"52.231821,21.020204","52.231821,21.020204",1,umap_backup_1-maja_warszawa9.umap,,True
2007_PL_festyn_NIEZNANY,2007,Lata,PL,Festyny,festyn,warstwa,,True,niezwiazkowe,2007-2008. Czerwony PIC-NIC,"Pałac Kultury i Nauki – „Czerwony Pic-Nic” 2007 i 2008 (impreza wspomnieniowa z PRL: kronika filmowa, saturator, słomiany Miś, Wanda i Banda, Andrzej Rosiewicz, Papa Dance). Również punkt zborny Federacji Anarchistycznej w 2007 r.",,,Point,,"52.231624,21.008843","52.231624,21.008843",2,umap_backup_1-maja_warszawa9.umap,,True
2008_PL_festyn_NIEZNANY,2008,Lata,PL,Festyny,festyn,warstwa,,True,niezwiazkowe,2007-2008. Czerwony PIC-NIC,"Pałac Kultury i Nauki – „Czerwony Pic-Nic” 2007 i 2008 (impreza wspomnieniowa z PRL: kronika filmowa, saturator, słomiany Miś, Wanda i Banda, Andrzej Rosiewicz, Papa Dance). Również punkt zborny Federacji Anarchistycznej w 2007 r.",,,Point,,"52.231624,21.008843","52.231624,21.008843",2,umap_backup_1-maja_warszawa9.umap,,True
2005_PL_festyn_NIEZNANY,2005,Lata,PL,Festyny,festyn,warstwa,,True,niezwiazkowe,Fabryka Norblina – „Majówka u Norblina” (Impuls / Trybuna),"Majówka u Norblina pod hasłem „Praca, Europa, Socjalizm” – organizowana przez środowisko tygodnika Impuls/Trybuna. ",,,Point,,"52.2362,20.9842","52.2362,20.9842",3,umap_backup_1-maja_warszawa9.umap,,True
1997_PL_festyn_UP,1997,Lata,PL,Festyny,festyn,name,UP,True,niezwiazkowe,Kępa Potocka – festyn UP,"Festyn 1-majowy Unii Pracy w 1997 r. 
*O 11.30 rozpoczyna się festyn na Kępie Potockiej. W programie m.in.: piwny ogródek dyskusyjny z udziałem Zbigniewa Bujaka, Tomasza Nałęcza i Wojciecha Borowika, koncerty muzyki pop i dans, zabawy dla dzieci i dorosłych, mecze piłki nożnej z udziałem polityków. Będzie piwo i szaszłyki. Festyn jest otwarty dla wszystkich.* (GW 1997)",,,Point,,"52.27656,20.991615","52.27656,20.991615",4,umap_backup_1-maja_warszawa9.umap,,True
2017_PL_festyn_OPZZ,2017,Lata,PL,Festyny,festyn,name,OPZZ,True,niezwiazkowe,Krakowskie Przedmieście / Miodowa – piknik OPZZ,"Piknik 1-majowy OPZZ ze sceną na rogu Krakowskiego Przedmieścia i ul. Miodowej (2017, 2018)",,,Point,,"52.245756,21.013788","52.245756,21.013788",5,umap_backup_1-maja_warszawa9.umap,,True
2018_PL_festyn_OPZZ,2018,Lata,PL,Festyny,festyn,name,OPZZ,True,niezwiazkowe,Krakowskie Przedmieście / Miodowa – piknik OPZZ,"Piknik 1-majowy OPZZ ze sceną na rogu Krakowskiego Przedmieścia i ul. Miodowej (2017, 2018)",,,Point,,"52.245756,21.013788","52.245756,21.013788",5,umap_backup_1-maja_warszawa9.umap,,True
1995_PL_festyn_UP,1995,Lata,PL,Festyny,festyn,name,UP,True,niezwiazkowe,Lasek Młociński – festyn UP,Festyn 1-majowy Unii Pracy w 1995 r. WSPÓŁRZĘDNE PRZYBLIŻONE.,,,Point,,"52.3043,20.9285","52.3043,20.9285",6,umap_backup_1-maja_warszawa9.umap,,True
1996_PL_festyn_NIEZNANY,1996,Lata,PL,Festyny,festyn,name,,True,niezwiazkowe,Ogrody Pałacu Prezydenckiego – piknik Kwaśniewskiego,"## 1996
Prezydent Aleksander Kwaśniewski nie uczestniczył w żadnym pochodzie. Zorganizował w ogrodach Pałacu Prezydenckiego majówkę dla pracodawców, związków zawodowych, polityków, emerytów i rencistów. Przybyło ok. 200 osób. Zaproszenia nie przyjęli członkowie ""Solidarności"", ale Kwaśniewski stwierdził, że jest cierpliwy i w przyszłym roku też ich zaprosi. (Rzeczpospolita)

",,,Point,,"52.243391,21.017452","52.243391,21.017452",7,umap_backup_1-maja_warszawa9.umap,,True
1997_PL_festyn_NIEZNANY,1997,Lata,PL,Festyny,festyn,name,,True,niezwiazkowe,Ogrody Pałacu Prezydenckiego – piknik Kwaśniewskiego,"## 1996
Prezydent Aleksander Kwaśniewski nie uczestniczył w żadnym pochodzie. Zorganizował w ogrodach Pałacu Prezydenckiego majówkę dla pracodawców, związków zawodowych, polityków, emerytów i rencistów. Przybyło ok. 200 osób. Zaproszenia nie przyjęli członkowie ""Solidarności"", ale Kwaśniewski stwierdził, że jest cierpliwy i w przyszłym roku też ich zaprosi. (Rzeczpospolita)

",,,Point,,"52.243391,21.017452","52.243391,21.017452",7,umap_backup_1-maja_warszawa9.umap,,True
1998_PL_festyn_NIEZNANY,1998,Lata,PL,Festyny,festyn,name,,True,niezwiazkowe,Ogrody Pałacu Prezydenckiego – piknik Kwaśniewskiego,"## 1996
Prezydent Aleksander Kwaśniewski nie uczestniczył w żadnym pochodzie. Zorganizował w ogrodach Pałacu Prezydenckiego majówkę dla pracodawców, związków zawodowych, polityków, emerytów i rencistów. Przybyło ok. 200 osób. Zaproszenia nie przyjęli członkowie ""Solidarności"", ale Kwaśniewski stwierdził, że jest cierpliwy i w przyszłym roku też ich zaprosi. (Rzeczpospolita)

",,,Point,,"52.243391,21.017452","52.243391,21.017452",7,umap_backup_1-maja_warszawa9.umap,,True
1999_PL_festyn_NIEZNANY,1999,Lata,PL,Festyny,festyn,name,,True,niezwiazkowe,Ogrody Pałacu Prezydenckiego – piknik Kwaśniewskiego,"## 1996
Prezydent Aleksander Kwaśniewski nie uczestniczył w żadnym pochodzie. Zorganizował w ogrodach Pałacu Prezydenckiego majówkę dla pracodawców, związków zawodowych, polityków, emerytów i rencistów. Przybyło ok. 200 osób. Zaproszenia nie przyjęli członkowie ""Solidarności"", ale Kwaśniewski stwierdził, że jest cierpliwy i w przyszłym roku też ich zaprosi. (Rzeczpospolita)

",,,Point,,"52.243391,21.017452","52.243391,21.017452",7,umap_backup_1-maja_warszawa9.umap,,True
2000_PL_festyn_NIEZNANY,2000,Lata,PL,Festyny,festyn,name,,True,niezwiazkowe,Ogrody Pałacu Prezydenckiego – piknik Kwaśniewskiego,"## 1996
Prezydent Aleksander Kwaśniewski nie uczestniczył w żadnym pochodzie. Zorganizował w ogrodach Pałacu Prezydenckiego majówkę dla pracodawców, związków zawodowych, polityków, emerytów i rencistów. Przybyło ok. 200 osób. Zaproszenia nie przyjęli członkowie ""Solidarności"", ale Kwaśniewski stwierdził, że jest cierpliwy i w przyszłym roku też ich zaprosi. (Rzeczpospolita)

",,,Point,,"52.243391,21.017452","52.243391,21.017452",7,umap_backup_1-maja_warszawa9.umap,,True
2001_PL_festyn_NIEZNANY,2001,Lata,PL,Festyny,festyn,name,,True,niezwiazkowe,Ogrody Pałacu Prezydenckiego – piknik Kwaśniewskiego,"## 1996
Prezydent Aleksander Kwaśniewski nie uczestniczył w żadnym pochodzie. Zorganizował w ogrodach Pałacu Prezydenckiego majówkę dla pracodawców, związków zawodowych, polityków, emerytów i rencistów. Przybyło ok. 200 osób. Zaproszenia nie przyjęli członkowie ""Solidarności"", ale Kwaśniewski stwierdził, że jest cierpliwy i w przyszłym roku też ich zaprosi. (Rzeczpospolita)

",,,Point,,"52.243391,21.017452","52.243391,21.017452",7,umap_backup_1-maja_warszawa9.umap,,True
2002_PL_festyn_NIEZNANY,2002,Lata,PL,Festyny,festyn,name,,True,niezwiazkowe,Ogrody Pałacu Prezydenckiego – piknik Kwaśniewskiego,"## 1996
Prezydent Aleksander Kwaśniewski nie uczestniczył w żadnym pochodzie. Zorganizował w ogrodach Pałacu Prezydenckiego majówkę dla pracodawców, związków zawodowych, polityków, emerytów i rencistów. Przybyło ok. 200 osób. Zaproszenia nie przyjęli członkowie ""Solidarności"", ale Kwaśniewski stwierdził, że jest cierpliwy i w przyszłym roku też ich zaprosi. (Rzeczpospolita)

",,,Point,,"52.243391,21.017452","52.243391,21.017452",7,umap_backup_1-maja_warszawa9.umap,,True
2003_PL_festyn_NIEZNANY,2003,Lata,PL,Festyny,festyn,name,,True,niezwiazkowe,Ogrody Pałacu Prezydenckiego – piknik Kwaśniewskiego,"## 1996
Prezydent Aleksander Kwaśniewski nie uczestniczył w żadnym pochodzie. Zorganizował w ogrodach Pałacu Prezydenckiego majówkę dla pracodawców, związków zawodowych, polityków, emerytów i rencistów. Przybyło ok. 200 osób. Zaproszenia nie przyjęli członkowie ""Solidarności"", ale Kwaśniewski stwierdził, że jest cierpliwy i w przyszłym roku też ich zaprosi. (Rzeczpospolita)

",,,Point,,"52.243391,21.017452","52.243391,21.017452",7,umap_backup_1-maja_warszawa9.umap,,True
2004_PL_festyn_NIEZNANY,2004,Lata,PL,Festyny,festyn,name,,True,niezwiazkowe,Ogrody Pałacu Prezydenckiego – piknik Kwaśniewskiego,"## 1996
Prezydent Aleksander Kwaśniewski nie uczestniczył w żadnym pochodzie. Zorganizował w ogrodach Pałacu Prezydenckiego majówkę dla pracodawców, związków zawodowych, polityków, emerytów i rencistów. Przybyło ok. 200 osób. Zaproszenia nie przyjęli członkowie ""Solidarności"", ale Kwaśniewski stwierdził, że jest cierpliwy i w przyszłym roku też ich zaprosi. (Rzeczpospolita)

",,,Point,,"52.243391,21.017452","52.243391,21.017452",7,umap_backup_1-maja_warszawa9.umap,,True
2005_PL_festyn_NIEZNANY_a,2005,Lata,PL,Festyny,festyn,name,,True,niezwiazkowe,Ogrody Pałacu Prezydenckiego – piknik Kwaśniewskiego,"## 1996
Prezydent Aleksander Kwaśniewski nie uczestniczył w żadnym pochodzie. Zorganizował w ogrodach Pałacu Prezydenckiego majówkę dla pracodawców, związków zawodowych, polityków, emerytów i rencistów. Przybyło ok. 200 osób. Zaproszenia nie przyjęli członkowie ""Solidarności"", ale Kwaśniewski stwierdził, że jest cierpliwy i w przyszłym roku też ich zaprosi. (Rzeczpospolita)

",,,Point,,"52.243391,21.017452","52.243391,21.017452",7,umap_backup_1-maja_warszawa9.umap,,True
1993_PL_festyn_SdRP,1993,Lata,PL,Festyny,festyn,warstwa,SdRP,True,niezwiazkowe,Ogród Saski – kiermasze SdRP,"## 1993
W ogrodzie Saskim przewidziane są skromne kiermasze książkowe (Związkowiec)

## 1994
W ogrodzie Saskim przewidziane są skromne kiermasze książkowe, spotkania z ciekawymi ludźmi w pomieszczeniach SdRP przzy ul. Szarej (Związkowiec)

",,,Point,,"52.2415,21.0114","52.2415,21.0114",8,umap_backup_1-maja_warszawa9.umap,,True
1994_PL_festyn_SdRP,1994,Lata,PL,Festyny,festyn,warstwa,SdRP,True,niezwiazkowe,Ogród Saski – kiermasze SdRP,"## 1993
W ogrodzie Saskim przewidziane są skromne kiermasze książkowe (Związkowiec)

## 1994
W ogrodzie Saskim przewidziane są skromne kiermasze książkowe, spotkania z ciekawymi ludźmi w pomieszczeniach SdRP przzy ul. Szarej (Związkowiec)

",,,Point,,"52.2415,21.0114","52.2415,21.0114",8,umap_backup_1-maja_warszawa9.umap,,True
1999_PL_festyn_NIEZNANY_a,1999,Lata,PL,Festyny,festyn,warstwa,,True,niezwiazkowe,Park im. Edwarda Rydza-Śmigłego,Park im. Edwarda Rydza-Śmigłego na Rozbracie – obok dawnej siedziby SLD. Tradycyjne miejsce Pikniku Europejskiego SLD/OPZZ,,,Point,,"52.227123,21.033046","52.227123,21.033046",9,umap_backup_1-maja_warszawa9.umap,,True
2000_PL_festyn_NIEZNANY_a,2000,Lata,PL,Festyny,festyn,warstwa,,True,niezwiazkowe,Park im. Edwarda Rydza-Śmigłego,Park im. Edwarda Rydza-Śmigłego na Rozbracie – obok dawnej siedziby SLD. Tradycyjne miejsce Pikniku Europejskiego SLD/OPZZ,,,Point,,"52.227123,21.033046","52.227123,21.033046",9,umap_backup_1-maja_warszawa9.umap,,True
2001_PL_festyn_NIEZNANY_a,2001,Lata,PL,Festyny,festyn,warstwa,,True,niezwiazkowe,Park im. Edwarda Rydza-Śmigłego,Park im. Edwarda Rydza-Śmigłego na Rozbracie – obok dawnej siedziby SLD. Tradycyjne miejsce Pikniku Europejskiego SLD/OPZZ,,,Point,,"52.227123,21.033046","52.227123,21.033046",9,umap_backup_1-maja_warszawa9.umap,,True
2002_PL_festyn_NIEZNANY_a,2002,Lata,PL,Festyny,festyn,warstwa,,True,niezwiazkowe,Park im. Edwarda Rydza-Śmigłego,Park im. Edwarda Rydza-Śmigłego na Rozbracie – obok dawnej siedziby SLD. Tradycyjne miejsce Pikniku Europejskiego SLD/OPZZ,,,Point,,"52.227123,21.033046","52.227123,21.033046",9,umap_backup_1-maja_warszawa9.umap,,True
2003_PL_festyn_NIEZNANY_a,2003,Lata,PL,Festyny,festyn,warstwa,,True,niezwiazkowe,Park im. Edwarda Rydza-Śmigłego,Park im. Edwarda Rydza-Śmigłego na Rozbracie – obok dawnej siedziby SLD. Tradycyjne miejsce Pikniku Europejskiego SLD/OPZZ,,,Point,,"52.227123,21.033046","52.227123,21.033046",9,umap_backup_1-maja_warszawa9.umap,,True
2004_PL_festyn_NIEZNANY_a,2004,Lata,PL,Festyny,festyn,warstwa,,True,niezwiazkowe,Park im. Edwarda Rydza-Śmigłego,Park im. Edwarda Rydza-Śmigłego na Rozbracie – obok dawnej siedziby SLD. Tradycyjne miejsce Pikniku Europejskiego SLD/OPZZ,,,Point,,"52.227123,21.033046","52.227123,21.033046",9,umap_backup_1-maja_warszawa9.umap,,True
2005_PL_festyn_NIEZNANY_b,2005,Lata,PL,Festyny,festyn,warstwa,,True,niezwiazkowe,Park im. Edwarda Rydza-Śmigłego,Park im. Edwarda Rydza-Śmigłego na Rozbracie – obok dawnej siedziby SLD. Tradycyjne miejsce Pikniku Europejskiego SLD/OPZZ,,,Point,,"52.227123,21.033046","52.227123,21.033046",9,umap_backup_1-maja_warszawa9.umap,,True
2006_PL_festyn_NIEZNANY,2006,Lata,PL,Festyny,festyn,warstwa,,True,niezwiazkowe,Park im. Edwarda Rydza-Śmigłego,Park im. Edwarda Rydza-Śmigłego na Rozbracie – obok dawnej siedziby SLD. Tradycyjne miejsce Pikniku Europejskiego SLD/OPZZ,,,Point,,"52.227123,21.033046","52.227123,21.033046",9,umap_backup_1-maja_warszawa9.umap,,True
2007_PL_festyn_NIEZNANY_a,2007,Lata,PL,Festyny,festyn,warstwa,,True,niezwiazkowe,Park im. Edwarda Rydza-Śmigłego,Park im. Edwarda Rydza-Śmigłego na Rozbracie – obok dawnej siedziby SLD. Tradycyjne miejsce Pikniku Europejskiego SLD/OPZZ,,,Point,,"52.227123,21.033046","52.227123,21.033046",9,umap_backup_1-maja_warszawa9.umap,,True
2008_PL_festyn_NIEZNANY_a,2008,Lata,PL,Festyny,festyn,warstwa,,True,niezwiazkowe,Park im. Edwarda Rydza-Śmigłego,Park im. Edwarda Rydza-Śmigłego na Rozbracie – obok dawnej siedziby SLD. Tradycyjne miejsce Pikniku Europejskiego SLD/OPZZ,,,Point,,"52.227123,21.033046","52.227123,21.033046",9,umap_backup_1-maja_warszawa9.umap,,True
2012_PL_festyn_NIEZNANY,2012,Lata,PL,Festyny,festyn,warstwa,,True,niezwiazkowe,Park im. Edwarda Rydza-Śmigłego,Park im. Edwarda Rydza-Śmigłego na Rozbracie – obok dawnej siedziby SLD. Tradycyjne miejsce Pikniku Europejskiego SLD/OPZZ,,,Point,,"52.227123,21.033046","52.227123,21.033046",9,umap_backup_1-maja_warszawa9.umap,,True
2013_PL_festyn_NIEZNANY,2013,Lata,PL,Festyny,festyn,warstwa,,True,niezwiazkowe,Park im. Edwarda Rydza-Śmigłego,Park im. Edwarda Rydza-Śmigłego na Rozbracie – obok dawnej siedziby SLD. Tradycyjne miejsce Pikniku Europejskiego SLD/OPZZ,,,Point,,"52.227123,21.033046","52.227123,21.033046",9,umap_backup_1-maja_warszawa9.umap,,True
2014_PL_festyn_NIEZNANY,2014,Lata,PL,Festyny,festyn,warstwa,,True,niezwiazkowe,Park im. Edwarda Rydza-Śmigłego,Park im. Edwarda Rydza-Śmigłego na Rozbracie – obok dawnej siedziby SLD. Tradycyjne miejsce Pikniku Europejskiego SLD/OPZZ,,,Point,,"52.227123,21.033046","52.227123,21.033046",9,umap_backup_1-maja_warszawa9.umap,,True
2016_PL_festyn_NIEZNANY,2016,Lata,PL,Festyny,festyn,warstwa,,True,niezwiazkowe,Park im. Edwarda Rydza-Śmigłego,Park im. Edwarda Rydza-Śmigłego na Rozbracie – obok dawnej siedziby SLD. Tradycyjne miejsce Pikniku Europejskiego SLD/OPZZ,,,Point,,"52.227123,21.033046","52.227123,21.033046",9,umap_backup_1-maja_warszawa9.umap,,True
2019_PL_festyn_OPZZ,2019,Lata,PL,Festyny,festyn,name,OPZZ,True,niezwiazkowe,Plac Na Rozdrożu – Piknik Europejski OPZZ/SLD,"Piknik Europejski OPZZ/SLD w 2019 r. przy pomniku Daszyńskiego, z okazji 15. rocznicy wejścia Polski do UE. Pochodu nie było.",,,Point,,"52.219479,21.024484","52.219479,21.024484",10,umap_backup_1-maja_warszawa9.umap,,True
1991_PL_festyn_SLD,1991,Lata,PL,Festyny,festyn,warstwa,SLD,True,niezwiazkowe,Siedziba SdRP/SLD,"## 1991
- Tym razem Trybuna zaprasza na spotkanie w klubie dyskusyjnym przy Szarej 10, gdzie gościem będzie Miodowicz i Cimoszewicz, a także członkowie redakcji Trybuny (DT), 12 – spotkanie z kolegium Trybuny; 13 – gościem będzie Alfred Miodowicz; 14 – szef PKLD Włodzimierz Cimoszewicz; 15 – spotkanie z kierownictwem SdRP. Dyskusjom towarzyszyć ma kiermasz książek, czasopism i sprzętu elektronicznego. Na dzieci od 12 w sali kinowej czekać będą kreskówki. Finałem części festynowej będzie o 17 występ Władysława Komara i Andrzeja Gackiego (DT)

## 1992
 ""Po pochodzie zapraszamy do siedziby Rady Naczelnej SdRP na spotkania: – z Dariuszem Szymczychą i kolegium Trybuny; z Ewą Spychalską i kierownictwem OPZZ; z Aleksandrem Kwaśniewskim i Leszkiem Millerem oraz innymi członkami kierownictwa SdRP. O godz. 12:00 w siedzibie Rady Naczelnej SdRP będzie zorganizowany kiermasz, na którym będzie można kupić dobrą książkę, upominki, odzież i inne drobiazgi (DT 1992)

## 1993
Od 12:30 w siedzibie SdRP przy ul. Rozbrat 44a rozpocznie się cykl spotkań – z członkami Socjaldemokratycznej Frakcji Młodych, dziennikarzami Trybuny, kierownictwami OPZZ i SdRP oraz posłami SLD (DT), Po pochodzie odbędzie się wiele imprez związanych z obchodami, m.in. w siedzibie SdRP przy ul. Rozbrat 44. (GW)

## 1994
Organizatorzy przewidują następnie [po pochodzie] spotkania mieszkańców Warszawy z posłami na Sejm RP (Związkowiec), Po stołecznym pochodzie, w siedzibie SdRP na Szarej, odbyło się spotkanie z kolegium redakcyjnym Trybuny, Socjaldemokratyczną Frakcją Młodzieży, kierwonictwem OPZZ, SdRP i SLD (DT)

## 1995
O godzinie 13:30 odbędą się w siedzibie SdRP spotkania z Aleksandrem Kwaśniewskim i Ewą Spychalską (DT)

## 1997
Od 12:45 spotkania w siedzibie SdRP na Rozbrat – przedstawiciele redakcji Nie, Przeglądu Tygodniowego, potem spotkanie z liderami OPZZ i SdRP (DT),

## 2010
Po przemówieniach pochód ruszył pod Sejm, a stamtąd na piknik na dziedzińcu siedziby SLD przy ul. Rozbrat. – Z roku na rok jest coraz mniej osób, nie chodzi tylko o deszcz – mówił Wiesław Gębicki z Bielan. – Ta formuła już się przejadła – dodał jeden z dzielnicowych radnych SLD. (Rzeczpospolita 2010",,,Point,,"52.2277917,21.0330194","52.2277917,21.0330194",11,umap_backup_1-maja_warszawa9.umap,,True
1992_PL_festyn_SLD,1992,Lata,PL,Festyny,festyn,warstwa,SLD,True,niezwiazkowe,Siedziba SdRP/SLD,"## 1991
- Tym razem Trybuna zaprasza na spotkanie w klubie dyskusyjnym przy Szarej 10, gdzie gościem będzie Miodowicz i Cimoszewicz, a także członkowie redakcji Trybuny (DT), 12 – spotkanie z kolegium Trybuny; 13 – gościem będzie Alfred Miodowicz; 14 – szef PKLD Włodzimierz Cimoszewicz; 15 – spotkanie z kierownictwem SdRP. Dyskusjom towarzyszyć ma kiermasz książek, czasopism i sprzętu elektronicznego. Na dzieci od 12 w sali kinowej czekać będą kreskówki. Finałem części festynowej będzie o 17 występ Władysława Komara i Andrzeja Gackiego (DT)

## 1992
 ""Po pochodzie zapraszamy do siedziby Rady Naczelnej SdRP na spotkania: – z Dariuszem Szymczychą i kolegium Trybuny; z Ewą Spychalską i kierownictwem OPZZ; z Aleksandrem Kwaśniewskim i Leszkiem Millerem oraz innymi członkami kierownictwa SdRP. O godz. 12:00 w siedzibie Rady Naczelnej SdRP będzie zorganizowany kiermasz, na którym będzie można kupić dobrą książkę, upominki, odzież i inne drobiazgi (DT 1992)

## 1993
Od 12:30 w siedzibie SdRP przy ul. Rozbrat 44a rozpocznie się cykl spotkań – z członkami Socjaldemokratycznej Frakcji Młodych, dziennikarzami Trybuny, kierownictwami OPZZ i SdRP oraz posłami SLD (DT), Po pochodzie odbędzie się wiele imprez związanych z obchodami, m.in. w siedzibie SdRP przy ul. Rozbrat 44. (GW)

## 1994
Organizatorzy przewidują następnie [po pochodzie] spotkania mieszkańców Warszawy z posłami na Sejm RP (Związkowiec), Po stołecznym pochodzie, w siedzibie SdRP na Szarej, odbyło się spotkanie z kolegium redakcyjnym Trybuny, Socjaldemokratyczną Frakcją Młodzieży, kierwonictwem OPZZ, SdRP i SLD (DT)

## 1995
O godzinie 13:30 odbędą się w siedzibie SdRP spotkania z Aleksandrem Kwaśniewskim i Ewą Spychalską (DT)

## 1997
Od 12:45 spotkania w siedzibie SdRP na Rozbrat – przedstawiciele redakcji Nie, Przeglądu Tygodniowego, potem spotkanie z liderami OPZZ i SdRP (DT),

## 2010
Po przemówieniach pochód ruszył pod Sejm, a stamtąd na piknik na dziedzińcu siedziby SLD przy ul. Rozbrat. – Z roku na rok jest coraz mniej osób, nie chodzi tylko o deszcz – mówił Wiesław Gębicki z Bielan. – Ta formuła już się przejadła – dodał jeden z dzielnicowych radnych SLD. (Rzeczpospolita 2010",,,Point,,"52.2277917,21.0330194","52.2277917,21.0330194",11,umap_backup_1-maja_warszawa9.umap,,True
1993_PL_festyn_SLD,1993,Lata,PL,Festyny,festyn,warstwa,SLD,True,niezwiazkowe,Siedziba SdRP/SLD,"## 1991
- Tym razem Trybuna zaprasza na spotkanie w klubie dyskusyjnym przy Szarej 10, gdzie gościem będzie Miodowicz i Cimoszewicz, a także członkowie redakcji Trybuny (DT), 12 – spotkanie z kolegium Trybuny; 13 – gościem będzie Alfred Miodowicz; 14 – szef PKLD Włodzimierz Cimoszewicz; 15 – spotkanie z kierownictwem SdRP. Dyskusjom towarzyszyć ma kiermasz książek, czasopism i sprzętu elektronicznego. Na dzieci od 12 w sali kinowej czekać będą kreskówki. Finałem części festynowej będzie o 17 występ Władysława Komara i Andrzeja Gackiego (DT)

## 1992
 ""Po pochodzie zapraszamy do siedziby Rady Naczelnej SdRP na spotkania: – z Dariuszem Szymczychą i kolegium Trybuny; z Ewą Spychalską i kierownictwem OPZZ; z Aleksandrem Kwaśniewskim i Leszkiem Millerem oraz innymi członkami kierownictwa SdRP. O godz. 12:00 w siedzibie Rady Naczelnej SdRP będzie zorganizowany kiermasz, na którym będzie można kupić dobrą książkę, upominki, odzież i inne drobiazgi (DT 1992)

## 1993
Od 12:30 w siedzibie SdRP przy ul. Rozbrat 44a rozpocznie się cykl spotkań – z członkami Socjaldemokratycznej Frakcji Młodych, dziennikarzami Trybuny, kierownictwami OPZZ i SdRP oraz posłami SLD (DT), Po pochodzie odbędzie się wiele imprez związanych z obchodami, m.in. w siedzibie SdRP przy ul. Rozbrat 44. (GW)

## 1994
Organizatorzy przewidują następnie [po pochodzie] spotkania mieszkańców Warszawy z posłami na Sejm RP (Związkowiec), Po stołecznym pochodzie, w siedzibie SdRP na Szarej, odbyło się spotkanie z kolegium redakcyjnym Trybuny, Socjaldemokratyczną Frakcją Młodzieży, kierwonictwem OPZZ, SdRP i SLD (DT)

## 1995
O godzinie 13:30 odbędą się w siedzibie SdRP spotkania z Aleksandrem Kwaśniewskim i Ewą Spychalską (DT)

## 1997
Od 12:45 spotkania w siedzibie SdRP na Rozbrat – przedstawiciele redakcji Nie, Przeglądu Tygodniowego, potem spotkanie z liderami OPZZ i SdRP (DT),

## 2010
Po przemówieniach pochód ruszył pod Sejm, a stamtąd na piknik na dziedzińcu siedziby SLD przy ul. Rozbrat. – Z roku na rok jest coraz mniej osób, nie chodzi tylko o deszcz – mówił Wiesław Gębicki z Bielan. – Ta formuła już się przejadła – dodał jeden z dzielnicowych radnych SLD. (Rzeczpospolita 2010",,,Point,,"52.2277917,21.0330194","52.2277917,21.0330194",11,umap_backup_1-maja_warszawa9.umap,,True
1994_PL_festyn_SLD,1994,Lata,PL,Festyny,festyn,warstwa,SLD,True,niezwiazkowe,Siedziba SdRP/SLD,"## 1991
- Tym razem Trybuna zaprasza na spotkanie w klubie dyskusyjnym przy Szarej 10, gdzie gościem będzie Miodowicz i Cimoszewicz, a także członkowie redakcji Trybuny (DT), 12 – spotkanie z kolegium Trybuny; 13 – gościem będzie Alfred Miodowicz; 14 – szef PKLD Włodzimierz Cimoszewicz; 15 – spotkanie z kierownictwem SdRP. Dyskusjom towarzyszyć ma kiermasz książek, czasopism i sprzętu elektronicznego. Na dzieci od 12 w sali kinowej czekać będą kreskówki. Finałem części festynowej będzie o 17 występ Władysława Komara i Andrzeja Gackiego (DT)

## 1992
 ""Po pochodzie zapraszamy do siedziby Rady Naczelnej SdRP na spotkania: – z Dariuszem Szymczychą i kolegium Trybuny; z Ewą Spychalską i kierownictwem OPZZ; z Aleksandrem Kwaśniewskim i Leszkiem Millerem oraz innymi członkami kierownictwa SdRP. O godz. 12:00 w siedzibie Rady Naczelnej SdRP będzie zorganizowany kiermasz, na którym będzie można kupić dobrą książkę, upominki, odzież i inne drobiazgi (DT 1992)

## 1993
Od 12:30 w siedzibie SdRP przy ul. Rozbrat 44a rozpocznie się cykl spotkań – z członkami Socjaldemokratycznej Frakcji Młodych, dziennikarzami Trybuny, kierownictwami OPZZ i SdRP oraz posłami SLD (DT), Po pochodzie odbędzie się wiele imprez związanych z obchodami, m.in. w siedzibie SdRP przy ul. Rozbrat 44. (GW)

## 1994
Organizatorzy przewidują następnie [po pochodzie] spotkania mieszkańców Warszawy z posłami na Sejm RP (Związkowiec), Po stołecznym pochodzie, w siedzibie SdRP na Szarej, odbyło się spotkanie z kolegium redakcyjnym Trybuny, Socjaldemokratyczną Frakcją Młodzieży, kierwonictwem OPZZ, SdRP i SLD (DT)

## 1995
O godzinie 13:30 odbędą się w siedzibie SdRP spotkania z Aleksandrem Kwaśniewskim i Ewą Spychalską (DT)

## 1997
Od 12:45 spotkania w siedzibie SdRP na Rozbrat – przedstawiciele redakcji Nie, Przeglądu Tygodniowego, potem spotkanie z liderami OPZZ i SdRP (DT),

## 2010
Po przemówieniach pochód ruszył pod Sejm, a stamtąd na piknik na dziedzińcu siedziby SLD przy ul. Rozbrat. – Z roku na rok jest coraz mniej osób, nie chodzi tylko o deszcz – mówił Wiesław Gębicki z Bielan. – Ta formuła już się przejadła – dodał jeden z dzielnicowych radnych SLD. (Rzeczpospolita 2010",,,Point,,"52.2277917,21.0330194","52.2277917,21.0330194",11,umap_backup_1-maja_warszawa9.umap,,True
1995_PL_festyn_SLD,1995,Lata,PL,Festyny,festyn,warstwa,SLD,True,niezwiazkowe,Siedziba SdRP/SLD,"## 1991
- Tym razem Trybuna zaprasza na spotkanie w klubie dyskusyjnym przy Szarej 10, gdzie gościem będzie Miodowicz i Cimoszewicz, a także członkowie redakcji Trybuny (DT), 12 – spotkanie z kolegium Trybuny; 13 – gościem będzie Alfred Miodowicz; 14 – szef PKLD Włodzimierz Cimoszewicz; 15 – spotkanie z kierownictwem SdRP. Dyskusjom towarzyszyć ma kiermasz książek, czasopism i sprzętu elektronicznego. Na dzieci od 12 w sali kinowej czekać będą kreskówki. Finałem części festynowej będzie o 17 występ Władysława Komara i Andrzeja Gackiego (DT)

## 1992
 ""Po pochodzie zapraszamy do siedziby Rady Naczelnej SdRP na spotkania: – z Dariuszem Szymczychą i kolegium Trybuny; z Ewą Spychalską i kierownictwem OPZZ; z Aleksandrem Kwaśniewskim i Leszkiem Millerem oraz innymi członkami kierownictwa SdRP. O godz. 12:00 w siedzibie Rady Naczelnej SdRP będzie zorganizowany kiermasz, na którym będzie można kupić dobrą książkę, upominki, odzież i inne drobiazgi (DT 1992)

## 1993
Od 12:30 w siedzibie SdRP przy ul. Rozbrat 44a rozpocznie się cykl spotkań – z członkami Socjaldemokratycznej Frakcji Młodych, dziennikarzami Trybuny, kierownictwami OPZZ i SdRP oraz posłami SLD (DT), Po pochodzie odbędzie się wiele imprez związanych z obchodami, m.in. w siedzibie SdRP przy ul. Rozbrat 44. (GW)

## 1994
Organizatorzy przewidują następnie [po pochodzie] spotkania mieszkańców Warszawy z posłami na Sejm RP (Związkowiec), Po stołecznym pochodzie, w siedzibie SdRP na Szarej, odbyło się spotkanie z kolegium redakcyjnym Trybuny, Socjaldemokratyczną Frakcją Młodzieży, kierwonictwem OPZZ, SdRP i SLD (DT)

## 1995
O godzinie 13:30 odbędą się w siedzibie SdRP spotkania z Aleksandrem Kwaśniewskim i Ewą Spychalską (DT)

## 1997
Od 12:45 spotkania w siedzibie SdRP na Rozbrat – przedstawiciele redakcji Nie, Przeglądu Tygodniowego, potem spotkanie z liderami OPZZ i SdRP (DT),

## 2010
Po przemówieniach pochód ruszył pod Sejm, a stamtąd na piknik na dziedzińcu siedziby SLD przy ul. Rozbrat. – Z roku na rok jest coraz mniej osób, nie chodzi tylko o deszcz – mówił Wiesław Gębicki z Bielan. – Ta formuła już się przejadła – dodał jeden z dzielnicowych radnych SLD. (Rzeczpospolita 2010",,,Point,,"52.2277917,21.0330194","52.2277917,21.0330194",11,umap_backup_1-maja_warszawa9.umap,,True
1996_PL_festyn_SLD,1996,Lata,PL,Festyny,festyn,warstwa,SLD,True,niezwiazkowe,Siedziba SdRP/SLD,"## 1991
- Tym razem Trybuna zaprasza na spotkanie w klubie dyskusyjnym przy Szarej 10, gdzie gościem będzie Miodowicz i Cimoszewicz, a także członkowie redakcji Trybuny (DT), 12 – spotkanie z kolegium Trybuny; 13 – gościem będzie Alfred Miodowicz; 14 – szef PKLD Włodzimierz Cimoszewicz; 15 – spotkanie z kierownictwem SdRP. Dyskusjom towarzyszyć ma kiermasz książek, czasopism i sprzętu elektronicznego. Na dzieci od 12 w sali kinowej czekać będą kreskówki. Finałem części festynowej będzie o 17 występ Władysława Komara i Andrzeja Gackiego (DT)

## 1992
 ""Po pochodzie zapraszamy do siedziby Rady Naczelnej SdRP na spotkania: – z Dariuszem Szymczychą i kolegium Trybuny; z Ewą Spychalską i kierownictwem OPZZ; z Aleksandrem Kwaśniewskim i Leszkiem Millerem oraz innymi członkami kierownictwa SdRP. O godz. 12:00 w siedzibie Rady Naczelnej SdRP będzie zorganizowany kiermasz, na którym będzie można kupić dobrą książkę, upominki, odzież i inne drobiazgi (DT 1992)

## 1993
Od 12:30 w siedzibie SdRP przy ul. Rozbrat 44a rozpocznie się cykl spotkań – z członkami Socjaldemokratycznej Frakcji Młodych, dziennikarzami Trybuny, kierownictwami OPZZ i SdRP oraz posłami SLD (DT), Po pochodzie odbędzie się wiele imprez związanych z obchodami, m.in. w siedzibie SdRP przy ul. Rozbrat 44. (GW)

## 1994
Organizatorzy przewidują następnie [po pochodzie] spotkania mieszkańców Warszawy z posłami na Sejm RP (Związkowiec), Po stołecznym pochodzie, w siedzibie SdRP na Szarej, odbyło się spotkanie z kolegium redakcyjnym Trybuny, Socjaldemokratyczną Frakcją Młodzieży, kierwonictwem OPZZ, SdRP i SLD (DT)

## 1995
O godzinie 13:30 odbędą się w siedzibie SdRP spotkania z Aleksandrem Kwaśniewskim i Ewą Spychalską (DT)

## 1997
Od 12:45 spotkania w siedzibie SdRP na Rozbrat – przedstawiciele redakcji Nie, Przeglądu Tygodniowego, potem spotkanie z liderami OPZZ i SdRP (DT),

## 2010
Po przemówieniach pochód ruszył pod Sejm, a stamtąd na piknik na dziedzińcu siedziby SLD przy ul. Rozbrat. – Z roku na rok jest coraz mniej osób, nie chodzi tylko o deszcz – mówił Wiesław Gębicki z Bielan. – Ta formuła już się przejadła – dodał jeden z dzielnicowych radnych SLD. (Rzeczpospolita 2010",,,Point,,"52.2277917,21.0330194","52.2277917,21.0330194",11,umap_backup_1-maja_warszawa9.umap,,True
1997_PL_festyn_SLD,1997,Lata,PL,Festyny,festyn,warstwa,SLD,True,niezwiazkowe,Siedziba SdRP/SLD,"## 1991
- Tym razem Trybuna zaprasza na spotkanie w klubie dyskusyjnym przy Szarej 10, gdzie gościem będzie Miodowicz i Cimoszewicz, a także członkowie redakcji Trybuny (DT), 12 – spotkanie z kolegium Trybuny; 13 – gościem będzie Alfred Miodowicz; 14 – szef PKLD Włodzimierz Cimoszewicz; 15 – spotkanie z kierownictwem SdRP. Dyskusjom towarzyszyć ma kiermasz książek, czasopism i sprzętu elektronicznego. Na dzieci od 12 w sali kinowej czekać będą kreskówki. Finałem części festynowej będzie o 17 występ Władysława Komara i Andrzeja Gackiego (DT)

## 1992
 ""Po pochodzie zapraszamy do siedziby Rady Naczelnej SdRP na spotkania: – z Dariuszem Szymczychą i kolegium Trybuny; z Ewą Spychalską i kierownictwem OPZZ; z Aleksandrem Kwaśniewskim i Leszkiem Millerem oraz innymi członkami kierownictwa SdRP. O godz. 12:00 w siedzibie Rady Naczelnej SdRP będzie zorganizowany kiermasz, na którym będzie można kupić dobrą książkę, upominki, odzież i inne drobiazgi (DT 1992)

## 1993
Od 12:30 w siedzibie SdRP przy ul. Rozbrat 44a rozpocznie się cykl spotkań – z członkami Socjaldemokratycznej Frakcji Młodych, dziennikarzami Trybuny, kierownictwami OPZZ i SdRP oraz posłami SLD (DT), Po pochodzie odbędzie się wiele imprez związanych z obchodami, m.in. w siedzibie SdRP przy ul. Rozbrat 44. (GW)

## 1994
Organizatorzy przewidują następnie [po pochodzie] spotkania mieszkańców Warszawy z posłami na Sejm RP (Związkowiec), Po stołecznym pochodzie, w siedzibie SdRP na Szarej, odbyło się spotkanie z kolegium redakcyjnym Trybuny, Socjaldemokratyczną Frakcją Młodzieży, kierwonictwem OPZZ, SdRP i SLD (DT)

## 1995
O godzinie 13:30 odbędą się w siedzibie SdRP spotkania z Aleksandrem Kwaśniewskim i Ewą Spychalską (DT)

## 1997
Od 12:45 spotkania w siedzibie SdRP na Rozbrat – przedstawiciele redakcji Nie, Przeglądu Tygodniowego, potem spotkanie z liderami OPZZ i SdRP (DT),

## 2010
Po przemówieniach pochód ruszył pod Sejm, a stamtąd na piknik na dziedzińcu siedziby SLD przy ul. Rozbrat. – Z roku na rok jest coraz mniej osób, nie chodzi tylko o deszcz – mówił Wiesław Gębicki z Bielan. – Ta formuła już się przejadła – dodał jeden z dzielnicowych radnych SLD. (Rzeczpospolita 2010",,,Point,,"52.2277917,21.0330194","52.2277917,21.0330194",11,umap_backup_1-maja_warszawa9.umap,,True
2009_PL_festyn_SLD,2009,Lata,PL,Festyny,festyn,warstwa,SLD,True,niezwiazkowe,Siedziba SdRP/SLD,"## 1991
- Tym razem Trybuna zaprasza na spotkanie w klubie dyskusyjnym przy Szarej 10, gdzie gościem będzie Miodowicz i Cimoszewicz, a także członkowie redakcji Trybuny (DT), 12 – spotkanie z kolegium Trybuny; 13 – gościem będzie Alfred Miodowicz; 14 – szef PKLD Włodzimierz Cimoszewicz; 15 – spotkanie z kierownictwem SdRP. Dyskusjom towarzyszyć ma kiermasz książek, czasopism i sprzętu elektronicznego. Na dzieci od 12 w sali kinowej czekać będą kreskówki. Finałem części festynowej będzie o 17 występ Władysława Komara i Andrzeja Gackiego (DT)

## 1992
 ""Po pochodzie zapraszamy do siedziby Rady Naczelnej SdRP na spotkania: – z Dariuszem Szymczychą i kolegium Trybuny; z Ewą Spychalską i kierownictwem OPZZ; z Aleksandrem Kwaśniewskim i Leszkiem Millerem oraz innymi członkami kierownictwa SdRP. O godz. 12:00 w siedzibie Rady Naczelnej SdRP będzie zorganizowany kiermasz, na którym będzie można kupić dobrą książkę, upominki, odzież i inne drobiazgi (DT 1992)

## 1993
Od 12:30 w siedzibie SdRP przy ul. Rozbrat 44a rozpocznie się cykl spotkań – z członkami Socjaldemokratycznej Frakcji Młodych, dziennikarzami Trybuny, kierownictwami OPZZ i SdRP oraz posłami SLD (DT), Po pochodzie odbędzie się wiele imprez związanych z obchodami, m.in. w siedzibie SdRP przy ul. Rozbrat 44. (GW)

## 1994
Organizatorzy przewidują następnie [po pochodzie] spotkania mieszkańców Warszawy z posłami na Sejm RP (Związkowiec), Po stołecznym pochodzie, w siedzibie SdRP na Szarej, odbyło się spotkanie z kolegium redakcyjnym Trybuny, Socjaldemokratyczną Frakcją Młodzieży, kierwonictwem OPZZ, SdRP i SLD (DT)

## 1995
O godzinie 13:30 odbędą się w siedzibie SdRP spotkania z Aleksandrem Kwaśniewskim i Ewą Spychalską (DT)

## 1997
Od 12:45 spotkania w siedzibie SdRP na Rozbrat – przedstawiciele redakcji Nie, Przeglądu Tygodniowego, potem spotkanie z liderami OPZZ i SdRP (DT),

## 2010
Po przemówieniach pochód ruszył pod Sejm, a stamtąd na piknik na dziedzińcu siedziby SLD przy ul. Rozbrat. – Z roku na rok jest coraz mniej osób, nie chodzi tylko o deszcz – mówił Wiesław Gębicki z Bielan. – Ta formuła już się przejadła – dodał jeden z dzielnicowych radnych SLD. (Rzeczpospolita 2010",,,Point,,"52.2277917,21.0330194","52.2277917,21.0330194",11,umap_backup_1-maja_warszawa9.umap,,True
2010_PL_festyn_SLD,2010,Lata,PL,Festyny,festyn,warstwa,SLD,True,niezwiazkowe,Siedziba SdRP/SLD,"## 1991
- Tym razem Trybuna zaprasza na spotkanie w klubie dyskusyjnym przy Szarej 10, gdzie gościem będzie Miodowicz i Cimoszewicz, a także członkowie redakcji Trybuny (DT), 12 – spotkanie z kolegium Trybuny; 13 – gościem będzie Alfred Miodowicz; 14 – szef PKLD Włodzimierz Cimoszewicz; 15 – spotkanie z kierownictwem SdRP. Dyskusjom towarzyszyć ma kiermasz książek, czasopism i sprzętu elektronicznego. Na dzieci od 12 w sali kinowej czekać będą kreskówki. Finałem części festynowej będzie o 17 występ Władysława Komara i Andrzeja Gackiego (DT)

## 1992
 ""Po pochodzie zapraszamy do siedziby Rady Naczelnej SdRP na spotkania: – z Dariuszem Szymczychą i kolegium Trybuny; z Ewą Spychalską i kierownictwem OPZZ; z Aleksandrem Kwaśniewskim i Leszkiem Millerem oraz innymi członkami kierownictwa SdRP. O godz. 12:00 w siedzibie Rady Naczelnej SdRP będzie zorganizowany kiermasz, na którym będzie można kupić dobrą książkę, upominki, odzież i inne drobiazgi (DT 1992)

## 1993
Od 12:30 w siedzibie SdRP przy ul. Rozbrat 44a rozpocznie się cykl spotkań – z członkami Socjaldemokratycznej Frakcji Młodych, dziennikarzami Trybuny, kierownictwami OPZZ i SdRP oraz posłami SLD (DT), Po pochodzie odbędzie się wiele imprez związanych z obchodami, m.in. w siedzibie SdRP przy ul. Rozbrat 44. (GW)

## 1994
Organizatorzy przewidują następnie [po pochodzie] spotkania mieszkańców Warszawy z posłami na Sejm RP (Związkowiec), Po stołecznym pochodzie, w siedzibie SdRP na Szarej, odbyło się spotkanie z kolegium redakcyjnym Trybuny, Socjaldemokratyczną Frakcją Młodzieży, kierwonictwem OPZZ, SdRP i SLD (DT)

## 1995
O godzinie 13:30 odbędą się w siedzibie SdRP spotkania z Aleksandrem Kwaśniewskim i Ewą Spychalską (DT)

## 1997
Od 12:45 spotkania w siedzibie SdRP na Rozbrat – przedstawiciele redakcji Nie, Przeglądu Tygodniowego, potem spotkanie z liderami OPZZ i SdRP (DT),

## 2010
Po przemówieniach pochód ruszył pod Sejm, a stamtąd na piknik na dziedzińcu siedziby SLD przy ul. Rozbrat. – Z roku na rok jest coraz mniej osób, nie chodzi tylko o deszcz – mówił Wiesław Gębicki z Bielan. – Ta formuła już się przejadła – dodał jeden z dzielnicowych radnych SLD. (Rzeczpospolita 2010",,,Point,,"52.2277917,21.0330194","52.2277917,21.0330194",11,umap_backup_1-maja_warszawa9.umap,,True
1994_PL_kontra_Liga-Republikanska,1994,Lata,PL,Prawicowe kontry i blokady,kontra,warstwa,Liga Republikańska,True,kontra,1994 Liga Republikańska happening,"Liga Republikańska: Wznoszone przez nich hasła były parodią pochodów z okresu komunistycznego – ""Rokossowski, Bierut, Stalin""; ""Studenci do nauki""; ""Precz z Coca-Colą""; ""Kobiety na traktory""; ""Nie damy się wydymać! Parlamentarna Grupa Kobiet"". Ubrani byli w *historyczne szturmówki* i *autentyczne transparenty*: ""Pozdrawiamy narody ZSRR""; ""Młodzież z partią"". Rozdzielone pochody PPS i OPZZ połączyły się dopiero na placu Teatralnym, przy wsparciu policji. (ŻW 1994)
Pomiędzy uczestnikami pochodu a przedstawicielami ""czerwonej alternatywy"" doszło do przepychanek, w stronę młodzieży ruszył zdenerwowany wiceprzewodniczący OPZZ Stanisław Wiśniewski. Wkroczyła jednak policja. Szpalerem przegrodziła obie grupy i skierowała młodzieżową grupę na trasę pochodu. Na placu Teatralnym dochodzi do *kłótni i przepychanek młodych-alternatywnych ze starszymi wiekiem uczestnikami pochodu. W końcu policja otoczyła młodzieżową grupę i zepchnęła ją pod gmach teatru. Siódemkę najbardziej agresywnych młodych ludzi policja zatrzymała. Po wylegitymowaniu zostali zwolnieni do domów (Dziennik Trybuna 1994)",,50,LineString,855.9,"52.239793,21.017173","52.244162,21.010188",0,umap_backup_1-maja_warszawa9.umap,,True
1995_PL_kontra_NZS,1995,Lata,PL,Prawicowe kontry i blokady,kontra,name,NZS,True,kontra,1995 Kontra NZS,"Pod pomnikiem Nike na lewicowców czekało już przeszło 20 studentów Niezależnego Związku Studentów, którzy urządzili happening pod hasłem ""Iza Sierakowska na prezydenta"". Policja chciała ich usunąć, ale pokazali zezwolenie na manifestację. (GW 1995)",,,Point,,"52.24414,21.009958","52.24414,21.009958",1,umap_backup_1-maja_warszawa9.umap,,True
1995_PL_kontra_UP,1995,Lata,PL,Prawicowe kontry i blokady,kontra,warstwa,UP,True,kontra,"1995. UPR ""Wolność, Równość, Sprawiedliwość""","*Janusz Korwin-Mikke wraz z innymi liderami, szeregowymi członkami i sympatykami Unii Polityki Realnej w poniedziałek 1 maja przedefilowali ulicami Warszawy i przymocowali do drzwi Ministerstwa Finansów ""21 postulatów podatkowych"". (...) Trzystuosobowy pochód UPR z partyjnymi sztandarami i deską z przybitymi postulatami podatkowymi przedefilował z Uniwersytetu do Ministerstwa Finansów zgodnie z instrukcją organizatorów -- ""kobiety z dziećmi w środku, młodzi mężczyźni z flagami na zewnątrz"". Wznoszono hasła: ""Wolność -- własność -- sprawiedliwość"", ""Kara śmierci dla bandytów"", ""UPR przejmie ster"". Eskortującą manifestantów policję przywitano okrzykami: ""Silna policja"" i ""Więcej policjantów, mniej biurokratów"", zaś wokolicach Ministerstwa Finansów skandowano: ""Czerwoni złodzieje"" i ""Precz z komuną"".* (Rzeczpospolita)
Pod hasłem ""Wolność, równość, sprawiedliwość"" demonstrowała Unia Polityki Realnej. Około 200 osób maszerowało pod Ministerstwo Finansów. Mijając żebrzącą przed kościołem Świętego Krzyża staruszkę skandowali: ""Kapitalizm jest dla wszystkich"" i ""Kara śmierci dla morderców"". Na drzwiach ministerstwa prezes UPR Janusz Korwin-Mikke umocował tablicę z 21 postulatami podatkowymi. (GW)",,200,LineString,432.0,"52.239727,21.017202","52.236817,21.01644",2,umap_backup_1-maja_warszawa9.umap,,True
1996_PL_kontra_Liga-Republikanska,1996,Lata,PL,Prawicowe kontry i blokady,kontra,name,Liga Republikańska,True,kontra,"1996 – Liga Republikańska, NOP and NZS counterdemonstration","Tuż po zakończeniu wiecu dotarły na plac Grzybowski grupki kontrmaniestantów spod Uniwersytetu. Ponownie doszło do obrzucania wyzwiskami i przepychanek, w tłum poleciały petardy. Policja rozdzieliła obie strony (DT 1996)

*NSZZ ""Solidarność"" nie organizuje w Warszawie żadnych uroczystości. Jak co roku związek organizuje w tym dniu ogólnopolską pielgrzymkę robotników do bazyliki św. Józefa w Kaliszu.* (GW 1997)",,,Point,,"52.235948,21.003703","52.235948,21.003703",3,umap_backup_1-maja_warszawa9.umap,,True
1997_PL_kontra_Liga-Republikanska,1997,Lata,PL,Prawicowe kontry i blokady,kontra,name,Liga Republikańska,True,kontra,1997 – Liga Republikańska counterdemonstration,"Pochód zakończył się na placu Grzybowskim. Na trybunie stanęli m.in. Józef Oleksy, Jacek Żochowski, Jerzy Wiatr, Andrzej Żelazowski, Piotr Ikonowicz. Na plac przedarła się też spora grupa członków Ligi Republikańskiej, która śpiewami i okrzykami przeszkadzała mówcom. Młodzieżówka SdRP nie pozostawała bierna śpiewając m.in. ""Marian Krzaklewski to faszysta młody jest za pieniądze CIA"". (Rzeczpospolita 1997)",,,Point,,"52.235948,21.003703","52.235948,21.003703",4,umap_backup_1-maja_warszawa9.umap,,True
1997_PL_kontra_Liga-Republikanska_a,1997,Lata,PL,Prawicowe kontry i blokady,kontra,name,Liga Republikańska,True,kontra,1997 Liga Republikańska counterdemonstration,"Na Krakowskim Przedmieściu pod bramą Uniwersytetu Warszawskiego na pochód, w którym według policji szło 2 tysiące osób, czekała młodzież w koszulkach Ligi Republikańskiej z brzozowymi krzyżami, do których przymocowano kartki ""Pużak PPS-WRN"", ""Katyń 1940"", ""Poznań 1956"", ""Grudzień 1970"", ""Wujek 1981"". Po drugiej stronie ulicy stali skinheadzi z Obozu Narodowo-Radykalnego. Doszło do pojedynku na wyzwiska przy akompaniamencie orkiestry dętej. Młodzież z Ligi skandowała: ""Puścić Kwasa na golasa"", ""Czerwone pachołki"". Radykałowie z ONR krzyczeli: ""Narodowy, narodowy radykalizm"". Uczestnicy pochodu odwzajemniali się hasłami: ""Precz z faszyzmem i antysemityzmem"", ""Brunatni faszyści"".

Przed hotelem ""Victoria"" policjanci zatrzymali kilku skinheadów, którzy według relacji funkcjonariuszy mieli rzucać kamieniami w pochód. Policja przez cały czas miała problemy z oddzieleniem maszerujących działaczy Ligi Republikańskiej od zwolenników lewicy. Ręka w rękę maszerowały obok siebie wrogie grupy. Z pochodu słychać było hasła ""Łysy agent"", ""Targowica"" oraz te skandowane przez przedstawicieli lewicy w kierunku Ligi Republikańskiej ""Czarna hołota"" ""Trzecia liga"".

Pochód zakończył się na placu Grzybowskim. Na trybunie stanęli m.in. Józef Oleksy, Jacek Żochowski, Jerzy Wiatr, Andrzej Żelazowski, Piotr Ikonowicz. Na plac przedarła się też spora grupa członków Ligi Republikańskiej, która śpiewami i okrzykami przeszkadzała mówcom. Młodzieżówka SdRP nie pozostawała bierna śpiewając m.in. ""Marian Krzaklewski to faszysta młody jest za pieniądze CIA"". (Rzeczpospolita 1997)",,50,LineString,1297.3,"52.239793,21.017173","52.235736,21.003797",5,umap_backup_1-maja_warszawa9.umap,,True
1999_PL_kontra_PPS,1999,Lata,PL,Prawicowe kontry i blokady,kontra,name,PPS,True,kontra,1999 – Liga Republikańska counterdemonstration – firecracker injures PPS member,"Do incydentu doszło w Warszawie na placu Grzybowskim. Dariusz Janas, rzecznik stołecznej policji, nie chciał powiedzieć, czy petarda została rzucona przez uczestnika pochodu, czy kogoś z jego prawicowych przeciwników (...) J**Jednak z materiału filmowego ""Wiadomości"" TVP wynika, że petardę najprawdopodobniej rzucił w uczestników manifestacji młody mężczyzna ubrany w koszulkę prawicowej Ligi Republikańskiej. Upadła u nóg jednej z uczestniczek pochodu. Ta odrzuciła ją tak pechowo, że odbiła się ona od drzewa i wybuchając, zraniła dziennikarza i kamerzystę telewizji RTL 7, oraz członka PPS prof. historii Krzysztofa Dunina-Wąsowicza.** (GW 1999)",,,Point,,"52.235948,21.003703","52.235948,21.003703",6,umap_backup_1-maja_warszawa9.umap,,True
2000_PL_kontra_NIEZNANY,2000,Lata,PL,Prawicowe kontry i blokady,kontra,warstwa,,True,kontra,2000. Happening Ligi Republikańskiej,"*1 maja dała o sobie znać również Liga Republikańska, organizując na Starym Mieście happening. Członkowie Ligi przyprowadzili sobowtóry Aleksandra Kwaśniewskiego i jego żony. Obie postacie wywołały niemałe poruszenie wśród spacerujących warszawiaków. Po kilkudziesięciu minutach, skandując hasło „Flacha u Kwacha”, przeszli pod Pałac Prezydencki. Tam rozdawali na ulicach ulotki, informując przechodniów, że jest to talon na mieszkanie, które w czasie kampanii obiecywał Kwaśniewski.* (Życie Warszawy",,50,LineString,1407.2,"52.254116,21.007339","52.242659,21.01507",7,umap_backup_1-maja_warszawa9.umap,,True
2002_PL_kontra_KPN,2002,Lata,PL,Prawicowe kontry i blokady,kontra,warstwa,KPN,True,kontra,2002. Pałac Branickich (siedziba KPN),*Przeciwnicy święta 1 Maja demonstrowali także przed siedzibą KPN na Nowym Świecie.* (Wyborcza),,,Point,,"52.231857,21.020282","52.231857,21.020282",8,umap_backup_1-maja_warszawa9.umap,,True
2003_PL_kontra_NIEZNANY,2003,Lata,PL,Prawicowe kontry i blokady,kontra,name,,True,kontra,2003  Counterdemonstration,"Do pyskówek doszło też pod pomnikiem Witosa na pl. Trzech Krzyży. Grupka młodych ludzi z biało-czerwoną flagą skandowała: - Znajdzie się cela dla Leszka Millera. Pochód odpowiedział: - PiS to są zera, teraz jest era Leszka Millera. (GW 2003)",,,Point,,"52.227976,21.023257","52.227976,21.023257",9,umap_backup_1-maja_warszawa9.umap,,True
2007_PL_kontra_NIEZNANY,2007,Lata,PL,Prawicowe kontry i blokady,kontra,warstwa,,True,kontra,2007 Happening Forum Liberalnego,"Na skrzyżowaniu Nowego Światu i Al. Jerozolimskich na pochód czekała grupa działaczy Forum Liberalnego z portretami Bieruta, Gomułki oraz Grzegorza Napieralskiego, sekretarza SLD. - Maszerujemy do socjalizmu - kpili. - Gnoje Kaczorków - rzucił ktoś. (GW 2007)",,,Point,,"52.231801,21.020253","52.231801,21.020253",10,umap_backup_1-maja_warszawa9.umap,,True
2007_PL_kontra_NIEZNANY_a,2007,Lata,PL,Prawicowe kontry i blokady,kontra,warstwa,,True,kontra,"2007 Ruch Młodych LPR – leaflet giveaway with transcripts of  'left's tapes of truth""""","Nie obyło się bez incydentów. Na początku pochodu przebieg święta 1 Maja próbowali zakłócić działacze Ruchu Młodych Ligi Polskich Rodzin. (DT 2007)
Do drobnych utarczek doszło, gdy działacze Ruchu Młodych LPR próbowali rozdawać zgromadzonym ulotki z cytatami z rozmowy Aleksandra Gudzowatego i Józefa Oleksego. (GW 2007)",,,Point,,"52.237859,21.020055","52.237859,21.020055",11,umap_backup_1-maja_warszawa9.umap,,True
2009_PL_festyn_SLD_a,2009,Lata,PL,Prawicowe kontry i blokady,festyn,name,SLD,True,kontra,2009 Falanga attack on SLD picnic,"Podczas pikniku po pochodzie 1-majowym doszło do ataku skrajnie prawicowych bojówkarzy organizacji Falanga na siedzibę SLD przy ulicy Rozbrat.

Bojówkarze wtargnęli na dziedziniec budynku przy Rozbrat. Zaczęli wyzywać osoby biorące udział w pikniku, po czym spalili czerwoną flagę SLD. Doszło także do szarpaniny z działaczami SLD, którzy chcieli usunąć oenerowców z siedziby Sojuszu.

Dwóch członków SLD trafiło do szpitala, po tym jak działacze Falangi zaatakowali ich gazem pieprzowym. (lewica.pl 2009",,,Point,,"52.227872,21.03316","52.227872,21.03316",12,umap_backup_1-maja_warszawa9.umap,,True
2009_PL_kontra_NIEZNANY,2009,Lata,PL,Prawicowe kontry i blokady,kontra,name,,True,kontra,2009 ONR Kontra,"*Oprócz pochodów pierwszomajowych i towarzyszących im kontrdemonstracji odbył się też wiec przeciw Świętu Pracy, a przy okazji członkostwu Polski w UE. W Warszawie demonstrowało w tej sprawie ok. 30 członków ultraprawicowego Obozu Narodowo- Radykalnego. Narodowcy z mazowieckiego oddziału ONR z flagami Polski i transparentami ""Niesiemy Polsce odrodzenie - my nowe pokolenie"" mówili m.in., że Święto Pracy, zostało ustanowione przez ""międzynarodową komunę, socjalistycznych łotrów"", a ""w 2004 r. Polska została wepchnięta w łapy eurosocjalistów"".* (dziennik gazeta prawna)

Kontrmanifestacja ONR na trasie pochodu (6 osób, RP 2009). Tego samego dnia atak bojówki Falangi na siedzibę SLD przy ul. Rozbrat podczas pikniku popochodowego.",,6,Point,,"52.228693,21.022951","52.228693,21.022951",13,umap_backup_1-maja_warszawa9.umap,,True
2018_PL_kontra_NIEZNANY,2018,Lata,PL,Prawicowe kontry i blokady,kontra,name,,True,kontra,2018 – Blokada Obywateli RP (Pałac Staszica),"Pokojowa blokada przeciw marszowi narodowców u zbiegu Nowego Światu i Świętokrzyskiej, organizowana przez Obywateli RP, Ogólnopolski Strajk Kobiet, Pracowniczą Demokrację i in. Hasła: „Stop faszystom!”, „Wszyscy jesteśmy antyfaszystami!”.",,,Point,,"52.237052,21.017791","52.237052,21.017791",14,umap_backup_1-maja_warszawa9.umap,,True
1994_PL_kontra_NIEZNANY,1994,Lata,PL,Prawicowe kontry i blokady,kontra,warstwa,,True,kontra,Brama Uniwersytetu Warszawskiego,"Brama Uniwersytetu Warszawskiego, Krakowskie Przedmieście – miejsce powtarzających się blokad pochodu pierwszomajowego organizowanych przez Ligę Republikańską (1994-1997). W 1996 r. interwencja policji.
## 1994
Przed Bramą Uniwersytetu do pochodu dołączyła Liga Republikańska (ŻW); Liga Republikańska: Wznoszone przez nich hasła były parodią pochodów z okresu komunistycznego – ""Rokossowski, Bierut, Stalin""; ""Studenci do nauki""; ""Precz z Coca-Colą""; ""Kobiety na traktory""; ""Nie damy się wydymać! Parlamentarna Grupa Kobiet"". Ubrani byli w *historyczne szturmówki* i *autentyczne transparenty*: ""Pozdrawiamy narody ZSRR""; ""Młodzież z partią"". Rozdzielone pochody PPS i OPZZ połączyły się dopiero na placu Teatralnym, przy wsparciu policji. (ŻW 1994)

## 1995
kontra nie odbywa się w tym miejscu
## 1996
Pod Uniwersytetem Warszawskim uczestnicy manifestacji dostali się pod ""ostrzał"" młodzieży z Ligi Republikańskiej. W stronę manifestujących w 1-majowym pochodzie padały okrzyki ""SLD-KGB"" i ""Hańba"", odpowiadano im: ""Faszyści"". Policja zepchnęła agresywnie zachowujących się młodych ludzi (któryś biegiem wbił się w czoło pochodu, inny położył na jezdni, jeszcze inny wyrwał starszej pani kwiatek i cisnął na ziemię) tuż pod zamknięta bramę Uniwersytetu. W tłum poleciały petardy rozpryskujące się z hukiem pod nogami maszerujących. Policja użyła pałek, kilka osób zatrzymano (DT 1996)
Kontrdemonstranci czekali opodal przy bramie Uniwersytetu Warszawskiego. Przygotowani na happening -- w rękach portrety Lenina, Marksa, Bieruta, Róży Luksemburg. Nad ich głowami powiewały także flagi, czerwone szturmówki i transparenty: ""Pozdrawiamy towarzysza Gierka"", ""Pokój i socjalizm"". Witali maszerujących hasłami znanymi z dawnych pierwszomajowych demonstracji. Wołali na przykład: ""Kobiety na traktory"", dodając od siebie ""traktory na kobiety"".
Od strony Uniwersytetu na maszerujących posypały się petardy. Niektórzy z kontrdemonstrantów wdzierali się do lewicowego pochodu: jeden z nich usiłował wyrwać kwiaty posłowi Ikonowiczowi.
Policja reagowała bardzo ostro. Rzucających petardy i bardziej agresywnych wyciągano z tłumu. W kilku przypadkach funkcjonariusze używali pałek. W końcu udało im się otoczyć kordonem ""antypochód"" i przycisnąć go do bramy. Lewica pomaszerowała dalej. (Rzeczpospolita 1996)
## 1997
Przed Uniwersytetem Warszawskim czekała młodzież z Ligi, NZS i Narodowego Odrodzenia Polski z brzozowymi krzyżami: ""Wujek - 1981"", ""AK-NZW-WIN 1944-56"", ""Poznań 1956"". W pochód poleciało kilka petard, pomidorów i wyzwiska: ""Puścimy Kwasa na golasa"", ""Żydzi, Żydzi cała Polska was się wstydzi"", ""Czerwone świnie"". Lewicowa młodzież odpowiadała na to: ""Czarne świnie"" i ""Oszołomy"". Po szarpaninie policja zatrzymała 39 osób. (GW 1997)
W szacownym sąsiedztwie Uniwersytetu Warszawskiego przyczaiło się kilkudziesięciu Ligowców, sympatyków NZS i UPR. Były krzyże z napisem ""Katyń"" i płonące pochodnie (DT 1997)

Czytelnik ""Gazety"" mógł odnieść wrażenie, że 1 maja manifestację przy bramie Uniwersytetu Warszawskiego zorganizowały Liga Republikańska, NZS i Narodowe Odrodzenie Polski. Nie jest to prawdą. Liga Republikańska nie organizowała żadnych demonstracji razem z NOP - ani 1 maja, ani nigdy w przeszłości. 1 maja grupa członków NOP znajdowała się poza terenem naszej manifestacji, po przeciwnej stronie Krakowskiego Przedmieścia.
Czytelnik mógł odnieść również wrażenie, że demonstrujący przed Uniwersytetem Warszawskim wznosili antysemickie okrzyki i obrzucali pochód SLD petardami. Chcę wyjaśnić, że w trakcie przemarszu pochodu SLD sprzed bramy UW nie została rzucona w jego kierunku żadna petarda. Natomiast okrzyki antysemickie wznosiła grupka osób znajdujących się po przeciwnej stronie ulicy niż członkowie Ligi oraz uczestnicy pochodu SLD - pod adresem działaczy Ligi. Fakty te opisały inne gazety. (Mariusz Kamiński w liście do GW 1997)
## 1998
Połączony pochód starł się przed Uniwersytetem z około 30 sympatykami Ligi Republikańskiej i ROP. Nie szczędzono sobie epitetów, posypały się jajka i petardy. Tylko szybka akcja policji, która nawet konno ochraniała demonstrację, zapobiegła bójce między najbardziej agresywnymi demonstrantami. (RP 1998)
## 1999
Pod Uniwersytetem Warszawskim, po obu stronach ulicy, stoją kontrmanifestanci. Pojawia się flaga Ruchu Młodego Pokolenia (TVP 1999)
Połączony pochód - około 5 tysięcy osób, starł się przed Uniwersytetem Warszawskim z sympatykami Ligi Republikańskiej, Ruchu Młodego Pokolenia i Niezależnego Zrzeszenia Studentów. Posypały się jajka, pomidory i petardy. Tylko szybka akcja policji zapobiegła bójce (Rzeczpospolita 1999)
## 2000 
*Jajkami demonstranci z PPS obrzucają kilkanaście osób zebranych przed bramą główną Uniwersytetu Warszawskiego. Przygląda się temu Piotr Ikonowicz, lider PPS, poseł SLD, wypalając papierosa. - To głupie. No, ale co ja mogę zrobić. To jest tłum - mówi, gdy pytamy, jak mu się to podoba.* (Rzeczpospolita 2000)
Drugim nowym zjawiskiem był brak Ligi Republikańskiej, która zawsze przy placu Grzybowskim miała własny sektor i skromna, znacznie cichsza grupka antykomunistów pod Uniwersytetem Warszawskim (NTP)
## 2001
*(...) przed bramą uniwersytetu kilkunastu młodych prawicowców ledwo widocznych zza kordonu policji, za bramą - czterech przedstawicieli Młodzieży Wszechpolskiej. ""Lewacy do pracy"", ""Polska bez lewicy - cały naród krzyczy"" - skandowali. Uczestnicy pochodu rzucali w ich stronę jajkami i pojemnikami z kefirem.* (Wyborcza)
Kiedy pochód OPZZ idący Krakowskim Przedmieściem zbliżał się w  stronę Uniwersytetu Warszawskiego prawicowa młodzież zaczęła krzyczeć ""SLD - KGB"", ""Raz sierpem, raz młotem czerwoną hołotę"", ""Józef Stalin was pochwali"", ""Cały naród krzyczy: Polska bez lewicy"".W stronę pikiety ze strony młodzieżówki PPS rzuconych zostało kilka jajek i kefirów. Prawicowa młodzież szczelnie otoczona przez policję nic nie odrzuciła. Do młodych antykomunistów krzyczano ""Faszyści, burżuje, wasz koniec się szykuje"". (Wprost)
## 2004
“Doszło do utarczek słownych z kilkunastoma działaczami prawicy, zgromadzonymi przed bramą Uniwersytetu Warszawskiego.” (Ciszewski, 2004)",,,Point,,"52.239821,21.017194","52.239821,21.017194",15,umap_backup_1-maja_warszawa9.umap,,True
1996_PL_kontra_NIEZNANY,1996,Lata,PL,Prawicowe kontry i blokady,kontra,warstwa,,True,kontra,Brama Uniwersytetu Warszawskiego,"Brama Uniwersytetu Warszawskiego, Krakowskie Przedmieście – miejsce powtarzających się blokad pochodu pierwszomajowego organizowanych przez Ligę Republikańską (1994-1997). W 1996 r. interwencja policji.
## 1994
Przed Bramą Uniwersytetu do pochodu dołączyła Liga Republikańska (ŻW); Liga Republikańska: Wznoszone przez nich hasła były parodią pochodów z okresu komunistycznego – ""Rokossowski, Bierut, Stalin""; ""Studenci do nauki""; ""Precz z Coca-Colą""; ""Kobiety na traktory""; ""Nie damy się wydymać! Parlamentarna Grupa Kobiet"". Ubrani byli w *historyczne szturmówki* i *autentyczne transparenty*: ""Pozdrawiamy narody ZSRR""; ""Młodzież z partią"". Rozdzielone pochody PPS i OPZZ połączyły się dopiero na placu Teatralnym, przy wsparciu policji. (ŻW 1994)

## 1995
kontra nie odbywa się w tym miejscu
## 1996
Pod Uniwersytetem Warszawskim uczestnicy manifestacji dostali się pod ""ostrzał"" młodzieży z Ligi Republikańskiej. W stronę manifestujących w 1-majowym pochodzie padały okrzyki ""SLD-KGB"" i ""Hańba"", odpowiadano im: ""Faszyści"". Policja zepchnęła agresywnie zachowujących się młodych ludzi (któryś biegiem wbił się w czoło pochodu, inny położył na jezdni, jeszcze inny wyrwał starszej pani kwiatek i cisnął na ziemię) tuż pod zamknięta bramę Uniwersytetu. W tłum poleciały petardy rozpryskujące się z hukiem pod nogami maszerujących. Policja użyła pałek, kilka osób zatrzymano (DT 1996)
Kontrdemonstranci czekali opodal przy bramie Uniwersytetu Warszawskiego. Przygotowani na happening -- w rękach portrety Lenina, Marksa, Bieruta, Róży Luksemburg. Nad ich głowami powiewały także flagi, czerwone szturmówki i transparenty: ""Pozdrawiamy towarzysza Gierka"", ""Pokój i socjalizm"". Witali maszerujących hasłami znanymi z dawnych pierwszomajowych demonstracji. Wołali na przykład: ""Kobiety na traktory"", dodając od siebie ""traktory na kobiety"".
Od strony Uniwersytetu na maszerujących posypały się petardy. Niektórzy z kontrdemonstrantów wdzierali się do lewicowego pochodu: jeden z nich usiłował wyrwać kwiaty posłowi Ikonowiczowi.
Policja reagowała bardzo ostro. Rzucających petardy i bardziej agresywnych wyciągano z tłumu. W kilku przypadkach funkcjonariusze używali pałek. W końcu udało im się otoczyć kordonem ""antypochód"" i przycisnąć go do bramy. Lewica pomaszerowała dalej. (Rzeczpospolita 1996)
## 1997
Przed Uniwersytetem Warszawskim czekała młodzież z Ligi, NZS i Narodowego Odrodzenia Polski z brzozowymi krzyżami: ""Wujek - 1981"", ""AK-NZW-WIN 1944-56"", ""Poznań 1956"". W pochód poleciało kilka petard, pomidorów i wyzwiska: ""Puścimy Kwasa na golasa"", ""Żydzi, Żydzi cała Polska was się wstydzi"", ""Czerwone świnie"". Lewicowa młodzież odpowiadała na to: ""Czarne świnie"" i ""Oszołomy"". Po szarpaninie policja zatrzymała 39 osób. (GW 1997)
W szacownym sąsiedztwie Uniwersytetu Warszawskiego przyczaiło się kilkudziesięciu Ligowców, sympatyków NZS i UPR. Były krzyże z napisem ""Katyń"" i płonące pochodnie (DT 1997)

Czytelnik ""Gazety"" mógł odnieść wrażenie, że 1 maja manifestację przy bramie Uniwersytetu Warszawskiego zorganizowały Liga Republikańska, NZS i Narodowe Odrodzenie Polski. Nie jest to prawdą. Liga Republikańska nie organizowała żadnych demonstracji razem z NOP - ani 1 maja, ani nigdy w przeszłości. 1 maja grupa członków NOP znajdowała się poza terenem naszej manifestacji, po przeciwnej stronie Krakowskiego Przedmieścia.
Czytelnik mógł odnieść również wrażenie, że demonstrujący przed Uniwersytetem Warszawskim wznosili antysemickie okrzyki i obrzucali pochód SLD petardami. Chcę wyjaśnić, że w trakcie przemarszu pochodu SLD sprzed bramy UW nie została rzucona w jego kierunku żadna petarda. Natomiast okrzyki antysemickie wznosiła grupka osób znajdujących się po przeciwnej stronie ulicy niż członkowie Ligi oraz uczestnicy pochodu SLD - pod adresem działaczy Ligi. Fakty te opisały inne gazety. (Mariusz Kamiński w liście do GW 1997)
## 1998
Połączony pochód starł się przed Uniwersytetem z około 30 sympatykami Ligi Republikańskiej i ROP. Nie szczędzono sobie epitetów, posypały się jajka i petardy. Tylko szybka akcja policji, która nawet konno ochraniała demonstrację, zapobiegła bójce między najbardziej agresywnymi demonstrantami. (RP 1998)
## 1999
Pod Uniwersytetem Warszawskim, po obu stronach ulicy, stoją kontrmanifestanci. Pojawia się flaga Ruchu Młodego Pokolenia (TVP 1999)
Połączony pochód - około 5 tysięcy osób, starł się przed Uniwersytetem Warszawskim z sympatykami Ligi Republikańskiej, Ruchu Młodego Pokolenia i Niezależnego Zrzeszenia Studentów. Posypały się jajka, pomidory i petardy. Tylko szybka akcja policji zapobiegła bójce (Rzeczpospolita 1999)
## 2000 
*Jajkami demonstranci z PPS obrzucają kilkanaście osób zebranych przed bramą główną Uniwersytetu Warszawskiego. Przygląda się temu Piotr Ikonowicz, lider PPS, poseł SLD, wypalając papierosa. - To głupie. No, ale co ja mogę zrobić. To jest tłum - mówi, gdy pytamy, jak mu się to podoba.* (Rzeczpospolita 2000)
Drugim nowym zjawiskiem był brak Ligi Republikańskiej, która zawsze przy placu Grzybowskim miała własny sektor i skromna, znacznie cichsza grupka antykomunistów pod Uniwersytetem Warszawskim (NTP)
## 2001
*(...) przed bramą uniwersytetu kilkunastu młodych prawicowców ledwo widocznych zza kordonu policji, za bramą - czterech przedstawicieli Młodzieży Wszechpolskiej. ""Lewacy do pracy"", ""Polska bez lewicy - cały naród krzyczy"" - skandowali. Uczestnicy pochodu rzucali w ich stronę jajkami i pojemnikami z kefirem.* (Wyborcza)
Kiedy pochód OPZZ idący Krakowskim Przedmieściem zbliżał się w  stronę Uniwersytetu Warszawskiego prawicowa młodzież zaczęła krzyczeć ""SLD - KGB"", ""Raz sierpem, raz młotem czerwoną hołotę"", ""Józef Stalin was pochwali"", ""Cały naród krzyczy: Polska bez lewicy"".W stronę pikiety ze strony młodzieżówki PPS rzuconych zostało kilka jajek i kefirów. Prawicowa młodzież szczelnie otoczona przez policję nic nie odrzuciła. Do młodych antykomunistów krzyczano ""Faszyści, burżuje, wasz koniec się szykuje"". (Wprost)
## 2004
“Doszło do utarczek słownych z kilkunastoma działaczami prawicy, zgromadzonymi przed bramą Uniwersytetu Warszawskiego.” (Ciszewski, 2004)",,,Point,,"52.239821,21.017194","52.239821,21.017194",15,umap_backup_1-maja_warszawa9.umap,,True
1997_PL_kontra_NIEZNANY,1997,Lata,PL,Prawicowe kontry i blokady,kontra,warstwa,,True,kontra,Brama Uniwersytetu Warszawskiego,"Brama Uniwersytetu Warszawskiego, Krakowskie Przedmieście – miejsce powtarzających się blokad pochodu pierwszomajowego organizowanych przez Ligę Republikańską (1994-1997). W 1996 r. interwencja policji.
## 1994
Przed Bramą Uniwersytetu do pochodu dołączyła Liga Republikańska (ŻW); Liga Republikańska: Wznoszone przez nich hasła były parodią pochodów z okresu komunistycznego – ""Rokossowski, Bierut, Stalin""; ""Studenci do nauki""; ""Precz z Coca-Colą""; ""Kobiety na traktory""; ""Nie damy się wydymać! Parlamentarna Grupa Kobiet"". Ubrani byli w *historyczne szturmówki* i *autentyczne transparenty*: ""Pozdrawiamy narody ZSRR""; ""Młodzież z partią"". Rozdzielone pochody PPS i OPZZ połączyły się dopiero na placu Teatralnym, przy wsparciu policji. (ŻW 1994)

## 1995
kontra nie odbywa się w tym miejscu
## 1996
Pod Uniwersytetem Warszawskim uczestnicy manifestacji dostali się pod ""ostrzał"" młodzieży z Ligi Republikańskiej. W stronę manifestujących w 1-majowym pochodzie padały okrzyki ""SLD-KGB"" i ""Hańba"", odpowiadano im: ""Faszyści"". Policja zepchnęła agresywnie zachowujących się młodych ludzi (któryś biegiem wbił się w czoło pochodu, inny położył na jezdni, jeszcze inny wyrwał starszej pani kwiatek i cisnął na ziemię) tuż pod zamknięta bramę Uniwersytetu. W tłum poleciały petardy rozpryskujące się z hukiem pod nogami maszerujących. Policja użyła pałek, kilka osób zatrzymano (DT 1996)
Kontrdemonstranci czekali opodal przy bramie Uniwersytetu Warszawskiego. Przygotowani na happening -- w rękach portrety Lenina, Marksa, Bieruta, Róży Luksemburg. Nad ich głowami powiewały także flagi, czerwone szturmówki i transparenty: ""Pozdrawiamy towarzysza Gierka"", ""Pokój i socjalizm"". Witali maszerujących hasłami znanymi z dawnych pierwszomajowych demonstracji. Wołali na przykład: ""Kobiety na traktory"", dodając od siebie ""traktory na kobiety"".
Od strony Uniwersytetu na maszerujących posypały się petardy. Niektórzy z kontrdemonstrantów wdzierali się do lewicowego pochodu: jeden z nich usiłował wyrwać kwiaty posłowi Ikonowiczowi.
Policja reagowała bardzo ostro. Rzucających petardy i bardziej agresywnych wyciągano z tłumu. W kilku przypadkach funkcjonariusze używali pałek. W końcu udało im się otoczyć kordonem ""antypochód"" i przycisnąć go do bramy. Lewica pomaszerowała dalej. (Rzeczpospolita 1996)
## 1997
Przed Uniwersytetem Warszawskim czekała młodzież z Ligi, NZS i Narodowego Odrodzenia Polski z brzozowymi krzyżami: ""Wujek - 1981"", ""AK-NZW-WIN 1944-56"", ""Poznań 1956"". W pochód poleciało kilka petard, pomidorów i wyzwiska: ""Puścimy Kwasa na golasa"", ""Żydzi, Żydzi cała Polska was się wstydzi"", ""Czerwone świnie"". Lewicowa młodzież odpowiadała na to: ""Czarne świnie"" i ""Oszołomy"". Po szarpaninie policja zatrzymała 39 osób. (GW 1997)
W szacownym sąsiedztwie Uniwersytetu Warszawskiego przyczaiło się kilkudziesięciu Ligowców, sympatyków NZS i UPR. Były krzyże z napisem ""Katyń"" i płonące pochodnie (DT 1997)

Czytelnik ""Gazety"" mógł odnieść wrażenie, że 1 maja manifestację przy bramie Uniwersytetu Warszawskiego zorganizowały Liga Republikańska, NZS i Narodowe Odrodzenie Polski. Nie jest to prawdą. Liga Republikańska nie organizowała żadnych demonstracji razem z NOP - ani 1 maja, ani nigdy w przeszłości. 1 maja grupa członków NOP znajdowała się poza terenem naszej manifestacji, po przeciwnej stronie Krakowskiego Przedmieścia.
Czytelnik mógł odnieść również wrażenie, że demonstrujący przed Uniwersytetem Warszawskim wznosili antysemickie okrzyki i obrzucali pochód SLD petardami. Chcę wyjaśnić, że w trakcie przemarszu pochodu SLD sprzed bramy UW nie została rzucona w jego kierunku żadna petarda. Natomiast okrzyki antysemickie wznosiła grupka osób znajdujących się po przeciwnej stronie ulicy niż członkowie Ligi oraz uczestnicy pochodu SLD - pod adresem działaczy Ligi. Fakty te opisały inne gazety. (Mariusz Kamiński w liście do GW 1997)
## 1998
Połączony pochód starł się przed Uniwersytetem z około 30 sympatykami Ligi Republikańskiej i ROP. Nie szczędzono sobie epitetów, posypały się jajka i petardy. Tylko szybka akcja policji, która nawet konno ochraniała demonstrację, zapobiegła bójce między najbardziej agresywnymi demonstrantami. (RP 1998)
## 1999
Pod Uniwersytetem Warszawskim, po obu stronach ulicy, stoją kontrmanifestanci. Pojawia się flaga Ruchu Młodego Pokolenia (TVP 1999)
Połączony pochód - około 5 tysięcy osób, starł się przed Uniwersytetem Warszawskim z sympatykami Ligi Republikańskiej, Ruchu Młodego Pokolenia i Niezależnego Zrzeszenia Studentów. Posypały się jajka, pomidory i petardy. Tylko szybka akcja policji zapobiegła bójce (Rzeczpospolita 1999)
## 2000 
*Jajkami demonstranci z PPS obrzucają kilkanaście osób zebranych przed bramą główną Uniwersytetu Warszawskiego. Przygląda się temu Piotr Ikonowicz, lider PPS, poseł SLD, wypalając papierosa. - To głupie. No, ale co ja mogę zrobić. To jest tłum - mówi, gdy pytamy, jak mu się to podoba.* (Rzeczpospolita 2000)
Drugim nowym zjawiskiem był brak Ligi Republikańskiej, która zawsze przy placu Grzybowskim miała własny sektor i skromna, znacznie cichsza grupka antykomunistów pod Uniwersytetem Warszawskim (NTP)
## 2001
*(...) przed bramą uniwersytetu kilkunastu młodych prawicowców ledwo widocznych zza kordonu policji, za bramą - czterech przedstawicieli Młodzieży Wszechpolskiej. ""Lewacy do pracy"", ""Polska bez lewicy - cały naród krzyczy"" - skandowali. Uczestnicy pochodu rzucali w ich stronę jajkami i pojemnikami z kefirem.* (Wyborcza)
Kiedy pochód OPZZ idący Krakowskim Przedmieściem zbliżał się w  stronę Uniwersytetu Warszawskiego prawicowa młodzież zaczęła krzyczeć ""SLD - KGB"", ""Raz sierpem, raz młotem czerwoną hołotę"", ""Józef Stalin was pochwali"", ""Cały naród krzyczy: Polska bez lewicy"".W stronę pikiety ze strony młodzieżówki PPS rzuconych zostało kilka jajek i kefirów. Prawicowa młodzież szczelnie otoczona przez policję nic nie odrzuciła. Do młodych antykomunistów krzyczano ""Faszyści, burżuje, wasz koniec się szykuje"". (Wprost)
## 2004
“Doszło do utarczek słownych z kilkunastoma działaczami prawicy, zgromadzonymi przed bramą Uniwersytetu Warszawskiego.” (Ciszewski, 2004)",,,Point,,"52.239821,21.017194","52.239821,21.017194",15,umap_backup_1-maja_warszawa9.umap,,True
1998_PL_kontra_NIEZNANY,1998,Lata,PL,Prawicowe kontry i blokady,kontra,warstwa,,True,kontra,Brama Uniwersytetu Warszawskiego,"Brama Uniwersytetu Warszawskiego, Krakowskie Przedmieście – miejsce powtarzających się blokad pochodu pierwszomajowego organizowanych przez Ligę Republikańską (1994-1997). W 1996 r. interwencja policji.
## 1994
Przed Bramą Uniwersytetu do pochodu dołączyła Liga Republikańska (ŻW); Liga Republikańska: Wznoszone przez nich hasła były parodią pochodów z okresu komunistycznego – ""Rokossowski, Bierut, Stalin""; ""Studenci do nauki""; ""Precz z Coca-Colą""; ""Kobiety na traktory""; ""Nie damy się wydymać! Parlamentarna Grupa Kobiet"". Ubrani byli w *historyczne szturmówki* i *autentyczne transparenty*: ""Pozdrawiamy narody ZSRR""; ""Młodzież z partią"". Rozdzielone pochody PPS i OPZZ połączyły się dopiero na placu Teatralnym, przy wsparciu policji. (ŻW 1994)

## 1995
kontra nie odbywa się w tym miejscu
## 1996
Pod Uniwersytetem Warszawskim uczestnicy manifestacji dostali się pod ""ostrzał"" młodzieży z Ligi Republikańskiej. W stronę manifestujących w 1-majowym pochodzie padały okrzyki ""SLD-KGB"" i ""Hańba"", odpowiadano im: ""Faszyści"". Policja zepchnęła agresywnie zachowujących się młodych ludzi (któryś biegiem wbił się w czoło pochodu, inny położył na jezdni, jeszcze inny wyrwał starszej pani kwiatek i cisnął na ziemię) tuż pod zamknięta bramę Uniwersytetu. W tłum poleciały petardy rozpryskujące się z hukiem pod nogami maszerujących. Policja użyła pałek, kilka osób zatrzymano (DT 1996)
Kontrdemonstranci czekali opodal przy bramie Uniwersytetu Warszawskiego. Przygotowani na happening -- w rękach portrety Lenina, Marksa, Bieruta, Róży Luksemburg. Nad ich głowami powiewały także flagi, czerwone szturmówki i transparenty: ""Pozdrawiamy towarzysza Gierka"", ""Pokój i socjalizm"". Witali maszerujących hasłami znanymi z dawnych pierwszomajowych demonstracji. Wołali na przykład: ""Kobiety na traktory"", dodając od siebie ""traktory na kobiety"".
Od strony Uniwersytetu na maszerujących posypały się petardy. Niektórzy z kontrdemonstrantów wdzierali się do lewicowego pochodu: jeden z nich usiłował wyrwać kwiaty posłowi Ikonowiczowi.
Policja reagowała bardzo ostro. Rzucających petardy i bardziej agresywnych wyciągano z tłumu. W kilku przypadkach funkcjonariusze używali pałek. W końcu udało im się otoczyć kordonem ""antypochód"" i przycisnąć go do bramy. Lewica pomaszerowała dalej. (Rzeczpospolita 1996)
## 1997
Przed Uniwersytetem Warszawskim czekała młodzież z Ligi, NZS i Narodowego Odrodzenia Polski z brzozowymi krzyżami: ""Wujek - 1981"", ""AK-NZW-WIN 1944-56"", ""Poznań 1956"". W pochód poleciało kilka petard, pomidorów i wyzwiska: ""Puścimy Kwasa na golasa"", ""Żydzi, Żydzi cała Polska was się wstydzi"", ""Czerwone świnie"". Lewicowa młodzież odpowiadała na to: ""Czarne świnie"" i ""Oszołomy"". Po szarpaninie policja zatrzymała 39 osób. (GW 1997)
W szacownym sąsiedztwie Uniwersytetu Warszawskiego przyczaiło się kilkudziesięciu Ligowców, sympatyków NZS i UPR. Były krzyże z napisem ""Katyń"" i płonące pochodnie (DT 1997)

Czytelnik ""Gazety"" mógł odnieść wrażenie, że 1 maja manifestację przy bramie Uniwersytetu Warszawskiego zorganizowały Liga Republikańska, NZS i Narodowe Odrodzenie Polski. Nie jest to prawdą. Liga Republikańska nie organizowała żadnych demonstracji razem z NOP - ani 1 maja, ani nigdy w przeszłości. 1 maja grupa członków NOP znajdowała się poza terenem naszej manifestacji, po przeciwnej stronie Krakowskiego Przedmieścia.
Czytelnik mógł odnieść również wrażenie, że demonstrujący przed Uniwersytetem Warszawskim wznosili antysemickie okrzyki i obrzucali pochód SLD petardami. Chcę wyjaśnić, że w trakcie przemarszu pochodu SLD sprzed bramy UW nie została rzucona w jego kierunku żadna petarda. Natomiast okrzyki antysemickie wznosiła grupka osób znajdujących się po przeciwnej stronie ulicy niż członkowie Ligi oraz uczestnicy pochodu SLD - pod adresem działaczy Ligi. Fakty te opisały inne gazety. (Mariusz Kamiński w liście do GW 1997)
## 1998
Połączony pochód starł się przed Uniwersytetem z około 30 sympatykami Ligi Republikańskiej i ROP. Nie szczędzono sobie epitetów, posypały się jajka i petardy. Tylko szybka akcja policji, która nawet konno ochraniała demonstrację, zapobiegła bójce między najbardziej agresywnymi demonstrantami. (RP 1998)
## 1999
Pod Uniwersytetem Warszawskim, po obu stronach ulicy, stoją kontrmanifestanci. Pojawia się flaga Ruchu Młodego Pokolenia (TVP 1999)
Połączony pochód - około 5 tysięcy osób, starł się przed Uniwersytetem Warszawskim z sympatykami Ligi Republikańskiej, Ruchu Młodego Pokolenia i Niezależnego Zrzeszenia Studentów. Posypały się jajka, pomidory i petardy. Tylko szybka akcja policji zapobiegła bójce (Rzeczpospolita 1999)
## 2000 
*Jajkami demonstranci z PPS obrzucają kilkanaście osób zebranych przed bramą główną Uniwersytetu Warszawskiego. Przygląda się temu Piotr Ikonowicz, lider PPS, poseł SLD, wypalając papierosa. - To głupie. No, ale co ja mogę zrobić. To jest tłum - mówi, gdy pytamy, jak mu się to podoba.* (Rzeczpospolita 2000)
Drugim nowym zjawiskiem był brak Ligi Republikańskiej, która zawsze przy placu Grzybowskim miała własny sektor i skromna, znacznie cichsza grupka antykomunistów pod Uniwersytetem Warszawskim (NTP)
## 2001
*(...) przed bramą uniwersytetu kilkunastu młodych prawicowców ledwo widocznych zza kordonu policji, za bramą - czterech przedstawicieli Młodzieży Wszechpolskiej. ""Lewacy do pracy"", ""Polska bez lewicy - cały naród krzyczy"" - skandowali. Uczestnicy pochodu rzucali w ich stronę jajkami i pojemnikami z kefirem.* (Wyborcza)
Kiedy pochód OPZZ idący Krakowskim Przedmieściem zbliżał się w  stronę Uniwersytetu Warszawskiego prawicowa młodzież zaczęła krzyczeć ""SLD - KGB"", ""Raz sierpem, raz młotem czerwoną hołotę"", ""Józef Stalin was pochwali"", ""Cały naród krzyczy: Polska bez lewicy"".W stronę pikiety ze strony młodzieżówki PPS rzuconych zostało kilka jajek i kefirów. Prawicowa młodzież szczelnie otoczona przez policję nic nie odrzuciła. Do młodych antykomunistów krzyczano ""Faszyści, burżuje, wasz koniec się szykuje"". (Wprost)
## 2004
“Doszło do utarczek słownych z kilkunastoma działaczami prawicy, zgromadzonymi przed bramą Uniwersytetu Warszawskiego.” (Ciszewski, 2004)",,,Point,,"52.239821,21.017194","52.239821,21.017194",15,umap_backup_1-maja_warszawa9.umap,,True
1999_PL_kontra_NIEZNANY,1999,Lata,PL,Prawicowe kontry i blokady,kontra,warstwa,,True,kontra,Brama Uniwersytetu Warszawskiego,"Brama Uniwersytetu Warszawskiego, Krakowskie Przedmieście – miejsce powtarzających się blokad pochodu pierwszomajowego organizowanych przez Ligę Republikańską (1994-1997). W 1996 r. interwencja policji.
## 1994
Przed Bramą Uniwersytetu do pochodu dołączyła Liga Republikańska (ŻW); Liga Republikańska: Wznoszone przez nich hasła były parodią pochodów z okresu komunistycznego – ""Rokossowski, Bierut, Stalin""; ""Studenci do nauki""; ""Precz z Coca-Colą""; ""Kobiety na traktory""; ""Nie damy się wydymać! Parlamentarna Grupa Kobiet"". Ubrani byli w *historyczne szturmówki* i *autentyczne transparenty*: ""Pozdrawiamy narody ZSRR""; ""Młodzież z partią"". Rozdzielone pochody PPS i OPZZ połączyły się dopiero na placu Teatralnym, przy wsparciu policji. (ŻW 1994)

## 1995
kontra nie odbywa się w tym miejscu
## 1996
Pod Uniwersytetem Warszawskim uczestnicy manifestacji dostali się pod ""ostrzał"" młodzieży z Ligi Republikańskiej. W stronę manifestujących w 1-majowym pochodzie padały okrzyki ""SLD-KGB"" i ""Hańba"", odpowiadano im: ""Faszyści"". Policja zepchnęła agresywnie zachowujących się młodych ludzi (któryś biegiem wbił się w czoło pochodu, inny położył na jezdni, jeszcze inny wyrwał starszej pani kwiatek i cisnął na ziemię) tuż pod zamknięta bramę Uniwersytetu. W tłum poleciały petardy rozpryskujące się z hukiem pod nogami maszerujących. Policja użyła pałek, kilka osób zatrzymano (DT 1996)
Kontrdemonstranci czekali opodal przy bramie Uniwersytetu Warszawskiego. Przygotowani na happening -- w rękach portrety Lenina, Marksa, Bieruta, Róży Luksemburg. Nad ich głowami powiewały także flagi, czerwone szturmówki i transparenty: ""Pozdrawiamy towarzysza Gierka"", ""Pokój i socjalizm"". Witali maszerujących hasłami znanymi z dawnych pierwszomajowych demonstracji. Wołali na przykład: ""Kobiety na traktory"", dodając od siebie ""traktory na kobiety"".
Od strony Uniwersytetu na maszerujących posypały się petardy. Niektórzy z kontrdemonstrantów wdzierali się do lewicowego pochodu: jeden z nich usiłował wyrwać kwiaty posłowi Ikonowiczowi.
Policja reagowała bardzo ostro. Rzucających petardy i bardziej agresywnych wyciągano z tłumu. W kilku przypadkach funkcjonariusze używali pałek. W końcu udało im się otoczyć kordonem ""antypochód"" i przycisnąć go do bramy. Lewica pomaszerowała dalej. (Rzeczpospolita 1996)
## 1997
Przed Uniwersytetem Warszawskim czekała młodzież z Ligi, NZS i Narodowego Odrodzenia Polski z brzozowymi krzyżami: ""Wujek - 1981"", ""AK-NZW-WIN 1944-56"", ""Poznań 1956"". W pochód poleciało kilka petard, pomidorów i wyzwiska: ""Puścimy Kwasa na golasa"", ""Żydzi, Żydzi cała Polska was się wstydzi"", ""Czerwone świnie"". Lewicowa młodzież odpowiadała na to: ""Czarne świnie"" i ""Oszołomy"". Po szarpaninie policja zatrzymała 39 osób. (GW 1997)
W szacownym sąsiedztwie Uniwersytetu Warszawskiego przyczaiło się kilkudziesięciu Ligowców, sympatyków NZS i UPR. Były krzyże z napisem ""Katyń"" i płonące pochodnie (DT 1997)

Czytelnik ""Gazety"" mógł odnieść wrażenie, że 1 maja manifestację przy bramie Uniwersytetu Warszawskiego zorganizowały Liga Republikańska, NZS i Narodowe Odrodzenie Polski. Nie jest to prawdą. Liga Republikańska nie organizowała żadnych demonstracji razem z NOP - ani 1 maja, ani nigdy w przeszłości. 1 maja grupa członków NOP znajdowała się poza terenem naszej manifestacji, po przeciwnej stronie Krakowskiego Przedmieścia.
Czytelnik mógł odnieść również wrażenie, że demonstrujący przed Uniwersytetem Warszawskim wznosili antysemickie okrzyki i obrzucali pochód SLD petardami. Chcę wyjaśnić, że w trakcie przemarszu pochodu SLD sprzed bramy UW nie została rzucona w jego kierunku żadna petarda. Natomiast okrzyki antysemickie wznosiła grupka osób znajdujących się po przeciwnej stronie ulicy niż członkowie Ligi oraz uczestnicy pochodu SLD - pod adresem działaczy Ligi. Fakty te opisały inne gazety. (Mariusz Kamiński w liście do GW 1997)
## 1998
Połączony pochód starł się przed Uniwersytetem z około 30 sympatykami Ligi Republikańskiej i ROP. Nie szczędzono sobie epitetów, posypały się jajka i petardy. Tylko szybka akcja policji, która nawet konno ochraniała demonstrację, zapobiegła bójce między najbardziej agresywnymi demonstrantami. (RP 1998)
## 1999
Pod Uniwersytetem Warszawskim, po obu stronach ulicy, stoją kontrmanifestanci. Pojawia się flaga Ruchu Młodego Pokolenia (TVP 1999)
Połączony pochód - około 5 tysięcy osób, starł się przed Uniwersytetem Warszawskim z sympatykami Ligi Republikańskiej, Ruchu Młodego Pokolenia i Niezależnego Zrzeszenia Studentów. Posypały się jajka, pomidory i petardy. Tylko szybka akcja policji zapobiegła bójce (Rzeczpospolita 1999)
## 2000 
*Jajkami demonstranci z PPS obrzucają kilkanaście osób zebranych przed bramą główną Uniwersytetu Warszawskiego. Przygląda się temu Piotr Ikonowicz, lider PPS, poseł SLD, wypalając papierosa. - To głupie. No, ale co ja mogę zrobić. To jest tłum - mówi, gdy pytamy, jak mu się to podoba.* (Rzeczpospolita 2000)
Drugim nowym zjawiskiem był brak Ligi Republikańskiej, która zawsze przy placu Grzybowskim miała własny sektor i skromna, znacznie cichsza grupka antykomunistów pod Uniwersytetem Warszawskim (NTP)
## 2001
*(...) przed bramą uniwersytetu kilkunastu młodych prawicowców ledwo widocznych zza kordonu policji, za bramą - czterech przedstawicieli Młodzieży Wszechpolskiej. ""Lewacy do pracy"", ""Polska bez lewicy - cały naród krzyczy"" - skandowali. Uczestnicy pochodu rzucali w ich stronę jajkami i pojemnikami z kefirem.* (Wyborcza)
Kiedy pochód OPZZ idący Krakowskim Przedmieściem zbliżał się w  stronę Uniwersytetu Warszawskiego prawicowa młodzież zaczęła krzyczeć ""SLD - KGB"", ""Raz sierpem, raz młotem czerwoną hołotę"", ""Józef Stalin was pochwali"", ""Cały naród krzyczy: Polska bez lewicy"".W stronę pikiety ze strony młodzieżówki PPS rzuconych zostało kilka jajek i kefirów. Prawicowa młodzież szczelnie otoczona przez policję nic nie odrzuciła. Do młodych antykomunistów krzyczano ""Faszyści, burżuje, wasz koniec się szykuje"". (Wprost)
## 2004
“Doszło do utarczek słownych z kilkunastoma działaczami prawicy, zgromadzonymi przed bramą Uniwersytetu Warszawskiego.” (Ciszewski, 2004)",,,Point,,"52.239821,21.017194","52.239821,21.017194",15,umap_backup_1-maja_warszawa9.umap,,True
2000_PL_kontra_NIEZNANY_a,2000,Lata,PL,Prawicowe kontry i blokady,kontra,warstwa,,True,kontra,Brama Uniwersytetu Warszawskiego,"Brama Uniwersytetu Warszawskiego, Krakowskie Przedmieście – miejsce powtarzających się blokad pochodu pierwszomajowego organizowanych przez Ligę Republikańską (1994-1997). W 1996 r. interwencja policji.
## 1994
Przed Bramą Uniwersytetu do pochodu dołączyła Liga Republikańska (ŻW); Liga Republikańska: Wznoszone przez nich hasła były parodią pochodów z okresu komunistycznego – ""Rokossowski, Bierut, Stalin""; ""Studenci do nauki""; ""Precz z Coca-Colą""; ""Kobiety na traktory""; ""Nie damy się wydymać! Parlamentarna Grupa Kobiet"". Ubrani byli w *historyczne szturmówki* i *autentyczne transparenty*: ""Pozdrawiamy narody ZSRR""; ""Młodzież z partią"". Rozdzielone pochody PPS i OPZZ połączyły się dopiero na placu Teatralnym, przy wsparciu policji. (ŻW 1994)

## 1995
kontra nie odbywa się w tym miejscu
## 1996
Pod Uniwersytetem Warszawskim uczestnicy manifestacji dostali się pod ""ostrzał"" młodzieży z Ligi Republikańskiej. W stronę manifestujących w 1-majowym pochodzie padały okrzyki ""SLD-KGB"" i ""Hańba"", odpowiadano im: ""Faszyści"". Policja zepchnęła agresywnie zachowujących się młodych ludzi (któryś biegiem wbił się w czoło pochodu, inny położył na jezdni, jeszcze inny wyrwał starszej pani kwiatek i cisnął na ziemię) tuż pod zamknięta bramę Uniwersytetu. W tłum poleciały petardy rozpryskujące się z hukiem pod nogami maszerujących. Policja użyła pałek, kilka osób zatrzymano (DT 1996)
Kontrdemonstranci czekali opodal przy bramie Uniwersytetu Warszawskiego. Przygotowani na happening -- w rękach portrety Lenina, Marksa, Bieruta, Róży Luksemburg. Nad ich głowami powiewały także flagi, czerwone szturmówki i transparenty: ""Pozdrawiamy towarzysza Gierka"", ""Pokój i socjalizm"". Witali maszerujących hasłami znanymi z dawnych pierwszomajowych demonstracji. Wołali na przykład: ""Kobiety na traktory"", dodając od siebie ""traktory na kobiety"".
Od strony Uniwersytetu na maszerujących posypały się petardy. Niektórzy z kontrdemonstrantów wdzierali się do lewicowego pochodu: jeden z nich usiłował wyrwać kwiaty posłowi Ikonowiczowi.
Policja reagowała bardzo ostro. Rzucających petardy i bardziej agresywnych wyciągano z tłumu. W kilku przypadkach funkcjonariusze używali pałek. W końcu udało im się otoczyć kordonem ""antypochód"" i przycisnąć go do bramy. Lewica pomaszerowała dalej. (Rzeczpospolita 1996)
## 1997
Przed Uniwersytetem Warszawskim czekała młodzież z Ligi, NZS i Narodowego Odrodzenia Polski z brzozowymi krzyżami: ""Wujek - 1981"", ""AK-NZW-WIN 1944-56"", ""Poznań 1956"". W pochód poleciało kilka petard, pomidorów i wyzwiska: ""Puścimy Kwasa na golasa"", ""Żydzi, Żydzi cała Polska was się wstydzi"", ""Czerwone świnie"". Lewicowa młodzież odpowiadała na to: ""Czarne świnie"" i ""Oszołomy"". Po szarpaninie policja zatrzymała 39 osób. (GW 1997)
W szacownym sąsiedztwie Uniwersytetu Warszawskiego przyczaiło się kilkudziesięciu Ligowców, sympatyków NZS i UPR. Były krzyże z napisem ""Katyń"" i płonące pochodnie (DT 1997)

Czytelnik ""Gazety"" mógł odnieść wrażenie, że 1 maja manifestację przy bramie Uniwersytetu Warszawskiego zorganizowały Liga Republikańska, NZS i Narodowe Odrodzenie Polski. Nie jest to prawdą. Liga Republikańska nie organizowała żadnych demonstracji razem z NOP - ani 1 maja, ani nigdy w przeszłości. 1 maja grupa członków NOP znajdowała się poza terenem naszej manifestacji, po przeciwnej stronie Krakowskiego Przedmieścia.
Czytelnik mógł odnieść również wrażenie, że demonstrujący przed Uniwersytetem Warszawskim wznosili antysemickie okrzyki i obrzucali pochód SLD petardami. Chcę wyjaśnić, że w trakcie przemarszu pochodu SLD sprzed bramy UW nie została rzucona w jego kierunku żadna petarda. Natomiast okrzyki antysemickie wznosiła grupka osób znajdujących się po przeciwnej stronie ulicy niż członkowie Ligi oraz uczestnicy pochodu SLD - pod adresem działaczy Ligi. Fakty te opisały inne gazety. (Mariusz Kamiński w liście do GW 1997)
## 1998
Połączony pochód starł się przed Uniwersytetem z około 30 sympatykami Ligi Republikańskiej i ROP. Nie szczędzono sobie epitetów, posypały się jajka i petardy. Tylko szybka akcja policji, która nawet konno ochraniała demonstrację, zapobiegła bójce między najbardziej agresywnymi demonstrantami. (RP 1998)
## 1999
Pod Uniwersytetem Warszawskim, po obu stronach ulicy, stoją kontrmanifestanci. Pojawia się flaga Ruchu Młodego Pokolenia (TVP 1999)
Połączony pochód - około 5 tysięcy osób, starł się przed Uniwersytetem Warszawskim z sympatykami Ligi Republikańskiej, Ruchu Młodego Pokolenia i Niezależnego Zrzeszenia Studentów. Posypały się jajka, pomidory i petardy. Tylko szybka akcja policji zapobiegła bójce (Rzeczpospolita 1999)
## 2000 
*Jajkami demonstranci z PPS obrzucają kilkanaście osób zebranych przed bramą główną Uniwersytetu Warszawskiego. Przygląda się temu Piotr Ikonowicz, lider PPS, poseł SLD, wypalając papierosa. - To głupie. No, ale co ja mogę zrobić. To jest tłum - mówi, gdy pytamy, jak mu się to podoba.* (Rzeczpospolita 2000)
Drugim nowym zjawiskiem był brak Ligi Republikańskiej, która zawsze przy placu Grzybowskim miała własny sektor i skromna, znacznie cichsza grupka antykomunistów pod Uniwersytetem Warszawskim (NTP)
## 2001
*(...) przed bramą uniwersytetu kilkunastu młodych prawicowców ledwo widocznych zza kordonu policji, za bramą - czterech przedstawicieli Młodzieży Wszechpolskiej. ""Lewacy do pracy"", ""Polska bez lewicy - cały naród krzyczy"" - skandowali. Uczestnicy pochodu rzucali w ich stronę jajkami i pojemnikami z kefirem.* (Wyborcza)
Kiedy pochód OPZZ idący Krakowskim Przedmieściem zbliżał się w  stronę Uniwersytetu Warszawskiego prawicowa młodzież zaczęła krzyczeć ""SLD - KGB"", ""Raz sierpem, raz młotem czerwoną hołotę"", ""Józef Stalin was pochwali"", ""Cały naród krzyczy: Polska bez lewicy"".W stronę pikiety ze strony młodzieżówki PPS rzuconych zostało kilka jajek i kefirów. Prawicowa młodzież szczelnie otoczona przez policję nic nie odrzuciła. Do młodych antykomunistów krzyczano ""Faszyści, burżuje, wasz koniec się szykuje"". (Wprost)
## 2004
“Doszło do utarczek słownych z kilkunastoma działaczami prawicy, zgromadzonymi przed bramą Uniwersytetu Warszawskiego.” (Ciszewski, 2004)",,,Point,,"52.239821,21.017194","52.239821,21.017194",15,umap_backup_1-maja_warszawa9.umap,,True
2001_PL_kontra_NIEZNANY,2001,Lata,PL,Prawicowe kontry i blokady,kontra,warstwa,,True,kontra,Brama Uniwersytetu Warszawskiego,"Brama Uniwersytetu Warszawskiego, Krakowskie Przedmieście – miejsce powtarzających się blokad pochodu pierwszomajowego organizowanych przez Ligę Republikańską (1994-1997). W 1996 r. interwencja policji.
## 1994
Przed Bramą Uniwersytetu do pochodu dołączyła Liga Republikańska (ŻW); Liga Republikańska: Wznoszone przez nich hasła były parodią pochodów z okresu komunistycznego – ""Rokossowski, Bierut, Stalin""; ""Studenci do nauki""; ""Precz z Coca-Colą""; ""Kobiety na traktory""; ""Nie damy się wydymać! Parlamentarna Grupa Kobiet"". Ubrani byli w *historyczne szturmówki* i *autentyczne transparenty*: ""Pozdrawiamy narody ZSRR""; ""Młodzież z partią"". Rozdzielone pochody PPS i OPZZ połączyły się dopiero na placu Teatralnym, przy wsparciu policji. (ŻW 1994)

## 1995
kontra nie odbywa się w tym miejscu
## 1996
Pod Uniwersytetem Warszawskim uczestnicy manifestacji dostali się pod ""ostrzał"" młodzieży z Ligi Republikańskiej. W stronę manifestujących w 1-majowym pochodzie padały okrzyki ""SLD-KGB"" i ""Hańba"", odpowiadano im: ""Faszyści"". Policja zepchnęła agresywnie zachowujących się młodych ludzi (któryś biegiem wbił się w czoło pochodu, inny położył na jezdni, jeszcze inny wyrwał starszej pani kwiatek i cisnął na ziemię) tuż pod zamknięta bramę Uniwersytetu. W tłum poleciały petardy rozpryskujące się z hukiem pod nogami maszerujących. Policja użyła pałek, kilka osób zatrzymano (DT 1996)
Kontrdemonstranci czekali opodal przy bramie Uniwersytetu Warszawskiego. Przygotowani na happening -- w rękach portrety Lenina, Marksa, Bieruta, Róży Luksemburg. Nad ich głowami powiewały także flagi, czerwone szturmówki i transparenty: ""Pozdrawiamy towarzysza Gierka"", ""Pokój i socjalizm"". Witali maszerujących hasłami znanymi z dawnych pierwszomajowych demonstracji. Wołali na przykład: ""Kobiety na traktory"", dodając od siebie ""traktory na kobiety"".
Od strony Uniwersytetu na maszerujących posypały się petardy. Niektórzy z kontrdemonstrantów wdzierali się do lewicowego pochodu: jeden z nich usiłował wyrwać kwiaty posłowi Ikonowiczowi.
Policja reagowała bardzo ostro. Rzucających petardy i bardziej agresywnych wyciągano z tłumu. W kilku przypadkach funkcjonariusze używali pałek. W końcu udało im się otoczyć kordonem ""antypochód"" i przycisnąć go do bramy. Lewica pomaszerowała dalej. (Rzeczpospolita 1996)
## 1997
Przed Uniwersytetem Warszawskim czekała młodzież z Ligi, NZS i Narodowego Odrodzenia Polski z brzozowymi krzyżami: ""Wujek - 1981"", ""AK-NZW-WIN 1944-56"", ""Poznań 1956"". W pochód poleciało kilka petard, pomidorów i wyzwiska: ""Puścimy Kwasa na golasa"", ""Żydzi, Żydzi cała Polska was się wstydzi"", ""Czerwone świnie"". Lewicowa młodzież odpowiadała na to: ""Czarne świnie"" i ""Oszołomy"". Po szarpaninie policja zatrzymała 39 osób. (GW 1997)
W szacownym sąsiedztwie Uniwersytetu Warszawskiego przyczaiło się kilkudziesięciu Ligowców, sympatyków NZS i UPR. Były krzyże z napisem ""Katyń"" i płonące pochodnie (DT 1997)

Czytelnik ""Gazety"" mógł odnieść wrażenie, że 1 maja manifestację przy bramie Uniwersytetu Warszawskiego zorganizowały Liga Republikańska, NZS i Narodowe Odrodzenie Polski. Nie jest to prawdą. Liga Republikańska nie organizowała żadnych demonstracji razem z NOP - ani 1 maja, ani nigdy w przeszłości. 1 maja grupa członków NOP znajdowała się poza terenem naszej manifestacji, po przeciwnej stronie Krakowskiego Przedmieścia.
Czytelnik mógł odnieść również wrażenie, że demonstrujący przed Uniwersytetem Warszawskim wznosili antysemickie okrzyki i obrzucali pochód SLD petardami. Chcę wyjaśnić, że w trakcie przemarszu pochodu SLD sprzed bramy UW nie została rzucona w jego kierunku żadna petarda. Natomiast okrzyki antysemickie wznosiła grupka osób znajdujących się po przeciwnej stronie ulicy niż członkowie Ligi oraz uczestnicy pochodu SLD - pod adresem działaczy Ligi. Fakty te opisały inne gazety. (Mariusz Kamiński w liście do GW 1997)
## 1998
Połączony pochód starł się przed Uniwersytetem z około 30 sympatykami Ligi Republikańskiej i ROP. Nie szczędzono sobie epitetów, posypały się jajka i petardy. Tylko szybka akcja policji, która nawet konno ochraniała demonstrację, zapobiegła bójce między najbardziej agresywnymi demonstrantami. (RP 1998)
## 1999
Pod Uniwersytetem Warszawskim, po obu stronach ulicy, stoją kontrmanifestanci. Pojawia się flaga Ruchu Młodego Pokolenia (TVP 1999)
Połączony pochód - około 5 tysięcy osób, starł się przed Uniwersytetem Warszawskim z sympatykami Ligi Republikańskiej, Ruchu Młodego Pokolenia i Niezależnego Zrzeszenia Studentów. Posypały się jajka, pomidory i petardy. Tylko szybka akcja policji zapobiegła bójce (Rzeczpospolita 1999)
## 2000 
*Jajkami demonstranci z PPS obrzucają kilkanaście osób zebranych przed bramą główną Uniwersytetu Warszawskiego. Przygląda się temu Piotr Ikonowicz, lider PPS, poseł SLD, wypalając papierosa. - To głupie. No, ale co ja mogę zrobić. To jest tłum - mówi, gdy pytamy, jak mu się to podoba.* (Rzeczpospolita 2000)
Drugim nowym zjawiskiem był brak Ligi Republikańskiej, która zawsze przy placu Grzybowskim miała własny sektor i skromna, znacznie cichsza grupka antykomunistów pod Uniwersytetem Warszawskim (NTP)
## 2001
*(...) przed bramą uniwersytetu kilkunastu młodych prawicowców ledwo widocznych zza kordonu policji, za bramą - czterech przedstawicieli Młodzieży Wszechpolskiej. ""Lewacy do pracy"", ""Polska bez lewicy - cały naród krzyczy"" - skandowali. Uczestnicy pochodu rzucali w ich stronę jajkami i pojemnikami z kefirem.* (Wyborcza)
Kiedy pochód OPZZ idący Krakowskim Przedmieściem zbliżał się w  stronę Uniwersytetu Warszawskiego prawicowa młodzież zaczęła krzyczeć ""SLD - KGB"", ""Raz sierpem, raz młotem czerwoną hołotę"", ""Józef Stalin was pochwali"", ""Cały naród krzyczy: Polska bez lewicy"".W stronę pikiety ze strony młodzieżówki PPS rzuconych zostało kilka jajek i kefirów. Prawicowa młodzież szczelnie otoczona przez policję nic nie odrzuciła. Do młodych antykomunistów krzyczano ""Faszyści, burżuje, wasz koniec się szykuje"". (Wprost)
## 2004
“Doszło do utarczek słownych z kilkunastoma działaczami prawicy, zgromadzonymi przed bramą Uniwersytetu Warszawskiego.” (Ciszewski, 2004)",,,Point,,"52.239821,21.017194","52.239821,21.017194",15,umap_backup_1-maja_warszawa9.umap,,True
2004_PL_kontra_NIEZNANY,2004,Lata,PL,Prawicowe kontry i blokady,kontra,warstwa,,True,kontra,Brama Uniwersytetu Warszawskiego,"Brama Uniwersytetu Warszawskiego, Krakowskie Przedmieście – miejsce powtarzających się blokad pochodu pierwszomajowego organizowanych przez Ligę Republikańską (1994-1997). W 1996 r. interwencja policji.
## 1994
Przed Bramą Uniwersytetu do pochodu dołączyła Liga Republikańska (ŻW); Liga Republikańska: Wznoszone przez nich hasła były parodią pochodów z okresu komunistycznego – ""Rokossowski, Bierut, Stalin""; ""Studenci do nauki""; ""Precz z Coca-Colą""; ""Kobiety na traktory""; ""Nie damy się wydymać! Parlamentarna Grupa Kobiet"". Ubrani byli w *historyczne szturmówki* i *autentyczne transparenty*: ""Pozdrawiamy narody ZSRR""; ""Młodzież z partią"". Rozdzielone pochody PPS i OPZZ połączyły się dopiero na placu Teatralnym, przy wsparciu policji. (ŻW 1994)

## 1995
kontra nie odbywa się w tym miejscu
## 1996
Pod Uniwersytetem Warszawskim uczestnicy manifestacji dostali się pod ""ostrzał"" młodzieży z Ligi Republikańskiej. W stronę manifestujących w 1-majowym pochodzie padały okrzyki ""SLD-KGB"" i ""Hańba"", odpowiadano im: ""Faszyści"". Policja zepchnęła agresywnie zachowujących się młodych ludzi (któryś biegiem wbił się w czoło pochodu, inny położył na jezdni, jeszcze inny wyrwał starszej pani kwiatek i cisnął na ziemię) tuż pod zamknięta bramę Uniwersytetu. W tłum poleciały petardy rozpryskujące się z hukiem pod nogami maszerujących. Policja użyła pałek, kilka osób zatrzymano (DT 1996)
Kontrdemonstranci czekali opodal przy bramie Uniwersytetu Warszawskiego. Przygotowani na happening -- w rękach portrety Lenina, Marksa, Bieruta, Róży Luksemburg. Nad ich głowami powiewały także flagi, czerwone szturmówki i transparenty: ""Pozdrawiamy towarzysza Gierka"", ""Pokój i socjalizm"". Witali maszerujących hasłami znanymi z dawnych pierwszomajowych demonstracji. Wołali na przykład: ""Kobiety na traktory"", dodając od siebie ""traktory na kobiety"".
Od strony Uniwersytetu na maszerujących posypały się petardy. Niektórzy z kontrdemonstrantów wdzierali się do lewicowego pochodu: jeden z nich usiłował wyrwać kwiaty posłowi Ikonowiczowi.
Policja reagowała bardzo ostro. Rzucających petardy i bardziej agresywnych wyciągano z tłumu. W kilku przypadkach funkcjonariusze używali pałek. W końcu udało im się otoczyć kordonem ""antypochód"" i przycisnąć go do bramy. Lewica pomaszerowała dalej. (Rzeczpospolita 1996)
## 1997
Przed Uniwersytetem Warszawskim czekała młodzież z Ligi, NZS i Narodowego Odrodzenia Polski z brzozowymi krzyżami: ""Wujek - 1981"", ""AK-NZW-WIN 1944-56"", ""Poznań 1956"". W pochód poleciało kilka petard, pomidorów i wyzwiska: ""Puścimy Kwasa na golasa"", ""Żydzi, Żydzi cała Polska was się wstydzi"", ""Czerwone świnie"". Lewicowa młodzież odpowiadała na to: ""Czarne świnie"" i ""Oszołomy"". Po szarpaninie policja zatrzymała 39 osób. (GW 1997)
W szacownym sąsiedztwie Uniwersytetu Warszawskiego przyczaiło się kilkudziesięciu Ligowców, sympatyków NZS i UPR. Były krzyże z napisem ""Katyń"" i płonące pochodnie (DT 1997)

Czytelnik ""Gazety"" mógł odnieść wrażenie, że 1 maja manifestację przy bramie Uniwersytetu Warszawskiego zorganizowały Liga Republikańska, NZS i Narodowe Odrodzenie Polski. Nie jest to prawdą. Liga Republikańska nie organizowała żadnych demonstracji razem z NOP - ani 1 maja, ani nigdy w przeszłości. 1 maja grupa członków NOP znajdowała się poza terenem naszej manifestacji, po przeciwnej stronie Krakowskiego Przedmieścia.
Czytelnik mógł odnieść również wrażenie, że demonstrujący przed Uniwersytetem Warszawskim wznosili antysemickie okrzyki i obrzucali pochód SLD petardami. Chcę wyjaśnić, że w trakcie przemarszu pochodu SLD sprzed bramy UW nie została rzucona w jego kierunku żadna petarda. Natomiast okrzyki antysemickie wznosiła grupka osób znajdujących się po przeciwnej stronie ulicy niż członkowie Ligi oraz uczestnicy pochodu SLD - pod adresem działaczy Ligi. Fakty te opisały inne gazety. (Mariusz Kamiński w liście do GW 1997)
## 1998
Połączony pochód starł się przed Uniwersytetem z około 30 sympatykami Ligi Republikańskiej i ROP. Nie szczędzono sobie epitetów, posypały się jajka i petardy. Tylko szybka akcja policji, która nawet konno ochraniała demonstrację, zapobiegła bójce między najbardziej agresywnymi demonstrantami. (RP 1998)
## 1999
Pod Uniwersytetem Warszawskim, po obu stronach ulicy, stoją kontrmanifestanci. Pojawia się flaga Ruchu Młodego Pokolenia (TVP 1999)
Połączony pochód - około 5 tysięcy osób, starł się przed Uniwersytetem Warszawskim z sympatykami Ligi Republikańskiej, Ruchu Młodego Pokolenia i Niezależnego Zrzeszenia Studentów. Posypały się jajka, pomidory i petardy. Tylko szybka akcja policji zapobiegła bójce (Rzeczpospolita 1999)
## 2000 
*Jajkami demonstranci z PPS obrzucają kilkanaście osób zebranych przed bramą główną Uniwersytetu Warszawskiego. Przygląda się temu Piotr Ikonowicz, lider PPS, poseł SLD, wypalając papierosa. - To głupie. No, ale co ja mogę zrobić. To jest tłum - mówi, gdy pytamy, jak mu się to podoba.* (Rzeczpospolita 2000)
Drugim nowym zjawiskiem był brak Ligi Republikańskiej, która zawsze przy placu Grzybowskim miała własny sektor i skromna, znacznie cichsza grupka antykomunistów pod Uniwersytetem Warszawskim (NTP)
## 2001
*(...) przed bramą uniwersytetu kilkunastu młodych prawicowców ledwo widocznych zza kordonu policji, za bramą - czterech przedstawicieli Młodzieży Wszechpolskiej. ""Lewacy do pracy"", ""Polska bez lewicy - cały naród krzyczy"" - skandowali. Uczestnicy pochodu rzucali w ich stronę jajkami i pojemnikami z kefirem.* (Wyborcza)
Kiedy pochód OPZZ idący Krakowskim Przedmieściem zbliżał się w  stronę Uniwersytetu Warszawskiego prawicowa młodzież zaczęła krzyczeć ""SLD - KGB"", ""Raz sierpem, raz młotem czerwoną hołotę"", ""Józef Stalin was pochwali"", ""Cały naród krzyczy: Polska bez lewicy"".W stronę pikiety ze strony młodzieżówki PPS rzuconych zostało kilka jajek i kefirów. Prawicowa młodzież szczelnie otoczona przez policję nic nie odrzuciła. Do młodych antykomunistów krzyczano ""Faszyści, burżuje, wasz koniec się szykuje"". (Wprost)
## 2004
“Doszło do utarczek słownych z kilkunastoma działaczami prawicy, zgromadzonymi przed bramą Uniwersytetu Warszawskiego.” (Ciszewski, 2004)",,,Point,,"52.239821,21.017194","52.239821,21.017194",15,umap_backup_1-maja_warszawa9.umap,,True
1990_PL_kontra_NIEZNANY,1990,Lata,PL,Prawicowe kontry i blokady,kontra,name,,True,kontra,Counterdemonstration at the St. Cross Basilica,"Bazylika św. Krzyża, Krakowskie Przedmieście. Miejsce kontrmanifestacji i prób blokad demonstracji OPZZ

## 1990
Solidarność Walcząca: Ze schodów kościoła Św. Krzyża kilkuosobowa grupa młodzieży pod transparentem ""Solidarność Walcząca"" skandowała ""Bolszewicy do kostnicy"", ""Precz z komuną"". Rzucono 3 petardy. Pochód odpowiadał skandując: ""Demokracja"", ""Faszyści"", ""Do roboty gówniarze"" (PierwszyMaja, GW 1990)
Pochód próbowali zakłócić stojący przed wejściem do kościoła Św. Krzyża młodzi ludzie z Solidarności Walczącej obrzucając maszerujących petardami i świecami dymnymi. Wznoszono hasła: ""Precz z komuną"". Uczestnicy pochodu odpowiadali: ""Precz z faszyzmem!"", Niech żyje rząd Mazowieckiego!"" (ŻW 1990)
Na rogu Nowego Światu i Świętokrzyskiej grupa podpitych studentów Politechniki Warszawskiej kontestowała pochód OPZZ. Obwinięci czerwonymi szarfami i wymachujący czerwoną flagą młodzi ludzie nawoływali: >>Idźcie z Miodowiczem! Polska krajem Miodowiczem i mlekiem płynąca!<< (RP 1990, za Wyborczą)
## 1991
Ze schodów kościoła św. Krzyża socjaldemokraci usłyszeli, że są mordercami. Krzyczano na nich ""Precz z komuną"" i ""Żydzi do Moskwy !"". Początek pochodu domagał się poprawy warunków pracy i życia. Środek i koniec swoje myśli artykułował wyraźnie: ""Precz z Wałęsą"", ""Wałęsa do kaplicy"" i - co ciekawe - ""Precz z UB!"". Obserwatorzy marszu usłyszeli od socjaldemokratów, że są ""SS-manami i s...synami"" (GW 1991)

## 1992
Na stopniach kościoła Św. Krzyża ulokowała się niewielka grupa zwolenników ""Solidarności"", która pokrzykiwała w stronę maszerujących ""Precz z Komuną"". W zamian mogła usłyszeć zachętę ""Chodźcie z nami, bo umrzecie z głodu"" (Związkowiec 10.05, 19/1992)
Precz z komuną! Idźcie, to dojdziecie na Kołymę! - krzyczeli de maszerujących w pierwszomajowym pochodzie OPZZ ludzie stojący na stopniach kościoła iw. Krzyża. - Zdrajcy, parobki amerykańskie! Chodźcie z nami, bo z głodu umrzecie! - odkrzykiwali manifestanci. (GW)

## 1993
Zgromadzeni na schodach kościoła Św. Krzyża obrzucili manifestantów obelgami i jajami (ŻW)
Do kontrujących manifestantów ze schodów kościoła zwraca się policjant – *proszę nie rzucać, będziemy zatrzymywać!*. Ktoś krzyczy w stronę pochodu: *Rosyjskie pachołki! OPZZ, gdzie byliście w 80. latach? Nie dla was demokracja!* i dalej, *Śmierć komunie* (TVP 1993)
## 1994
Na schodach kościoła św. Krzyża zebrała się grupa kontrmanifestantów. Nie widać wśród nich jednak żadnych rekwizytów, flag partyjnych lub związkowych (Kronika Filmowa 19/1994)
## 1995
Ponaddwutysięczny pochód prowadzony przez Aleksandra Kwaśniewskiego, Ewę Spychalską, Piotra Ikonowicza i Jana Mulaka maszerował w takt marsza orkiestry dętej. Przy kościele Świętego Krzyża manifestantów wygwizdano. - Czerwoni złodzieje, pustaki, betony - krzyczeli ludzie ze schodów kościoła. (GW)
Manifestacja przeszła Krakowskim Przedmieściem, gdzie przed kościołem św. Krzyża napotkały demonstrantów okrzyki ""Precz z komuną"", do placu Teatralnego, gdzie pod pomnikiem Bohaterów Warszawy odbył się wiec ugrupowań lewicowych (Rzeczpospolita 1995)
Na nagraniu TVP widać osoby stojące na schodach kościoła, jedna z nich trzyma krzyż (TVP 1:20) 
## 1996
Uwagę moją zwróciła informacja, że w tym roku kontrmanifestanci w Warszawie wybrali sobie za miejsce zbiórki Uniwerstet a nie, jak poprzedni, kościół św. Krzyża (NTP 1996)
## 1997
Już tradycyjnie z ""trybuny honorowej""  na stopniach kościoła Św. Krzyża przywitano pochód gwizdami i obelgami; jeden z mężczyzn pokazywał ""gest Kozakiewicza"". W szacownym sąsiedztwie Uniwersytetu Warszawskiego przyczaiło się kilkudziesięciu Ligowców, sympatyków NZS i UPR. Były krzyże z napisem ""Katyń"" i płonące pochodnie (DT 1997)
## 1998
Spokojnie było na tzw. trybunie honorowej, czyli schodach kościoła Św. Krzyża. Corocznie gromadzą się tam antykomuniści, by wykrzyczeć swoją nienawiść (DT 1998)
## 1999
Na schodach kościoła zebrała się grupa osób uwieczniona na relacji z TVP. Ich interakcje z uczestnikami pochodu nie doczekały się jednak komentarza ze strony mediów (TVP 1999)
## 2000
""Gdy przechodzili przed kościołem św. Krzyża, stojący na schodach świątyni ludzie skandowali: *Komuniści; Precz z komuną;* Manifestanci odpowiadali: *Słuchaj Boga a nie księdza; Poczytajcie encykliki* (ŻW 2-3 maja 2000)
Pierwszomajowy ""pochód protestu"" OPZZ rusza, a tymczasem PPS, w oczekiwaniu na OPZZ, stanął naprzeciw schodowej ""galerii"" i skanduje coraz bardziej prowokujące hasła. ""Galeria"", która czeka raczej na pochód właściwy, czyli OPZZ, w końcu zaczyna odpowiadać. Harcownicy PPS się rozkręcają. Dochodzi do indywidualnych pyskówek. Wymiana zdań między jedną starszą panią sympatyzującą z ""galerią"" a drugą starszą panią z pochodu po wyjaśnieniu sobie, komu za komuny było lepiej i za czyje pieniądze kto się wykształcił w PRL, kończy się argumentami ostatecznymi: - Głupia stara baba! - A ty młoda! Młoda się znalazła. - Bój to jest nasz ostatni... - intonują manifestanci. - Ostatni, ostatni - powtarza schodowa ""galeria"". Jeden z manifestantów PPS, zirytowany jakimś okrzykiem, woła do adwersarza na schodach kościoła: - Pierwszy zginiesz. Kulka tu - i pokazuje czoło. (RP 2000)
## 2001
*Na trasie pochodu czekały jeszcze trzy grupy przeciwników Sojuszu - na schodach kościoła św. Krzyża kilkanaście osób z KPN* (Wyborcza)",,,Point,,"52.23875,21.017318","52.23875,21.017318",16,umap_backup_1-maja_warszawa9.umap,,True
1991_PL_kontra_NIEZNANY,1991,Lata,PL,Prawicowe kontry i blokady,kontra,name,,True,kontra,Counterdemonstration at the St. Cross Basilica,"Bazylika św. Krzyża, Krakowskie Przedmieście. Miejsce kontrmanifestacji i prób blokad demonstracji OPZZ

## 1990
Solidarność Walcząca: Ze schodów kościoła Św. Krzyża kilkuosobowa grupa młodzieży pod transparentem ""Solidarność Walcząca"" skandowała ""Bolszewicy do kostnicy"", ""Precz z komuną"". Rzucono 3 petardy. Pochód odpowiadał skandując: ""Demokracja"", ""Faszyści"", ""Do roboty gówniarze"" (PierwszyMaja, GW 1990)
Pochód próbowali zakłócić stojący przed wejściem do kościoła Św. Krzyża młodzi ludzie z Solidarności Walczącej obrzucając maszerujących petardami i świecami dymnymi. Wznoszono hasła: ""Precz z komuną"". Uczestnicy pochodu odpowiadali: ""Precz z faszyzmem!"", Niech żyje rząd Mazowieckiego!"" (ŻW 1990)
Na rogu Nowego Światu i Świętokrzyskiej grupa podpitych studentów Politechniki Warszawskiej kontestowała pochód OPZZ. Obwinięci czerwonymi szarfami i wymachujący czerwoną flagą młodzi ludzie nawoływali: >>Idźcie z Miodowiczem! Polska krajem Miodowiczem i mlekiem płynąca!<< (RP 1990, za Wyborczą)
## 1991
Ze schodów kościoła św. Krzyża socjaldemokraci usłyszeli, że są mordercami. Krzyczano na nich ""Precz z komuną"" i ""Żydzi do Moskwy !"". Początek pochodu domagał się poprawy warunków pracy i życia. Środek i koniec swoje myśli artykułował wyraźnie: ""Precz z Wałęsą"", ""Wałęsa do kaplicy"" i - co ciekawe - ""Precz z UB!"". Obserwatorzy marszu usłyszeli od socjaldemokratów, że są ""SS-manami i s...synami"" (GW 1991)

## 1992
Na stopniach kościoła Św. Krzyża ulokowała się niewielka grupa zwolenników ""Solidarności"", która pokrzykiwała w stronę maszerujących ""Precz z Komuną"". W zamian mogła usłyszeć zachętę ""Chodźcie z nami, bo umrzecie z głodu"" (Związkowiec 10.05, 19/1992)
Precz z komuną! Idźcie, to dojdziecie na Kołymę! - krzyczeli de maszerujących w pierwszomajowym pochodzie OPZZ ludzie stojący na stopniach kościoła iw. Krzyża. - Zdrajcy, parobki amerykańskie! Chodźcie z nami, bo z głodu umrzecie! - odkrzykiwali manifestanci. (GW)

## 1993
Zgromadzeni na schodach kościoła Św. Krzyża obrzucili manifestantów obelgami i jajami (ŻW)
Do kontrujących manifestantów ze schodów kościoła zwraca się policjant – *proszę nie rzucać, będziemy zatrzymywać!*. Ktoś krzyczy w stronę pochodu: *Rosyjskie pachołki! OPZZ, gdzie byliście w 80. latach? Nie dla was demokracja!* i dalej, *Śmierć komunie* (TVP 1993)
## 1994
Na schodach kościoła św. Krzyża zebrała się grupa kontrmanifestantów. Nie widać wśród nich jednak żadnych rekwizytów, flag partyjnych lub związkowych (Kronika Filmowa 19/1994)
## 1995
Ponaddwutysięczny pochód prowadzony przez Aleksandra Kwaśniewskiego, Ewę Spychalską, Piotra Ikonowicza i Jana Mulaka maszerował w takt marsza orkiestry dętej. Przy kościele Świętego Krzyża manifestantów wygwizdano. - Czerwoni złodzieje, pustaki, betony - krzyczeli ludzie ze schodów kościoła. (GW)
Manifestacja przeszła Krakowskim Przedmieściem, gdzie przed kościołem św. Krzyża napotkały demonstrantów okrzyki ""Precz z komuną"", do placu Teatralnego, gdzie pod pomnikiem Bohaterów Warszawy odbył się wiec ugrupowań lewicowych (Rzeczpospolita 1995)
Na nagraniu TVP widać osoby stojące na schodach kościoła, jedna z nich trzyma krzyż (TVP 1:20) 
## 1996
Uwagę moją zwróciła informacja, że w tym roku kontrmanifestanci w Warszawie wybrali sobie za miejsce zbiórki Uniwerstet a nie, jak poprzedni, kościół św. Krzyża (NTP 1996)
## 1997
Już tradycyjnie z ""trybuny honorowej""  na stopniach kościoła Św. Krzyża przywitano pochód gwizdami i obelgami; jeden z mężczyzn pokazywał ""gest Kozakiewicza"". W szacownym sąsiedztwie Uniwersytetu Warszawskiego przyczaiło się kilkudziesięciu Ligowców, sympatyków NZS i UPR. Były krzyże z napisem ""Katyń"" i płonące pochodnie (DT 1997)
## 1998
Spokojnie było na tzw. trybunie honorowej, czyli schodach kościoła Św. Krzyża. Corocznie gromadzą się tam antykomuniści, by wykrzyczeć swoją nienawiść (DT 1998)
## 1999
Na schodach kościoła zebrała się grupa osób uwieczniona na relacji z TVP. Ich interakcje z uczestnikami pochodu nie doczekały się jednak komentarza ze strony mediów (TVP 1999)
## 2000
""Gdy przechodzili przed kościołem św. Krzyża, stojący na schodach świątyni ludzie skandowali: *Komuniści; Precz z komuną;* Manifestanci odpowiadali: *Słuchaj Boga a nie księdza; Poczytajcie encykliki* (ŻW 2-3 maja 2000)
Pierwszomajowy ""pochód protestu"" OPZZ rusza, a tymczasem PPS, w oczekiwaniu na OPZZ, stanął naprzeciw schodowej ""galerii"" i skanduje coraz bardziej prowokujące hasła. ""Galeria"", która czeka raczej na pochód właściwy, czyli OPZZ, w końcu zaczyna odpowiadać. Harcownicy PPS się rozkręcają. Dochodzi do indywidualnych pyskówek. Wymiana zdań między jedną starszą panią sympatyzującą z ""galerią"" a drugą starszą panią z pochodu po wyjaśnieniu sobie, komu za komuny było lepiej i za czyje pieniądze kto się wykształcił w PRL, kończy się argumentami ostatecznymi: - Głupia stara baba! - A ty młoda! Młoda się znalazła. - Bój to jest nasz ostatni... - intonują manifestanci. - Ostatni, ostatni - powtarza schodowa ""galeria"". Jeden z manifestantów PPS, zirytowany jakimś okrzykiem, woła do adwersarza na schodach kościoła: - Pierwszy zginiesz. Kulka tu - i pokazuje czoło. (RP 2000)
## 2001
*Na trasie pochodu czekały jeszcze trzy grupy przeciwników Sojuszu - na schodach kościoła św. Krzyża kilkanaście osób z KPN* (Wyborcza)",,,Point,,"52.23875,21.017318","52.23875,21.017318",16,umap_backup_1-maja_warszawa9.umap,,True
1992_PL_kontra_NIEZNANY,1992,Lata,PL,Prawicowe kontry i blokady,kontra,name,,True,kontra,Counterdemonstration at the St. Cross Basilica,"Bazylika św. Krzyża, Krakowskie Przedmieście. Miejsce kontrmanifestacji i prób blokad demonstracji OPZZ

## 1990
Solidarność Walcząca: Ze schodów kościoła Św. Krzyża kilkuosobowa grupa młodzieży pod transparentem ""Solidarność Walcząca"" skandowała ""Bolszewicy do kostnicy"", ""Precz z komuną"". Rzucono 3 petardy. Pochód odpowiadał skandując: ""Demokracja"", ""Faszyści"", ""Do roboty gówniarze"" (PierwszyMaja, GW 1990)
Pochód próbowali zakłócić stojący przed wejściem do kościoła Św. Krzyża młodzi ludzie z Solidarności Walczącej obrzucając maszerujących petardami i świecami dymnymi. Wznoszono hasła: ""Precz z komuną"". Uczestnicy pochodu odpowiadali: ""Precz z faszyzmem!"", Niech żyje rząd Mazowieckiego!"" (ŻW 1990)
Na rogu Nowego Światu i Świętokrzyskiej grupa podpitych studentów Politechniki Warszawskiej kontestowała pochód OPZZ. Obwinięci czerwonymi szarfami i wymachujący czerwoną flagą młodzi ludzie nawoływali: >>Idźcie z Miodowiczem! Polska krajem Miodowiczem i mlekiem płynąca!<< (RP 1990, za Wyborczą)
## 1991
Ze schodów kościoła św. Krzyża socjaldemokraci usłyszeli, że są mordercami. Krzyczano na nich ""Precz z komuną"" i ""Żydzi do Moskwy !"". Początek pochodu domagał się poprawy warunków pracy i życia. Środek i koniec swoje myśli artykułował wyraźnie: ""Precz z Wałęsą"", ""Wałęsa do kaplicy"" i - co ciekawe - ""Precz z UB!"". Obserwatorzy marszu usłyszeli od socjaldemokratów, że są ""SS-manami i s...synami"" (GW 1991)

## 1992
Na stopniach kościoła Św. Krzyża ulokowała się niewielka grupa zwolenników ""Solidarności"", która pokrzykiwała w stronę maszerujących ""Precz z Komuną"". W zamian mogła usłyszeć zachętę ""Chodźcie z nami, bo umrzecie z głodu"" (Związkowiec 10.05, 19/1992)
Precz z komuną! Idźcie, to dojdziecie na Kołymę! - krzyczeli de maszerujących w pierwszomajowym pochodzie OPZZ ludzie stojący na stopniach kościoła iw. Krzyża. - Zdrajcy, parobki amerykańskie! Chodźcie z nami, bo z głodu umrzecie! - odkrzykiwali manifestanci. (GW)

## 1993
Zgromadzeni na schodach kościoła Św. Krzyża obrzucili manifestantów obelgami i jajami (ŻW)
Do kontrujących manifestantów ze schodów kościoła zwraca się policjant – *proszę nie rzucać, będziemy zatrzymywać!*. Ktoś krzyczy w stronę pochodu: *Rosyjskie pachołki! OPZZ, gdzie byliście w 80. latach? Nie dla was demokracja!* i dalej, *Śmierć komunie* (TVP 1993)
## 1994
Na schodach kościoła św. Krzyża zebrała się grupa kontrmanifestantów. Nie widać wśród nich jednak żadnych rekwizytów, flag partyjnych lub związkowych (Kronika Filmowa 19/1994)
## 1995
Ponaddwutysięczny pochód prowadzony przez Aleksandra Kwaśniewskiego, Ewę Spychalską, Piotra Ikonowicza i Jana Mulaka maszerował w takt marsza orkiestry dętej. Przy kościele Świętego Krzyża manifestantów wygwizdano. - Czerwoni złodzieje, pustaki, betony - krzyczeli ludzie ze schodów kościoła. (GW)
Manifestacja przeszła Krakowskim Przedmieściem, gdzie przed kościołem św. Krzyża napotkały demonstrantów okrzyki ""Precz z komuną"", do placu Teatralnego, gdzie pod pomnikiem Bohaterów Warszawy odbył się wiec ugrupowań lewicowych (Rzeczpospolita 1995)
Na nagraniu TVP widać osoby stojące na schodach kościoła, jedna z nich trzyma krzyż (TVP 1:20) 
## 1996
Uwagę moją zwróciła informacja, że w tym roku kontrmanifestanci w Warszawie wybrali sobie za miejsce zbiórki Uniwerstet a nie, jak poprzedni, kościół św. Krzyża (NTP 1996)
## 1997
Już tradycyjnie z ""trybuny honorowej""  na stopniach kościoła Św. Krzyża przywitano pochód gwizdami i obelgami; jeden z mężczyzn pokazywał ""gest Kozakiewicza"". W szacownym sąsiedztwie Uniwersytetu Warszawskiego przyczaiło się kilkudziesięciu Ligowców, sympatyków NZS i UPR. Były krzyże z napisem ""Katyń"" i płonące pochodnie (DT 1997)
## 1998
Spokojnie było na tzw. trybunie honorowej, czyli schodach kościoła Św. Krzyża. Corocznie gromadzą się tam antykomuniści, by wykrzyczeć swoją nienawiść (DT 1998)
## 1999
Na schodach kościoła zebrała się grupa osób uwieczniona na relacji z TVP. Ich interakcje z uczestnikami pochodu nie doczekały się jednak komentarza ze strony mediów (TVP 1999)
## 2000
""Gdy przechodzili przed kościołem św. Krzyża, stojący na schodach świątyni ludzie skandowali: *Komuniści; Precz z komuną;* Manifestanci odpowiadali: *Słuchaj Boga a nie księdza; Poczytajcie encykliki* (ŻW 2-3 maja 2000)
Pierwszomajowy ""pochód protestu"" OPZZ rusza, a tymczasem PPS, w oczekiwaniu na OPZZ, stanął naprzeciw schodowej ""galerii"" i skanduje coraz bardziej prowokujące hasła. ""Galeria"", która czeka raczej na pochód właściwy, czyli OPZZ, w końcu zaczyna odpowiadać. Harcownicy PPS się rozkręcają. Dochodzi do indywidualnych pyskówek. Wymiana zdań między jedną starszą panią sympatyzującą z ""galerią"" a drugą starszą panią z pochodu po wyjaśnieniu sobie, komu za komuny było lepiej i za czyje pieniądze kto się wykształcił w PRL, kończy się argumentami ostatecznymi: - Głupia stara baba! - A ty młoda! Młoda się znalazła. - Bój to jest nasz ostatni... - intonują manifestanci. - Ostatni, ostatni - powtarza schodowa ""galeria"". Jeden z manifestantów PPS, zirytowany jakimś okrzykiem, woła do adwersarza na schodach kościoła: - Pierwszy zginiesz. Kulka tu - i pokazuje czoło. (RP 2000)
## 2001
*Na trasie pochodu czekały jeszcze trzy grupy przeciwników Sojuszu - na schodach kościoła św. Krzyża kilkanaście osób z KPN* (Wyborcza)",,,Point,,"52.23875,21.017318","52.23875,21.017318",16,umap_backup_1-maja_warszawa9.umap,,True
1993_PL_kontra_NIEZNANY,1993,Lata,PL,Prawicowe kontry i blokady,kontra,name,,True,kontra,Counterdemonstration at the St. Cross Basilica,"Bazylika św. Krzyża, Krakowskie Przedmieście. Miejsce kontrmanifestacji i prób blokad demonstracji OPZZ

## 1990
Solidarność Walcząca: Ze schodów kościoła Św. Krzyża kilkuosobowa grupa młodzieży pod transparentem ""Solidarność Walcząca"" skandowała ""Bolszewicy do kostnicy"", ""Precz z komuną"". Rzucono 3 petardy. Pochód odpowiadał skandując: ""Demokracja"", ""Faszyści"", ""Do roboty gówniarze"" (PierwszyMaja, GW 1990)
Pochód próbowali zakłócić stojący przed wejściem do kościoła Św. Krzyża młodzi ludzie z Solidarności Walczącej obrzucając maszerujących petardami i świecami dymnymi. Wznoszono hasła: ""Precz z komuną"". Uczestnicy pochodu odpowiadali: ""Precz z faszyzmem!"", Niech żyje rząd Mazowieckiego!"" (ŻW 1990)
Na rogu Nowego Światu i Świętokrzyskiej grupa podpitych studentów Politechniki Warszawskiej kontestowała pochód OPZZ. Obwinięci czerwonymi szarfami i wymachujący czerwoną flagą młodzi ludzie nawoływali: >>Idźcie z Miodowiczem! Polska krajem Miodowiczem i mlekiem płynąca!<< (RP 1990, za Wyborczą)
## 1991
Ze schodów kościoła św. Krzyża socjaldemokraci usłyszeli, że są mordercami. Krzyczano na nich ""Precz z komuną"" i ""Żydzi do Moskwy !"". Początek pochodu domagał się poprawy warunków pracy i życia. Środek i koniec swoje myśli artykułował wyraźnie: ""Precz z Wałęsą"", ""Wałęsa do kaplicy"" i - co ciekawe - ""Precz z UB!"". Obserwatorzy marszu usłyszeli od socjaldemokratów, że są ""SS-manami i s...synami"" (GW 1991)

## 1992
Na stopniach kościoła Św. Krzyża ulokowała się niewielka grupa zwolenników ""Solidarności"", która pokrzykiwała w stronę maszerujących ""Precz z Komuną"". W zamian mogła usłyszeć zachętę ""Chodźcie z nami, bo umrzecie z głodu"" (Związkowiec 10.05, 19/1992)
Precz z komuną! Idźcie, to dojdziecie na Kołymę! - krzyczeli de maszerujących w pierwszomajowym pochodzie OPZZ ludzie stojący na stopniach kościoła iw. Krzyża. - Zdrajcy, parobki amerykańskie! Chodźcie z nami, bo z głodu umrzecie! - odkrzykiwali manifestanci. (GW)

## 1993
Zgromadzeni na schodach kościoła Św. Krzyża obrzucili manifestantów obelgami i jajami (ŻW)
Do kontrujących manifestantów ze schodów kościoła zwraca się policjant – *proszę nie rzucać, będziemy zatrzymywać!*. Ktoś krzyczy w stronę pochodu: *Rosyjskie pachołki! OPZZ, gdzie byliście w 80. latach? Nie dla was demokracja!* i dalej, *Śmierć komunie* (TVP 1993)
## 1994
Na schodach kościoła św. Krzyża zebrała się grupa kontrmanifestantów. Nie widać wśród nich jednak żadnych rekwizytów, flag partyjnych lub związkowych (Kronika Filmowa 19/1994)
## 1995
Ponaddwutysięczny pochód prowadzony przez Aleksandra Kwaśniewskiego, Ewę Spychalską, Piotra Ikonowicza i Jana Mulaka maszerował w takt marsza orkiestry dętej. Przy kościele Świętego Krzyża manifestantów wygwizdano. - Czerwoni złodzieje, pustaki, betony - krzyczeli ludzie ze schodów kościoła. (GW)
Manifestacja przeszła Krakowskim Przedmieściem, gdzie przed kościołem św. Krzyża napotkały demonstrantów okrzyki ""Precz z komuną"", do placu Teatralnego, gdzie pod pomnikiem Bohaterów Warszawy odbył się wiec ugrupowań lewicowych (Rzeczpospolita 1995)
Na nagraniu TVP widać osoby stojące na schodach kościoła, jedna z nich trzyma krzyż (TVP 1:20) 
## 1996
Uwagę moją zwróciła informacja, że w tym roku kontrmanifestanci w Warszawie wybrali sobie za miejsce zbiórki Uniwerstet a nie, jak poprzedni, kościół św. Krzyża (NTP 1996)
## 1997
Już tradycyjnie z ""trybuny honorowej""  na stopniach kościoła Św. Krzyża przywitano pochód gwizdami i obelgami; jeden z mężczyzn pokazywał ""gest Kozakiewicza"". W szacownym sąsiedztwie Uniwersytetu Warszawskiego przyczaiło się kilkudziesięciu Ligowców, sympatyków NZS i UPR. Były krzyże z napisem ""Katyń"" i płonące pochodnie (DT 1997)
## 1998
Spokojnie było na tzw. trybunie honorowej, czyli schodach kościoła Św. Krzyża. Corocznie gromadzą się tam antykomuniści, by wykrzyczeć swoją nienawiść (DT 1998)
## 1999
Na schodach kościoła zebrała się grupa osób uwieczniona na relacji z TVP. Ich interakcje z uczestnikami pochodu nie doczekały się jednak komentarza ze strony mediów (TVP 1999)
## 2000
""Gdy przechodzili przed kościołem św. Krzyża, stojący na schodach świątyni ludzie skandowali: *Komuniści; Precz z komuną;* Manifestanci odpowiadali: *Słuchaj Boga a nie księdza; Poczytajcie encykliki* (ŻW 2-3 maja 2000)
Pierwszomajowy ""pochód protestu"" OPZZ rusza, a tymczasem PPS, w oczekiwaniu na OPZZ, stanął naprzeciw schodowej ""galerii"" i skanduje coraz bardziej prowokujące hasła. ""Galeria"", która czeka raczej na pochód właściwy, czyli OPZZ, w końcu zaczyna odpowiadać. Harcownicy PPS się rozkręcają. Dochodzi do indywidualnych pyskówek. Wymiana zdań między jedną starszą panią sympatyzującą z ""galerią"" a drugą starszą panią z pochodu po wyjaśnieniu sobie, komu za komuny było lepiej i za czyje pieniądze kto się wykształcił w PRL, kończy się argumentami ostatecznymi: - Głupia stara baba! - A ty młoda! Młoda się znalazła. - Bój to jest nasz ostatni... - intonują manifestanci. - Ostatni, ostatni - powtarza schodowa ""galeria"". Jeden z manifestantów PPS, zirytowany jakimś okrzykiem, woła do adwersarza na schodach kościoła: - Pierwszy zginiesz. Kulka tu - i pokazuje czoło. (RP 2000)
## 2001
*Na trasie pochodu czekały jeszcze trzy grupy przeciwników Sojuszu - na schodach kościoła św. Krzyża kilkanaście osób z KPN* (Wyborcza)",,,Point,,"52.23875,21.017318","52.23875,21.017318",16,umap_backup_1-maja_warszawa9.umap,,True
1994_PL_kontra_NIEZNANY_a,1994,Lata,PL,Prawicowe kontry i blokady,kontra,name,,True,kontra,Counterdemonstration at the St. Cross Basilica,"Bazylika św. Krzyża, Krakowskie Przedmieście. Miejsce kontrmanifestacji i prób blokad demonstracji OPZZ

## 1990
Solidarność Walcząca: Ze schodów kościoła Św. Krzyża kilkuosobowa grupa młodzieży pod transparentem ""Solidarność Walcząca"" skandowała ""Bolszewicy do kostnicy"", ""Precz z komuną"". Rzucono 3 petardy. Pochód odpowiadał skandując: ""Demokracja"", ""Faszyści"", ""Do roboty gówniarze"" (PierwszyMaja, GW 1990)
Pochód próbowali zakłócić stojący przed wejściem do kościoła Św. Krzyża młodzi ludzie z Solidarności Walczącej obrzucając maszerujących petardami i świecami dymnymi. Wznoszono hasła: ""Precz z komuną"". Uczestnicy pochodu odpowiadali: ""Precz z faszyzmem!"", Niech żyje rząd Mazowieckiego!"" (ŻW 1990)
Na rogu Nowego Światu i Świętokrzyskiej grupa podpitych studentów Politechniki Warszawskiej kontestowała pochód OPZZ. Obwinięci czerwonymi szarfami i wymachujący czerwoną flagą młodzi ludzie nawoływali: >>Idźcie z Miodowiczem! Polska krajem Miodowiczem i mlekiem płynąca!<< (RP 1990, za Wyborczą)
## 1991
Ze schodów kościoła św. Krzyża socjaldemokraci usłyszeli, że są mordercami. Krzyczano na nich ""Precz z komuną"" i ""Żydzi do Moskwy !"". Początek pochodu domagał się poprawy warunków pracy i życia. Środek i koniec swoje myśli artykułował wyraźnie: ""Precz z Wałęsą"", ""Wałęsa do kaplicy"" i - co ciekawe - ""Precz z UB!"". Obserwatorzy marszu usłyszeli od socjaldemokratów, że są ""SS-manami i s...synami"" (GW 1991)

## 1992
Na stopniach kościoła Św. Krzyża ulokowała się niewielka grupa zwolenników ""Solidarności"", która pokrzykiwała w stronę maszerujących ""Precz z Komuną"". W zamian mogła usłyszeć zachętę ""Chodźcie z nami, bo umrzecie z głodu"" (Związkowiec 10.05, 19/1992)
Precz z komuną! Idźcie, to dojdziecie na Kołymę! - krzyczeli de maszerujących w pierwszomajowym pochodzie OPZZ ludzie stojący na stopniach kościoła iw. Krzyża. - Zdrajcy, parobki amerykańskie! Chodźcie z nami, bo z głodu umrzecie! - odkrzykiwali manifestanci. (GW)

## 1993
Zgromadzeni na schodach kościoła Św. Krzyża obrzucili manifestantów obelgami i jajami (ŻW)
Do kontrujących manifestantów ze schodów kościoła zwraca się policjant – *proszę nie rzucać, będziemy zatrzymywać!*. Ktoś krzyczy w stronę pochodu: *Rosyjskie pachołki! OPZZ, gdzie byliście w 80. latach? Nie dla was demokracja!* i dalej, *Śmierć komunie* (TVP 1993)
## 1994
Na schodach kościoła św. Krzyża zebrała się grupa kontrmanifestantów. Nie widać wśród nich jednak żadnych rekwizytów, flag partyjnych lub związkowych (Kronika Filmowa 19/1994)
## 1995
Ponaddwutysięczny pochód prowadzony przez Aleksandra Kwaśniewskiego, Ewę Spychalską, Piotra Ikonowicza i Jana Mulaka maszerował w takt marsza orkiestry dętej. Przy kościele Świętego Krzyża manifestantów wygwizdano. - Czerwoni złodzieje, pustaki, betony - krzyczeli ludzie ze schodów kościoła. (GW)
Manifestacja przeszła Krakowskim Przedmieściem, gdzie przed kościołem św. Krzyża napotkały demonstrantów okrzyki ""Precz z komuną"", do placu Teatralnego, gdzie pod pomnikiem Bohaterów Warszawy odbył się wiec ugrupowań lewicowych (Rzeczpospolita 1995)
Na nagraniu TVP widać osoby stojące na schodach kościoła, jedna z nich trzyma krzyż (TVP 1:20) 
## 1996
Uwagę moją zwróciła informacja, że w tym roku kontrmanifestanci w Warszawie wybrali sobie za miejsce zbiórki Uniwerstet a nie, jak poprzedni, kościół św. Krzyża (NTP 1996)
## 1997
Już tradycyjnie z ""trybuny honorowej""  na stopniach kościoła Św. Krzyża przywitano pochód gwizdami i obelgami; jeden z mężczyzn pokazywał ""gest Kozakiewicza"". W szacownym sąsiedztwie Uniwersytetu Warszawskiego przyczaiło się kilkudziesięciu Ligowców, sympatyków NZS i UPR. Były krzyże z napisem ""Katyń"" i płonące pochodnie (DT 1997)
## 1998
Spokojnie było na tzw. trybunie honorowej, czyli schodach kościoła Św. Krzyża. Corocznie gromadzą się tam antykomuniści, by wykrzyczeć swoją nienawiść (DT 1998)
## 1999
Na schodach kościoła zebrała się grupa osób uwieczniona na relacji z TVP. Ich interakcje z uczestnikami pochodu nie doczekały się jednak komentarza ze strony mediów (TVP 1999)
## 2000
""Gdy przechodzili przed kościołem św. Krzyża, stojący na schodach świątyni ludzie skandowali: *Komuniści; Precz z komuną;* Manifestanci odpowiadali: *Słuchaj Boga a nie księdza; Poczytajcie encykliki* (ŻW 2-3 maja 2000)
Pierwszomajowy ""pochód protestu"" OPZZ rusza, a tymczasem PPS, w oczekiwaniu na OPZZ, stanął naprzeciw schodowej ""galerii"" i skanduje coraz bardziej prowokujące hasła. ""Galeria"", która czeka raczej na pochód właściwy, czyli OPZZ, w końcu zaczyna odpowiadać. Harcownicy PPS się rozkręcają. Dochodzi do indywidualnych pyskówek. Wymiana zdań między jedną starszą panią sympatyzującą z ""galerią"" a drugą starszą panią z pochodu po wyjaśnieniu sobie, komu za komuny było lepiej i za czyje pieniądze kto się wykształcił w PRL, kończy się argumentami ostatecznymi: - Głupia stara baba! - A ty młoda! Młoda się znalazła. - Bój to jest nasz ostatni... - intonują manifestanci. - Ostatni, ostatni - powtarza schodowa ""galeria"". Jeden z manifestantów PPS, zirytowany jakimś okrzykiem, woła do adwersarza na schodach kościoła: - Pierwszy zginiesz. Kulka tu - i pokazuje czoło. (RP 2000)
## 2001
*Na trasie pochodu czekały jeszcze trzy grupy przeciwników Sojuszu - na schodach kościoła św. Krzyża kilkanaście osób z KPN* (Wyborcza)",,,Point,,"52.23875,21.017318","52.23875,21.017318",16,umap_backup_1-maja_warszawa9.umap,,True
1995_PL_kontra_NIEZNANY,1995,Lata,PL,Prawicowe kontry i blokady,kontra,name,,True,kontra,Counterdemonstration at the St. Cross Basilica,"Bazylika św. Krzyża, Krakowskie Przedmieście. Miejsce kontrmanifestacji i prób blokad demonstracji OPZZ

## 1990
Solidarność Walcząca: Ze schodów kościoła Św. Krzyża kilkuosobowa grupa młodzieży pod transparentem ""Solidarność Walcząca"" skandowała ""Bolszewicy do kostnicy"", ""Precz z komuną"". Rzucono 3 petardy. Pochód odpowiadał skandując: ""Demokracja"", ""Faszyści"", ""Do roboty gówniarze"" (PierwszyMaja, GW 1990)
Pochód próbowali zakłócić stojący przed wejściem do kościoła Św. Krzyża młodzi ludzie z Solidarności Walczącej obrzucając maszerujących petardami i świecami dymnymi. Wznoszono hasła: ""Precz z komuną"". Uczestnicy pochodu odpowiadali: ""Precz z faszyzmem!"", Niech żyje rząd Mazowieckiego!"" (ŻW 1990)
Na rogu Nowego Światu i Świętokrzyskiej grupa podpitych studentów Politechniki Warszawskiej kontestowała pochód OPZZ. Obwinięci czerwonymi szarfami i wymachujący czerwoną flagą młodzi ludzie nawoływali: >>Idźcie z Miodowiczem! Polska krajem Miodowiczem i mlekiem płynąca!<< (RP 1990, za Wyborczą)
## 1991
Ze schodów kościoła św. Krzyża socjaldemokraci usłyszeli, że są mordercami. Krzyczano na nich ""Precz z komuną"" i ""Żydzi do Moskwy !"". Początek pochodu domagał się poprawy warunków pracy i życia. Środek i koniec swoje myśli artykułował wyraźnie: ""Precz z Wałęsą"", ""Wałęsa do kaplicy"" i - co ciekawe - ""Precz z UB!"". Obserwatorzy marszu usłyszeli od socjaldemokratów, że są ""SS-manami i s...synami"" (GW 1991)

## 1992
Na stopniach kościoła Św. Krzyża ulokowała się niewielka grupa zwolenników ""Solidarności"", która pokrzykiwała w stronę maszerujących ""Precz z Komuną"". W zamian mogła usłyszeć zachętę ""Chodźcie z nami, bo umrzecie z głodu"" (Związkowiec 10.05, 19/1992)
Precz z komuną! Idźcie, to dojdziecie na Kołymę! - krzyczeli de maszerujących w pierwszomajowym pochodzie OPZZ ludzie stojący na stopniach kościoła iw. Krzyża. - Zdrajcy, parobki amerykańskie! Chodźcie z nami, bo z głodu umrzecie! - odkrzykiwali manifestanci. (GW)

## 1993
Zgromadzeni na schodach kościoła Św. Krzyża obrzucili manifestantów obelgami i jajami (ŻW)
Do kontrujących manifestantów ze schodów kościoła zwraca się policjant – *proszę nie rzucać, będziemy zatrzymywać!*. Ktoś krzyczy w stronę pochodu: *Rosyjskie pachołki! OPZZ, gdzie byliście w 80. latach? Nie dla was demokracja!* i dalej, *Śmierć komunie* (TVP 1993)
## 1994
Na schodach kościoła św. Krzyża zebrała się grupa kontrmanifestantów. Nie widać wśród nich jednak żadnych rekwizytów, flag partyjnych lub związkowych (Kronika Filmowa 19/1994)
## 1995
Ponaddwutysięczny pochód prowadzony przez Aleksandra Kwaśniewskiego, Ewę Spychalską, Piotra Ikonowicza i Jana Mulaka maszerował w takt marsza orkiestry dętej. Przy kościele Świętego Krzyża manifestantów wygwizdano. - Czerwoni złodzieje, pustaki, betony - krzyczeli ludzie ze schodów kościoła. (GW)
Manifestacja przeszła Krakowskim Przedmieściem, gdzie przed kościołem św. Krzyża napotkały demonstrantów okrzyki ""Precz z komuną"", do placu Teatralnego, gdzie pod pomnikiem Bohaterów Warszawy odbył się wiec ugrupowań lewicowych (Rzeczpospolita 1995)
Na nagraniu TVP widać osoby stojące na schodach kościoła, jedna z nich trzyma krzyż (TVP 1:20) 
## 1996
Uwagę moją zwróciła informacja, że w tym roku kontrmanifestanci w Warszawie wybrali sobie za miejsce zbiórki Uniwerstet a nie, jak poprzedni, kościół św. Krzyża (NTP 1996)
## 1997
Już tradycyjnie z ""trybuny honorowej""  na stopniach kościoła Św. Krzyża przywitano pochód gwizdami i obelgami; jeden z mężczyzn pokazywał ""gest Kozakiewicza"". W szacownym sąsiedztwie Uniwersytetu Warszawskiego przyczaiło się kilkudziesięciu Ligowców, sympatyków NZS i UPR. Były krzyże z napisem ""Katyń"" i płonące pochodnie (DT 1997)
## 1998
Spokojnie było na tzw. trybunie honorowej, czyli schodach kościoła Św. Krzyża. Corocznie gromadzą się tam antykomuniści, by wykrzyczeć swoją nienawiść (DT 1998)
## 1999
Na schodach kościoła zebrała się grupa osób uwieczniona na relacji z TVP. Ich interakcje z uczestnikami pochodu nie doczekały się jednak komentarza ze strony mediów (TVP 1999)
## 2000
""Gdy przechodzili przed kościołem św. Krzyża, stojący na schodach świątyni ludzie skandowali: *Komuniści; Precz z komuną;* Manifestanci odpowiadali: *Słuchaj Boga a nie księdza; Poczytajcie encykliki* (ŻW 2-3 maja 2000)
Pierwszomajowy ""pochód protestu"" OPZZ rusza, a tymczasem PPS, w oczekiwaniu na OPZZ, stanął naprzeciw schodowej ""galerii"" i skanduje coraz bardziej prowokujące hasła. ""Galeria"", która czeka raczej na pochód właściwy, czyli OPZZ, w końcu zaczyna odpowiadać. Harcownicy PPS się rozkręcają. Dochodzi do indywidualnych pyskówek. Wymiana zdań między jedną starszą panią sympatyzującą z ""galerią"" a drugą starszą panią z pochodu po wyjaśnieniu sobie, komu za komuny było lepiej i za czyje pieniądze kto się wykształcił w PRL, kończy się argumentami ostatecznymi: - Głupia stara baba! - A ty młoda! Młoda się znalazła. - Bój to jest nasz ostatni... - intonują manifestanci. - Ostatni, ostatni - powtarza schodowa ""galeria"". Jeden z manifestantów PPS, zirytowany jakimś okrzykiem, woła do adwersarza na schodach kościoła: - Pierwszy zginiesz. Kulka tu - i pokazuje czoło. (RP 2000)
## 2001
*Na trasie pochodu czekały jeszcze trzy grupy przeciwników Sojuszu - na schodach kościoła św. Krzyża kilkanaście osób z KPN* (Wyborcza)",,,Point,,"52.23875,21.017318","52.23875,21.017318",16,umap_backup_1-maja_warszawa9.umap,,True
1997_PL_kontra_NIEZNANY_a,1997,Lata,PL,Prawicowe kontry i blokady,kontra,name,,True,kontra,Counterdemonstration at the St. Cross Basilica,"Bazylika św. Krzyża, Krakowskie Przedmieście. Miejsce kontrmanifestacji i prób blokad demonstracji OPZZ

## 1990
Solidarność Walcząca: Ze schodów kościoła Św. Krzyża kilkuosobowa grupa młodzieży pod transparentem ""Solidarność Walcząca"" skandowała ""Bolszewicy do kostnicy"", ""Precz z komuną"". Rzucono 3 petardy. Pochód odpowiadał skandując: ""Demokracja"", ""Faszyści"", ""Do roboty gówniarze"" (PierwszyMaja, GW 1990)
Pochód próbowali zakłócić stojący przed wejściem do kościoła Św. Krzyża młodzi ludzie z Solidarności Walczącej obrzucając maszerujących petardami i świecami dymnymi. Wznoszono hasła: ""Precz z komuną"". Uczestnicy pochodu odpowiadali: ""Precz z faszyzmem!"", Niech żyje rząd Mazowieckiego!"" (ŻW 1990)
Na rogu Nowego Światu i Świętokrzyskiej grupa podpitych studentów Politechniki Warszawskiej kontestowała pochód OPZZ. Obwinięci czerwonymi szarfami i wymachujący czerwoną flagą młodzi ludzie nawoływali: >>Idźcie z Miodowiczem! Polska krajem Miodowiczem i mlekiem płynąca!<< (RP 1990, za Wyborczą)
## 1991
Ze schodów kościoła św. Krzyża socjaldemokraci usłyszeli, że są mordercami. Krzyczano na nich ""Precz z komuną"" i ""Żydzi do Moskwy !"". Początek pochodu domagał się poprawy warunków pracy i życia. Środek i koniec swoje myśli artykułował wyraźnie: ""Precz z Wałęsą"", ""Wałęsa do kaplicy"" i - co ciekawe - ""Precz z UB!"". Obserwatorzy marszu usłyszeli od socjaldemokratów, że są ""SS-manami i s...synami"" (GW 1991)

## 1992
Na stopniach kościoła Św. Krzyża ulokowała się niewielka grupa zwolenników ""Solidarności"", która pokrzykiwała w stronę maszerujących ""Precz z Komuną"". W zamian mogła usłyszeć zachętę ""Chodźcie z nami, bo umrzecie z głodu"" (Związkowiec 10.05, 19/1992)
Precz z komuną! Idźcie, to dojdziecie na Kołymę! - krzyczeli de maszerujących w pierwszomajowym pochodzie OPZZ ludzie stojący na stopniach kościoła iw. Krzyża. - Zdrajcy, parobki amerykańskie! Chodźcie z nami, bo z głodu umrzecie! - odkrzykiwali manifestanci. (GW)

## 1993
Zgromadzeni na schodach kościoła Św. Krzyża obrzucili manifestantów obelgami i jajami (ŻW)
Do kontrujących manifestantów ze schodów kościoła zwraca się policjant – *proszę nie rzucać, będziemy zatrzymywać!*. Ktoś krzyczy w stronę pochodu: *Rosyjskie pachołki! OPZZ, gdzie byliście w 80. latach? Nie dla was demokracja!* i dalej, *Śmierć komunie* (TVP 1993)
## 1994
Na schodach kościoła św. Krzyża zebrała się grupa kontrmanifestantów. Nie widać wśród nich jednak żadnych rekwizytów, flag partyjnych lub związkowych (Kronika Filmowa 19/1994)
## 1995
Ponaddwutysięczny pochód prowadzony przez Aleksandra Kwaśniewskiego, Ewę Spychalską, Piotra Ikonowicza i Jana Mulaka maszerował w takt marsza orkiestry dętej. Przy kościele Świętego Krzyża manifestantów wygwizdano. - Czerwoni złodzieje, pustaki, betony - krzyczeli ludzie ze schodów kościoła. (GW)
Manifestacja przeszła Krakowskim Przedmieściem, gdzie przed kościołem św. Krzyża napotkały demonstrantów okrzyki ""Precz z komuną"", do placu Teatralnego, gdzie pod pomnikiem Bohaterów Warszawy odbył się wiec ugrupowań lewicowych (Rzeczpospolita 1995)
Na nagraniu TVP widać osoby stojące na schodach kościoła, jedna z nich trzyma krzyż (TVP 1:20) 
## 1996
Uwagę moją zwróciła informacja, że w tym roku kontrmanifestanci w Warszawie wybrali sobie za miejsce zbiórki Uniwerstet a nie, jak poprzedni, kościół św. Krzyża (NTP 1996)
## 1997
Już tradycyjnie z ""trybuny honorowej""  na stopniach kościoła Św. Krzyża przywitano pochód gwizdami i obelgami; jeden z mężczyzn pokazywał ""gest Kozakiewicza"". W szacownym sąsiedztwie Uniwersytetu Warszawskiego przyczaiło się kilkudziesięciu Ligowców, sympatyków NZS i UPR. Były krzyże z napisem ""Katyń"" i płonące pochodnie (DT 1997)
## 1998
Spokojnie było na tzw. trybunie honorowej, czyli schodach kościoła Św. Krzyża. Corocznie gromadzą się tam antykomuniści, by wykrzyczeć swoją nienawiść (DT 1998)
## 1999
Na schodach kościoła zebrała się grupa osób uwieczniona na relacji z TVP. Ich interakcje z uczestnikami pochodu nie doczekały się jednak komentarza ze strony mediów (TVP 1999)
## 2000
""Gdy przechodzili przed kościołem św. Krzyża, stojący na schodach świątyni ludzie skandowali: *Komuniści; Precz z komuną;* Manifestanci odpowiadali: *Słuchaj Boga a nie księdza; Poczytajcie encykliki* (ŻW 2-3 maja 2000)
Pierwszomajowy ""pochód protestu"" OPZZ rusza, a tymczasem PPS, w oczekiwaniu na OPZZ, stanął naprzeciw schodowej ""galerii"" i skanduje coraz bardziej prowokujące hasła. ""Galeria"", która czeka raczej na pochód właściwy, czyli OPZZ, w końcu zaczyna odpowiadać. Harcownicy PPS się rozkręcają. Dochodzi do indywidualnych pyskówek. Wymiana zdań między jedną starszą panią sympatyzującą z ""galerią"" a drugą starszą panią z pochodu po wyjaśnieniu sobie, komu za komuny było lepiej i za czyje pieniądze kto się wykształcił w PRL, kończy się argumentami ostatecznymi: - Głupia stara baba! - A ty młoda! Młoda się znalazła. - Bój to jest nasz ostatni... - intonują manifestanci. - Ostatni, ostatni - powtarza schodowa ""galeria"". Jeden z manifestantów PPS, zirytowany jakimś okrzykiem, woła do adwersarza na schodach kościoła: - Pierwszy zginiesz. Kulka tu - i pokazuje czoło. (RP 2000)
## 2001
*Na trasie pochodu czekały jeszcze trzy grupy przeciwników Sojuszu - na schodach kościoła św. Krzyża kilkanaście osób z KPN* (Wyborcza)",,,Point,,"52.23875,21.017318","52.23875,21.017318",16,umap_backup_1-maja_warszawa9.umap,,True
1998_PL_kontra_NIEZNANY_a,1998,Lata,PL,Prawicowe kontry i blokady,kontra,name,,True,kontra,Counterdemonstration at the St. Cross Basilica,"Bazylika św. Krzyża, Krakowskie Przedmieście. Miejsce kontrmanifestacji i prób blokad demonstracji OPZZ

## 1990
Solidarność Walcząca: Ze schodów kościoła Św. Krzyża kilkuosobowa grupa młodzieży pod transparentem ""Solidarność Walcząca"" skandowała ""Bolszewicy do kostnicy"", ""Precz z komuną"". Rzucono 3 petardy. Pochód odpowiadał skandując: ""Demokracja"", ""Faszyści"", ""Do roboty gówniarze"" (PierwszyMaja, GW 1990)
Pochód próbowali zakłócić stojący przed wejściem do kościoła Św. Krzyża młodzi ludzie z Solidarności Walczącej obrzucając maszerujących petardami i świecami dymnymi. Wznoszono hasła: ""Precz z komuną"". Uczestnicy pochodu odpowiadali: ""Precz z faszyzmem!"", Niech żyje rząd Mazowieckiego!"" (ŻW 1990)
Na rogu Nowego Światu i Świętokrzyskiej grupa podpitych studentów Politechniki Warszawskiej kontestowała pochód OPZZ. Obwinięci czerwonymi szarfami i wymachujący czerwoną flagą młodzi ludzie nawoływali: >>Idźcie z Miodowiczem! Polska krajem Miodowiczem i mlekiem płynąca!<< (RP 1990, za Wyborczą)
## 1991
Ze schodów kościoła św. Krzyża socjaldemokraci usłyszeli, że są mordercami. Krzyczano na nich ""Precz z komuną"" i ""Żydzi do Moskwy !"". Początek pochodu domagał się poprawy warunków pracy i życia. Środek i koniec swoje myśli artykułował wyraźnie: ""Precz z Wałęsą"", ""Wałęsa do kaplicy"" i - co ciekawe - ""Precz z UB!"". Obserwatorzy marszu usłyszeli od socjaldemokratów, że są ""SS-manami i s...synami"" (GW 1991)

## 1992
Na stopniach kościoła Św. Krzyża ulokowała się niewielka grupa zwolenników ""Solidarności"", która pokrzykiwała w stronę maszerujących ""Precz z Komuną"". W zamian mogła usłyszeć zachętę ""Chodźcie z nami, bo umrzecie z głodu"" (Związkowiec 10.05, 19/1992)
Precz z komuną! Idźcie, to dojdziecie na Kołymę! - krzyczeli de maszerujących w pierwszomajowym pochodzie OPZZ ludzie stojący na stopniach kościoła iw. Krzyża. - Zdrajcy, parobki amerykańskie! Chodźcie z nami, bo z głodu umrzecie! - odkrzykiwali manifestanci. (GW)

## 1993
Zgromadzeni na schodach kościoła Św. Krzyża obrzucili manifestantów obelgami i jajami (ŻW)
Do kontrujących manifestantów ze schodów kościoła zwraca się policjant – *proszę nie rzucać, będziemy zatrzymywać!*. Ktoś krzyczy w stronę pochodu: *Rosyjskie pachołki! OPZZ, gdzie byliście w 80. latach? Nie dla was demokracja!* i dalej, *Śmierć komunie* (TVP 1993)
## 1994
Na schodach kościoła św. Krzyża zebrała się grupa kontrmanifestantów. Nie widać wśród nich jednak żadnych rekwizytów, flag partyjnych lub związkowych (Kronika Filmowa 19/1994)
## 1995
Ponaddwutysięczny pochód prowadzony przez Aleksandra Kwaśniewskiego, Ewę Spychalską, Piotra Ikonowicza i Jana Mulaka maszerował w takt marsza orkiestry dętej. Przy kościele Świętego Krzyża manifestantów wygwizdano. - Czerwoni złodzieje, pustaki, betony - krzyczeli ludzie ze schodów kościoła. (GW)
Manifestacja przeszła Krakowskim Przedmieściem, gdzie przed kościołem św. Krzyża napotkały demonstrantów okrzyki ""Precz z komuną"", do placu Teatralnego, gdzie pod pomnikiem Bohaterów Warszawy odbył się wiec ugrupowań lewicowych (Rzeczpospolita 1995)
Na nagraniu TVP widać osoby stojące na schodach kościoła, jedna z nich trzyma krzyż (TVP 1:20) 
## 1996
Uwagę moją zwróciła informacja, że w tym roku kontrmanifestanci w Warszawie wybrali sobie za miejsce zbiórki Uniwerstet a nie, jak poprzedni, kościół św. Krzyża (NTP 1996)
## 1997
Już tradycyjnie z ""trybuny honorowej""  na stopniach kościoła Św. Krzyża przywitano pochód gwizdami i obelgami; jeden z mężczyzn pokazywał ""gest Kozakiewicza"". W szacownym sąsiedztwie Uniwersytetu Warszawskiego przyczaiło się kilkudziesięciu Ligowców, sympatyków NZS i UPR. Były krzyże z napisem ""Katyń"" i płonące pochodnie (DT 1997)
## 1998
Spokojnie było na tzw. trybunie honorowej, czyli schodach kościoła Św. Krzyża. Corocznie gromadzą się tam antykomuniści, by wykrzyczeć swoją nienawiść (DT 1998)
## 1999
Na schodach kościoła zebrała się grupa osób uwieczniona na relacji z TVP. Ich interakcje z uczestnikami pochodu nie doczekały się jednak komentarza ze strony mediów (TVP 1999)
## 2000
""Gdy przechodzili przed kościołem św. Krzyża, stojący na schodach świątyni ludzie skandowali: *Komuniści; Precz z komuną;* Manifestanci odpowiadali: *Słuchaj Boga a nie księdza; Poczytajcie encykliki* (ŻW 2-3 maja 2000)
Pierwszomajowy ""pochód protestu"" OPZZ rusza, a tymczasem PPS, w oczekiwaniu na OPZZ, stanął naprzeciw schodowej ""galerii"" i skanduje coraz bardziej prowokujące hasła. ""Galeria"", która czeka raczej na pochód właściwy, czyli OPZZ, w końcu zaczyna odpowiadać. Harcownicy PPS się rozkręcają. Dochodzi do indywidualnych pyskówek. Wymiana zdań między jedną starszą panią sympatyzującą z ""galerią"" a drugą starszą panią z pochodu po wyjaśnieniu sobie, komu za komuny było lepiej i za czyje pieniądze kto się wykształcił w PRL, kończy się argumentami ostatecznymi: - Głupia stara baba! - A ty młoda! Młoda się znalazła. - Bój to jest nasz ostatni... - intonują manifestanci. - Ostatni, ostatni - powtarza schodowa ""galeria"". Jeden z manifestantów PPS, zirytowany jakimś okrzykiem, woła do adwersarza na schodach kościoła: - Pierwszy zginiesz. Kulka tu - i pokazuje czoło. (RP 2000)
## 2001
*Na trasie pochodu czekały jeszcze trzy grupy przeciwników Sojuszu - na schodach kościoła św. Krzyża kilkanaście osób z KPN* (Wyborcza)",,,Point,,"52.23875,21.017318","52.23875,21.017318",16,umap_backup_1-maja_warszawa9.umap,,True
1999_PL_kontra_NIEZNANY_a,1999,Lata,PL,Prawicowe kontry i blokady,kontra,name,,True,kontra,Counterdemonstration at the St. Cross Basilica,"Bazylika św. Krzyża, Krakowskie Przedmieście. Miejsce kontrmanifestacji i prób blokad demonstracji OPZZ

## 1990
Solidarność Walcząca: Ze schodów kościoła Św. Krzyża kilkuosobowa grupa młodzieży pod transparentem ""Solidarność Walcząca"" skandowała ""Bolszewicy do kostnicy"", ""Precz z komuną"". Rzucono 3 petardy. Pochód odpowiadał skandując: ""Demokracja"", ""Faszyści"", ""Do roboty gówniarze"" (PierwszyMaja, GW 1990)
Pochód próbowali zakłócić stojący przed wejściem do kościoła Św. Krzyża młodzi ludzie z Solidarności Walczącej obrzucając maszerujących petardami i świecami dymnymi. Wznoszono hasła: ""Precz z komuną"". Uczestnicy pochodu odpowiadali: ""Precz z faszyzmem!"", Niech żyje rząd Mazowieckiego!"" (ŻW 1990)
Na rogu Nowego Światu i Świętokrzyskiej grupa podpitych studentów Politechniki Warszawskiej kontestowała pochód OPZZ. Obwinięci czerwonymi szarfami i wymachujący czerwoną flagą młodzi ludzie nawoływali: >>Idźcie z Miodowiczem! Polska krajem Miodowiczem i mlekiem płynąca!<< (RP 1990, za Wyborczą)
## 1991
Ze schodów kościoła św. Krzyża socjaldemokraci usłyszeli, że są mordercami. Krzyczano na nich ""Precz z komuną"" i ""Żydzi do Moskwy !"". Początek pochodu domagał się poprawy warunków pracy i życia. Środek i koniec swoje myśli artykułował wyraźnie: ""Precz z Wałęsą"", ""Wałęsa do kaplicy"" i - co ciekawe - ""Precz z UB!"". Obserwatorzy marszu usłyszeli od socjaldemokratów, że są ""SS-manami i s...synami"" (GW 1991)

## 1992
Na stopniach kościoła Św. Krzyża ulokowała się niewielka grupa zwolenników ""Solidarności"", która pokrzykiwała w stronę maszerujących ""Precz z Komuną"". W zamian mogła usłyszeć zachętę ""Chodźcie z nami, bo umrzecie z głodu"" (Związkowiec 10.05, 19/1992)
Precz z komuną! Idźcie, to dojdziecie na Kołymę! - krzyczeli de maszerujących w pierwszomajowym pochodzie OPZZ ludzie stojący na stopniach kościoła iw. Krzyża. - Zdrajcy, parobki amerykańskie! Chodźcie z nami, bo z głodu umrzecie! - odkrzykiwali manifestanci. (GW)

## 1993
Zgromadzeni na schodach kościoła Św. Krzyża obrzucili manifestantów obelgami i jajami (ŻW)
Do kontrujących manifestantów ze schodów kościoła zwraca się policjant – *proszę nie rzucać, będziemy zatrzymywać!*. Ktoś krzyczy w stronę pochodu: *Rosyjskie pachołki! OPZZ, gdzie byliście w 80. latach? Nie dla was demokracja!* i dalej, *Śmierć komunie* (TVP 1993)
## 1994
Na schodach kościoła św. Krzyża zebrała się grupa kontrmanifestantów. Nie widać wśród nich jednak żadnych rekwizytów, flag partyjnych lub związkowych (Kronika Filmowa 19/1994)
## 1995
Ponaddwutysięczny pochód prowadzony przez Aleksandra Kwaśniewskiego, Ewę Spychalską, Piotra Ikonowicza i Jana Mulaka maszerował w takt marsza orkiestry dętej. Przy kościele Świętego Krzyża manifestantów wygwizdano. - Czerwoni złodzieje, pustaki, betony - krzyczeli ludzie ze schodów kościoła. (GW)
Manifestacja przeszła Krakowskim Przedmieściem, gdzie przed kościołem św. Krzyża napotkały demonstrantów okrzyki ""Precz z komuną"", do placu Teatralnego, gdzie pod pomnikiem Bohaterów Warszawy odbył się wiec ugrupowań lewicowych (Rzeczpospolita 1995)
Na nagraniu TVP widać osoby stojące na schodach kościoła, jedna z nich trzyma krzyż (TVP 1:20) 
## 1996
Uwagę moją zwróciła informacja, że w tym roku kontrmanifestanci w Warszawie wybrali sobie za miejsce zbiórki Uniwerstet a nie, jak poprzedni, kościół św. Krzyża (NTP 1996)
## 1997
Już tradycyjnie z ""trybuny honorowej""  na stopniach kościoła Św. Krzyża przywitano pochód gwizdami i obelgami; jeden z mężczyzn pokazywał ""gest Kozakiewicza"". W szacownym sąsiedztwie Uniwersytetu Warszawskiego przyczaiło się kilkudziesięciu Ligowców, sympatyków NZS i UPR. Były krzyże z napisem ""Katyń"" i płonące pochodnie (DT 1997)
## 1998
Spokojnie było na tzw. trybunie honorowej, czyli schodach kościoła Św. Krzyża. Corocznie gromadzą się tam antykomuniści, by wykrzyczeć swoją nienawiść (DT 1998)
## 1999
Na schodach kościoła zebrała się grupa osób uwieczniona na relacji z TVP. Ich interakcje z uczestnikami pochodu nie doczekały się jednak komentarza ze strony mediów (TVP 1999)
## 2000
""Gdy przechodzili przed kościołem św. Krzyża, stojący na schodach świątyni ludzie skandowali: *Komuniści; Precz z komuną;* Manifestanci odpowiadali: *Słuchaj Boga a nie księdza; Poczytajcie encykliki* (ŻW 2-3 maja 2000)
Pierwszomajowy ""pochód protestu"" OPZZ rusza, a tymczasem PPS, w oczekiwaniu na OPZZ, stanął naprzeciw schodowej ""galerii"" i skanduje coraz bardziej prowokujące hasła. ""Galeria"", która czeka raczej na pochód właściwy, czyli OPZZ, w końcu zaczyna odpowiadać. Harcownicy PPS się rozkręcają. Dochodzi do indywidualnych pyskówek. Wymiana zdań między jedną starszą panią sympatyzującą z ""galerią"" a drugą starszą panią z pochodu po wyjaśnieniu sobie, komu za komuny było lepiej i za czyje pieniądze kto się wykształcił w PRL, kończy się argumentami ostatecznymi: - Głupia stara baba! - A ty młoda! Młoda się znalazła. - Bój to jest nasz ostatni... - intonują manifestanci. - Ostatni, ostatni - powtarza schodowa ""galeria"". Jeden z manifestantów PPS, zirytowany jakimś okrzykiem, woła do adwersarza na schodach kościoła: - Pierwszy zginiesz. Kulka tu - i pokazuje czoło. (RP 2000)
## 2001
*Na trasie pochodu czekały jeszcze trzy grupy przeciwników Sojuszu - na schodach kościoła św. Krzyża kilkanaście osób z KPN* (Wyborcza)",,,Point,,"52.23875,21.017318","52.23875,21.017318",16,umap_backup_1-maja_warszawa9.umap,,True
2000_PL_kontra_NIEZNANY_b,2000,Lata,PL,Prawicowe kontry i blokady,kontra,name,,True,kontra,Counterdemonstration at the St. Cross Basilica,"Bazylika św. Krzyża, Krakowskie Przedmieście. Miejsce kontrmanifestacji i prób blokad demonstracji OPZZ

## 1990
Solidarność Walcząca: Ze schodów kościoła Św. Krzyża kilkuosobowa grupa młodzieży pod transparentem ""Solidarność Walcząca"" skandowała ""Bolszewicy do kostnicy"", ""Precz z komuną"". Rzucono 3 petardy. Pochód odpowiadał skandując: ""Demokracja"", ""Faszyści"", ""Do roboty gówniarze"" (PierwszyMaja, GW 1990)
Pochód próbowali zakłócić stojący przed wejściem do kościoła Św. Krzyża młodzi ludzie z Solidarności Walczącej obrzucając maszerujących petardami i świecami dymnymi. Wznoszono hasła: ""Precz z komuną"". Uczestnicy pochodu odpowiadali: ""Precz z faszyzmem!"", Niech żyje rząd Mazowieckiego!"" (ŻW 1990)
Na rogu Nowego Światu i Świętokrzyskiej grupa podpitych studentów Politechniki Warszawskiej kontestowała pochód OPZZ. Obwinięci czerwonymi szarfami i wymachujący czerwoną flagą młodzi ludzie nawoływali: >>Idźcie z Miodowiczem! Polska krajem Miodowiczem i mlekiem płynąca!<< (RP 1990, za Wyborczą)
## 1991
Ze schodów kościoła św. Krzyża socjaldemokraci usłyszeli, że są mordercami. Krzyczano na nich ""Precz z komuną"" i ""Żydzi do Moskwy !"". Początek pochodu domagał się poprawy warunków pracy i życia. Środek i koniec swoje myśli artykułował wyraźnie: ""Precz z Wałęsą"", ""Wałęsa do kaplicy"" i - co ciekawe - ""Precz z UB!"". Obserwatorzy marszu usłyszeli od socjaldemokratów, że są ""SS-manami i s...synami"" (GW 1991)

## 1992
Na stopniach kościoła Św. Krzyża ulokowała się niewielka grupa zwolenników ""Solidarności"", która pokrzykiwała w stronę maszerujących ""Precz z Komuną"". W zamian mogła usłyszeć zachętę ""Chodźcie z nami, bo umrzecie z głodu"" (Związkowiec 10.05, 19/1992)
Precz z komuną! Idźcie, to dojdziecie na Kołymę! - krzyczeli de maszerujących w pierwszomajowym pochodzie OPZZ ludzie stojący na stopniach kościoła iw. Krzyża. - Zdrajcy, parobki amerykańskie! Chodźcie z nami, bo z głodu umrzecie! - odkrzykiwali manifestanci. (GW)

## 1993
Zgromadzeni na schodach kościoła Św. Krzyża obrzucili manifestantów obelgami i jajami (ŻW)
Do kontrujących manifestantów ze schodów kościoła zwraca się policjant – *proszę nie rzucać, będziemy zatrzymywać!*. Ktoś krzyczy w stronę pochodu: *Rosyjskie pachołki! OPZZ, gdzie byliście w 80. latach? Nie dla was demokracja!* i dalej, *Śmierć komunie* (TVP 1993)
## 1994
Na schodach kościoła św. Krzyża zebrała się grupa kontrmanifestantów. Nie widać wśród nich jednak żadnych rekwizytów, flag partyjnych lub związkowych (Kronika Filmowa 19/1994)
## 1995
Ponaddwutysięczny pochód prowadzony przez Aleksandra Kwaśniewskiego, Ewę Spychalską, Piotra Ikonowicza i Jana Mulaka maszerował w takt marsza orkiestry dętej. Przy kościele Świętego Krzyża manifestantów wygwizdano. - Czerwoni złodzieje, pustaki, betony - krzyczeli ludzie ze schodów kościoła. (GW)
Manifestacja przeszła Krakowskim Przedmieściem, gdzie przed kościołem św. Krzyża napotkały demonstrantów okrzyki ""Precz z komuną"", do placu Teatralnego, gdzie pod pomnikiem Bohaterów Warszawy odbył się wiec ugrupowań lewicowych (Rzeczpospolita 1995)
Na nagraniu TVP widać osoby stojące na schodach kościoła, jedna z nich trzyma krzyż (TVP 1:20) 
## 1996
Uwagę moją zwróciła informacja, że w tym roku kontrmanifestanci w Warszawie wybrali sobie za miejsce zbiórki Uniwerstet a nie, jak poprzedni, kościół św. Krzyża (NTP 1996)
## 1997
Już tradycyjnie z ""trybuny honorowej""  na stopniach kościoła Św. Krzyża przywitano pochód gwizdami i obelgami; jeden z mężczyzn pokazywał ""gest Kozakiewicza"". W szacownym sąsiedztwie Uniwersytetu Warszawskiego przyczaiło się kilkudziesięciu Ligowców, sympatyków NZS i UPR. Były krzyże z napisem ""Katyń"" i płonące pochodnie (DT 1997)
## 1998
Spokojnie było na tzw. trybunie honorowej, czyli schodach kościoła Św. Krzyża. Corocznie gromadzą się tam antykomuniści, by wykrzyczeć swoją nienawiść (DT 1998)
## 1999
Na schodach kościoła zebrała się grupa osób uwieczniona na relacji z TVP. Ich interakcje z uczestnikami pochodu nie doczekały się jednak komentarza ze strony mediów (TVP 1999)
## 2000
""Gdy przechodzili przed kościołem św. Krzyża, stojący na schodach świątyni ludzie skandowali: *Komuniści; Precz z komuną;* Manifestanci odpowiadali: *Słuchaj Boga a nie księdza; Poczytajcie encykliki* (ŻW 2-3 maja 2000)
Pierwszomajowy ""pochód protestu"" OPZZ rusza, a tymczasem PPS, w oczekiwaniu na OPZZ, stanął naprzeciw schodowej ""galerii"" i skanduje coraz bardziej prowokujące hasła. ""Galeria"", która czeka raczej na pochód właściwy, czyli OPZZ, w końcu zaczyna odpowiadać. Harcownicy PPS się rozkręcają. Dochodzi do indywidualnych pyskówek. Wymiana zdań między jedną starszą panią sympatyzującą z ""galerią"" a drugą starszą panią z pochodu po wyjaśnieniu sobie, komu za komuny było lepiej i za czyje pieniądze kto się wykształcił w PRL, kończy się argumentami ostatecznymi: - Głupia stara baba! - A ty młoda! Młoda się znalazła. - Bój to jest nasz ostatni... - intonują manifestanci. - Ostatni, ostatni - powtarza schodowa ""galeria"". Jeden z manifestantów PPS, zirytowany jakimś okrzykiem, woła do adwersarza na schodach kościoła: - Pierwszy zginiesz. Kulka tu - i pokazuje czoło. (RP 2000)
## 2001
*Na trasie pochodu czekały jeszcze trzy grupy przeciwników Sojuszu - na schodach kościoła św. Krzyża kilkanaście osób z KPN* (Wyborcza)",,,Point,,"52.23875,21.017318","52.23875,21.017318",16,umap_backup_1-maja_warszawa9.umap,,True
2001_PL_kontra_NIEZNANY_a,2001,Lata,PL,Prawicowe kontry i blokady,kontra,name,,True,kontra,Counterdemonstration at the St. Cross Basilica,"Bazylika św. Krzyża, Krakowskie Przedmieście. Miejsce kontrmanifestacji i prób blokad demonstracji OPZZ

## 1990
Solidarność Walcząca: Ze schodów kościoła Św. Krzyża kilkuosobowa grupa młodzieży pod transparentem ""Solidarność Walcząca"" skandowała ""Bolszewicy do kostnicy"", ""Precz z komuną"". Rzucono 3 petardy. Pochód odpowiadał skandując: ""Demokracja"", ""Faszyści"", ""Do roboty gówniarze"" (PierwszyMaja, GW 1990)
Pochód próbowali zakłócić stojący przed wejściem do kościoła Św. Krzyża młodzi ludzie z Solidarności Walczącej obrzucając maszerujących petardami i świecami dymnymi. Wznoszono hasła: ""Precz z komuną"". Uczestnicy pochodu odpowiadali: ""Precz z faszyzmem!"", Niech żyje rząd Mazowieckiego!"" (ŻW 1990)
Na rogu Nowego Światu i Świętokrzyskiej grupa podpitych studentów Politechniki Warszawskiej kontestowała pochód OPZZ. Obwinięci czerwonymi szarfami i wymachujący czerwoną flagą młodzi ludzie nawoływali: >>Idźcie z Miodowiczem! Polska krajem Miodowiczem i mlekiem płynąca!<< (RP 1990, za Wyborczą)
## 1991
Ze schodów kościoła św. Krzyża socjaldemokraci usłyszeli, że są mordercami. Krzyczano na nich ""Precz z komuną"" i ""Żydzi do Moskwy !"". Początek pochodu domagał się poprawy warunków pracy i życia. Środek i koniec swoje myśli artykułował wyraźnie: ""Precz z Wałęsą"", ""Wałęsa do kaplicy"" i - co ciekawe - ""Precz z UB!"". Obserwatorzy marszu usłyszeli od socjaldemokratów, że są ""SS-manami i s...synami"" (GW 1991)

## 1992
Na stopniach kościoła Św. Krzyża ulokowała się niewielka grupa zwolenników ""Solidarności"", która pokrzykiwała w stronę maszerujących ""Precz z Komuną"". W zamian mogła usłyszeć zachętę ""Chodźcie z nami, bo umrzecie z głodu"" (Związkowiec 10.05, 19/1992)
Precz z komuną! Idźcie, to dojdziecie na Kołymę! - krzyczeli de maszerujących w pierwszomajowym pochodzie OPZZ ludzie stojący na stopniach kościoła iw. Krzyża. - Zdrajcy, parobki amerykańskie! Chodźcie z nami, bo z głodu umrzecie! - odkrzykiwali manifestanci. (GW)

## 1993
Zgromadzeni na schodach kościoła Św. Krzyża obrzucili manifestantów obelgami i jajami (ŻW)
Do kontrujących manifestantów ze schodów kościoła zwraca się policjant – *proszę nie rzucać, będziemy zatrzymywać!*. Ktoś krzyczy w stronę pochodu: *Rosyjskie pachołki! OPZZ, gdzie byliście w 80. latach? Nie dla was demokracja!* i dalej, *Śmierć komunie* (TVP 1993)
## 1994
Na schodach kościoła św. Krzyża zebrała się grupa kontrmanifestantów. Nie widać wśród nich jednak żadnych rekwizytów, flag partyjnych lub związkowych (Kronika Filmowa 19/1994)
## 1995
Ponaddwutysięczny pochód prowadzony przez Aleksandra Kwaśniewskiego, Ewę Spychalską, Piotra Ikonowicza i Jana Mulaka maszerował w takt marsza orkiestry dętej. Przy kościele Świętego Krzyża manifestantów wygwizdano. - Czerwoni złodzieje, pustaki, betony - krzyczeli ludzie ze schodów kościoła. (GW)
Manifestacja przeszła Krakowskim Przedmieściem, gdzie przed kościołem św. Krzyża napotkały demonstrantów okrzyki ""Precz z komuną"", do placu Teatralnego, gdzie pod pomnikiem Bohaterów Warszawy odbył się wiec ugrupowań lewicowych (Rzeczpospolita 1995)
Na nagraniu TVP widać osoby stojące na schodach kościoła, jedna z nich trzyma krzyż (TVP 1:20) 
## 1996
Uwagę moją zwróciła informacja, że w tym roku kontrmanifestanci w Warszawie wybrali sobie za miejsce zbiórki Uniwerstet a nie, jak poprzedni, kościół św. Krzyża (NTP 1996)
## 1997
Już tradycyjnie z ""trybuny honorowej""  na stopniach kościoła Św. Krzyża przywitano pochód gwizdami i obelgami; jeden z mężczyzn pokazywał ""gest Kozakiewicza"". W szacownym sąsiedztwie Uniwersytetu Warszawskiego przyczaiło się kilkudziesięciu Ligowców, sympatyków NZS i UPR. Były krzyże z napisem ""Katyń"" i płonące pochodnie (DT 1997)
## 1998
Spokojnie było na tzw. trybunie honorowej, czyli schodach kościoła Św. Krzyża. Corocznie gromadzą się tam antykomuniści, by wykrzyczeć swoją nienawiść (DT 1998)
## 1999
Na schodach kościoła zebrała się grupa osób uwieczniona na relacji z TVP. Ich interakcje z uczestnikami pochodu nie doczekały się jednak komentarza ze strony mediów (TVP 1999)
## 2000
""Gdy przechodzili przed kościołem św. Krzyża, stojący na schodach świątyni ludzie skandowali: *Komuniści; Precz z komuną;* Manifestanci odpowiadali: *Słuchaj Boga a nie księdza; Poczytajcie encykliki* (ŻW 2-3 maja 2000)
Pierwszomajowy ""pochód protestu"" OPZZ rusza, a tymczasem PPS, w oczekiwaniu na OPZZ, stanął naprzeciw schodowej ""galerii"" i skanduje coraz bardziej prowokujące hasła. ""Galeria"", która czeka raczej na pochód właściwy, czyli OPZZ, w końcu zaczyna odpowiadać. Harcownicy PPS się rozkręcają. Dochodzi do indywidualnych pyskówek. Wymiana zdań między jedną starszą panią sympatyzującą z ""galerią"" a drugą starszą panią z pochodu po wyjaśnieniu sobie, komu za komuny było lepiej i za czyje pieniądze kto się wykształcił w PRL, kończy się argumentami ostatecznymi: - Głupia stara baba! - A ty młoda! Młoda się znalazła. - Bój to jest nasz ostatni... - intonują manifestanci. - Ostatni, ostatni - powtarza schodowa ""galeria"". Jeden z manifestantów PPS, zirytowany jakimś okrzykiem, woła do adwersarza na schodach kościoła: - Pierwszy zginiesz. Kulka tu - i pokazuje czoło. (RP 2000)
## 2001
*Na trasie pochodu czekały jeszcze trzy grupy przeciwników Sojuszu - na schodach kościoła św. Krzyża kilkanaście osób z KPN* (Wyborcza)",,,Point,,"52.23875,21.017318","52.23875,21.017318",16,umap_backup_1-maja_warszawa9.umap,,True
2002_PL_kontra_NIEZNANY,2002,Lata,PL,Prawicowe kontry i blokady,kontra,warstwa,,True,kontra,Pomnik Kopernika,"## 2002
*Manifestanci otoczeni żelaznymi barierkami zgromadzili się pod pomnikiem Kopernika w bliskim sąsiedztwie ruszającego pochodu OPZZ. Haseł i transparentów było zdecydowanie więcej niż uczestników pikiety.* (Wyborcza)
- Dobrze, że ich zamknęliście w tej klatce - mówiła jedna z warszawianek do policjantów, którzy pilnowali kilkunastoosobowej demonstracji stowarzyszenia KoLiber oraz Młodzieży Wszechpolskiej i Organizacji Młodej Polski. Manifestanci otoczeni żelaznymi barierkami zgromadzili się pod pomnikiem Kopernika w bliskim sąsiedztwie ruszającego pochodu OPZZ (GW 2002)",,,Point,,"52.237867,21.018307","52.237867,21.018307",17,umap_backup_1-maja_warszawa9.umap,,True
1990_PL_demonstracja_NIEZNANY,1990,Lata,PL,Right-wing May Day,demonstracja,warstwa,,True,niezwiazkowe,"1990. Kongres Prawicy Polskiej. Dość rządów lewicy – prawda, prawica, Polska","*Kongres przeprowadzony 1 maja, ""w święto lumpeninteligencji postępowej całego świata"" zorganizowały: Liberalno-Demokratyczna Partia ""Niepodległość"", Młodzież Wszechpolska, Ruch Narodowo-Liberalny, środowisko wydawnictwa ""Słowo Narodowe"", Stronnictwo Narodowe, Unia Polityki Realnej i Związek Młodzieży Demokratycznej-Prawica* (wyborcza)",,,Point,,"52.231716,21.00734","52.231716,21.00734",0,umap_backup_1-maja_warszawa9.umap,,True
2004_PL_demonstracja_NIEZNANY_a,2004,Lata,PL,Right-wing May Day,demonstracja,name,,True,niezwiazkowe,2004 – Marsz Niepodległości LPR (przeciwko UE),"*Według policji, w manifestacji uczestniczyło około 2000 osób. Są wśród nich m.in. posłowie Ligi: Roman Giertych, Maciej Giertych, Janusz Dobrosz, Dariusz Grabowski i Bogdan Pęk. (...)  Na czele wiecu kilkanaście osób trzymało rozpiętą biało-czerwoną flagę o wymiarach 18 na 6 metrów. Mniejsze i większe flagi narodowe powiewały także wśród tłumu. Antyunijna manifestacja zakończyła się przed gmachem Sejmu, a nie jak wcześniej planowano na Placu na Rozdrożu. * (Wprost)",,2000,LineString,3091.5,"52.245739,21.013717","52.219204,21.025064",1,umap_backup_1-maja_warszawa9.umap,,True
2012_PL_demonstracja_NIEZNANY_a,2012,Lata,PL,Right-wing May Day,demonstracja,name,,True,niezwiazkowe,2012-2013. Marsz Autonomicznych Nacjonalistów,"## 2012
14:30
Podczas ponad godzinnego przemarszu uczestnicy skandowali m.in. ""Nadchodzą, nadchodzą nacjonaliści"". Pochód nacjonalistów wyruszył ok. godz. 14.30 z placu Na Rozdrożu, sprzed pomnika Romana Dmowskiego i przeszedł Al. Ujazdowskimi, Nowym Światem, Al. Jerozolimskimi, Marszałkowską do Placu Konstytucji. Pochód otaczał kordon policji. (onet.pl)

## 2013. Praca w Polsce dla Polaków
13:30
Manifestacja narodowców dla ""wyrażenia społecznego niezadowolenia wobec systemu wygenerowanego przez klasę rządzącą, kastę oligarchów i dyktat międzynarodowych instytucji ekonomicznych o profilu neoliberalnym"". Na godz. 13.30 pod pomnik Romana Dmowskiego zwołują ją Autonomiczni Nacjonaliści. Na ""nacjonalistyczny 1 Maja zostali wezwani ci, którym obce są nie tylko ""wyzysk, globalizacja"", ale też ""lewacka i liberalna propaganda czy dyktatura UE"""". Demonstracja ma przejść z placu na Rozdrożu przez Aleje Ujazdowskie, Aleje Jerozolimskie, Marszałkowską na plac Konstytucji. Koniec planowany jest na godz. 17. Hasło: ""Praca w Polsce dla Polaków"". (Gazeta Wyborcza)",,500,LineString,2910.7,"52.219401,21.025169","52.222799,21.015859",2,umap_backup_1-maja_warszawa9.umap,,True
2013_PL_demonstracja_NIEZNANY_a,2013,Lata,PL,Right-wing May Day,demonstracja,name,,True,niezwiazkowe,2012-2013. Marsz Autonomicznych Nacjonalistów,"## 2012
14:30
Podczas ponad godzinnego przemarszu uczestnicy skandowali m.in. ""Nadchodzą, nadchodzą nacjonaliści"". Pochód nacjonalistów wyruszył ok. godz. 14.30 z placu Na Rozdrożu, sprzed pomnika Romana Dmowskiego i przeszedł Al. Ujazdowskimi, Nowym Światem, Al. Jerozolimskimi, Marszałkowską do Placu Konstytucji. Pochód otaczał kordon policji. (onet.pl)

## 2013. Praca w Polsce dla Polaków
13:30
Manifestacja narodowców dla ""wyrażenia społecznego niezadowolenia wobec systemu wygenerowanego przez klasę rządzącą, kastę oligarchów i dyktat międzynarodowych instytucji ekonomicznych o profilu neoliberalnym"". Na godz. 13.30 pod pomnik Romana Dmowskiego zwołują ją Autonomiczni Nacjonaliści. Na ""nacjonalistyczny 1 Maja zostali wezwani ci, którym obce są nie tylko ""wyzysk, globalizacja"", ale też ""lewacka i liberalna propaganda czy dyktatura UE"""". Demonstracja ma przejść z placu na Rozdrożu przez Aleje Ujazdowskie, Aleje Jerozolimskie, Marszałkowską na plac Konstytucji. Koniec planowany jest na godz. 17. Hasło: ""Praca w Polsce dla Polaków"". (Gazeta Wyborcza)",,500,LineString,2910.7,"52.219401,21.025169","52.222799,21.015859",2,umap_backup_1-maja_warszawa9.umap,,True
2014_PL_demonstracja_NIEZNANY_a,2014,Lata,PL,Right-wing May Day,demonstracja,name,,True,niezwiazkowe,2014. Marsz Autonomicznych Nacjonalistów,"## 2014
15:00
Jako miejsce zbiórki wyznaczono tradycyjnie pl. na Rozdrożu, pod pomnikiem Romana Dmowskiego. Start pochodu był zaplanowany na godzinę 15, nie obyło się jednak bez opóźnień spowodowanych częściowo przez policjantów, którzy w spisywaniu i najzwyklejszym czepianiu się ludzi znajdują wyjątkową satysfakcję. Warto w tym miejscu wspomnieć, że problemy stwarzał Urząd Miasta, który dość późno poinformował organizatorów, że pierwotnie planowana godzina zbiórki – 14 – musi zostać przesunięta. Pomimo tych trudności, szczelnie otoczona banerami, z samochodem z nagłośnieniem na przedzie kolumny, manifestacja wyruszyła kilkanaście minut po 15 al. Ujazdowskimi w kierunku Placu Zamkowego, gdzie miała się zakończyć. (autonom.pl)",,450,LineString,3119.2,"52.219795,21.025255","52.24672,21.013519",3,umap_backup_1-maja_warszawa9.umap,,True
2014_PL_demonstracja_NIEZNANY_b,2014,Lata,PL,Right-wing May Day,demonstracja,warstwa,,True,niezwiazkowe,2014. Ruch Narodowy happening,"*Pikietę przed siedzibą KE organizuje także Ruch Narodowy. Jak poinformował PAP jeden z jego liderów Krzysztof Bosak, podczas manifestacji, która rozpocznie się w południe, członkowie Ruchu będą chcieli ""zwrócić"" Unii Europejskiej flagi, zdjęte wcześniej z budynków instytucji publicznych; według niego zawieszono je bezprawnie.* (dzieje.pl)",,,Point,,"52.235563,21.011369","52.235563,21.011369",4,umap_backup_1-maja_warszawa9.umap,,True
2015_PL_demonstracja_NIEZNANY_b,2015,Lata,PL,Right-wing May Day,demonstracja,warstwa,,True,niezwiazkowe,2015. Praca w Polsce dla Polaków,"*Dzień 1 maja ma w Polsce raczej złą tradycję. Z jednej strony, to urzędowe i przymusowe „święto pracy” ery komunistycznej. 1 maja – to także dzień likwidacji polskiej państwowości i wchłonięcia naszego kraju przez Unię Europejską. Od kilku jednak lat środowiska nacjonalistyczne „odczarowują” dawne święto, czyniąc z tego dnia antysystemową, „faszystowską rekonkwistę”.* (nacjonalista.pl)

Trasa: Ogród Saski-Plac Zamkowy",,250,LineString,2109.6,"52.246039,21.013563","52.238484,21.006739",5,umap_backup_1-maja_warszawa9.umap,,True
2016_PL_demonstracja_UP,2016,Lata,PL,Right-wing May Day,demonstracja,warstwa,UP,True,niezwiazkowe,2016. Wyzysk? Imigracja? Upadek wartości? Nacjonalizm jest odpowiedzią,"15:00
(trasa na podstawie https://www.youtube.com/watch?v=zKlHbEXimR8)
*Uczestnicy akcji zebrali się o godzinie 15:00 przy wejściu do Ogrodu Saskiego, skąd po kilku minutach wyruszono głównymi ulicami miasta prezentując (okrzykami oraz transparentami) korzystającym z wolnego dnia spacerowiczom nacjonalistyczne hasła. Przed wymarszem ulicami jeden z warszawskich nacjonalistów wygłosił przemówienie dotyczące celów manifestacji. Jego znaczną część poświęcono umowie handlowej pomiędzy Unią Europejską a Stanami Zjednoczonymi, tzw. Transantlantyckiemu Partnerstwu w Dziedzinie Handlu i Inwestycji (w skrócie: TTIP), której negatywne skutki będziemy odczuwać także na polskim rynku.* (autonom.pl)

*Niestety, był to najmniej liczny pochód na przestrzeni ostatnich lat, gdyż zebrało się na nim +/- 150 osób, co jak na stołeczne warunki oraz – a może przede wszystkim – organizację grup Autonomicznych Nacjonalistów jest wynikiem zdecydowanie słabym. Smuci fakt, że niemały procent grup AN najzwyczajniej „olał” tę akcję, która uchodziła w środowisku za jedną z najważniejszych w roku. Cieszy natomiast to, że w oficjalnych organizacjach narodowych nie brak osób o prospołecznych przekonaniach, w związku z czym przedstawiciele wyżej wymienionych formacji licznie stawili się na tym **pochodzie**.* (autonom.pl)",,150,LineString,2147.5,"52.238287,21.006718","52.246584,21.01337",6,umap_backup_1-maja_warszawa9.umap,,True
2018_PL_demonstracja_NIEZNANY_b,2018,Lata,PL,Right-wing May Day,demonstracja,warstwa,,True,niezwiazkowe,2018. Szturmowe Święto Pracy,"16:00
Marsz pierwszomajowy organizacji narodowych. Zatrzymany przy Pałacu Staszica blokadą Obywateli RP / Strajku Kobiet / Pracowniczej Demokracji.

*Pomimo problemów, jakie na trasie sprawiali policjanci usiłujący namawiać organizatorów do rozwiązania zgromadzenia, pochód przeszedł **reprezentatywnymi** ulicami Warszawy – Nowym Światem i ul. Świętokrzyską – pod Ministerstwo Finansów, gdzie zgromadzeni wysłuchali przemówienia.* (autonom.pl)

*Była to grupa ok. 50 szturmowców, przeciwko którym stanęła nieco większa liczba antyfaszystów. A dookoła jednych i drugich duża liczba policjantów. Policyjne radiowozy zajmowały oba pasy przez cały Nowy Świat.* (oko.press)",,50,LineString,1216.3,"52.236782,21.016524","52.246642,21.013389",7,umap_backup_1-maja_warszawa9.umap,,True
2019_PL_demonstracja_NIEZNANY_a,2019,Lata,PL,Right-wing May Day,demonstracja,name,,True,niezwiazkowe,2019 – Marsz Suwerenności. Stop dyktatowi Berlina i Brukseli,"Marsz Suwerenności – Konfederacja KORWiN Braun Liroy Narodowcy (13:30). Trasa: pl. Zamkowy – Komisja Europejska (ul. Jasna/Świętokrzyska).

*- 1 maja to dzień, który nie niesie ze sobą dobrych skojarzeń. Komunistyczne święto wraz z organizowanymi przez lata pochodami pierwszomajowymi oraz wejście Polski do eurokołchozu, to dwa wydarzenia, które źle zapisały się na kartach naszej historii. My zamierzamy to zmienić - powiedzieli organizatorzy.* (warszawa.naszemiasto.pl)

Frekwencja: organizatorzy - 10 000;",,3000,LineString,1543.2,"52.245739,21.013717","52.235501,21.011009",8,umap_backup_1-maja_warszawa9.umap,,True
2019_PL_demonstracja_NIEZNANY_b,2019,Lata,PL,Right-wing May Day,demonstracja,name,,True,niezwiazkowe,Komisja Europejska – cel Marszu Suwerenności 2019,"Siedziba Komisji Europejskiej, ul. Jasna 14/16a – cel marszu Konfederacji 2019.",,,Point,,"52.235304,21.011084","52.235304,21.011084",9,umap_backup_1-maja_warszawa9.umap,,True
1990_PL_demonstracja_Anarchisci,1990,Lata,PL,Anarchistyczny 1. Maja,demonstracja,warstwa,Anarchiści,False,niezwiazkowe,1990. Międzynarodówka Anarchistyczna,"13:00 Demonstracja Międzynarodówki Anarchistycznej i Lewicy Rewolucyjnej zmierza z ulicy Wareckiej w stronę Kongresu Prawicy Polskiej. *Spokojnie było do momentu, gdy z sali kongresowej wyszli krótko ogoleni panowie z pałkami, ochrona kongresu. W ich stronę posypały się petardy* (TVP)",,50,LineString,763.2,"52.23514,21.016086","52.23194,21.00792",0,umap_backup_1-maja_warszawa9.umap,,False
1991_PL_demonstracja_Anarchisci,1991,Lata,PL,Anarchistyczny 1. Maja,demonstracja,warstwa,Anarchiści,False,niezwiazkowe,1991 Międzymiastówka Anarchistyczna i Lewica Radykalna,"## 1991
Anarchiści: Rondo Dmowskiego-de Gaulle'a. Tam spotkanie z PPS: pl. Konstytucji-de Gaulle'a-Warecka. Na pochodzie PPS 16 komisji zakładowych Solidarności regionu Mazowsze, RDS Bujaka, ZNP, Soliarność Pracy. Przemówienie Ikonowicza pod Empikiem na rondzie de Gaulle'a (TVP 1991)",,30,LineString,655.7,"52.229798,21.01159","52.231743,21.020679",1,umap_backup_1-maja_warszawa9.umap,,False
1995_PL_demonstracja_Anarchisci,1995,Lata,PL,Anarchistyczny 1. Maja,demonstracja,name,Anarchiści,False,niezwiazkowe,1995. Demonstracja Anarchistyczna,"*Na pierwszomajową demonstrację antyfaszystowską przyjechało około 400 młodych ludzi z kilku miast Polski. Około południa pod Ratuszem anarchiści starli się z oddziałami policji.* Wyborcza

*Zadudnił bęben i manifestanci spróbwali ruszyć w uilcę ... z okrzykami ""politycy do kostnicy!"" - Natychmiast wystartowało kilka policyjnyc ""suk"" na sygnale wjeżdżając w tłum anarchistycznej młodzieży. Gdy samotna butelka uderzyła w przednią szybę policyjnego wozu, funkcjonariusze zaatakowali. Obrzucani butelkami i kawałkami metalu, napierw zepchnęli młodzież pod ratusz, potem spałowali i przez dwie godziny trzymali część demonstrantów w zamkniętym kordonie na Placu Bankowym. Dopiero około godziny 14 anarchiści wydostali się i przeszli triumfalnie pod McDonalda na rogu Marszałkowskiej i Świętokrzyskiej. Krzyczeli ""Ameryka do śmietnika"", szybę lokalu zabrudzili niebieską farbą* (Życie Warszawy)",,400,LineString,1061.5,"52.243454,21.002002","52.235212,21.008606",2,umap_backup_1-maja_warszawa9.umap,,False
1996_PL_demonstracja_Anarchisci,1996,Lata,PL,Anarchistyczny 1. Maja,demonstracja,warstwa,Anarchiści,False,niezwiazkowe,1996. Młodzież Przeciwko Rasizmowi,"***Komitet Obchodów 110. rocznicy Święta 1 Maja** młodych anarchistów, komunistów i socjalistów rozpocznie swój pochód o godz. 12 na pl. Bankowym, następnie Marszałkowską i Al. Jerozolimskimi przejdą pod giełdę (d. gmach KC PZPR). Organizatorzy nie oczekują wysokiej frekwencji, gdyż ogólnopolskie obchody tego święta środowiska alternatywne zaplanowały w Poznaniu.* (Wyborcza)",,500,LineString,2307.8,"52.243454,21.002002","52.231641,21.020301",3,umap_backup_1-maja_warszawa9.umap,,False
2001_PL_demonstracja_Anarchisci,2001,Lata,PL,Anarchistyczny 1. Maja,demonstracja,name,Anarchiści,False,niezwiazkowe,2001 – Ogólnopolski Marsz Protestu,"Początek o godz. 12 na skrzyżowaniu ulic Świętokrzyskiej i Marszałkowskiej. (Wyborcza)

*W Warszawie policja zatrzymała 2 osoby uczestniczące w  manifestacji anarchistów. Jedna była - wg policji - pijana i miała psa, który pogryzł policjanta. Drugą zatrzymaną osobą był młody człowiek uczestniczący w  manifestacji anarchistów, który drzewcem od flagi zaatakował policjanta. Został on przewieziony do komisariatu przy ulicy Wilczej.* (Wprost)

*Około południa kilkuset młodych ludzi zebrało się na rogu ulic Świętokrzyskiej i Marszałkowskiej. **Manifestanci przyjechali z całej Polski, a niektórzy nawet z Berlina.** Wielu niosło transparenty z radykalnymi hasłami antypolitycznymi, m.in.: ""Święto pracowników, nie polityków"", ""Precz z kapitalizmem! Samorządna Rzeczpospolita"". Pochód ruszył w stronę Nowego Światu i dalej Alejami Ujazdowskimi pod Urząd Rady Ministrów. Manifestanci zatrzymywali się kilkakrotnie, m.in. pod Ministerstwem Finansów, by wyrazić niechęć do tej instytucji. *",Dość zaciskania pasa – zaciśnij pięść!,300,LineString,3120.5,"52.23508,21.008627","52.215627,21.026073",4,umap_backup_1-maja_warszawa9.umap,,False
2003_PL_demonstracja_Anarchisci,2003,Lata,PL,Anarchistyczny 1. Maja,demonstracja,name,Anarchiści,False,niezwiazkowe,2003. M1 Demonstracja anarchistyczna,(trasa na podstawie youtube),,300,LineString,2890.2,"52.243282,21.00187","52.24171,21.020314",5,umap_backup_1-maja_warszawa9.umap,,False
2007_PL_demonstracja_Anarchisci,2007,Lata,PL,Anarchistyczny 1. Maja,demonstracja,warstwa,Anarchiści,False,niezwiazkowe,2007. 1 Maja – Odzyskaj swoje życie!,"121 lat temu, pracownicy walczyli o 8 godzinny dzień pracy.
CZY JUŻ NIE MASZ DOŚĆ PRACY W NADGODZINACH?

Start: godz. 12:00 pod PkiN od strony ul. Świętokrzyskiej

KONIEC WYZYSKU!

- ZA GODNYMI I SPRAWIEDLIWYMI WARUNKAMI PRACY
- ZA PRACĄ BEZ WYZYSKU
- ZA WSPÓŁPRACĄ PRACOWNIKÓW
- ZA ODDOLNYM KIEROWANIEM MIEJSCAMI PRACY

Trasa: Złożymy wizytę w różnych miejscach na naszej trasie. Przed każdym z nich będzie krótkie przemówienie oraz (być może) niespodzianki. Jeśli macie coś do powiedzenia, zgłoście się do nas albo poproście o tubę w czasie przemarszu.

Przystanek 1: McDonalds – Centrum Pracy
Nie chcemy McPracy!
Przystanek 2: Ministerstwo Finansów
Oszczędźcie nam Zyty Gilowskiej!
Przystanek 3: Państwowa Inspekcja Pracy
Przystanek 4: Ministerstwo Pracy i Polityki Społecznej

## Notka prasowa
*Kilkadziesiąt osób wyruszyło z pl. Defilad, krzycząc: ""Rząd na bruk, bruk na rząd"" . Pod Ministerstwem Finansów manifestanci pocięli plakat z wizerunkiem Zyty Gilowskiej. Na koniec doszli w okolice pikniku SLD i OPZZ, krzycząc: ""Powiedz nie burżuazji z SLD"", ""Precz z czerwoną burżuazją"".* (Wyborcza)",,80,LineString,3378.2,"52.234338,21.004764","52.22742,21.032515",6,umap_backup_1-maja_warszawa9.umap,,False
2008_PL_demonstracja_Anarchisci,2008,Lata,PL,Anarchistyczny 1. Maja,demonstracja,warstwa,Anarchiści,False,niezwiazkowe,2008 – Lewicowa Alternatywa / OZZ IP – „Przeciwko dyskryminacji”,"12:00. Pochód Lewicowej Alternatywy, OZZ Inicjatywa Pracownicza, Warszawskiej Grupy Anarchistycznej, „Wolność-Równość-Solidarność” i Zielonych 2004. Hasło: „Przeciwko dyskryminacji i prześladowaniom w miejscu pracy!” 

# Fragment apelu
***1 maja. Przeciwko dyskryminacji i prześladowaniom w miejscu pracy!***
*1 maja nie musi być nudnym rytuałem rodem z PRL. To okazja, aby w dniu święta ludzi pracy zaprotestować przeciwko codziennemu wyzyskowi w miejscu pracy. Dlatego też środowisko anarchistyczne w Warszawie proponuje zorganizowanie 1 maja 2008 r. demonstracji tematycznej pod hasłami:(...)**

##Relacja (Centrum Informacji Anarchistycznej)
14:25 Zakończenie manifestacji, uczestnicy rozchodzą się.

14:10 Pod Lewiatanem trwają przemówienia o kapitalistycznym ""praniu mózgu"" i anty pracowniczej propagandzie. Demonstranci spalili portret przewodniczącej Związku Pracodawców Polskich ""Lewiatan"", Henryki Bochniarz.

13:50 Demonstranci pikietują pod Lewiatanem. Wznoszą okrzyki: ""Nie będziemy elastyczni"". Trwają przemówienia o problemie elastycznego zatrudnienia i tego jak wykorzystują to pracodawcy. Lewiatan odgrodzony jest od manifestantów kordonem policji.

13:15 Demonstracja pikietuje pod Agencją Pracy Tymczasowej ""Manpower"". Trwa przemówienie o działaniach agencji, wykorzystywaniu pracownika i naginaniu prawa... Występują osoby zatrudniane przez Agencje, które straciły pracę za próbę założenia związku zawodowego.

13:10 Manifestacja minęła Komendę Policji. Skandowano hasła przeciwko policyjnym represjom. Demonstracja dalej przemieszcza się w kierunku Lewiatana. Krzyczą: ""Święto pracownika nie aparatczyka"".

12:50 Demonstracją przemieszcza się w stronę Lewiatana. Grają bębny. Wznoszą okrzyki: ""Nie będziemy elastyczni"", ""Rząd na bruk - bruk na rząd"".

12:40 Pod Ministerstwem Pracy odbył się happening anarchofeministek @-fe, w którym pokazano trudności jakie spotyka kobietę w karierze zawodowej. Następnie demonstranci przeszli pod Państwową Inspekcję Pracy na Kruczą. Przemawiał tam między innymi zwolniony z Lionbridge działacz związkowy i jednocześnie członek Związku Syndykalistów Polski. Manifestanci skandują hasła: ""Wolność - Równość - Syndykalizm"", ""Naszym Prawem - Prawo Pracy"".

**12:20 Demonstracją spotkała się z pochodem OPZZ, który został przywitany okrzykami: ""Sprzedaliście Kodeks Pracy"", ""Precz z czerwoną burżuazją"".**

12:10 Pod Ministerstwem Gospodarki trwają przemówienia. Prelegenci krytykują planowane zmiany w Kodeksie Pracy, jak też przedstawiają problem pracy tymczasowej. Jest ok. 300 osób z OZZ Inicjatywa Pracownicza, Lewicowej Alternatywy, Związku Syndykalistów Polski, Stowarzyszenia Wolność-Równość-Solidarność, Warszawskiej Grupy Anarchistycznej. Wciąż dochodzą nowe osoby. Kontrmanifestanci z ONR rozeszli się do domów po wymianie zdań ze związkowcami.

11:40 Demonstranci schodzą się pod Ministerstwo Gospodarki. Jest ok. 100 osób. Zbiera się też kontrmanifestacja ONR'u, ok. 15 osób w mundurkach.",,200,LineString,3518.6,"52.229009,21.021953","52.212587,21.025017",7,umap_backup_1-maja_warszawa9.umap,,False
2009_PL_demonstracja_Anarchisci,2009,Lata,PL,Anarchistyczny 1. Maja,demonstracja,warstwa,Anarchiści,False,niezwiazkowe,2009. ZSP. Nic o nas bez nas!,"14:00
Wydarzenie organizowane przez ZSP oraz OZZ IP. Trasa przebiega od szpiala praskiego, obok poczty polskiej, siedziby PKP, bazaru Różyckiego i pod dwoma supermarketami. W każdym z tych miejsc demonstracja zatrzymuje się, odbywają się przemówienia poświęcone symbolizowanym przez te miejsca problemom

Demonstracja udała się na piknik w Parku Skaryszewskim 

Trasa na podstawie https://www.youtube.com/watch?v=7dP6bNI1tnQ",,40,LineString,2038.4,"52.251914,21.028718","52.245122,21.049082",8,umap_backup_1-maja_warszawa9.umap,,False
2012_PL_demonstracja_Anarchisci,2012,Lata,PL,Anarchistyczny 1. Maja,demonstracja,warstwa,Anarchiści,False,niezwiazkowe,2012 ZSP. Zmowa powszechna przeciwko władzy,"O 12 na placu Bankowym rozpoczęła się demonstracja pierwszomajowa organizowana przez ZSP, która ruszyła w stronę placu ks. Twardowskiego. Tam zorganizowane zostało miasteczko antykryzysowe",,150,LineString,1716.6,"52.241859,21.015579","52.242511,21.003413",9,umap_backup_1-maja_warszawa9.umap,,False
2011_PL_wiec_OPZZ,2011,Lata,PL,OPZZ,wiec,name,OPZZ,False,zwiazkowe,2011. Wiec pierwszomajowy OPZZ,nie było pochodu (beatyfikacja Jana Pawła II) – odbył się centralny pochód w Szczecinie,Chcemy socjalnej Polski w socjalnej Europie,133,Point,,"52.23792,21.02029","52.23792,21.02029",0,umap_backup_1-maja_warszawa9.umap,,False
1990_PL_demonstracja_OPZZ,1990,Lata,PL,OPZZ,demonstracja,name,OPZZ,False,zwiazkowe,1990. OPZZ Demonstration,"Pierwsza trasa pochodów pierwszomajowych organizowanych przez OPZZ. Pochód rozpoczyna się pod siedzibą związku. Następnie przechodzi Nowym Światem, mijając kontrmanifestantów, zgromadzonych zwykle na schodach Bazyliki św. Krzyża. Zakończenie przemarszu pod pomnikiem Bohaterów Warszawy na placu Teatralnym – w tym samym miejscu, gdzie pierwsze i ostatnie uroczystości pierwszomajowe w PRL","Walczymy o Polskę wolną, demokratyczną i bezpieczną",15000,LineString,1261.3,"52.23795,21.02033","52.24413,21.01013",1,umap_backup_1-maja_warszawa9.umap,,False
1991_PL_demonstracja_OPZZ,1991,Lata,PL,OPZZ,demonstracja,name,OPZZ,False,zwiazkowe,Pochód OPZZ 1991,"Pierwsza trasa pochodów pierwszomajowych organizowanych przez OPZZ. Pochód rozpoczyna się pod siedzibą związku. Następnie przechodzi Nowym Światem, mijając kontrmanifestantów, zgromadzonych zwykle na schodach Bazyliki św. Krzyża. Zakończenie przemarszu pod pomnikiem Bohaterów Warszawy na placu Teatralnym – w tym samym miejscu, gdzie pierwsze i ostatnie uroczystości pierwszomajowe w PRL",1 maja – święto ludzkiej pracy i godności,10000,LineString,1303.9,"52.23795,21.02033","52.24413,21.01013",2,umap_backup_1-maja_warszawa9.umap,,False
1992_PL_demonstracja_OPZZ,1992,Lata,PL,OPZZ,demonstracja,name,OPZZ,False,zwiazkowe,Pochód OPZZ 1992,"Pierwsza trasa pochodów pierwszomajowych organizowanych przez OPZZ. Pochód rozpoczyna się pod siedzibą związku. Następnie przechodzi Nowym Światem, mijając kontrmanifestantów, zgromadzonych zwykle na schodach Bazyliki św. Krzyża. Zakończenie przemarszu pod pomnikiem Bohaterów Warszawy na placu Teatralnym – w tym samym miejscu, gdzie pierwsze i ostatnie uroczystości pierwszomajowe w PRL",Dzień protestu przeciwko nieudolnej polityce gospodarczej i społecznej,24000,LineString,1303.9,"52.23795,21.02033","52.24413,21.01013",3,umap_backup_1-maja_warszawa9.umap,,False
1993_PL_demonstracja_OPZZ,1993,Lata,PL,OPZZ,demonstracja,name,OPZZ,False,zwiazkowe,Pochód OPZZ 1993,"Pierwsza trasa pochodów pierwszomajowych organizowanych przez OPZZ. Pochód rozpoczyna się pod siedzibą związku. Następnie przechodzi Nowym Światem, mijając kontrmanifestantów, zgromadzonych zwykle na schodach Bazyliki św. Krzyża. Zakończenie przemarszu pod pomnikiem Bohaterów Warszawy na placu Teatralnym – w tym samym miejscu, gdzie pierwsze i ostatnie uroczystości pierwszomajowe w PRL",Ratujmy razem Polskę,8000,LineString,1303.9,"52.23795,21.02033","52.24413,21.01013",4,umap_backup_1-maja_warszawa9.umap,,False
1994_PL_demonstracja_OPZZ,1994,Lata,PL,OPZZ,demonstracja,name,OPZZ,False,zwiazkowe,Pochód OPZZ 1994,"Pierwsza trasa pochodów pierwszomajowych organizowanych przez OPZZ. Pochód rozpoczyna się pod siedzibą związku. Następnie przechodzi Nowym Światem, mijając kontrmanifestantów, zgromadzonych zwykle na schodach Bazyliki św. Krzyża. Zakończenie przemarszu pod pomnikiem Bohaterów Warszawy na placu Teatralnym – w tym samym miejscu, gdzie pierwsze i ostatnie uroczystości pierwszomajowe w PRL",Wspólna manifestacja woli budowania szerokiego frontu organizacji lewicowych,3000,LineString,1303.9,"52.23795,21.02033","52.24413,21.01013",5,umap_backup_1-maja_warszawa9.umap,,False
1995_PL_demonstracja_OPZZ,1995,Lata,PL,OPZZ,demonstracja,name,OPZZ,False,zwiazkowe,Pochód OPZZ 1995,"Pierwsza trasa pochodów pierwszomajowych organizowanych przez OPZZ. Pochód rozpoczyna się pod siedzibą związku. Następnie przechodzi Nowym Światem, mijając kontrmanifestantów, zgromadzonych zwykle na schodach Bazyliki św. Krzyża. Zakończenie przemarszu pod pomnikiem Bohaterów Warszawy na placu Teatralnym – w tym samym miejscu, gdzie pierwsze i ostatnie uroczystości pierwszomajowe w PRL",Wspólne święto związkowe. Dzień walki o stały rozwój gospodarczy,4500,LineString,1303.9,"52.23795,21.02033","52.24413,21.01013",6,umap_backup_1-maja_warszawa9.umap,,False
1996_PL_demonstracja_OPZZ,1996,Lata,PL,OPZZ,demonstracja,name,OPZZ,False,zwiazkowe,Pochód OPZZ 1996,,Manifestacja jedności lewicy i godności ludzi pracy,4500,LineString,1738.1,"52.23795,21.02033","52.23574,21.00346",7,umap_backup_1-maja_warszawa9.umap,,False
1997_PL_demonstracja_OPZZ,1997,Lata,PL,OPZZ,demonstracja,name,OPZZ,False,zwiazkowe,Pochód OPZZ 1997,,Dzień solidarności wszystkich ludzi pracy i dzień nowej konstytucji,2500,LineString,1738.1,"52.23795,21.02033","52.23574,21.00346",8,umap_backup_1-maja_warszawa9.umap,,False
1998_PL_demonstracja_OPZZ,1998,Lata,PL,OPZZ,demonstracja,name,OPZZ,False,zwiazkowe,Pochód OPZZ 1998,,Dzień walki o solidarność ludzi pracy i pakt dla polskiej rodziny. 1 maja naszym świętem; Chcemy Paktu dla polskiej rodziny; Tanie Leki do Apteki,4000,LineString,1738.1,"52.23795,21.02033","52.23574,21.00346",9,umap_backup_1-maja_warszawa9.umap,,False
1999_PL_demonstracja_OPZZ,1999,Lata,PL,OPZZ,demonstracja,name,OPZZ,False,zwiazkowe,Pochód OPZZ 1999,,Dzień protestu przeciwko rządom prawicy; Chleba i pracy,9200,LineString,1738.1,"52.23795,21.02033","52.23574,21.00346",10,umap_backup_1-maja_warszawa9.umap,,False
2000_PL_demonstracja_OPZZ,2000,Lata,PL,OPZZ,demonstracja,name,OPZZ,False,zwiazkowe,Pochód OPZZ 2000,,1 Maja – dniem naszego protestu; Chcemy Pracy; Dość bezrobociu,2250,LineString,1738.1,"52.23795,21.02033","52.23574,21.00346",11,umap_backup_1-maja_warszawa9.umap,,False
2001_PL_demonstracja_OPZZ,2001,Lata,PL,OPZZ,demonstracja,name,OPZZ,False,zwiazkowe,Pochód OPZZ 2001,,Dzień protestu przeciwko polityce rządu,7500,LineString,1738.1,"52.23795,21.02033","52.23574,21.00346",12,umap_backup_1-maja_warszawa9.umap,,False
2002_PL_demonstracja_OPZZ,2002,Lata,PL,OPZZ,demonstracja,name,OPZZ,False,zwiazkowe,Pochód OPZZ 2002,"## 2003
*OPZZ nie było organizatorem pochodu z powodu biedy bezrobocia. Jego organizacją zajął się w całości SLD, a OPZZ był tylko gościem.* (Janusz Gołąb)",1 maja dniem protestu,2100,LineString,1743.1,"52.23795,21.02033","52.22562,21.02707",13,umap_backup_1-maja_warszawa9.umap,,False
2003_PL_demonstracja_OPZZ,2003,Lata,PL,OPZZ,demonstracja,name,OPZZ,False,zwiazkowe,Pochód OPZZ 2003,"## 2003
*OPZZ nie było organizatorem pochodu z powodu biedy bezrobocia. Jego organizacją zajął się w całości SLD, a OPZZ był tylko gościem.* (Janusz Gołąb)",,3333,LineString,1743.1,"52.23795,21.02033","52.22562,21.02707",14,umap_backup_1-maja_warszawa9.umap,,False
2004_PL_demonstracja_OPZZ,2004,Lata,PL,OPZZ,demonstracja,name,OPZZ,False,zwiazkowe,Pochód OPZZ 2004,,Chcemy Europy Socjalnej,667,LineString,1743.1,"52.23795,21.02033","52.22562,21.02707",15,umap_backup_1-maja_warszawa9.umap,,False
2005_PL_demonstracja_OPZZ,2005,Lata,PL,OPZZ,demonstracja,name,OPZZ,False,zwiazkowe,Pochód OPZZ 2005,,Lewica Razem (DT),663,LineString,1743.1,"52.23795,21.02033","52.22562,21.02707",16,umap_backup_1-maja_warszawa9.umap,,False
2006_PL_demonstracja_OPZZ,2006,Lata,PL,OPZZ,demonstracja,name,OPZZ,False,zwiazkowe,Pochód OPZZ 2006,"## 2003
*OPZZ nie było organizatorem pochodu z powodu biedy bezrobocia. Jego organizacją zajął się w całości SLD, a OPZZ był tylko gościem.* (Janusz Gołąb)","Upominamy się o wszystkich tych, których wykluczył kapitalizm. Jak co roku tak i dziś na sztandarach wypisujemy: pracy i chleba! Nie chcemy cudu, chcemy pracy i zabezpieczeń socjalnych",1750,LineString,1743.1,"52.23795,21.02033","52.22562,21.02707",17,umap_backup_1-maja_warszawa9.umap,,False
2007_PL_demonstracja_OPZZ,2007,Lata,PL,OPZZ,demonstracja,name,OPZZ,False,zwiazkowe,Pochód OPZZ 2007,"## 2003
*OPZZ nie było organizatorem pochodu z powodu biedy bezrobocia. Jego organizacją zajął się w całości SLD, a OPZZ był tylko gościem.* (Janusz Gołąb)",Nie damy sobie odebrać pierwszomajowej tradycji! Stare hasło 3×8 nadal aktualne,1400,LineString,1743.1,"52.23795,21.02033","52.22562,21.02707",18,umap_backup_1-maja_warszawa9.umap,,False
2008_PL_demonstracja_OPZZ,2008,Lata,PL,OPZZ,demonstracja,name,OPZZ,False,zwiazkowe,Pochód OPZZ 2008,,"Ręce precz od kodeksu pracy; Najpierw człowiek, potem zysk",2167,LineString,2663.1,"52.23795,21.02033","52.22562,21.02707",19,umap_backup_1-maja_warszawa9.umap,,False
2009_PL_demonstracja_OPZZ,2009,Lata,PL,OPZZ,demonstracja,name,OPZZ,False,zwiazkowe,Pochód OPZZ 2009,,Nie będziemy płacić za wasz kryzys!,1357,LineString,1743.1,"52.23795,21.02033","52.22562,21.02707",20,umap_backup_1-maja_warszawa9.umap,,False
2010_PL_demonstracja_OPZZ,2010,Lata,PL,OPZZ,demonstracja,name,OPZZ,False,zwiazkowe,Pochód OPZZ 2010,"## 2003
*OPZZ nie było organizatorem pochodu z powodu biedy bezrobocia. Jego organizacją zajął się w całości SLD, a OPZZ był tylko gościem.* (Janusz Gołąb)",Dzień solidarności w czasach kryzysu,440,LineString,1743.1,"52.23795,21.02033","52.22562,21.02707",21,umap_backup_1-maja_warszawa9.umap,,False
2012_PL_demonstracja_OPZZ,2012,Lata,PL,OPZZ,demonstracja,name,OPZZ,False,zwiazkowe,Pochód OPZZ 2012,,"Godna praca, godna płaca, godna emerytura",11750,LineString,2190.1,"52.23795,21.02033","52.22708,21.03307",22,umap_backup_1-maja_warszawa9.umap,,False
2013_PL_demonstracja_OPZZ,2013,Lata,PL,OPZZ,demonstracja,name,OPZZ,False,zwiazkowe,Pochód OPZZ 2013,,Godna praca – dość wyzysku!,20000,LineString,2190.1,"52.23795,21.02033","52.22708,21.03307",23,umap_backup_1-maja_warszawa9.umap,,False
2014_PL_demonstracja_OPZZ,2014,Lata,PL,OPZZ,demonstracja,name,OPZZ,False,zwiazkowe,Pochód OPZZ 2014,,Godna praca; dość umów śmieciowych,7333,LineString,2190.1,"52.23795,21.02033","52.22708,21.03307",24,umap_backup_1-maja_warszawa9.umap,,False
2016_PL_demonstracja_OPZZ,2016,Lata,PL,OPZZ,demonstracja,name,OPZZ,False,zwiazkowe,Pochód OPZZ 2016,"## 2003
*OPZZ nie było organizatorem pochodu z powodu biedy bezrobocia. Jego organizacją zajął się w całości SLD, a OPZZ był tylko gościem.* (Janusz Gołąb)","Dobra zmiana to godna praca, płaca i emerytura",3667,LineString,1743.1,"52.23795,21.02033","52.22562,21.02707",25,umap_backup_1-maja_warszawa9.umap,,False
2017_PL_demonstracja_OPZZ,2017,Lata,PL,OPZZ,demonstracja,name,OPZZ,False,zwiazkowe,Pochód OPZZ 2017,,"Przywróćmy godną pracę; Konstytucja naszym prawem; Dobra zmiana to godna praca, płaca i emerytura",650,LineString,1119.8,"52.23795,21.02033","52.24574,21.01372",26,umap_backup_1-maja_warszawa9.umap,,False
2018_PL_demonstracja_OPZZ,2018,Lata,PL,OPZZ,demonstracja,name,OPZZ,False,zwiazkowe,Pochód OPZZ 2018,,Polska potrzebuje wyższych płac!,775,LineString,1119.8,"52.23795,21.02033","52.24574,21.01372",27,umap_backup_1-maja_warszawa9.umap,,False
2002_PL_demonstracja_OPZZ_a,2002,Lata,PL,OPZZ,demonstracja,warstwa,OPZZ,False,zwiazkowe,Sejm RP,,,,Point,,"52.2256155,21.0270682","52.2256155,21.0270682",28,umap_backup_1-maja_warszawa9.umap,,False
2003_PL_demonstracja_OPZZ_a,2003,Lata,PL,OPZZ,demonstracja,warstwa,OPZZ,False,zwiazkowe,Sejm RP,,,,Point,,"52.2256155,21.0270682","52.2256155,21.0270682",28,umap_backup_1-maja_warszawa9.umap,,False
2004_PL_demonstracja_OPZZ_a,2004,Lata,PL,OPZZ,demonstracja,warstwa,OPZZ,False,zwiazkowe,Sejm RP,,,,Point,,"52.2256155,21.0270682","52.2256155,21.0270682",28,umap_backup_1-maja_warszawa9.umap,,False
2005_PL_demonstracja_OPZZ_a,2005,Lata,PL,OPZZ,demonstracja,warstwa,OPZZ,False,zwiazkowe,Sejm RP,,,,Point,,"52.2256155,21.0270682","52.2256155,21.0270682",28,umap_backup_1-maja_warszawa9.umap,,False
2006_PL_demonstracja_OPZZ_a,2006,Lata,PL,OPZZ,demonstracja,warstwa,OPZZ,False,zwiazkowe,Sejm RP,,,,Point,,"52.2256155,21.0270682","52.2256155,21.0270682",28,umap_backup_1-maja_warszawa9.umap,,False
2007_PL_demonstracja_OPZZ_a,2007,Lata,PL,OPZZ,demonstracja,warstwa,OPZZ,False,zwiazkowe,Sejm RP,,,,Point,,"52.2256155,21.0270682","52.2256155,21.0270682",28,umap_backup_1-maja_warszawa9.umap,,False
2008_PL_demonstracja_OPZZ_a,2008,Lata,PL,OPZZ,demonstracja,warstwa,OPZZ,False,zwiazkowe,Sejm RP,,,,Point,,"52.2256155,21.0270682","52.2256155,21.0270682",28,umap_backup_1-maja_warszawa9.umap,,False
2009_PL_demonstracja_OPZZ_a,2009,Lata,PL,OPZZ,demonstracja,warstwa,OPZZ,False,zwiazkowe,Sejm RP,,,,Point,,"52.2256155,21.0270682","52.2256155,21.0270682",28,umap_backup_1-maja_warszawa9.umap,,False
2010_PL_demonstracja_OPZZ_a,2010,Lata,PL,OPZZ,demonstracja,warstwa,OPZZ,False,zwiazkowe,Sejm RP,,,,Point,,"52.2256155,21.0270682","52.2256155,21.0270682",28,umap_backup_1-maja_warszawa9.umap,,False
1990_PL_demonstracja_OPZZ_a,1990,Lata,PL,OPZZ,demonstracja,warstwa,OPZZ,False,zwiazkowe,OPZZ Headquarters,"Główne miejsce wiecu pierwszomajowego OPZZ. Przemawiają tu przewodniczący OPZZ i liderzy lewicy. Punkt początkowy wszystkich pochodów OPZZ w Warszawie.

Siedziba OPZZ.
Początek pochodu: 1990-2002; 2004-2010; 2012-2014; 2016-2018
2015: Wiec rozpoczynający demonstrację Partii Zmiana
Wiec zamiast pochodu: 2011","Walczymy o Polskę wolną, demokratyczną i bezpieczną",,Point,,"52.23792,21.02029","52.23792,21.02029",29,umap_backup_1-maja_warszawa9.umap,,False
1991_PL_demonstracja_OPZZ_a,1991,Lata,PL,OPZZ,demonstracja,warstwa,OPZZ,False,zwiazkowe,OPZZ Headquarters,"Główne miejsce wiecu pierwszomajowego OPZZ. Przemawiają tu przewodniczący OPZZ i liderzy lewicy. Punkt początkowy wszystkich pochodów OPZZ w Warszawie.

Siedziba OPZZ.
Początek pochodu: 1990-2002; 2004-2010; 2012-2014; 2016-2018
2015: Wiec rozpoczynający demonstrację Partii Zmiana
Wiec zamiast pochodu: 2011","Walczymy o Polskę wolną, demokratyczną i bezpieczną",,Point,,"52.23792,21.02029","52.23792,21.02029",29,umap_backup_1-maja_warszawa9.umap,,False
1992_PL_demonstracja_OPZZ_a,1992,Lata,PL,OPZZ,demonstracja,warstwa,OPZZ,False,zwiazkowe,OPZZ Headquarters,"Główne miejsce wiecu pierwszomajowego OPZZ. Przemawiają tu przewodniczący OPZZ i liderzy lewicy. Punkt początkowy wszystkich pochodów OPZZ w Warszawie.

Siedziba OPZZ.
Początek pochodu: 1990-2002; 2004-2010; 2012-2014; 2016-2018
2015: Wiec rozpoczynający demonstrację Partii Zmiana
Wiec zamiast pochodu: 2011","Walczymy o Polskę wolną, demokratyczną i bezpieczną",,Point,,"52.23792,21.02029","52.23792,21.02029",29,umap_backup_1-maja_warszawa9.umap,,False
1993_PL_demonstracja_OPZZ_a,1993,Lata,PL,OPZZ,demonstracja,warstwa,OPZZ,False,zwiazkowe,OPZZ Headquarters,"Główne miejsce wiecu pierwszomajowego OPZZ. Przemawiają tu przewodniczący OPZZ i liderzy lewicy. Punkt początkowy wszystkich pochodów OPZZ w Warszawie.

Siedziba OPZZ.
Początek pochodu: 1990-2002; 2004-2010; 2012-2014; 2016-2018
2015: Wiec rozpoczynający demonstrację Partii Zmiana
Wiec zamiast pochodu: 2011","Walczymy o Polskę wolną, demokratyczną i bezpieczną",,Point,,"52.23792,21.02029","52.23792,21.02029",29,umap_backup_1-maja_warszawa9.umap,,False
1994_PL_demonstracja_OPZZ_a,1994,Lata,PL,OPZZ,demonstracja,warstwa,OPZZ,False,zwiazkowe,OPZZ Headquarters,"Główne miejsce wiecu pierwszomajowego OPZZ. Przemawiają tu przewodniczący OPZZ i liderzy lewicy. Punkt początkowy wszystkich pochodów OPZZ w Warszawie.

Siedziba OPZZ.
Początek pochodu: 1990-2002; 2004-2010; 2012-2014; 2016-2018
2015: Wiec rozpoczynający demonstrację Partii Zmiana
Wiec zamiast pochodu: 2011","Walczymy o Polskę wolną, demokratyczną i bezpieczną",,Point,,"52.23792,21.02029","52.23792,21.02029",29,umap_backup_1-maja_warszawa9.umap,,False
1995_PL_demonstracja_OPZZ_a,1995,Lata,PL,OPZZ,demonstracja,warstwa,OPZZ,False,zwiazkowe,OPZZ Headquarters,"Główne miejsce wiecu pierwszomajowego OPZZ. Przemawiają tu przewodniczący OPZZ i liderzy lewicy. Punkt początkowy wszystkich pochodów OPZZ w Warszawie.

Siedziba OPZZ.
Początek pochodu: 1990-2002; 2004-2010; 2012-2014; 2016-2018
2015: Wiec rozpoczynający demonstrację Partii Zmiana
Wiec zamiast pochodu: 2011","Walczymy o Polskę wolną, demokratyczną i bezpieczną",,Point,,"52.23792,21.02029","52.23792,21.02029",29,umap_backup_1-maja_warszawa9.umap,,False
1996_PL_demonstracja_OPZZ_a,1996,Lata,PL,OPZZ,demonstracja,warstwa,OPZZ,False,zwiazkowe,OPZZ Headquarters,"Główne miejsce wiecu pierwszomajowego OPZZ. Przemawiają tu przewodniczący OPZZ i liderzy lewicy. Punkt początkowy wszystkich pochodów OPZZ w Warszawie.

Siedziba OPZZ.
Początek pochodu: 1990-2002; 2004-2010; 2012-2014; 2016-2018
2015: Wiec rozpoczynający demonstrację Partii Zmiana
Wiec zamiast pochodu: 2011","Walczymy o Polskę wolną, demokratyczną i bezpieczną",,Point,,"52.23792,21.02029","52.23792,21.02029",29,umap_backup_1-maja_warszawa9.umap,,False
1997_PL_demonstracja_OPZZ_a,1997,Lata,PL,OPZZ,demonstracja,warstwa,OPZZ,False,zwiazkowe,OPZZ Headquarters,"Główne miejsce wiecu pierwszomajowego OPZZ. Przemawiają tu przewodniczący OPZZ i liderzy lewicy. Punkt początkowy wszystkich pochodów OPZZ w Warszawie.

Siedziba OPZZ.
Początek pochodu: 1990-2002; 2004-2010; 2012-2014; 2016-2018
2015: Wiec rozpoczynający demonstrację Partii Zmiana
Wiec zamiast pochodu: 2011","Walczymy o Polskę wolną, demokratyczną i bezpieczną",,Point,,"52.23792,21.02029","52.23792,21.02029",29,umap_backup_1-maja_warszawa9.umap,,False
1998_PL_demonstracja_OPZZ_a,1998,Lata,PL,OPZZ,demonstracja,warstwa,OPZZ,False,zwiazkowe,OPZZ Headquarters,"Główne miejsce wiecu pierwszomajowego OPZZ. Przemawiają tu przewodniczący OPZZ i liderzy lewicy. Punkt początkowy wszystkich pochodów OPZZ w Warszawie.

Siedziba OPZZ.
Początek pochodu: 1990-2002; 2004-2010; 2012-2014; 2016-2018
2015: Wiec rozpoczynający demonstrację Partii Zmiana
Wiec zamiast pochodu: 2011","Walczymy o Polskę wolną, demokratyczną i bezpieczną",,Point,,"52.23792,21.02029","52.23792,21.02029",29,umap_backup_1-maja_warszawa9.umap,,False
1999_PL_demonstracja_OPZZ_a,1999,Lata,PL,OPZZ,demonstracja,warstwa,OPZZ,False,zwiazkowe,OPZZ Headquarters,"Główne miejsce wiecu pierwszomajowego OPZZ. Przemawiają tu przewodniczący OPZZ i liderzy lewicy. Punkt początkowy wszystkich pochodów OPZZ w Warszawie.

Siedziba OPZZ.
Początek pochodu: 1990-2002; 2004-2010; 2012-2014; 2016-2018
2015: Wiec rozpoczynający demonstrację Partii Zmiana
Wiec zamiast pochodu: 2011","Walczymy o Polskę wolną, demokratyczną i bezpieczną",,Point,,"52.23792,21.02029","52.23792,21.02029",29,umap_backup_1-maja_warszawa9.umap,,False
2000_PL_demonstracja_OPZZ_a,2000,Lata,PL,OPZZ,demonstracja,warstwa,OPZZ,False,zwiazkowe,OPZZ Headquarters,"Główne miejsce wiecu pierwszomajowego OPZZ. Przemawiają tu przewodniczący OPZZ i liderzy lewicy. Punkt początkowy wszystkich pochodów OPZZ w Warszawie.

Siedziba OPZZ.
Początek pochodu: 1990-2002; 2004-2010; 2012-2014; 2016-2018
2015: Wiec rozpoczynający demonstrację Partii Zmiana
Wiec zamiast pochodu: 2011","Walczymy o Polskę wolną, demokratyczną i bezpieczną",,Point,,"52.23792,21.02029","52.23792,21.02029",29,umap_backup_1-maja_warszawa9.umap,,False
2001_PL_demonstracja_OPZZ_a,2001,Lata,PL,OPZZ,demonstracja,warstwa,OPZZ,False,zwiazkowe,OPZZ Headquarters,"Główne miejsce wiecu pierwszomajowego OPZZ. Przemawiają tu przewodniczący OPZZ i liderzy lewicy. Punkt początkowy wszystkich pochodów OPZZ w Warszawie.

Siedziba OPZZ.
Początek pochodu: 1990-2002; 2004-2010; 2012-2014; 2016-2018
2015: Wiec rozpoczynający demonstrację Partii Zmiana
Wiec zamiast pochodu: 2011","Walczymy o Polskę wolną, demokratyczną i bezpieczną",,Point,,"52.23792,21.02029","52.23792,21.02029",29,umap_backup_1-maja_warszawa9.umap,,False
2002_PL_demonstracja_OPZZ_b,2002,Lata,PL,OPZZ,demonstracja,warstwa,OPZZ,False,zwiazkowe,OPZZ Headquarters,"Główne miejsce wiecu pierwszomajowego OPZZ. Przemawiają tu przewodniczący OPZZ i liderzy lewicy. Punkt początkowy wszystkich pochodów OPZZ w Warszawie.

Siedziba OPZZ.
Początek pochodu: 1990-2002; 2004-2010; 2012-2014; 2016-2018
2015: Wiec rozpoczynający demonstrację Partii Zmiana
Wiec zamiast pochodu: 2011","Walczymy o Polskę wolną, demokratyczną i bezpieczną",,Point,,"52.23792,21.02029","52.23792,21.02029",29,umap_backup_1-maja_warszawa9.umap,,False
2003_PL_demonstracja_OPZZ_b,2003,Lata,PL,OPZZ,demonstracja,warstwa,OPZZ,False,zwiazkowe,OPZZ Headquarters,"Główne miejsce wiecu pierwszomajowego OPZZ. Przemawiają tu przewodniczący OPZZ i liderzy lewicy. Punkt początkowy wszystkich pochodów OPZZ w Warszawie.

Siedziba OPZZ.
Początek pochodu: 1990-2002; 2004-2010; 2012-2014; 2016-2018
2015: Wiec rozpoczynający demonstrację Partii Zmiana
Wiec zamiast pochodu: 2011","Walczymy o Polskę wolną, demokratyczną i bezpieczną",,Point,,"52.23792,21.02029","52.23792,21.02029",29,umap_backup_1-maja_warszawa9.umap,,False
2004_PL_demonstracja_OPZZ_b,2004,Lata,PL,OPZZ,demonstracja,warstwa,OPZZ,False,zwiazkowe,OPZZ Headquarters,"Główne miejsce wiecu pierwszomajowego OPZZ. Przemawiają tu przewodniczący OPZZ i liderzy lewicy. Punkt początkowy wszystkich pochodów OPZZ w Warszawie.

Siedziba OPZZ.
Początek pochodu: 1990-2002; 2004-2010; 2012-2014; 2016-2018
2015: Wiec rozpoczynający demonstrację Partii Zmiana
Wiec zamiast pochodu: 2011","Walczymy o Polskę wolną, demokratyczną i bezpieczną",,Point,,"52.23792,21.02029","52.23792,21.02029",29,umap_backup_1-maja_warszawa9.umap,,False
2005_PL_demonstracja_OPZZ_b,2005,Lata,PL,OPZZ,demonstracja,warstwa,OPZZ,False,zwiazkowe,OPZZ Headquarters,"Główne miejsce wiecu pierwszomajowego OPZZ. Przemawiają tu przewodniczący OPZZ i liderzy lewicy. Punkt początkowy wszystkich pochodów OPZZ w Warszawie.

Siedziba OPZZ.
Początek pochodu: 1990-2002; 2004-2010; 2012-2014; 2016-2018
2015: Wiec rozpoczynający demonstrację Partii Zmiana
Wiec zamiast pochodu: 2011","Walczymy o Polskę wolną, demokratyczną i bezpieczną",,Point,,"52.23792,21.02029","52.23792,21.02029",29,umap_backup_1-maja_warszawa9.umap,,False
2006_PL_demonstracja_OPZZ_b,2006,Lata,PL,OPZZ,demonstracja,warstwa,OPZZ,False,zwiazkowe,OPZZ Headquarters,"Główne miejsce wiecu pierwszomajowego OPZZ. Przemawiają tu przewodniczący OPZZ i liderzy lewicy. Punkt początkowy wszystkich pochodów OPZZ w Warszawie.

Siedziba OPZZ.
Początek pochodu: 1990-2002; 2004-2010; 2012-2014; 2016-2018
2015: Wiec rozpoczynający demonstrację Partii Zmiana
Wiec zamiast pochodu: 2011","Walczymy o Polskę wolną, demokratyczną i bezpieczną",,Point,,"52.23792,21.02029","52.23792,21.02029",29,umap_backup_1-maja_warszawa9.umap,,False
2007_PL_demonstracja_OPZZ_b,2007,Lata,PL,OPZZ,demonstracja,warstwa,OPZZ,False,zwiazkowe,OPZZ Headquarters,"Główne miejsce wiecu pierwszomajowego OPZZ. Przemawiają tu przewodniczący OPZZ i liderzy lewicy. Punkt początkowy wszystkich pochodów OPZZ w Warszawie.

Siedziba OPZZ.
Początek pochodu: 1990-2002; 2004-2010; 2012-2014; 2016-2018
2015: Wiec rozpoczynający demonstrację Partii Zmiana
Wiec zamiast pochodu: 2011","Walczymy o Polskę wolną, demokratyczną i bezpieczną",,Point,,"52.23792,21.02029","52.23792,21.02029",29,umap_backup_1-maja_warszawa9.umap,,False
2008_PL_demonstracja_OPZZ_b,2008,Lata,PL,OPZZ,demonstracja,warstwa,OPZZ,False,zwiazkowe,OPZZ Headquarters,"Główne miejsce wiecu pierwszomajowego OPZZ. Przemawiają tu przewodniczący OPZZ i liderzy lewicy. Punkt początkowy wszystkich pochodów OPZZ w Warszawie.

Siedziba OPZZ.
Początek pochodu: 1990-2002; 2004-2010; 2012-2014; 2016-2018
2015: Wiec rozpoczynający demonstrację Partii Zmiana
Wiec zamiast pochodu: 2011","Walczymy o Polskę wolną, demokratyczną i bezpieczną",,Point,,"52.23792,21.02029","52.23792,21.02029",29,umap_backup_1-maja_warszawa9.umap,,False
2009_PL_demonstracja_OPZZ_b,2009,Lata,PL,OPZZ,demonstracja,warstwa,OPZZ,False,zwiazkowe,OPZZ Headquarters,"Główne miejsce wiecu pierwszomajowego OPZZ. Przemawiają tu przewodniczący OPZZ i liderzy lewicy. Punkt początkowy wszystkich pochodów OPZZ w Warszawie.

Siedziba OPZZ.
Początek pochodu: 1990-2002; 2004-2010; 2012-2014; 2016-2018
2015: Wiec rozpoczynający demonstrację Partii Zmiana
Wiec zamiast pochodu: 2011","Walczymy o Polskę wolną, demokratyczną i bezpieczną",,Point,,"52.23792,21.02029","52.23792,21.02029",29,umap_backup_1-maja_warszawa9.umap,,False
2010_PL_demonstracja_OPZZ_b,2010,Lata,PL,OPZZ,demonstracja,warstwa,OPZZ,False,zwiazkowe,OPZZ Headquarters,"Główne miejsce wiecu pierwszomajowego OPZZ. Przemawiają tu przewodniczący OPZZ i liderzy lewicy. Punkt początkowy wszystkich pochodów OPZZ w Warszawie.

Siedziba OPZZ.
Początek pochodu: 1990-2002; 2004-2010; 2012-2014; 2016-2018
2015: Wiec rozpoczynający demonstrację Partii Zmiana
Wiec zamiast pochodu: 2011","Walczymy o Polskę wolną, demokratyczną i bezpieczną",,Point,,"52.23792,21.02029","52.23792,21.02029",29,umap_backup_1-maja_warszawa9.umap,,False
2012_PL_demonstracja_OPZZ_a,2012,Lata,PL,OPZZ,demonstracja,warstwa,OPZZ,False,zwiazkowe,OPZZ Headquarters,"Główne miejsce wiecu pierwszomajowego OPZZ. Przemawiają tu przewodniczący OPZZ i liderzy lewicy. Punkt początkowy wszystkich pochodów OPZZ w Warszawie.

Siedziba OPZZ.
Początek pochodu: 1990-2002; 2004-2010; 2012-2014; 2016-2018
2015: Wiec rozpoczynający demonstrację Partii Zmiana
Wiec zamiast pochodu: 2011","Walczymy o Polskę wolną, demokratyczną i bezpieczną",,Point,,"52.23792,21.02029","52.23792,21.02029",29,umap_backup_1-maja_warszawa9.umap,,False
2013_PL_demonstracja_OPZZ_a,2013,Lata,PL,OPZZ,demonstracja,warstwa,OPZZ,False,zwiazkowe,OPZZ Headquarters,"Główne miejsce wiecu pierwszomajowego OPZZ. Przemawiają tu przewodniczący OPZZ i liderzy lewicy. Punkt początkowy wszystkich pochodów OPZZ w Warszawie.

Siedziba OPZZ.
Początek pochodu: 1990-2002; 2004-2010; 2012-2014; 2016-2018
2015: Wiec rozpoczynający demonstrację Partii Zmiana
Wiec zamiast pochodu: 2011","Walczymy o Polskę wolną, demokratyczną i bezpieczną",,Point,,"52.23792,21.02029","52.23792,21.02029",29,umap_backup_1-maja_warszawa9.umap,,False
2014_PL_demonstracja_OPZZ_a,2014,Lata,PL,OPZZ,demonstracja,warstwa,OPZZ,False,zwiazkowe,OPZZ Headquarters,"Główne miejsce wiecu pierwszomajowego OPZZ. Przemawiają tu przewodniczący OPZZ i liderzy lewicy. Punkt początkowy wszystkich pochodów OPZZ w Warszawie.

Siedziba OPZZ.
Początek pochodu: 1990-2002; 2004-2010; 2012-2014; 2016-2018
2015: Wiec rozpoczynający demonstrację Partii Zmiana
Wiec zamiast pochodu: 2011","Walczymy o Polskę wolną, demokratyczną i bezpieczną",,Point,,"52.23792,21.02029","52.23792,21.02029",29,umap_backup_1-maja_warszawa9.umap,,False
2016_PL_demonstracja_OPZZ_a,2016,Lata,PL,OPZZ,demonstracja,warstwa,OPZZ,False,zwiazkowe,OPZZ Headquarters,"Główne miejsce wiecu pierwszomajowego OPZZ. Przemawiają tu przewodniczący OPZZ i liderzy lewicy. Punkt początkowy wszystkich pochodów OPZZ w Warszawie.

Siedziba OPZZ.
Początek pochodu: 1990-2002; 2004-2010; 2012-2014; 2016-2018
2015: Wiec rozpoczynający demonstrację Partii Zmiana
Wiec zamiast pochodu: 2011","Walczymy o Polskę wolną, demokratyczną i bezpieczną",,Point,,"52.23792,21.02029","52.23792,21.02029",29,umap_backup_1-maja_warszawa9.umap,,False
2017_PL_demonstracja_OPZZ_a,2017,Lata,PL,OPZZ,demonstracja,warstwa,OPZZ,False,zwiazkowe,OPZZ Headquarters,"Główne miejsce wiecu pierwszomajowego OPZZ. Przemawiają tu przewodniczący OPZZ i liderzy lewicy. Punkt początkowy wszystkich pochodów OPZZ w Warszawie.

Siedziba OPZZ.
Początek pochodu: 1990-2002; 2004-2010; 2012-2014; 2016-2018
2015: Wiec rozpoczynający demonstrację Partii Zmiana
Wiec zamiast pochodu: 2011","Walczymy o Polskę wolną, demokratyczną i bezpieczną",,Point,,"52.23792,21.02029","52.23792,21.02029",29,umap_backup_1-maja_warszawa9.umap,,False
2018_PL_demonstracja_OPZZ_a,2018,Lata,PL,OPZZ,demonstracja,warstwa,OPZZ,False,zwiazkowe,OPZZ Headquarters,"Główne miejsce wiecu pierwszomajowego OPZZ. Przemawiają tu przewodniczący OPZZ i liderzy lewicy. Punkt początkowy wszystkich pochodów OPZZ w Warszawie.

Siedziba OPZZ.
Początek pochodu: 1990-2002; 2004-2010; 2012-2014; 2016-2018
2015: Wiec rozpoczynający demonstrację Partii Zmiana
Wiec zamiast pochodu: 2011","Walczymy o Polskę wolną, demokratyczną i bezpieczną",,Point,,"52.23792,21.02029","52.23792,21.02029",29,umap_backup_1-maja_warszawa9.umap,,False
2001_PL_demonstracja_Parada-Rownosci,2001,Lata,PL,Parada Równości,demonstracja,warstwa,Parada Równości,False,niezwiazkowe,Parada Równości 2001,"14:00 Plac Zamkowy
*Z polityków był obecny tylko Piotr Ikonowicz, reprezentujący wtedy PPS, i Robert Biedroń, występujący jako działacz SLD* (rp.pl 2011)
* W Warszawie swoją paradę zorganizowali też geje i lesbijki, domagając się równości wobec prawa. Ich manifestacja przeszła Nowym Światem. Wzięło w niej udział około 200 osób, w tym popierający gejowskie postulaty członkowie lewicowych organizacji.* (Wyborcza, 2001)

",,200,LineString,900.8,"52.24613,21.013627","52.238451,21.017661",0,umap_backup_1-maja_warszawa9.umap,,False
2002_PL_demonstracja_Parada-Rownosci,2002,Lata,PL,Parada Równości,demonstracja,warstwa,Parada Równości,False,niezwiazkowe,Parada Równości 2002,"Spod Pomnika ruszyliśmy o 13.30, Już na początku dało się zauważyć, że jest było nas dużo więcej niż w zeszłym roku. (Niemiec, queer.pl)

*Pod Pałacem Prezydenckim wypowiadali się przedstawiciele Unii Wolności, PPS-u, a prezes KPH przeczytał manifest do polityków. Później poszliśmy pod Kolumnę Zygmunta. Nigdy nie zapomnę widoku tego tłumu, który wyszedł wtedy na ulice Warszawy, żeby pokazać, że geje i lesbijki też mają prawo do życia. Dołączyli do nas Anarchiści, Socjaliści, Robotnicy, Feministki, Niepełnosprawni i wiele innych osób, które identyfikowały się z naszymi postulatami. Ci wszyscy ludzie chwycili się z nami za ręce pod Kolumną Zygmunta, by razem zaśpiewać ""We are the world"". Wielu z nas, organizatorów, miało wtedy łzy w oczach.* (Niemiec, queer.pl)",,1500,LineString,960.2,"52.24613,21.013627","52.237997,21.018134",1,umap_backup_1-maja_warszawa9.umap,,False
2003_PL_demonstracja_Parada-Rownosci,2003,Lata,PL,Parada Równości,demonstracja,warstwa,Parada Równości,False,niezwiazkowe,Parada Równości 2003,"Pochód wyruszył punktualnie o godzinie 13.30. Jego czoło stanowiła udekorowana platforma z nagłośnieniem. (...) Trasa wiodła od Placu Zamkowego, przez Krakowie Przemieście i Nowy Świat pod gmach Sejmu, gdzie odbyła się końcowa manifestacja.

**Jedna z rozgłośni poinformowała, że Parada była największą pierwszomajową manifestacją w stolicy.** (queer.pl)",,3500,LineString,2518.7,"52.24613,21.013627","52.225539,21.027102",2,umap_backup_1-maja_warszawa9.umap,,False
1990_PL_wiec_Wizyta-Wojciecha-Jaruzelskiego-w-elektro,1990,Lata,PL,Inne wydarzenia,wiec,geometria,,True,niezwiazkowe,1990. Wizyta Wojciecha Jaruzelskiego w elektrociepłowni Żerań,"*Choć tegoroczne obchody Święta Pracy nie miały tak uroczystej oprawy, jak to bywało w minionych latach, ważne jest, aby były one nacechowane szacunkiem dia ludzkiej pracy i zrozumieniem jej ważności. Moja wizyta w Żerańskiej elektrociepłowni miała dać temu wyraz - powiedzial 1 bm. prezydent Wojciech Jaruzelski, który tego dnia odwiedził warszawskich energetyków. Prezydent złożył też kwiaty pod Bramą Straceń Cytadeli Warszawskiej i wpisał się do ksiegi pamiątkowej* (Dziennik Trybuna)",,,Point,,"52.2944909,20.9920053","52.2944909,20.9920053",0,umap_backup_1-maja_warszawa9.umap,,True
1998_PL_wiec_Niebieska-Alternatywa-Kapitalizm-jest-li,1998,Lata,PL,Inne wydarzenia,wiec,geometria,,True,niezwiazkowe,"1998. Niebieska Alternatywa. Kapitalizm jest liberalny, liberalizm jest kapitalny","*Stowarzyszenie ""Młodzi Demokraci"" o 20 planuje happening ""Niebieska alternatywa"" i będzie to ""manifestacja wyższości kapitalizmu nad socjalizmem"". Impreza odbędzie się na skwerze Hoovera. Podczas happeningu przewidziano m.in. koncert irlandzkiego bluesmana Henry'ego McCullougha, będą też cytowane najbardziej absurdalne opinie na temat kapitalizmu i gospodarki wolnorynkowej zamieszczone w ""Trybunie Ludu"".* (Wyborcza)",,,Point,,"52.244521,21.014517","52.244521,21.014517",1,umap_backup_1-maja_warszawa9.umap,,True
2011_PL_wiec_Beatification-of-John-Paul-II,2011,Lata,PL,Inne wydarzenia,wiec,geometria,,True,niezwiazkowe,2011 Beatification of John Paul II,"Około tysiąca osób mimo chłodu i deszczu zebrało się na Pl. Piłsudskiego w Warszawie, gdzie na dwóch telebimach można oglądać transmisję beatyfikacji Jana Pawła II z Watykanu. Organizatorzy przygotowali ok. tysiąca miejsc siedzących. Są one przeznaczone przede wszystkim dla osób starszych lub mających trudności z poruszaniem się. (wprost 2011)",,1000,Point,,"52.241282,21.012644","52.241282,21.012644",2,umap_backup_1-maja_warszawa9.umap,,True
2012_PL_wiec_Kongres-za-ozycielski-partii-Palikota-Ko,2012,Lata,PL,Inne wydarzenia,wiec,geometria,,True,niezwiazkowe,"2012. Kongres założycielski partii Palikota. ""Korekta kapitalizmu""","*w Pałacu Kultury o 11 odbędzie się kongres ""Korekta kapitalizmu"", a pod Pałacem demonstracja jego Ruchu.* (Wyborcza)",,,Point,,"52.231566,21.007491","52.231566,21.007491",3,umap_backup_1-maja_warszawa9.umap,,True
2014_PL_wiec_Zieloni-Partia-Zieloni-happening,2014,Lata,PL,Inne wydarzenia,wiec,geometria,Zieloni,True,niezwiazkowe,2014. Partia Zieloni happening,"*o godz. 10, happening przed siedzibą Komisji Europejskiej przy ul. Jasnej organizują Zieloni. Przedstawiciele tej partii zapowiadają symboliczne przybicie ""do drzwi Unii Europejskiej"" swoich postulatów dotyczących pracy i praw pracowniczych w Polsce i w Europie oraz wprowadzania w Polsce europejskich standardów zatrudnienia.* (dzieje.pl)",,,Point,,"52.235545,21.011272","52.235545,21.011272",4,umap_backup_1-maja_warszawa9.umap,,True
1990_PL_wiec_Solidarnosc,1990,Lata,PL,Solidarność,wiec,name,Solidarność,False,zwiazkowe,1990 Solidarność Walcząca rally,"At 9.00, SW organised a one-hour rally in Constitution Square. Clashes broke out between left-wing and right-wing groups outside the Congress Hall and on the fringes of the pluralist marches. (Solidarność Walcząca, 7.05.1990)",,,Point,,"52.221842,21.016655","52.221842,21.016655",0,umap_backup_1-maja_warszawa9.umap,,False
1990_PL_demonstracja_Solidarnosc,1990,Lata,PL,Solidarność,demonstracja,warstwa,Solidarność,False,zwiazkowe,1990-1996; 1998; 2000; 2003; 2007; 2009 Msza święta z okazji dnia św. Józefa Robotnika,"Coroczna msza pierwszomajowa Solidarności regionu Mazowsze w kościele św. Stanisława Kostki na Żoliborzu, organizowana nieprzerwanie od 1981 roku (parafia ks. Popiełuszki) (TVP 1991) 
## 1990
Kilka tysięcy osób uczestniczyło w tradycyjnej uroczystej mszy w kościele św. Stanisława Kostki. Rok temu podobna msza zakończyła się 100-tysięcz-nym pochodem, tym razem pochodu nie było. (GW 1.05.1990)

## 1991


## 1992 
*,Solidarność' się modliła w kościół św. Stanisława Kostki, mszę celebrował ks. Michalak Henryk* (Wyborcza)

## 1994
Działacze Solidarności spotkali się na mszy w kościele św. Stanisława Kostki (TVP)

## 1995
*Przedstawiciele Regionu Mazowsze NSZZ ""Solidarność"" zgromadzili się na pierwszomajowym nabożeństwie w kościele św. Stanisława Kostki na Żoliborzu. - Praca jednoczy człowieka z Bogiem i z drugim człowiekiem - mówił do zgromadzonych biskup Piotr Jarecki. Po mszy wierni i delegaci ""Solidarności"" przeszli z kwiatami i sztandarami pod grób księdza Jerzego Popiełuszki.* (Wyborcza)
## 1997
NSZZ ""Solidarność"" **nie organizuje** w Warszawie żadnych uroczystości. Jak co roku związek organizuje w tym dniu ogólnopolską pielgrzymkę robotników do bazyliki św. Józefa w Kaliszu. (Wyborcza)
## 1998
*""S"" z Warszawy weźmie udział w nabożeństwie o godz. 10 w kościele św. Stanisława Kostki i nie będzie tego dnia manifestować na ulicach stolicy.* (Wyborcza)

## 2000
kościół św.
Stanisława Kostki, msza, poczty sztandarowe, fragment homilii ks.
Stanisława Małkowskiego, wierni, procesja (TVP)

## 2003
kościół św. Stanisława Kostki, poczty sztandarowe (TVP)

## 2006
Brak info na stronie; nie działają linki do wydań Kuriera Mazowsza

## 2007
1 maja br. o godz. 10.00 w kościele Św. Stanisława Kostki na warszawskim Żoliborzu odbędzie się uroczysta Msza Święta w intencji Ludzi Pracy.

Do udziału we Mszy Świętej zapraszamy poczty sztandarowe. (Solidarność Mazowsze)

## 2009
Ks. Prałat Zygmunt Malacki – Proboszcz parafii św. Stanisława Kostki na warszawskim Żoliborzu – zaprasza w dniu 1 maja br. o godz. 10.00 na Mszę św. w intencji ludzi pracy. (Solidarność)

## 2016
Brak info o mszy; 23 kwietnia rocznica imienin Popiełuszki, 27 kwietnia pielgrzymka ogólnopolska do Lichenia


## 2018
Brak info w Kurierze Mazowsza i na stronie Solidarności Mazowsze o mszy 

## 2019
Info o XX pielgrzymce w Kaliszu; brak info o mszy na żoliborzu. 12 kwietnia odbywa się Droga Krzyżowa Ludzi Pracy

## 2020
Informacja ze strony solidarności w marcu informuje o wydarzeniach, które nie odbędą się z powodu obostrzeń sanitarnych. Nie wymienia mszy świętej z okazji dnia św. Józefa Robotnika na Żoliborzu, tak jakby nie odbywała się ona rzeczywiście od wielu lat ",,,Point,,"52.267744,20.984015","52.267744,20.984015",1,umap_backup_1-maja_warszawa9.umap,,False
1991_PL_demonstracja_Solidarnosc,1991,Lata,PL,Solidarność,demonstracja,warstwa,Solidarność,False,zwiazkowe,1990-1996; 1998; 2000; 2003; 2007; 2009 Msza święta z okazji dnia św. Józefa Robotnika,"Coroczna msza pierwszomajowa Solidarności regionu Mazowsze w kościele św. Stanisława Kostki na Żoliborzu, organizowana nieprzerwanie od 1981 roku (parafia ks. Popiełuszki) (TVP 1991) 
## 1990
Kilka tysięcy osób uczestniczyło w tradycyjnej uroczystej mszy w kościele św. Stanisława Kostki. Rok temu podobna msza zakończyła się 100-tysięcz-nym pochodem, tym razem pochodu nie było. (GW 1.05.1990)

## 1991


## 1992 
*,Solidarność' się modliła w kościół św. Stanisława Kostki, mszę celebrował ks. Michalak Henryk* (Wyborcza)

## 1994
Działacze Solidarności spotkali się na mszy w kościele św. Stanisława Kostki (TVP)

## 1995
*Przedstawiciele Regionu Mazowsze NSZZ ""Solidarność"" zgromadzili się na pierwszomajowym nabożeństwie w kościele św. Stanisława Kostki na Żoliborzu. - Praca jednoczy człowieka z Bogiem i z drugim człowiekiem - mówił do zgromadzonych biskup Piotr Jarecki. Po mszy wierni i delegaci ""Solidarności"" przeszli z kwiatami i sztandarami pod grób księdza Jerzego Popiełuszki.* (Wyborcza)
## 1997
NSZZ ""Solidarność"" **nie organizuje** w Warszawie żadnych uroczystości. Jak co roku związek organizuje w tym dniu ogólnopolską pielgrzymkę robotników do bazyliki św. Józefa w Kaliszu. (Wyborcza)
## 1998
*""S"" z Warszawy weźmie udział w nabożeństwie o godz. 10 w kościele św. Stanisława Kostki i nie będzie tego dnia manifestować na ulicach stolicy.* (Wyborcza)

## 2000
kościół św.
Stanisława Kostki, msza, poczty sztandarowe, fragment homilii ks.
Stanisława Małkowskiego, wierni, procesja (TVP)

## 2003
kościół św. Stanisława Kostki, poczty sztandarowe (TVP)

## 2006
Brak info na stronie; nie działają linki do wydań Kuriera Mazowsza

## 2007
1 maja br. o godz. 10.00 w kościele Św. Stanisława Kostki na warszawskim Żoliborzu odbędzie się uroczysta Msza Święta w intencji Ludzi Pracy.

Do udziału we Mszy Świętej zapraszamy poczty sztandarowe. (Solidarność Mazowsze)

## 2009
Ks. Prałat Zygmunt Malacki – Proboszcz parafii św. Stanisława Kostki na warszawskim Żoliborzu – zaprasza w dniu 1 maja br. o godz. 10.00 na Mszę św. w intencji ludzi pracy. (Solidarność)

## 2016
Brak info o mszy; 23 kwietnia rocznica imienin Popiełuszki, 27 kwietnia pielgrzymka ogólnopolska do Lichenia


## 2018
Brak info w Kurierze Mazowsza i na stronie Solidarności Mazowsze o mszy 

## 2019
Info o XX pielgrzymce w Kaliszu; brak info o mszy na żoliborzu. 12 kwietnia odbywa się Droga Krzyżowa Ludzi Pracy

## 2020
Informacja ze strony solidarności w marcu informuje o wydarzeniach, które nie odbędą się z powodu obostrzeń sanitarnych. Nie wymienia mszy świętej z okazji dnia św. Józefa Robotnika na Żoliborzu, tak jakby nie odbywała się ona rzeczywiście od wielu lat ",,,Point,,"52.267744,20.984015","52.267744,20.984015",1,umap_backup_1-maja_warszawa9.umap,,False
1992_PL_demonstracja_Solidarnosc,1992,Lata,PL,Solidarność,demonstracja,warstwa,Solidarność,False,zwiazkowe,1990-1996; 1998; 2000; 2003; 2007; 2009 Msza święta z okazji dnia św. Józefa Robotnika,"Coroczna msza pierwszomajowa Solidarności regionu Mazowsze w kościele św. Stanisława Kostki na Żoliborzu, organizowana nieprzerwanie od 1981 roku (parafia ks. Popiełuszki) (TVP 1991) 
## 1990
Kilka tysięcy osób uczestniczyło w tradycyjnej uroczystej mszy w kościele św. Stanisława Kostki. Rok temu podobna msza zakończyła się 100-tysięcz-nym pochodem, tym razem pochodu nie było. (GW 1.05.1990)

## 1991


## 1992 
*,Solidarność' się modliła w kościół św. Stanisława Kostki, mszę celebrował ks. Michalak Henryk* (Wyborcza)

## 1994
Działacze Solidarności spotkali się na mszy w kościele św. Stanisława Kostki (TVP)

## 1995
*Przedstawiciele Regionu Mazowsze NSZZ ""Solidarność"" zgromadzili się na pierwszomajowym nabożeństwie w kościele św. Stanisława Kostki na Żoliborzu. - Praca jednoczy człowieka z Bogiem i z drugim człowiekiem - mówił do zgromadzonych biskup Piotr Jarecki. Po mszy wierni i delegaci ""Solidarności"" przeszli z kwiatami i sztandarami pod grób księdza Jerzego Popiełuszki.* (Wyborcza)
## 1997
NSZZ ""Solidarność"" **nie organizuje** w Warszawie żadnych uroczystości. Jak co roku związek organizuje w tym dniu ogólnopolską pielgrzymkę robotników do bazyliki św. Józefa w Kaliszu. (Wyborcza)
## 1998
*""S"" z Warszawy weźmie udział w nabożeństwie o godz. 10 w kościele św. Stanisława Kostki i nie będzie tego dnia manifestować na ulicach stolicy.* (Wyborcza)

## 2000
kościół św.
Stanisława Kostki, msza, poczty sztandarowe, fragment homilii ks.
Stanisława Małkowskiego, wierni, procesja (TVP)

## 2003
kościół św. Stanisława Kostki, poczty sztandarowe (TVP)

## 2006
Brak info na stronie; nie działają linki do wydań Kuriera Mazowsza

## 2007
1 maja br. o godz. 10.00 w kościele Św. Stanisława Kostki na warszawskim Żoliborzu odbędzie się uroczysta Msza Święta w intencji Ludzi Pracy.

Do udziału we Mszy Świętej zapraszamy poczty sztandarowe. (Solidarność Mazowsze)

## 2009
Ks. Prałat Zygmunt Malacki – Proboszcz parafii św. Stanisława Kostki na warszawskim Żoliborzu – zaprasza w dniu 1 maja br. o godz. 10.00 na Mszę św. w intencji ludzi pracy. (Solidarność)

## 2016
Brak info o mszy; 23 kwietnia rocznica imienin Popiełuszki, 27 kwietnia pielgrzymka ogólnopolska do Lichenia


## 2018
Brak info w Kurierze Mazowsza i na stronie Solidarności Mazowsze o mszy 

## 2019
Info o XX pielgrzymce w Kaliszu; brak info o mszy na żoliborzu. 12 kwietnia odbywa się Droga Krzyżowa Ludzi Pracy

## 2020
Informacja ze strony solidarności w marcu informuje o wydarzeniach, które nie odbędą się z powodu obostrzeń sanitarnych. Nie wymienia mszy świętej z okazji dnia św. Józefa Robotnika na Żoliborzu, tak jakby nie odbywała się ona rzeczywiście od wielu lat ",,,Point,,"52.267744,20.984015","52.267744,20.984015",1,umap_backup_1-maja_warszawa9.umap,,False
1993_PL_demonstracja_Solidarnosc,1993,Lata,PL,Solidarność,demonstracja,warstwa,Solidarność,False,zwiazkowe,1990-1996; 1998; 2000; 2003; 2007; 2009 Msza święta z okazji dnia św. Józefa Robotnika,"Coroczna msza pierwszomajowa Solidarności regionu Mazowsze w kościele św. Stanisława Kostki na Żoliborzu, organizowana nieprzerwanie od 1981 roku (parafia ks. Popiełuszki) (TVP 1991) 
## 1990
Kilka tysięcy osób uczestniczyło w tradycyjnej uroczystej mszy w kościele św. Stanisława Kostki. Rok temu podobna msza zakończyła się 100-tysięcz-nym pochodem, tym razem pochodu nie było. (GW 1.05.1990)

## 1991


## 1992 
*,Solidarność' się modliła w kościół św. Stanisława Kostki, mszę celebrował ks. Michalak Henryk* (Wyborcza)

## 1994
Działacze Solidarności spotkali się na mszy w kościele św. Stanisława Kostki (TVP)

## 1995
*Przedstawiciele Regionu Mazowsze NSZZ ""Solidarność"" zgromadzili się na pierwszomajowym nabożeństwie w kościele św. Stanisława Kostki na Żoliborzu. - Praca jednoczy człowieka z Bogiem i z drugim człowiekiem - mówił do zgromadzonych biskup Piotr Jarecki. Po mszy wierni i delegaci ""Solidarności"" przeszli z kwiatami i sztandarami pod grób księdza Jerzego Popiełuszki.* (Wyborcza)
## 1997
NSZZ ""Solidarność"" **nie organizuje** w Warszawie żadnych uroczystości. Jak co roku związek organizuje w tym dniu ogólnopolską pielgrzymkę robotników do bazyliki św. Józefa w Kaliszu. (Wyborcza)
## 1998
*""S"" z Warszawy weźmie udział w nabożeństwie o godz. 10 w kościele św. Stanisława Kostki i nie będzie tego dnia manifestować na ulicach stolicy.* (Wyborcza)

## 2000
kościół św.
Stanisława Kostki, msza, poczty sztandarowe, fragment homilii ks.
Stanisława Małkowskiego, wierni, procesja (TVP)

## 2003
kościół św. Stanisława Kostki, poczty sztandarowe (TVP)

## 2006
Brak info na stronie; nie działają linki do wydań Kuriera Mazowsza

## 2007
1 maja br. o godz. 10.00 w kościele Św. Stanisława Kostki na warszawskim Żoliborzu odbędzie się uroczysta Msza Święta w intencji Ludzi Pracy.

Do udziału we Mszy Świętej zapraszamy poczty sztandarowe. (Solidarność Mazowsze)

## 2009
Ks. Prałat Zygmunt Malacki – Proboszcz parafii św. Stanisława Kostki na warszawskim Żoliborzu – zaprasza w dniu 1 maja br. o godz. 10.00 na Mszę św. w intencji ludzi pracy. (Solidarność)

## 2016
Brak info o mszy; 23 kwietnia rocznica imienin Popiełuszki, 27 kwietnia pielgrzymka ogólnopolska do Lichenia


## 2018
Brak info w Kurierze Mazowsza i na stronie Solidarności Mazowsze o mszy 

## 2019
Info o XX pielgrzymce w Kaliszu; brak info o mszy na żoliborzu. 12 kwietnia odbywa się Droga Krzyżowa Ludzi Pracy

## 2020
Informacja ze strony solidarności w marcu informuje o wydarzeniach, które nie odbędą się z powodu obostrzeń sanitarnych. Nie wymienia mszy świętej z okazji dnia św. Józefa Robotnika na Żoliborzu, tak jakby nie odbywała się ona rzeczywiście od wielu lat ",,,Point,,"52.267744,20.984015","52.267744,20.984015",1,umap_backup_1-maja_warszawa9.umap,,False
1994_PL_demonstracja_Solidarnosc,1994,Lata,PL,Solidarność,demonstracja,warstwa,Solidarność,False,zwiazkowe,1990-1996; 1998; 2000; 2003; 2007; 2009 Msza święta z okazji dnia św. Józefa Robotnika,"Coroczna msza pierwszomajowa Solidarności regionu Mazowsze w kościele św. Stanisława Kostki na Żoliborzu, organizowana nieprzerwanie od 1981 roku (parafia ks. Popiełuszki) (TVP 1991) 
## 1990
Kilka tysięcy osób uczestniczyło w tradycyjnej uroczystej mszy w kościele św. Stanisława Kostki. Rok temu podobna msza zakończyła się 100-tysięcz-nym pochodem, tym razem pochodu nie było. (GW 1.05.1990)

## 1991


## 1992 
*,Solidarność' się modliła w kościół św. Stanisława Kostki, mszę celebrował ks. Michalak Henryk* (Wyborcza)

## 1994
Działacze Solidarności spotkali się na mszy w kościele św. Stanisława Kostki (TVP)

## 1995
*Przedstawiciele Regionu Mazowsze NSZZ ""Solidarność"" zgromadzili się na pierwszomajowym nabożeństwie w kościele św. Stanisława Kostki na Żoliborzu. - Praca jednoczy człowieka z Bogiem i z drugim człowiekiem - mówił do zgromadzonych biskup Piotr Jarecki. Po mszy wierni i delegaci ""Solidarności"" przeszli z kwiatami i sztandarami pod grób księdza Jerzego Popiełuszki.* (Wyborcza)
## 1997
NSZZ ""Solidarność"" **nie organizuje** w Warszawie żadnych uroczystości. Jak co roku związek organizuje w tym dniu ogólnopolską pielgrzymkę robotników do bazyliki św. Józefa w Kaliszu. (Wyborcza)
## 1998
*""S"" z Warszawy weźmie udział w nabożeństwie o godz. 10 w kościele św. Stanisława Kostki i nie będzie tego dnia manifestować na ulicach stolicy.* (Wyborcza)

## 2000
kościół św.
Stanisława Kostki, msza, poczty sztandarowe, fragment homilii ks.
Stanisława Małkowskiego, wierni, procesja (TVP)

## 2003
kościół św. Stanisława Kostki, poczty sztandarowe (TVP)

## 2006
Brak info na stronie; nie działają linki do wydań Kuriera Mazowsza

## 2007
1 maja br. o godz. 10.00 w kościele Św. Stanisława Kostki na warszawskim Żoliborzu odbędzie się uroczysta Msza Święta w intencji Ludzi Pracy.

Do udziału we Mszy Świętej zapraszamy poczty sztandarowe. (Solidarność Mazowsze)

## 2009
Ks. Prałat Zygmunt Malacki – Proboszcz parafii św. Stanisława Kostki na warszawskim Żoliborzu – zaprasza w dniu 1 maja br. o godz. 10.00 na Mszę św. w intencji ludzi pracy. (Solidarność)

## 2016
Brak info o mszy; 23 kwietnia rocznica imienin Popiełuszki, 27 kwietnia pielgrzymka ogólnopolska do Lichenia


## 2018
Brak info w Kurierze Mazowsza i na stronie Solidarności Mazowsze o mszy 

## 2019
Info o XX pielgrzymce w Kaliszu; brak info o mszy na żoliborzu. 12 kwietnia odbywa się Droga Krzyżowa Ludzi Pracy

## 2020
Informacja ze strony solidarności w marcu informuje o wydarzeniach, które nie odbędą się z powodu obostrzeń sanitarnych. Nie wymienia mszy świętej z okazji dnia św. Józefa Robotnika na Żoliborzu, tak jakby nie odbywała się ona rzeczywiście od wielu lat ",,,Point,,"52.267744,20.984015","52.267744,20.984015",1,umap_backup_1-maja_warszawa9.umap,,False
1995_PL_demonstracja_Solidarnosc,1995,Lata,PL,Solidarność,demonstracja,warstwa,Solidarność,False,zwiazkowe,1990-1996; 1998; 2000; 2003; 2007; 2009 Msza święta z okazji dnia św. Józefa Robotnika,"Coroczna msza pierwszomajowa Solidarności regionu Mazowsze w kościele św. Stanisława Kostki na Żoliborzu, organizowana nieprzerwanie od 1981 roku (parafia ks. Popiełuszki) (TVP 1991) 
## 1990
Kilka tysięcy osób uczestniczyło w tradycyjnej uroczystej mszy w kościele św. Stanisława Kostki. Rok temu podobna msza zakończyła się 100-tysięcz-nym pochodem, tym razem pochodu nie było. (GW 1.05.1990)

## 1991


## 1992 
*,Solidarność' się modliła w kościół św. Stanisława Kostki, mszę celebrował ks. Michalak Henryk* (Wyborcza)

## 1994
Działacze Solidarności spotkali się na mszy w kościele św. Stanisława Kostki (TVP)

## 1995
*Przedstawiciele Regionu Mazowsze NSZZ ""Solidarność"" zgromadzili się na pierwszomajowym nabożeństwie w kościele św. Stanisława Kostki na Żoliborzu. - Praca jednoczy człowieka z Bogiem i z drugim człowiekiem - mówił do zgromadzonych biskup Piotr Jarecki. Po mszy wierni i delegaci ""Solidarności"" przeszli z kwiatami i sztandarami pod grób księdza Jerzego Popiełuszki.* (Wyborcza)
## 1997
NSZZ ""Solidarność"" **nie organizuje** w Warszawie żadnych uroczystości. Jak co roku związek organizuje w tym dniu ogólnopolską pielgrzymkę robotników do bazyliki św. Józefa w Kaliszu. (Wyborcza)
## 1998
*""S"" z Warszawy weźmie udział w nabożeństwie o godz. 10 w kościele św. Stanisława Kostki i nie będzie tego dnia manifestować na ulicach stolicy.* (Wyborcza)

## 2000
kościół św.
Stanisława Kostki, msza, poczty sztandarowe, fragment homilii ks.
Stanisława Małkowskiego, wierni, procesja (TVP)

## 2003
kościół św. Stanisława Kostki, poczty sztandarowe (TVP)

## 2006
Brak info na stronie; nie działają linki do wydań Kuriera Mazowsza

## 2007
1 maja br. o godz. 10.00 w kościele Św. Stanisława Kostki na warszawskim Żoliborzu odbędzie się uroczysta Msza Święta w intencji Ludzi Pracy.

Do udziału we Mszy Świętej zapraszamy poczty sztandarowe. (Solidarność Mazowsze)

## 2009
Ks. Prałat Zygmunt Malacki – Proboszcz parafii św. Stanisława Kostki na warszawskim Żoliborzu – zaprasza w dniu 1 maja br. o godz. 10.00 na Mszę św. w intencji ludzi pracy. (Solidarność)

## 2016
Brak info o mszy; 23 kwietnia rocznica imienin Popiełuszki, 27 kwietnia pielgrzymka ogólnopolska do Lichenia


## 2018
Brak info w Kurierze Mazowsza i na stronie Solidarności Mazowsze o mszy 

## 2019
Info o XX pielgrzymce w Kaliszu; brak info o mszy na żoliborzu. 12 kwietnia odbywa się Droga Krzyżowa Ludzi Pracy

## 2020
Informacja ze strony solidarności w marcu informuje o wydarzeniach, które nie odbędą się z powodu obostrzeń sanitarnych. Nie wymienia mszy świętej z okazji dnia św. Józefa Robotnika na Żoliborzu, tak jakby nie odbywała się ona rzeczywiście od wielu lat ",,,Point,,"52.267744,20.984015","52.267744,20.984015",1,umap_backup_1-maja_warszawa9.umap,,False
1996_PL_demonstracja_Solidarnosc,1996,Lata,PL,Solidarność,demonstracja,warstwa,Solidarność,False,zwiazkowe,1990-1996; 1998; 2000; 2003; 2007; 2009 Msza święta z okazji dnia św. Józefa Robotnika,"Coroczna msza pierwszomajowa Solidarności regionu Mazowsze w kościele św. Stanisława Kostki na Żoliborzu, organizowana nieprzerwanie od 1981 roku (parafia ks. Popiełuszki) (TVP 1991) 
## 1990
Kilka tysięcy osób uczestniczyło w tradycyjnej uroczystej mszy w kościele św. Stanisława Kostki. Rok temu podobna msza zakończyła się 100-tysięcz-nym pochodem, tym razem pochodu nie było. (GW 1.05.1990)

## 1991


## 1992 
*,Solidarność' się modliła w kościół św. Stanisława Kostki, mszę celebrował ks. Michalak Henryk* (Wyborcza)

## 1994
Działacze Solidarności spotkali się na mszy w kościele św. Stanisława Kostki (TVP)

## 1995
*Przedstawiciele Regionu Mazowsze NSZZ ""Solidarność"" zgromadzili się na pierwszomajowym nabożeństwie w kościele św. Stanisława Kostki na Żoliborzu. - Praca jednoczy człowieka z Bogiem i z drugim człowiekiem - mówił do zgromadzonych biskup Piotr Jarecki. Po mszy wierni i delegaci ""Solidarności"" przeszli z kwiatami i sztandarami pod grób księdza Jerzego Popiełuszki.* (Wyborcza)
## 1997
NSZZ ""Solidarność"" **nie organizuje** w Warszawie żadnych uroczystości. Jak co roku związek organizuje w tym dniu ogólnopolską pielgrzymkę robotników do bazyliki św. Józefa w Kaliszu. (Wyborcza)
## 1998
*""S"" z Warszawy weźmie udział w nabożeństwie o godz. 10 w kościele św. Stanisława Kostki i nie będzie tego dnia manifestować na ulicach stolicy.* (Wyborcza)

## 2000
kościół św.
Stanisława Kostki, msza, poczty sztandarowe, fragment homilii ks.
Stanisława Małkowskiego, wierni, procesja (TVP)

## 2003
kościół św. Stanisława Kostki, poczty sztandarowe (TVP)

## 2006
Brak info na stronie; nie działają linki do wydań Kuriera Mazowsza

## 2007
1 maja br. o godz. 10.00 w kościele Św. Stanisława Kostki na warszawskim Żoliborzu odbędzie się uroczysta Msza Święta w intencji Ludzi Pracy.

Do udziału we Mszy Świętej zapraszamy poczty sztandarowe. (Solidarność Mazowsze)

## 2009
Ks. Prałat Zygmunt Malacki – Proboszcz parafii św. Stanisława Kostki na warszawskim Żoliborzu – zaprasza w dniu 1 maja br. o godz. 10.00 na Mszę św. w intencji ludzi pracy. (Solidarność)

## 2016
Brak info o mszy; 23 kwietnia rocznica imienin Popiełuszki, 27 kwietnia pielgrzymka ogólnopolska do Lichenia


## 2018
Brak info w Kurierze Mazowsza i na stronie Solidarności Mazowsze o mszy 

## 2019
Info o XX pielgrzymce w Kaliszu; brak info o mszy na żoliborzu. 12 kwietnia odbywa się Droga Krzyżowa Ludzi Pracy

## 2020
Informacja ze strony solidarności w marcu informuje o wydarzeniach, które nie odbędą się z powodu obostrzeń sanitarnych. Nie wymienia mszy świętej z okazji dnia św. Józefa Robotnika na Żoliborzu, tak jakby nie odbywała się ona rzeczywiście od wielu lat ",,,Point,,"52.267744,20.984015","52.267744,20.984015",1,umap_backup_1-maja_warszawa9.umap,,False
1998_PL_demonstracja_Solidarnosc,1998,Lata,PL,Solidarność,demonstracja,warstwa,Solidarność,False,zwiazkowe,1990-1996; 1998; 2000; 2003; 2007; 2009 Msza święta z okazji dnia św. Józefa Robotnika,"Coroczna msza pierwszomajowa Solidarności regionu Mazowsze w kościele św. Stanisława Kostki na Żoliborzu, organizowana nieprzerwanie od 1981 roku (parafia ks. Popiełuszki) (TVP 1991) 
## 1990
Kilka tysięcy osób uczestniczyło w tradycyjnej uroczystej mszy w kościele św. Stanisława Kostki. Rok temu podobna msza zakończyła się 100-tysięcz-nym pochodem, tym razem pochodu nie było. (GW 1.05.1990)

## 1991


## 1992 
*,Solidarność' się modliła w kościół św. Stanisława Kostki, mszę celebrował ks. Michalak Henryk* (Wyborcza)

## 1994
Działacze Solidarności spotkali się na mszy w kościele św. Stanisława Kostki (TVP)

## 1995
*Przedstawiciele Regionu Mazowsze NSZZ ""Solidarność"" zgromadzili się na pierwszomajowym nabożeństwie w kościele św. Stanisława Kostki na Żoliborzu. - Praca jednoczy człowieka z Bogiem i z drugim człowiekiem - mówił do zgromadzonych biskup Piotr Jarecki. Po mszy wierni i delegaci ""Solidarności"" przeszli z kwiatami i sztandarami pod grób księdza Jerzego Popiełuszki.* (Wyborcza)
## 1997
NSZZ ""Solidarność"" **nie organizuje** w Warszawie żadnych uroczystości. Jak co roku związek organizuje w tym dniu ogólnopolską pielgrzymkę robotników do bazyliki św. Józefa w Kaliszu. (Wyborcza)
## 1998
*""S"" z Warszawy weźmie udział w nabożeństwie o godz. 10 w kościele św. Stanisława Kostki i nie będzie tego dnia manifestować na ulicach stolicy.* (Wyborcza)

## 2000
kościół św.
Stanisława Kostki, msza, poczty sztandarowe, fragment homilii ks.
Stanisława Małkowskiego, wierni, procesja (TVP)

## 2003
kościół św. Stanisława Kostki, poczty sztandarowe (TVP)

## 2006
Brak info na stronie; nie działają linki do wydań Kuriera Mazowsza

## 2007
1 maja br. o godz. 10.00 w kościele Św. Stanisława Kostki na warszawskim Żoliborzu odbędzie się uroczysta Msza Święta w intencji Ludzi Pracy.

Do udziału we Mszy Świętej zapraszamy poczty sztandarowe. (Solidarność Mazowsze)

## 2009
Ks. Prałat Zygmunt Malacki – Proboszcz parafii św. Stanisława Kostki na warszawskim Żoliborzu – zaprasza w dniu 1 maja br. o godz. 10.00 na Mszę św. w intencji ludzi pracy. (Solidarność)

## 2016
Brak info o mszy; 23 kwietnia rocznica imienin Popiełuszki, 27 kwietnia pielgrzymka ogólnopolska do Lichenia


## 2018
Brak info w Kurierze Mazowsza i na stronie Solidarności Mazowsze o mszy 

## 2019
Info o XX pielgrzymce w Kaliszu; brak info o mszy na żoliborzu. 12 kwietnia odbywa się Droga Krzyżowa Ludzi Pracy

## 2020
Informacja ze strony solidarności w marcu informuje o wydarzeniach, które nie odbędą się z powodu obostrzeń sanitarnych. Nie wymienia mszy świętej z okazji dnia św. Józefa Robotnika na Żoliborzu, tak jakby nie odbywała się ona rzeczywiście od wielu lat ",,,Point,,"52.267744,20.984015","52.267744,20.984015",1,umap_backup_1-maja_warszawa9.umap,,False
2007_PL_demonstracja_Solidarnosc,2007,Lata,PL,Solidarność,demonstracja,warstwa,Solidarność,False,zwiazkowe,1990-1996; 1998; 2000; 2003; 2007; 2009 Msza święta z okazji dnia św. Józefa Robotnika,"Coroczna msza pierwszomajowa Solidarności regionu Mazowsze w kościele św. Stanisława Kostki na Żoliborzu, organizowana nieprzerwanie od 1981 roku (parafia ks. Popiełuszki) (TVP 1991) 
## 1990
Kilka tysięcy osób uczestniczyło w tradycyjnej uroczystej mszy w kościele św. Stanisława Kostki. Rok temu podobna msza zakończyła się 100-tysięcz-nym pochodem, tym razem pochodu nie było. (GW 1.05.1990)

## 1991


## 1992 
*,Solidarność' się modliła w kościół św. Stanisława Kostki, mszę celebrował ks. Michalak Henryk* (Wyborcza)

## 1994
Działacze Solidarności spotkali się na mszy w kościele św. Stanisława Kostki (TVP)

## 1995
*Przedstawiciele Regionu Mazowsze NSZZ ""Solidarność"" zgromadzili się na pierwszomajowym nabożeństwie w kościele św. Stanisława Kostki na Żoliborzu. - Praca jednoczy człowieka z Bogiem i z drugim człowiekiem - mówił do zgromadzonych biskup Piotr Jarecki. Po mszy wierni i delegaci ""Solidarności"" przeszli z kwiatami i sztandarami pod grób księdza Jerzego Popiełuszki.* (Wyborcza)
## 1997
NSZZ ""Solidarność"" **nie organizuje** w Warszawie żadnych uroczystości. Jak co roku związek organizuje w tym dniu ogólnopolską pielgrzymkę robotników do bazyliki św. Józefa w Kaliszu. (Wyborcza)
## 1998
*""S"" z Warszawy weźmie udział w nabożeństwie o godz. 10 w kościele św. Stanisława Kostki i nie będzie tego dnia manifestować na ulicach stolicy.* (Wyborcza)

## 2000
kościół św.
Stanisława Kostki, msza, poczty sztandarowe, fragment homilii ks.
Stanisława Małkowskiego, wierni, procesja (TVP)

## 2003
kościół św. Stanisława Kostki, poczty sztandarowe (TVP)

## 2006
Brak info na stronie; nie działają linki do wydań Kuriera Mazowsza

## 2007
1 maja br. o godz. 10.00 w kościele Św. Stanisława Kostki na warszawskim Żoliborzu odbędzie się uroczysta Msza Święta w intencji Ludzi Pracy.

Do udziału we Mszy Świętej zapraszamy poczty sztandarowe. (Solidarność Mazowsze)

## 2009
Ks. Prałat Zygmunt Malacki – Proboszcz parafii św. Stanisława Kostki na warszawskim Żoliborzu – zaprasza w dniu 1 maja br. o godz. 10.00 na Mszę św. w intencji ludzi pracy. (Solidarność)

## 2016
Brak info o mszy; 23 kwietnia rocznica imienin Popiełuszki, 27 kwietnia pielgrzymka ogólnopolska do Lichenia


## 2018
Brak info w Kurierze Mazowsza i na stronie Solidarności Mazowsze o mszy 

## 2019
Info o XX pielgrzymce w Kaliszu; brak info o mszy na żoliborzu. 12 kwietnia odbywa się Droga Krzyżowa Ludzi Pracy

## 2020
Informacja ze strony solidarności w marcu informuje o wydarzeniach, które nie odbędą się z powodu obostrzeń sanitarnych. Nie wymienia mszy świętej z okazji dnia św. Józefa Robotnika na Żoliborzu, tak jakby nie odbywała się ona rzeczywiście od wielu lat ",,,Point,,"52.267744,20.984015","52.267744,20.984015",1,umap_backup_1-maja_warszawa9.umap,,False
2013_PL_festyn_NIEZNANY_a,2013,Lata,PL,European Union accession anniversary,festyn,name,,False,niezwiazkowe,2013-2019 Piknik Europejski,"## 2013
*Przystąpienie Polski do UE było wydarzeniem niezwykle doniosłej rangi, które daje znakomite owoce - mówił prezydent Bronisław Komorowski podczas środowego Pikniku Europejskiego w stołecznych Łazienkach Królewskich, gdzie uczczono 9. rocznicę wejścia Polski do UE. (...) Prezydent zwrócił uwagę, że nieprzypadkowa jest symbolika daty 1 maja wejścia Polski do UE. - Kiedyś było to święto obowiązkowe, ściśle związane z systemem totalitarnym, komunistycznym. Dzisiaj dla ogromnej większości Polaków jest to święto członkostwa Polski w Unii Europejskiej - powiedział prezydent* (prezydent.pl)

## 2014

On May 1st, as part of the European Picnic on the 10th anniversary of Poland's EU accession, Komorowski plants the ""oak of freedom"" accompanied by 10-year old children born on May 1st 2004, and a 25 year old born on June 4th 1989. The 25 years old oaks are planted in many different places around Poland, and are supposed to represent 25 years of freedom – the 25th anniversary of the 1989 election and the following democratic transition in Poland and all over the world. President Aleksander Kwaśniewski is also taking part in the ceremony.

## 2015
*W III Pikniku Europejskim, który 1 maja 2015 r., z okazji 11. rocznicy wejścia Polski do Unii Europejskiej, odbył się w Łazienkach Królewskich, wzięło udział ponad 30 tysięcy gości. Uroczystość zaszczycili swoją obecnością prezydent RP Bronisław Komorowski z Małżonką, którzy rozdawali gościom letniej rezydencji króla Stanisława Augusta kokardy w narodowych, biało-czerwonych barwach. (...) Dzisiaj możemy cieszyć się dobrymi owocami mądrych decyzji sprzed wielu lat. Możemy cieszyć się również decyzją sprzed 11 lat, która oznaczała uzyskanie członkostwa w Unii Europejskiej. Polska odniosła wiele sukcesów i potrafiła mądrze wykorzystać członkostwo w Unii Europejskiej, łącząc unijne środki z polską pracą, polskim wysiłkiem, polską kreatywnością i polskim entuzjazmem - podkreślił prezydent Bronisław Komorowski, który w Pałacu na Wyspie spotkał się z ponad 30 ambasadorami krajów Unii Europejskiej i krajów stowarzyszonych, a także z byłym przewodniczącym Parlamentu Europejskiego Jerzym Buzkiem.* (lazienki-krolewskie.pl)

## 2016
*Barwne parady, koncerty, pokazy konne oraz liczne gry i zabawy przyciągnęły na Piknik Europejski tysiące gości. Wydarzenie zostało zorganizowane wspólnie z Ambasadą Królestwa Niderlandów, w ramach Dni Holenderskich w Łazienkach Królewskich.*

*Piknik Europejski odbył się 1 maja 2016 r. już po raz czwarty. Rozpoczął go przed południem przy Pomniku Chopina popularny koncert ""Melomaluszki"" dla najmłodszych gości Łazienek Królewskich. Potem rodziny chętnie brały też udział w grach na świeżym powietrzu oraz animacjach teatralnych. Nie zabrakło również rozrywek z europejskim akcentem - bajek europejskich i zabaw, podczas których, w pustych ramach obrazów, uczestnicy pikniku odtwarzali dzieła mistrzów malarstwa europejskiego.* (lazienki-krolewskie.pl)

## 2017
*Barwne parady, koncerty, pokazy konne oraz plenerowe gry i animacje przyciągnęły na Piknik Europejski w Łazienkach Królewskich tłumy gości. Wydarzenie zostało zorganizowane pod honorowym patronatem Ambasadora Republiki Federalnej Niemiec z okazji 13. rocznicy przystąpienia Polski do UE.* (lazienki-krolewskie.pl)

## 2018
*1 maja 2018 r. odbył się Piknik Europejski, współorganizowany we współpracy z Ambasadą Bułgarii z okazji 14. rocznicy przystąpienia Polski do Unii Europejskiej oraz bułgarskiej prezydencji w Radzie UE. Wśród licznych atrakcji znalazły się: koncerty, pokazy jazdy konnej, parady orkiestr oraz rodzinne gry i zabawy na świeżym powietrzu.* (lazienki-krolewskie.pl)

## 2019
*Barwne parady, pokazy konne oraz plenerowe gry i animacje przyciągnęły na Piknik Europejski w Muzeum Łazienki Królewskie tłumy gości. Wydarzenie zorganizowane zostało z okazji 15. rocznicy przystąpienia Polski do UE.*

*Piknik Europejski odbył się 1 maja 2019 r. Nasi goście obejrzeć mogli parady orkiestr w królewskich ogrodach.* (lazienki-krolewskie.pl)",,,Point,,"52.213747,21.035793","52.213747,21.035793",0,umap_backup_1-maja_warszawa9.umap,,True
2014_PL_festyn_NIEZNANY_a,2014,Lata,PL,European Union accession anniversary,festyn,name,,False,niezwiazkowe,2013-2019 Piknik Europejski,"## 2013
*Przystąpienie Polski do UE było wydarzeniem niezwykle doniosłej rangi, które daje znakomite owoce - mówił prezydent Bronisław Komorowski podczas środowego Pikniku Europejskiego w stołecznych Łazienkach Królewskich, gdzie uczczono 9. rocznicę wejścia Polski do UE. (...) Prezydent zwrócił uwagę, że nieprzypadkowa jest symbolika daty 1 maja wejścia Polski do UE. - Kiedyś było to święto obowiązkowe, ściśle związane z systemem totalitarnym, komunistycznym. Dzisiaj dla ogromnej większości Polaków jest to święto członkostwa Polski w Unii Europejskiej - powiedział prezydent* (prezydent.pl)

## 2014

On May 1st, as part of the European Picnic on the 10th anniversary of Poland's EU accession, Komorowski plants the ""oak of freedom"" accompanied by 10-year old children born on May 1st 2004, and a 25 year old born on June 4th 1989. The 25 years old oaks are planted in many different places around Poland, and are supposed to represent 25 years of freedom – the 25th anniversary of the 1989 election and the following democratic transition in Poland and all over the world. President Aleksander Kwaśniewski is also taking part in the ceremony.

## 2015
*W III Pikniku Europejskim, który 1 maja 2015 r., z okazji 11. rocznicy wejścia Polski do Unii Europejskiej, odbył się w Łazienkach Królewskich, wzięło udział ponad 30 tysięcy gości. Uroczystość zaszczycili swoją obecnością prezydent RP Bronisław Komorowski z Małżonką, którzy rozdawali gościom letniej rezydencji króla Stanisława Augusta kokardy w narodowych, biało-czerwonych barwach. (...) Dzisiaj możemy cieszyć się dobrymi owocami mądrych decyzji sprzed wielu lat. Możemy cieszyć się również decyzją sprzed 11 lat, która oznaczała uzyskanie członkostwa w Unii Europejskiej. Polska odniosła wiele sukcesów i potrafiła mądrze wykorzystać członkostwo w Unii Europejskiej, łącząc unijne środki z polską pracą, polskim wysiłkiem, polską kreatywnością i polskim entuzjazmem - podkreślił prezydent Bronisław Komorowski, który w Pałacu na Wyspie spotkał się z ponad 30 ambasadorami krajów Unii Europejskiej i krajów stowarzyszonych, a także z byłym przewodniczącym Parlamentu Europejskiego Jerzym Buzkiem.* (lazienki-krolewskie.pl)

## 2016
*Barwne parady, koncerty, pokazy konne oraz liczne gry i zabawy przyciągnęły na Piknik Europejski tysiące gości. Wydarzenie zostało zorganizowane wspólnie z Ambasadą Królestwa Niderlandów, w ramach Dni Holenderskich w Łazienkach Królewskich.*

*Piknik Europejski odbył się 1 maja 2016 r. już po raz czwarty. Rozpoczął go przed południem przy Pomniku Chopina popularny koncert ""Melomaluszki"" dla najmłodszych gości Łazienek Królewskich. Potem rodziny chętnie brały też udział w grach na świeżym powietrzu oraz animacjach teatralnych. Nie zabrakło również rozrywek z europejskim akcentem - bajek europejskich i zabaw, podczas których, w pustych ramach obrazów, uczestnicy pikniku odtwarzali dzieła mistrzów malarstwa europejskiego.* (lazienki-krolewskie.pl)

## 2017
*Barwne parady, koncerty, pokazy konne oraz plenerowe gry i animacje przyciągnęły na Piknik Europejski w Łazienkach Królewskich tłumy gości. Wydarzenie zostało zorganizowane pod honorowym patronatem Ambasadora Republiki Federalnej Niemiec z okazji 13. rocznicy przystąpienia Polski do UE.* (lazienki-krolewskie.pl)

## 2018
*1 maja 2018 r. odbył się Piknik Europejski, współorganizowany we współpracy z Ambasadą Bułgarii z okazji 14. rocznicy przystąpienia Polski do Unii Europejskiej oraz bułgarskiej prezydencji w Radzie UE. Wśród licznych atrakcji znalazły się: koncerty, pokazy jazdy konnej, parady orkiestr oraz rodzinne gry i zabawy na świeżym powietrzu.* (lazienki-krolewskie.pl)

## 2019
*Barwne parady, pokazy konne oraz plenerowe gry i animacje przyciągnęły na Piknik Europejski w Muzeum Łazienki Królewskie tłumy gości. Wydarzenie zorganizowane zostało z okazji 15. rocznicy przystąpienia Polski do UE.*

*Piknik Europejski odbył się 1 maja 2019 r. Nasi goście obejrzeć mogli parady orkiestr w królewskich ogrodach.* (lazienki-krolewskie.pl)",,,Point,,"52.213747,21.035793","52.213747,21.035793",0,umap_backup_1-maja_warszawa9.umap,,True
2015_PL_festyn_NIEZNANY,2015,Lata,PL,European Union accession anniversary,festyn,name,,False,niezwiazkowe,2013-2019 Piknik Europejski,"## 2013
*Przystąpienie Polski do UE było wydarzeniem niezwykle doniosłej rangi, które daje znakomite owoce - mówił prezydent Bronisław Komorowski podczas środowego Pikniku Europejskiego w stołecznych Łazienkach Królewskich, gdzie uczczono 9. rocznicę wejścia Polski do UE. (...) Prezydent zwrócił uwagę, że nieprzypadkowa jest symbolika daty 1 maja wejścia Polski do UE. - Kiedyś było to święto obowiązkowe, ściśle związane z systemem totalitarnym, komunistycznym. Dzisiaj dla ogromnej większości Polaków jest to święto członkostwa Polski w Unii Europejskiej - powiedział prezydent* (prezydent.pl)

## 2014

On May 1st, as part of the European Picnic on the 10th anniversary of Poland's EU accession, Komorowski plants the ""oak of freedom"" accompanied by 10-year old children born on May 1st 2004, and a 25 year old born on June 4th 1989. The 25 years old oaks are planted in many different places around Poland, and are supposed to represent 25 years of freedom – the 25th anniversary of the 1989 election and the following democratic transition in Poland and all over the world. President Aleksander Kwaśniewski is also taking part in the ceremony.

## 2015
*W III Pikniku Europejskim, który 1 maja 2015 r., z okazji 11. rocznicy wejścia Polski do Unii Europejskiej, odbył się w Łazienkach Królewskich, wzięło udział ponad 30 tysięcy gości. Uroczystość zaszczycili swoją obecnością prezydent RP Bronisław Komorowski z Małżonką, którzy rozdawali gościom letniej rezydencji króla Stanisława Augusta kokardy w narodowych, biało-czerwonych barwach. (...) Dzisiaj możemy cieszyć się dobrymi owocami mądrych decyzji sprzed wielu lat. Możemy cieszyć się również decyzją sprzed 11 lat, która oznaczała uzyskanie członkostwa w Unii Europejskiej. Polska odniosła wiele sukcesów i potrafiła mądrze wykorzystać członkostwo w Unii Europejskiej, łącząc unijne środki z polską pracą, polskim wysiłkiem, polską kreatywnością i polskim entuzjazmem - podkreślił prezydent Bronisław Komorowski, który w Pałacu na Wyspie spotkał się z ponad 30 ambasadorami krajów Unii Europejskiej i krajów stowarzyszonych, a także z byłym przewodniczącym Parlamentu Europejskiego Jerzym Buzkiem.* (lazienki-krolewskie.pl)

## 2016
*Barwne parady, koncerty, pokazy konne oraz liczne gry i zabawy przyciągnęły na Piknik Europejski tysiące gości. Wydarzenie zostało zorganizowane wspólnie z Ambasadą Królestwa Niderlandów, w ramach Dni Holenderskich w Łazienkach Królewskich.*

*Piknik Europejski odbył się 1 maja 2016 r. już po raz czwarty. Rozpoczął go przed południem przy Pomniku Chopina popularny koncert ""Melomaluszki"" dla najmłodszych gości Łazienek Królewskich. Potem rodziny chętnie brały też udział w grach na świeżym powietrzu oraz animacjach teatralnych. Nie zabrakło również rozrywek z europejskim akcentem - bajek europejskich i zabaw, podczas których, w pustych ramach obrazów, uczestnicy pikniku odtwarzali dzieła mistrzów malarstwa europejskiego.* (lazienki-krolewskie.pl)

## 2017
*Barwne parady, koncerty, pokazy konne oraz plenerowe gry i animacje przyciągnęły na Piknik Europejski w Łazienkach Królewskich tłumy gości. Wydarzenie zostało zorganizowane pod honorowym patronatem Ambasadora Republiki Federalnej Niemiec z okazji 13. rocznicy przystąpienia Polski do UE.* (lazienki-krolewskie.pl)

## 2018
*1 maja 2018 r. odbył się Piknik Europejski, współorganizowany we współpracy z Ambasadą Bułgarii z okazji 14. rocznicy przystąpienia Polski do Unii Europejskiej oraz bułgarskiej prezydencji w Radzie UE. Wśród licznych atrakcji znalazły się: koncerty, pokazy jazdy konnej, parady orkiestr oraz rodzinne gry i zabawy na świeżym powietrzu.* (lazienki-krolewskie.pl)

## 2019
*Barwne parady, pokazy konne oraz plenerowe gry i animacje przyciągnęły na Piknik Europejski w Muzeum Łazienki Królewskie tłumy gości. Wydarzenie zorganizowane zostało z okazji 15. rocznicy przystąpienia Polski do UE.*

*Piknik Europejski odbył się 1 maja 2019 r. Nasi goście obejrzeć mogli parady orkiestr w królewskich ogrodach.* (lazienki-krolewskie.pl)",,,Point,,"52.213747,21.035793","52.213747,21.035793",0,umap_backup_1-maja_warszawa9.umap,,True
2016_PL_festyn_NIEZNANY_a,2016,Lata,PL,European Union accession anniversary,festyn,name,,False,niezwiazkowe,2013-2019 Piknik Europejski,"## 2013
*Przystąpienie Polski do UE było wydarzeniem niezwykle doniosłej rangi, które daje znakomite owoce - mówił prezydent Bronisław Komorowski podczas środowego Pikniku Europejskiego w stołecznych Łazienkach Królewskich, gdzie uczczono 9. rocznicę wejścia Polski do UE. (...) Prezydent zwrócił uwagę, że nieprzypadkowa jest symbolika daty 1 maja wejścia Polski do UE. - Kiedyś było to święto obowiązkowe, ściśle związane z systemem totalitarnym, komunistycznym. Dzisiaj dla ogromnej większości Polaków jest to święto członkostwa Polski w Unii Europejskiej - powiedział prezydent* (prezydent.pl)

## 2014

On May 1st, as part of the European Picnic on the 10th anniversary of Poland's EU accession, Komorowski plants the ""oak of freedom"" accompanied by 10-year old children born on May 1st 2004, and a 25 year old born on June 4th 1989. The 25 years old oaks are planted in many different places around Poland, and are supposed to represent 25 years of freedom – the 25th anniversary of the 1989 election and the following democratic transition in Poland and all over the world. President Aleksander Kwaśniewski is also taking part in the ceremony.

## 2015
*W III Pikniku Europejskim, który 1 maja 2015 r., z okazji 11. rocznicy wejścia Polski do Unii Europejskiej, odbył się w Łazienkach Królewskich, wzięło udział ponad 30 tysięcy gości. Uroczystość zaszczycili swoją obecnością prezydent RP Bronisław Komorowski z Małżonką, którzy rozdawali gościom letniej rezydencji króla Stanisława Augusta kokardy w narodowych, biało-czerwonych barwach. (...) Dzisiaj możemy cieszyć się dobrymi owocami mądrych decyzji sprzed wielu lat. Możemy cieszyć się również decyzją sprzed 11 lat, która oznaczała uzyskanie członkostwa w Unii Europejskiej. Polska odniosła wiele sukcesów i potrafiła mądrze wykorzystać członkostwo w Unii Europejskiej, łącząc unijne środki z polską pracą, polskim wysiłkiem, polską kreatywnością i polskim entuzjazmem - podkreślił prezydent Bronisław Komorowski, który w Pałacu na Wyspie spotkał się z ponad 30 ambasadorami krajów Unii Europejskiej i krajów stowarzyszonych, a także z byłym przewodniczącym Parlamentu Europejskiego Jerzym Buzkiem.* (lazienki-krolewskie.pl)

## 2016
*Barwne parady, koncerty, pokazy konne oraz liczne gry i zabawy przyciągnęły na Piknik Europejski tysiące gości. Wydarzenie zostało zorganizowane wspólnie z Ambasadą Królestwa Niderlandów, w ramach Dni Holenderskich w Łazienkach Królewskich.*

*Piknik Europejski odbył się 1 maja 2016 r. już po raz czwarty. Rozpoczął go przed południem przy Pomniku Chopina popularny koncert ""Melomaluszki"" dla najmłodszych gości Łazienek Królewskich. Potem rodziny chętnie brały też udział w grach na świeżym powietrzu oraz animacjach teatralnych. Nie zabrakło również rozrywek z europejskim akcentem - bajek europejskich i zabaw, podczas których, w pustych ramach obrazów, uczestnicy pikniku odtwarzali dzieła mistrzów malarstwa europejskiego.* (lazienki-krolewskie.pl)

## 2017
*Barwne parady, koncerty, pokazy konne oraz plenerowe gry i animacje przyciągnęły na Piknik Europejski w Łazienkach Królewskich tłumy gości. Wydarzenie zostało zorganizowane pod honorowym patronatem Ambasadora Republiki Federalnej Niemiec z okazji 13. rocznicy przystąpienia Polski do UE.* (lazienki-krolewskie.pl)

## 2018
*1 maja 2018 r. odbył się Piknik Europejski, współorganizowany we współpracy z Ambasadą Bułgarii z okazji 14. rocznicy przystąpienia Polski do Unii Europejskiej oraz bułgarskiej prezydencji w Radzie UE. Wśród licznych atrakcji znalazły się: koncerty, pokazy jazdy konnej, parady orkiestr oraz rodzinne gry i zabawy na świeżym powietrzu.* (lazienki-krolewskie.pl)

## 2019
*Barwne parady, pokazy konne oraz plenerowe gry i animacje przyciągnęły na Piknik Europejski w Muzeum Łazienki Królewskie tłumy gości. Wydarzenie zorganizowane zostało z okazji 15. rocznicy przystąpienia Polski do UE.*

*Piknik Europejski odbył się 1 maja 2019 r. Nasi goście obejrzeć mogli parady orkiestr w królewskich ogrodach.* (lazienki-krolewskie.pl)",,,Point,,"52.213747,21.035793","52.213747,21.035793",0,umap_backup_1-maja_warszawa9.umap,,True
2017_PL_festyn_NIEZNANY,2017,Lata,PL,European Union accession anniversary,festyn,name,,False,niezwiazkowe,2013-2019 Piknik Europejski,"## 2013
*Przystąpienie Polski do UE było wydarzeniem niezwykle doniosłej rangi, które daje znakomite owoce - mówił prezydent Bronisław Komorowski podczas środowego Pikniku Europejskiego w stołecznych Łazienkach Królewskich, gdzie uczczono 9. rocznicę wejścia Polski do UE. (...) Prezydent zwrócił uwagę, że nieprzypadkowa jest symbolika daty 1 maja wejścia Polski do UE. - Kiedyś było to święto obowiązkowe, ściśle związane z systemem totalitarnym, komunistycznym. Dzisiaj dla ogromnej większości Polaków jest to święto członkostwa Polski w Unii Europejskiej - powiedział prezydent* (prezydent.pl)

## 2014

On May 1st, as part of the European Picnic on the 10th anniversary of Poland's EU accession, Komorowski plants the ""oak of freedom"" accompanied by 10-year old children born on May 1st 2004, and a 25 year old born on June 4th 1989. The 25 years old oaks are planted in many different places around Poland, and are supposed to represent 25 years of freedom – the 25th anniversary of the 1989 election and the following democratic transition in Poland and all over the world. President Aleksander Kwaśniewski is also taking part in the ceremony.

## 2015
*W III Pikniku Europejskim, który 1 maja 2015 r., z okazji 11. rocznicy wejścia Polski do Unii Europejskiej, odbył się w Łazienkach Królewskich, wzięło udział ponad 30 tysięcy gości. Uroczystość zaszczycili swoją obecnością prezydent RP Bronisław Komorowski z Małżonką, którzy rozdawali gościom letniej rezydencji króla Stanisława Augusta kokardy w narodowych, biało-czerwonych barwach. (...) Dzisiaj możemy cieszyć się dobrymi owocami mądrych decyzji sprzed wielu lat. Możemy cieszyć się również decyzją sprzed 11 lat, która oznaczała uzyskanie członkostwa w Unii Europejskiej. Polska odniosła wiele sukcesów i potrafiła mądrze wykorzystać członkostwo w Unii Europejskiej, łącząc unijne środki z polską pracą, polskim wysiłkiem, polską kreatywnością i polskim entuzjazmem - podkreślił prezydent Bronisław Komorowski, który w Pałacu na Wyspie spotkał się z ponad 30 ambasadorami krajów Unii Europejskiej i krajów stowarzyszonych, a także z byłym przewodniczącym Parlamentu Europejskiego Jerzym Buzkiem.* (lazienki-krolewskie.pl)

## 2016
*Barwne parady, koncerty, pokazy konne oraz liczne gry i zabawy przyciągnęły na Piknik Europejski tysiące gości. Wydarzenie zostało zorganizowane wspólnie z Ambasadą Królestwa Niderlandów, w ramach Dni Holenderskich w Łazienkach Królewskich.*

*Piknik Europejski odbył się 1 maja 2016 r. już po raz czwarty. Rozpoczął go przed południem przy Pomniku Chopina popularny koncert ""Melomaluszki"" dla najmłodszych gości Łazienek Królewskich. Potem rodziny chętnie brały też udział w grach na świeżym powietrzu oraz animacjach teatralnych. Nie zabrakło również rozrywek z europejskim akcentem - bajek europejskich i zabaw, podczas których, w pustych ramach obrazów, uczestnicy pikniku odtwarzali dzieła mistrzów malarstwa europejskiego.* (lazienki-krolewskie.pl)

## 2017
*Barwne parady, koncerty, pokazy konne oraz plenerowe gry i animacje przyciągnęły na Piknik Europejski w Łazienkach Królewskich tłumy gości. Wydarzenie zostało zorganizowane pod honorowym patronatem Ambasadora Republiki Federalnej Niemiec z okazji 13. rocznicy przystąpienia Polski do UE.* (lazienki-krolewskie.pl)

## 2018
*1 maja 2018 r. odbył się Piknik Europejski, współorganizowany we współpracy z Ambasadą Bułgarii z okazji 14. rocznicy przystąpienia Polski do Unii Europejskiej oraz bułgarskiej prezydencji w Radzie UE. Wśród licznych atrakcji znalazły się: koncerty, pokazy jazdy konnej, parady orkiestr oraz rodzinne gry i zabawy na świeżym powietrzu.* (lazienki-krolewskie.pl)

## 2019
*Barwne parady, pokazy konne oraz plenerowe gry i animacje przyciągnęły na Piknik Europejski w Muzeum Łazienki Królewskie tłumy gości. Wydarzenie zorganizowane zostało z okazji 15. rocznicy przystąpienia Polski do UE.*

*Piknik Europejski odbył się 1 maja 2019 r. Nasi goście obejrzeć mogli parady orkiestr w królewskich ogrodach.* (lazienki-krolewskie.pl)",,,Point,,"52.213747,21.035793","52.213747,21.035793",0,umap_backup_1-maja_warszawa9.umap,,True
2018_PL_festyn_NIEZNANY,2018,Lata,PL,European Union accession anniversary,festyn,name,,False,niezwiazkowe,2013-2019 Piknik Europejski,"## 2013
*Przystąpienie Polski do UE było wydarzeniem niezwykle doniosłej rangi, które daje znakomite owoce - mówił prezydent Bronisław Komorowski podczas środowego Pikniku Europejskiego w stołecznych Łazienkach Królewskich, gdzie uczczono 9. rocznicę wejścia Polski do UE. (...) Prezydent zwrócił uwagę, że nieprzypadkowa jest symbolika daty 1 maja wejścia Polski do UE. - Kiedyś było to święto obowiązkowe, ściśle związane z systemem totalitarnym, komunistycznym. Dzisiaj dla ogromnej większości Polaków jest to święto członkostwa Polski w Unii Europejskiej - powiedział prezydent* (prezydent.pl)

## 2014

On May 1st, as part of the European Picnic on the 10th anniversary of Poland's EU accession, Komorowski plants the ""oak of freedom"" accompanied by 10-year old children born on May 1st 2004, and a 25 year old born on June 4th 1989. The 25 years old oaks are planted in many different places around Poland, and are supposed to represent 25 years of freedom – the 25th anniversary of the 1989 election and the following democratic transition in Poland and all over the world. President Aleksander Kwaśniewski is also taking part in the ceremony.

## 2015
*W III Pikniku Europejskim, który 1 maja 2015 r., z okazji 11. rocznicy wejścia Polski do Unii Europejskiej, odbył się w Łazienkach Królewskich, wzięło udział ponad 30 tysięcy gości. Uroczystość zaszczycili swoją obecnością prezydent RP Bronisław Komorowski z Małżonką, którzy rozdawali gościom letniej rezydencji króla Stanisława Augusta kokardy w narodowych, biało-czerwonych barwach. (...) Dzisiaj możemy cieszyć się dobrymi owocami mądrych decyzji sprzed wielu lat. Możemy cieszyć się również decyzją sprzed 11 lat, która oznaczała uzyskanie członkostwa w Unii Europejskiej. Polska odniosła wiele sukcesów i potrafiła mądrze wykorzystać członkostwo w Unii Europejskiej, łącząc unijne środki z polską pracą, polskim wysiłkiem, polską kreatywnością i polskim entuzjazmem - podkreślił prezydent Bronisław Komorowski, który w Pałacu na Wyspie spotkał się z ponad 30 ambasadorami krajów Unii Europejskiej i krajów stowarzyszonych, a także z byłym przewodniczącym Parlamentu Europejskiego Jerzym Buzkiem.* (lazienki-krolewskie.pl)

## 2016
*Barwne parady, koncerty, pokazy konne oraz liczne gry i zabawy przyciągnęły na Piknik Europejski tysiące gości. Wydarzenie zostało zorganizowane wspólnie z Ambasadą Królestwa Niderlandów, w ramach Dni Holenderskich w Łazienkach Królewskich.*

*Piknik Europejski odbył się 1 maja 2016 r. już po raz czwarty. Rozpoczął go przed południem przy Pomniku Chopina popularny koncert ""Melomaluszki"" dla najmłodszych gości Łazienek Królewskich. Potem rodziny chętnie brały też udział w grach na świeżym powietrzu oraz animacjach teatralnych. Nie zabrakło również rozrywek z europejskim akcentem - bajek europejskich i zabaw, podczas których, w pustych ramach obrazów, uczestnicy pikniku odtwarzali dzieła mistrzów malarstwa europejskiego.* (lazienki-krolewskie.pl)

## 2017
*Barwne parady, koncerty, pokazy konne oraz plenerowe gry i animacje przyciągnęły na Piknik Europejski w Łazienkach Królewskich tłumy gości. Wydarzenie zostało zorganizowane pod honorowym patronatem Ambasadora Republiki Federalnej Niemiec z okazji 13. rocznicy przystąpienia Polski do UE.* (lazienki-krolewskie.pl)

## 2018
*1 maja 2018 r. odbył się Piknik Europejski, współorganizowany we współpracy z Ambasadą Bułgarii z okazji 14. rocznicy przystąpienia Polski do Unii Europejskiej oraz bułgarskiej prezydencji w Radzie UE. Wśród licznych atrakcji znalazły się: koncerty, pokazy jazdy konnej, parady orkiestr oraz rodzinne gry i zabawy na świeżym powietrzu.* (lazienki-krolewskie.pl)

## 2019
*Barwne parady, pokazy konne oraz plenerowe gry i animacje przyciągnęły na Piknik Europejski w Muzeum Łazienki Królewskie tłumy gości. Wydarzenie zorganizowane zostało z okazji 15. rocznicy przystąpienia Polski do UE.*

*Piknik Europejski odbył się 1 maja 2019 r. Nasi goście obejrzeć mogli parady orkiestr w królewskich ogrodach.* (lazienki-krolewskie.pl)",,,Point,,"52.213747,21.035793","52.213747,21.035793",0,umap_backup_1-maja_warszawa9.umap,,True
2019_PL_festyn_NIEZNANY,2019,Lata,PL,European Union accession anniversary,festyn,name,,False,niezwiazkowe,2013-2019 Piknik Europejski,"## 2013
*Przystąpienie Polski do UE było wydarzeniem niezwykle doniosłej rangi, które daje znakomite owoce - mówił prezydent Bronisław Komorowski podczas środowego Pikniku Europejskiego w stołecznych Łazienkach Królewskich, gdzie uczczono 9. rocznicę wejścia Polski do UE. (...) Prezydent zwrócił uwagę, że nieprzypadkowa jest symbolika daty 1 maja wejścia Polski do UE. - Kiedyś było to święto obowiązkowe, ściśle związane z systemem totalitarnym, komunistycznym. Dzisiaj dla ogromnej większości Polaków jest to święto członkostwa Polski w Unii Europejskiej - powiedział prezydent* (prezydent.pl)

## 2014

On May 1st, as part of the European Picnic on the 10th anniversary of Poland's EU accession, Komorowski plants the ""oak of freedom"" accompanied by 10-year old children born on May 1st 2004, and a 25 year old born on June 4th 1989. The 25 years old oaks are planted in many different places around Poland, and are supposed to represent 25 years of freedom – the 25th anniversary of the 1989 election and the following democratic transition in Poland and all over the world. President Aleksander Kwaśniewski is also taking part in the ceremony.

## 2015
*W III Pikniku Europejskim, który 1 maja 2015 r., z okazji 11. rocznicy wejścia Polski do Unii Europejskiej, odbył się w Łazienkach Królewskich, wzięło udział ponad 30 tysięcy gości. Uroczystość zaszczycili swoją obecnością prezydent RP Bronisław Komorowski z Małżonką, którzy rozdawali gościom letniej rezydencji króla Stanisława Augusta kokardy w narodowych, biało-czerwonych barwach. (...) Dzisiaj możemy cieszyć się dobrymi owocami mądrych decyzji sprzed wielu lat. Możemy cieszyć się również decyzją sprzed 11 lat, która oznaczała uzyskanie członkostwa w Unii Europejskiej. Polska odniosła wiele sukcesów i potrafiła mądrze wykorzystać członkostwo w Unii Europejskiej, łącząc unijne środki z polską pracą, polskim wysiłkiem, polską kreatywnością i polskim entuzjazmem - podkreślił prezydent Bronisław Komorowski, który w Pałacu na Wyspie spotkał się z ponad 30 ambasadorami krajów Unii Europejskiej i krajów stowarzyszonych, a także z byłym przewodniczącym Parlamentu Europejskiego Jerzym Buzkiem.* (lazienki-krolewskie.pl)

## 2016
*Barwne parady, koncerty, pokazy konne oraz liczne gry i zabawy przyciągnęły na Piknik Europejski tysiące gości. Wydarzenie zostało zorganizowane wspólnie z Ambasadą Królestwa Niderlandów, w ramach Dni Holenderskich w Łazienkach Królewskich.*

*Piknik Europejski odbył się 1 maja 2016 r. już po raz czwarty. Rozpoczął go przed południem przy Pomniku Chopina popularny koncert ""Melomaluszki"" dla najmłodszych gości Łazienek Królewskich. Potem rodziny chętnie brały też udział w grach na świeżym powietrzu oraz animacjach teatralnych. Nie zabrakło również rozrywek z europejskim akcentem - bajek europejskich i zabaw, podczas których, w pustych ramach obrazów, uczestnicy pikniku odtwarzali dzieła mistrzów malarstwa europejskiego.* (lazienki-krolewskie.pl)

## 2017
*Barwne parady, koncerty, pokazy konne oraz plenerowe gry i animacje przyciągnęły na Piknik Europejski w Łazienkach Królewskich tłumy gości. Wydarzenie zostało zorganizowane pod honorowym patronatem Ambasadora Republiki Federalnej Niemiec z okazji 13. rocznicy przystąpienia Polski do UE.* (lazienki-krolewskie.pl)

## 2018
*1 maja 2018 r. odbył się Piknik Europejski, współorganizowany we współpracy z Ambasadą Bułgarii z okazji 14. rocznicy przystąpienia Polski do Unii Europejskiej oraz bułgarskiej prezydencji w Radzie UE. Wśród licznych atrakcji znalazły się: koncerty, pokazy jazdy konnej, parady orkiestr oraz rodzinne gry i zabawy na świeżym powietrzu.* (lazienki-krolewskie.pl)

## 2019
*Barwne parady, pokazy konne oraz plenerowe gry i animacje przyciągnęły na Piknik Europejski w Muzeum Łazienki Królewskie tłumy gości. Wydarzenie zorganizowane zostało z okazji 15. rocznicy przystąpienia Polski do UE.*

*Piknik Europejski odbył się 1 maja 2019 r. Nasi goście obejrzeć mogli parady orkiestr w królewskich ogrodach.* (lazienki-krolewskie.pl)",,,Point,,"52.213747,21.035793","52.213747,21.035793",0,umap_backup_1-maja_warszawa9.umap,,True
2019_PL_festyn_NIEZNANY_a,2019,Lata,PL,European Union accession anniversary,festyn,warstwa,,False,niezwiazkowe,Festiwal Europejski 2019,"**Wczoraj stołeczni radni wspólnie z warszawiankami i warszawiakami radośnie świętowali 15-lecie Polski w Unii Europejskiej, podczas festiwalu przygotowanego specjalnie z tej okazji. O godz. 14.00, na rogu Karowej i Krakowskiego Przedmieścia, uczestnicy Festiwalu Europejskiego, wspólnie z artystami operowymi, którzy wzorem Jana Kiepury śpiewali z balkonu Hotelu Bristol, wspólnie i radośnie odśpiewali  ""Odę do radości"", a potem kolejne utwory, oczywiście europejskie. Po koncercie korowód, w którym uczestniczyli radni przeszedł do strefy europejskiej kuchni usytuowanej na Podzamczu.* (um.warszawa.pl)*",,,Point,,"52.2539751,21.0112814","52.2539751,21.0112814",1,umap_backup_1-maja_warszawa9.umap,,True
2019_PL_festyn_NIEZNANY_b,2019,Lata,PL,European Union accession anniversary,festyn,warstwa,,False,niezwiazkowe,Festiwal Europejski 2019,"**Wczoraj stołeczni radni wspólnie z warszawiankami i warszawiakami radośnie świętowali 15-lecie Polski w Unii Europejskiej, podczas festiwalu przygotowanego specjalnie z tej okazji. O godz. 14.00, na rogu Karowej i Krakowskiego Przedmieścia, uczestnicy Festiwalu Europejskiego, wspólnie z artystami operowymi, którzy wzorem Jana Kiepury śpiewali z balkonu Hotelu Bristol, wspólnie i radośnie odśpiewali  ""Odę do radości"", a potem kolejne utwory, oczywiście europejskie. Po koncercie korowód, w którym uczestniczyli radni przeszedł do strefy europejskiej kuchni usytuowanej na Podzamczu.* (um.warszawa.pl)*",,,Point,,"52.241854,21.015622","52.241854,21.015622",2,umap_backup_1-maja_warszawa9.umap,,True
