{
  "type": "FeatureCollection",
  "features": [
    {
      "type": "Feature",
      "geometry": {
        "coordinates": [
          [
            13.423045,
            52.500238
          ],
          [
            13.423448,
            52.50064
          ],
          [
            13.424156,
            52.50179
          ],
          [
            13.423862,
            52.502038
          ],
          [
            13.42397,
            52.502338
          ],
          [
            13.421437,
            52.503017
          ],
          [
            13.42062,
            52.50324
          ],
          [
            13.419912,
            52.502273
          ],
          [
            13.419268,
            52.501398
          ],
          [
            13.41652,
            52.50209
          ],
          [
            13.41564,
            52.502456
          ],
          [
            13.41476,
            52.502469
          ],
          [
            13.41403,
            52.50273
          ],
          [
            13.411154,
            52.503488
          ],
          [
            13.409788,
            52.503919
          ],
          [
            13.407213,
            52.504585
          ],
          [
            13.405238,
            52.505133
          ],
          [
            13.401696,
            52.506165
          ],
          [
            13.398261,
            52.507106
          ],
          [
            13.402372,
            52.505937
          ],
          [
            13.403537,
            52.505574
          ],
          [
            13.4052,
            52.505094
          ],
          [
            13.407122,
            52.504575
          ],
          [
            13.410368,
            52.50368
          ]
        ],
        "type": "LineString"
      },
      "properties": {
        "description": "The usual R1M demonstration was called off. Instead, a spontaneous demonstation through MyFest was organised (BZ 28.04.2005)\n\nStart: Heinrichplatz (~18:25)\n→ Waldemarstraße (~18:30)\n→ między Oranienplatz a Moritzplatz (~18:59, część zawraca do SO36)\n→ Moritzplatz\n→ Axel-Springer-Straße (~19:39, starcia, Opel Corsa wywrócony, armatki wodne)\n→ w kierunku Moritzplatz (demo odpychana przez policję, ~19:47)\n→ Moritzplatz (okrążenie ~19:52, ~200 osób) (na podstawie taz 2.05.2005)\n\nAttendance:\n3000 (start, organizers)\n200 (taz)",
        "name": "2005 Spontandemo",
        "Rok": "2005",
        "Lata": "2005",
        "Attendance": "1400"
      }
    },
    {
      "type": "Feature",
      "geometry": {
        "coordinates": [
          [
            13.42462,
            52.502136
          ],
          [
            13.428007,
            52.501182
          ],
          [
            13.42642,
            52.499301
          ],
          [
            13.423,
            52.500268
          ]
        ],
        "type": "LineString"
      },
      "properties": {
        "name": "2006 R1M Sponti (20:00)",
        "description": "A second unregistered march began around 20:18 in the Waldemarstraße, drawing several hundred participants including young people and migrants. The lead banner read \"Myfest ist scheiße. Für einen revolutionären 1. Mai\" (\"MyFest is shit. For a revolutionary 1st of May\"). Fireworks were thrown as the crowd moved through the neighborhood. By 20:49 police chief Glietsch was observed personally moving through the crowd in plain clothes near Manteuffelstraße, searching for trouble. The march ended around 21:12 at Heinrichplatz, where minor skirmishes broke out — bottles and fireworks were thrown, and police intervened selectively against individual perpetrators.\nRoute: Waldemarstraße → Manteuffelstraße → Heinrichplatz (taz liveticker 2006)",
        "Lata": "2006"
      }
    },
    {
      "type": "Feature",
      "geometry": {
        "coordinates": [
          [
            13.424128,
            52.501884
          ],
          [
            13.424552,
            52.502208
          ],
          [
            13.428202,
            52.50117
          ],
          [
            13.424201,
            52.502186
          ]
        ],
        "type": "LineString"
      },
      "properties": {
        "_umap_options": {
          "dashArray": "10"
        },
        "name": "2013 Spontandemo",
        "description": "*“17.21 Uhr Spontandemo auf dem Myfest Eine Gruppe Autonomer, geschätzt 700 bis 800, hat sich zu einer Spontandemo über das Myfest formiert. An der Waldemarstraße fliegen zwei Steine, die Polizei behält die Lage aber unter Kontrolle. Aufforderungen an die Besucher des Festes, sich der Demo anzuschließen, werden durchweg ignoriert. Niemand interessiert sich so richtig dafür. Die Demo zieht weiter zum Mariannenplatz. Vor der türkischen Bühne wird getanzt.* Die Welt 2.05.2013\n\n*17:26. Berlin/Kreuzberg. Nach kurzer Zeit ist die Spontandemonstration wieder an ihrem Startpunkt am Mariannenplatz angekommen. Der Demozug war verhältnismäßig lang und nicht zu übersehen, am Ende liefen mehrere Tausend Menschen mit.* (taz liveticker 2013)",
        "Lata": "2013",
        "Attendance": "750"
      }
    },
    {
      "type": "Feature",
      "geometry": {
        "coordinates": [
          [
            13.430421,
            52.499438
          ],
          [
            13.42878,
            52.499242
          ],
          [
            13.42701,
            52.499151
          ],
          [
            13.416603,
            52.502025
          ],
          [
            13.41701,
            52.502574
          ],
          [
            13.416484,
            52.502769
          ],
          [
            13.416957,
            52.503455
          ],
          [
            13.41746,
            52.504128
          ],
          [
            13.420604,
            52.503266
          ],
          [
            13.428019,
            52.501183
          ],
          [
            13.429939,
            52.503488
          ],
          [
            13.426688,
            52.504807
          ],
          [
            13.425841,
            52.503428
          ],
          [
            13.424907,
            52.502038
          ],
          [
            13.424306,
            52.502103
          ]
        ],
        "type": "LineString"
      },
      "properties": {
        "Lata": "2014",
        "name": "2014 unauthorised demonstration",
        "description": "“Um 17.00 Uhr startete die Demo am Feuerwehrbrunnen am Mariannenplatz\nund zog von dort aus kreuz und quer durch das \"Myfest\".\nIn der Manteuffelstraße und in der Skalitzer Straße versuchten einzelne Beamte\nden Aufzug zu stoppen, in dem sie sich der Demonstration in den Weg stellten, jedoch ohne Erfolg. Die Demonstration wuchs auf über 2.000 Teilnehmer an\nund endete schließlich am Lausitzer Platz, dem Startpunkt\nfür die revolutionäre 1. Mai- Demo.” (Umbruch Archiv)\n\nTrasa:\n* Mariannenplatz 22 (1698c.jpg)\n? Manteuffelstrasse\n* Waldemarstrasse 41 (1698e.jpg)\n* Oranienplatz 1 (1698g.jpg)\n* Gorlitzerstrasse U-Bahn (1698m.jpg)\nLausitzer Platz",
        "Attendance": "2000"
      }
    },
    {
      "type": "Feature",
      "geometry": {
        "coordinates": [
          [
            13.419757,
            52.496212
          ],
          [
            13.418244,
            52.49889
          ]
        ],
        "type": "LineString"
      },
      "properties": {
        "name": "Spontandemo 2016",
        "description": "(taz liveticker) \n21.20 Uhr: Spontandemo am Kanal gestoppt\n\nBERLIN-KREUZBERG | Die Polizei macht die Kottbusser Brücke dicht. Die Spontandemo vom Kotti, der sich etwa 200 Personen angeschlossen haben, ist hier zu Ende. Insgesamt ist die Stimmung trotzdem friedlich. (mgu)\n\n21.06 Uhr: Spontandemo Richtung Neukölln\n\nBERLIN-KREUZBERG | Nach den Krawallen am Lausitzer Platz laufen die meisten Leute Richtung Kottbusser Tor. Von dort aus startet gerade eine Spontandemo auf Richtung Neukölln. Die ganze Straße ist voll mit Menschen. Wie viele mitlaufen, ist nicht ganz klar.\n\nAttendance: 200 (taz)",
        "Lata": "2016"
      }
    },
    {
      "type": "Feature",
      "geometry": {
        "coordinates": [
          [
            13.421366,
            52.500757
          ],
          [
            13.415572,
            52.502194
          ]
        ],
        "type": "LineString"
      },
      "properties": {
        "_umap_options": {
          "dashArray": "10"
        },
        "name": "Sponti 2011 (route unknown)",
        "Rok": "2011",
        "Zrodlo": "Umbruch",
        "description": "16:00\nAttendance: 1000 (Umbruch)"
      }
    },
    {
      "type": "Feature",
      "geometry": {
        "coordinates": [
          [
            13.424221,
            52.501894
          ],
          [
            13.423737,
            52.501208
          ],
          [
            13.422256,
            52.49915
          ],
          [
            13.426259,
            52.499177
          ],
          [
            13.430304,
            52.499379
          ]
        ],
        "type": "LineString"
      },
      "properties": {
        "_umap_options": {
          "dashArray": "10"
        },
        "name": "Sponti 2012",
        "description": "*Laut Polizei zogen aber bis zu 1000 linke Teilnehmer und Vertreter von Kiezinitiativen mit einer Spontandemo durch das Myfest.*\n*Sie protestierten gegen steigende Mieten und Verdrängung aus dem Kiez. Zu sehen waren Transparente mit Parolen wie \"Schnauze voll von hohen Mieten\" und \"Wir bleiben alle\". Es kam zu einzelnen Rangeleien zwischen Polizei und Demonstranten.* (Die Welt 2.05.2012)\n\n*Laut Polizei zogen aber bis zu 1000 linke Teilnehmer und Vertreter von Kiezinitiativen mit einer Spontandemo durch das Myfest.\n\nSie protestierten gegen steigende Mieten und Verdrängung aus dem Kiez. Zu sehen waren Transparente mit Parolen wie \"Schnauze voll von hohen Mieten\" und \"Wir bleiben alle\". Es kam zu einzelnen Rangeleien zwischen Polizei und Demonstranten.* (Tagesspiegel liveticker 2.05.2012)",
        "Lata": "2012",
        "Attendance": "1000"
      }
    },
    {
      "type": "Feature",
      "geometry": {
        "coordinates": [
          [
            13.421152,
            52.502861
          ],
          [
            13.425485,
            52.501711
          ]
        ],
        "type": "LineString"
      },
      "properties": {
        "_umap_options": {
          "dashArray": "10"
        },
        "name": "Sponti 2015",
        "description": "17.06 Uhr - Schwarzer Block sammelt sich: Klingt komisch, ist aber so. Jedes Jahr um 17 Uhr wird auf dem Myfest die Spontandemo der Linksextremen erwartet. Dieses Jahr gab es im Netz keinen Aufruf. Allerdings haben sich inzwischen etwa drei Dutzend Angehörige des schwarzen Blocks am traditionellen Treffpunkt versammelt, der Bushaltestelle an Feuerwehrbrunnen auf dem Mariannenplatz. Noch hat sich aber keine Demo gebildet. (tagesspiegel)\n\nAttendance: 150 (Tsg)",
        "Lata": "2015"
      }
    },
    {
      "type": "Feature",
      "geometry": {
        "coordinates": [
          [
            13.415766,
            52.502273
          ],
          [
            13.419113,
            52.501176
          ],
          [
            13.421538,
            52.504533
          ],
          [
            13.424629,
            52.508869
          ],
          [
            13.421194,
            52.509783
          ],
          [
            13.422782,
            52.512003
          ],
          [
            13.426108,
            52.515072
          ],
          [
            13.428898,
            52.519172
          ],
          [
            13.429627,
            52.521209
          ],
          [
            13.429886,
            52.523089
          ],
          [
            13.426068,
            52.523089
          ],
          [
            13.419799,
            52.525308
          ],
          [
            13.415507,
            52.527214
          ],
          [
            13.409672,
            52.528931
          ],
          [
            13.410659,
            52.530399
          ],
          [
            13.412376,
            52.531731
          ],
          [
            13.412654,
            52.532592
          ]
        ],
        "type": "LineString"
      },
      "properties": {
        "_umap_options": {
          "dashArray": "10"
        },
        "Lata": "1996",
        "name": "1996 R1M (ML) Demo",
        "description": "Oranienplatz – Kollwitzplatz (ML)\nAusschreitungen der kurdischen und türkischen Gruppen Schönhauser Allee (taz, 2.05)\nCafe Alibi (rbb 1996, 0:19)\nSchillbrücke (rbb 1996, 0:21)\nEnde Ecke Schönhauser Allee/Kollwitzstrasse (rbb 0:32)\n\nAttendance:\n3000 (Gluckspilz)",
        "Attendance": "3000"
      }
    },
    {
      "type": "Feature",
      "geometry": {
        "coordinates": [
          [
            13.418381,
            52.498981
          ],
          [
            13.4198,
            52.496133
          ],
          [
            13.425337,
            52.487665
          ],
          [
            13.424521,
            52.486383
          ],
          [
            13.431537,
            52.483088
          ],
          [
            13.433662,
            52.484896
          ],
          [
            13.427824,
            52.487197
          ],
          [
            13.427825,
            52.488765
          ],
          [
            13.427481,
            52.490334
          ],
          [
            13.428082,
            52.493366
          ],
          [
            13.428468,
            52.493914
          ],
          [
            13.432074,
            52.497417
          ],
          [
            13.426538,
            52.499242
          ],
          [
            13.424252,
            52.499915
          ],
          [
            13.423029,
            52.500222
          ],
          [
            13.421744,
            52.500617
          ],
          [
            13.419199,
            52.501359
          ],
          [
            13.415917,
            52.502247
          ]
        ],
        "type": "LineString"
      },
      "properties": {
        "_umap_options": {
          "dashArray": "10"
        },
        "description": "13:00 – Oranienplatz - Kottbusser Tor\n* rechts Oranienstrasse (rbb 0:07)\n* bei Oranienstrasse 21 (foto kaivonkroecher.de)\n* An der Skalitzer Straße griffen Polizisten erstmals Demonstranten aus dem Zug. Diese hatten Fahnen derverbotenen kurdischen Arbeiterpartei PKK mit sich geführt. (Berliner Zeitung 2.05.1997)\n* *Durch die Wiener Strasse, Karl Marx Allee, Kottbusser Damm bis zu Görlitzer Tor* (rbb B1 Spezial 1997 3:45) – probably meant Karl-Marx Strasse\n\nAttendance:\n2000 (Gluckspilz)",
        "name": "1997 – R1M 13:00, Keine Befreiung Ohne Revolution",
        "Lata": "1997",
        "Attendance": "2000"
      }
    },
    {
      "type": "Feature",
      "geometry": {
        "coordinates": [
          [
            13.415852,
            52.502168
          ],
          [
            13.426409,
            52.499282
          ],
          [
            13.430186,
            52.499451
          ],
          [
            13.431495,
            52.498844
          ],
          [
            13.430594,
            52.49791
          ],
          [
            13.432139,
            52.497309
          ],
          [
            13.430336,
            52.495585
          ],
          [
            13.424284,
            52.49727
          ],
          [
            13.418299,
            52.498903
          ]
        ],
        "type": "LineString"
      },
      "properties": {
        "_umap_options": {
          "dashArray": "10"
        },
        "Lata": "1998",
        "name": "1998 – 13:00 R1M",
        "description": "(taz 2.05; tagesspiegel 2.05)\nAttendance:\n1750 (Gluckspilz)",
        "Attendance": 1750
      }
    },
    {
      "type": "Feature",
      "geometry": {
        "coordinates": [
          [
            13.415508,
            52.502299
          ],
          [
            13.423107,
            52.500274
          ],
          [
            13.431692,
            52.497675
          ],
          [
            13.432122,
            52.497309
          ],
          [
            13.429091,
            52.494291
          ],
          [
            13.42819,
            52.493455
          ],
          [
            13.4279,
            52.491476
          ],
          [
            13.42909,
            52.491365
          ],
          [
            13.428982,
            52.487066
          ],
          [
            13.428822,
            52.484414
          ],
          [
            13.426623,
            52.485328
          ],
          [
            13.424488,
            52.48638
          ],
          [
            13.425336,
            52.48785
          ],
          [
            13.424006,
            52.49015
          ],
          [
            13.421173,
            52.494487
          ],
          [
            13.4183,
            52.499
          ]
        ],
        "type": "LineString"
      },
      "properties": {
        "Lata": "1999",
        "name": "1999 R1M  13:00 ",
        "description": "Oranienplatz – Heinrichplatz - Spreewaldplatz - Ohlauerstrasse - Reuterstrasse - Karl-Marx-Strasse - Hermannplatz - Kottbusser Damm - Kottbusser Tor (BZ 30.04.1999)\nAttendance: 1500 (Gluckspilz)",
        "Attendance": 1500
      }
    },
    {
      "type": "Feature",
      "geometry": {
        "coordinates": [
          [
            13.415754,
            52.502273
          ],
          [
            13.425036,
            52.499687
          ],
          [
            13.430486,
            52.497962
          ],
          [
            13.432073,
            52.497348
          ],
          [
            13.428146,
            52.493364
          ],
          [
            13.427632,
            52.490516
          ],
          [
            13.427675,
            52.489405
          ],
          [
            13.427911,
            52.486962
          ],
          [
            13.433662,
            52.484871
          ],
          [
            13.431452,
            52.483146
          ],
          [
            13.424326,
            52.486361
          ],
          [
            13.425293,
            52.48772
          ],
          [
            13.424414,
            52.48934
          ],
          [
            13.418186,
            52.498916
          ]
        ],
        "type": "LineString"
      },
      "properties": {
        "description": "(Assumed same route as 2001)\n*“Ein massives Polizeiaufgebot begleitete gestern Nachmittag die erste der beiden Revolutionären 1.-Mai-Demonstrationen. Dennoch zog die Demonstration der maoistischen RIM und der TKP/ML mit knapp 2.000 TeilnehmerInnen in entspannter Atmosphäre durch Kreuzberg und Neukölln”* (taz 2.05.2000)\n\nTagesspiegel, 29.04, s. 10\n13:00 – Oranienplatz - Kottbusser Tor\n\nAttendance:\n1000 (Gluckspilz)",
        "name": "2000 R1M (Kommunistische Gruppen)",
        "Lata": "2000",
        "_umap_options": {
          "dashArray": "10"
        },
        "Attendance": 1500
      }
    },
    {
      "type": "Feature",
      "geometry": {
        "coordinates": [
          [
            13.415754,
            52.502273
          ],
          [
            13.425036,
            52.499687
          ],
          [
            13.430486,
            52.497962
          ],
          [
            13.432073,
            52.497348
          ],
          [
            13.428146,
            52.493364
          ],
          [
            13.427632,
            52.490516
          ],
          [
            13.427675,
            52.489405
          ],
          [
            13.427911,
            52.486962
          ],
          [
            13.433662,
            52.484871
          ],
          [
            13.431452,
            52.483146
          ],
          [
            13.424326,
            52.486361
          ],
          [
            13.425293,
            52.48772
          ],
          [
            13.424414,
            52.48934
          ],
          [
            13.418186,
            52.498916
          ]
        ],
        "type": "LineString"
      },
      "properties": {
        "description": "Tagesspiegel, 29.04, s. 10\n13:00 – Oranienplatz - Kottbusser Tor\nAttendance:\n2000 (stressfaktor)\n2500 (taz)",
        "name": "2001 R1M (Kommunistische Gruppen)",
        "Lata": "2001",
        "Attendance": 2250
      }
    },
    {
      "type": "Feature",
      "geometry": {
        "coordinates": [
          [
            13.416003,
            52.502238
          ],
          [
            13.418214,
            52.499061
          ]
        ],
        "type": "LineString"
      },
      "properties": {
        "name": "2001. Gegen das Verbot der 1. Mai Demo",
        "description": "30.04 *gut 100 Menschen ziehen flankierten von starken Polizeikräften einmal um dem Block* (rbb Walpurgisnacht 1:01)",
        "Attendance": "150",
        "Lata": "2001"
      }
    },
    {
      "type": "Feature",
      "geometry": {
        "coordinates": [
          [
            13.415516,
            52.502247
          ],
          [
            13.419315,
            52.501225
          ],
          [
            13.426334,
            52.499295
          ],
          [
            13.424561,
            52.497211
          ],
          [
            13.427722,
            52.496261
          ],
          [
            13.43014,
            52.495526
          ],
          [
            13.428402,
            52.493749
          ],
          [
            13.428037,
            52.493364
          ],
          [
            13.427489,
            52.490254
          ],
          [
            13.429164,
            52.490228
          ],
          [
            13.428928,
            52.48836
          ],
          [
            13.429411,
            52.488314
          ],
          [
            13.430827,
            52.489614
          ],
          [
            13.432996,
            52.488856
          ],
          [
            13.438912,
            52.494984
          ],
          [
            13.427265,
            52.499092
          ],
          [
            13.423136,
            52.500222
          ]
        ],
        "type": "LineString"
      },
      "properties": {
        "Lata": "2002",
        "name": "2002 R1M (R1M Bündnis)",
        "description": "13:00 – pierwsze 3h mniej ludzi. Od 16 pod Görlitzer Bahnhof dołącza kolejna grupa manifestacyjna. trasa na podstawie mapki z taz. Może zawierać błędy; na pewno demo dzielnicowe\nAttendance:\n1000 (Gluckspilz)\n",
        "Attendance": "1000"
      }
    },
    {
      "type": "Feature",
      "geometry": {
        "coordinates": [
          [
            13.423083,
            52.500222
          ],
          [
            13.423812,
            52.500013
          ],
          [
            13.424778,
            52.499778
          ],
          [
            13.426452,
            52.499386
          ],
          [
            13.428984,
            52.502351
          ],
          [
            13.431515,
            52.501437
          ],
          [
            13.433951,
            52.500477
          ],
          [
            13.433232,
            52.499739
          ],
          [
            13.433106,
            52.499504
          ],
          [
            13.431345,
            52.499269
          ],
          [
            13.432097,
            52.497374
          ],
          [
            13.430273,
            52.495532
          ],
          [
            13.42817,
            52.493416
          ],
          [
            13.422204,
            52.492972
          ],
          [
            13.418684,
            52.498824
          ],
          [
            13.417783,
            52.49902
          ],
          [
            13.418126,
            52.499438
          ],
          [
            13.418383,
            52.5
          ],
          [
            13.419199,
            52.501346
          ],
          [
            13.415508,
            52.502247
          ]
        ],
        "type": "LineString"
      },
      "properties": {
        "Lata": "2003",
        "name": "2003 Revolutionäre Komunisten/ALB. Nie wieder Frieden - fuck old europe",
        "description": "15:00 –“Die 13 Uhr-Demo fand diesmal nicht statt, sondern wurde zu einer \"revolutionären 1. Mai\"-Demo ab 15 Uhr vom Oranienplatz bis zum Heinrichplatz in Kreuzberg. Veranstalter waren neben den \"revolutionären Kommunisten\", die sonst immer die 13 Uhr-Demo organisierten auch die ALB. Die Demo verlief friedlich, schätzungsweise 10.000 Leute (die Zahlen schwanken zwischen 5000-15.000) nahmen am dem Zug unter dem Motto \"Nie wieder Frieden!\" te” ([Glückspilz, 2007])\n\nAttendance:\n10000 (ca., different numbers: via Gluckspilz)",
        "Attendance": 6750
      }
    },
    {
      "type": "Feature",
      "geometry": {
        "coordinates": [
          [
            13.415386,
            52.502391
          ],
          [
            13.425594,
            52.499556
          ],
          [
            13.43214,
            52.497296
          ],
          [
            13.428468,
            52.49373
          ],
          [
            13.428125,
            52.493181
          ],
          [
            13.427954,
            52.49211
          ],
          [
            13.427471,
            52.49028
          ],
          [
            13.429016,
            52.490287
          ],
          [
            13.42894,
            52.488294
          ],
          [
            13.435423,
            52.486125
          ],
          [
            13.431495,
            52.483107
          ],
          [
            13.424476,
            52.486374
          ],
          [
            13.425465,
            52.48772
          ],
          [
            13.424757,
            52.488882
          ],
          [
            13.418384,
            52.498838
          ]
        ],
        "type": "LineString"
      },
      "properties": {
        "Lata": "2004",
        "name": "2004 Keine Befreiung ohne Revolution (13 Uhr)",
        "description": "Start: 13 Uhr, Oranienplatz bis Kottbusser Tor (Tagesspiegel 2004)\nAttendance:\n5000 (Gluckspilz)",
        "Attendance": 5000
      }
    },
    {
      "type": "Feature",
      "geometry": {
        "coordinates": [
          [
            13.423143,
            52.500131
          ],
          [
            13.426969,
            52.499105
          ],
          [
            13.43191,
            52.497332
          ],
          [
            13.428176,
            52.493429
          ],
          [
            13.42764,
            52.490333
          ],
          [
            13.427811,
            52.488177
          ],
          [
            13.427833,
            52.487092
          ],
          [
            13.433591,
            52.484825
          ],
          [
            13.431402,
            52.483094
          ],
          [
            13.424179,
            52.486367
          ],
          [
            13.425147,
            52.487641
          ],
          [
            13.420229,
            52.495846
          ],
          [
            13.418212,
            52.498824
          ]
        ],
        "type": "LineString"
      },
      "properties": {
        "name": "2005 R1M (13:00)",
        "description": "(assumed the same route as year before and after) \nAttendance:\n\"mehrere hundert\" – 500 (Berliner Zeitung) \n",
        "Lata": "2005",
        "_umap_options": {
          "dashArray": "10"
        },
        "Attendance": 500
      }
    },
    {
      "type": "Feature",
      "geometry": {
        "coordinates": [
          [
            13.423143,
            52.500131
          ],
          [
            13.426969,
            52.499105
          ],
          [
            13.43191,
            52.497332
          ],
          [
            13.428176,
            52.493429
          ],
          [
            13.42764,
            52.490333
          ],
          [
            13.427811,
            52.488177
          ],
          [
            13.427833,
            52.487092
          ],
          [
            13.433591,
            52.484825
          ],
          [
            13.431402,
            52.483094
          ],
          [
            13.424179,
            52.486367
          ],
          [
            13.425147,
            52.487641
          ],
          [
            13.420229,
            52.495846
          ],
          [
            13.418212,
            52.498824
          ]
        ],
        "type": "LineString"
      },
      "properties": {
        "name": "2006 R1M (13:00)",
        "description": "(tagesspiegel 30.04.2006)\nSlogan: Eine andere Welt ist möglich\nAttendance: \"mehr Menschen mit Kamera und Fotoapparat unterwegs als Demonstranten\" (taz)\n",
        "Lata": "2006",
        "Attendance": 50
      }
    },
    {
      "type": "Feature",
      "geometry": {
        "coordinates": [
          [
            13.415719,
            52.502235
          ],
          [
            13.429694,
            52.498315
          ],
          [
            13.432076,
            52.497321
          ],
          [
            13.428596,
            52.493936
          ],
          [
            13.428167,
            52.493388
          ],
          [
            13.427869,
            52.49147
          ],
          [
            13.42907,
            52.491313
          ],
          [
            13.429091,
            52.491038
          ],
          [
            13.429006,
            52.486528
          ],
          [
            13.425227,
            52.487888
          ],
          [
            13.422136,
            52.493273
          ],
          [
            13.419757,
            52.496133
          ],
          [
            13.418555,
            52.498747
          ],
          [
            13.418727,
            52.499086
          ],
          [
            13.418126,
            52.499686
          ],
          [
            13.420637,
            52.503201
          ],
          [
            13.425872,
            52.501776
          ],
          [
            13.429607,
            52.500731
          ],
          [
            13.430788,
            52.500836
          ]
        ],
        "type": "LineString"
      },
      "properties": {
        "Lata": "2007",
        "name": "2007 R1M 15:00",
        "description": "Neu ist in diesem Jahr, dass die um 13 Uhr beginnende Demo, die sich ebenfalls „revolutionär“ nennt, am Startpunkt der 18-Uhr-Demo enden soll – die Teilnehmer sollen also nahtlos weiterziehen können. Sebastian Lorenz von der ALB sagte, dass deshalb bis zu 8000 Teilnehmer erwartet werden. (Tagesspiegel, 27.03.2007)\nAttendance: \"nicht einmal Tausend\" ca 800 (Berliner Kurier)\n1000 (Berliner Zeitung)",
        "Attendance": 900
      }
    },
    {
      "type": "Feature",
      "geometry": {
        "coordinates": [
          [
            13.415941,
            52.502168
          ],
          [
            13.422896,
            52.500261
          ],
          [
            13.426867,
            52.499164
          ],
          [
            13.432147,
            52.497309
          ],
          [
            13.430194,
            52.495532
          ],
          [
            13.428219,
            52.493403
          ],
          [
            13.428069,
            52.492632
          ],
          [
            13.422595,
            52.492162
          ],
          [
            13.421393,
            52.494043
          ],
          [
            13.418375,
            52.498785
          ]
        ],
        "type": "LineString"
      },
      "properties": {
        "Lata": "2008",
        "name": "2008 13Uhr R1M",
        "description": "(rbb vorbericht 30.04.2008) Oranienstrasse – Kottbusser Tor\nSlogan:\nDeutschland, verrecke, damit wir leben können\nAttendance:\n\"einige Hundert\" ~300 (taz)",
        "Attendance": 300
      }
    },
    {
      "type": "Feature",
      "geometry": {
        "coordinates": [
          [
            13.415616,
            52.50226
          ],
          [
            13.422595,
            52.500444
          ],
          [
            13.422748,
            52.499948
          ],
          [
            13.423478,
            52.500105
          ],
          [
            13.432046,
            52.497322
          ],
          [
            13.428674,
            52.493899
          ],
          [
            13.428159,
            52.493403
          ],
          [
            13.427858,
            52.491469
          ],
          [
            13.427558,
            52.490254
          ],
          [
            13.427966,
            52.487942
          ],
          [
            13.427858,
            52.486975
          ],
          [
            13.430285,
            52.486086
          ],
          [
            13.433742,
            52.48491
          ],
          [
            13.431423,
            52.48312
          ],
          [
            13.424423,
            52.486282
          ],
          [
            13.425389,
            52.487706
          ],
          [
            13.423585,
            52.49049
          ],
          [
            13.420515,
            52.495624
          ],
          [
            13.418797,
            52.498158
          ],
          [
            13.418324,
            52.498851
          ]
        ],
        "type": "LineString"
      },
      "properties": {
        "description": "14:20 – Oranienplatz (start, over one hour delayed; ~300 participants; organised by Turkish and Maoist-Leninist groups)\n15:20 – Sonnenallee, Neukölln (march lost ~1/4 of participants after leaving Kreuzberg; ~few hundred remaining; diverse: children, old communists, Kurds, Turks, Spaniards, Africans; almost no audience on Sonnenallee)\n16:10 – Kottbusser Straße, Kreuzberg (end of march; Internationale played)\nSource: taz live ticker 1.05.2009; Polizeiliche Darstellung\n\nAttendance:\n300 (taz)",
        "Lata": "2009",
        "name": "2009 R1M 13:00",
        "Attendance": 300
      }
    },
    {
      "type": "Feature",
      "geometry": {
        "coordinates": [
          [
            13.415337,
            52.502247
          ],
          [
            13.421066,
            52.50081
          ],
          [
            13.426495,
            52.499242
          ],
          [
            13.42626,
            52.499047
          ],
          [
            13.424563,
            52.497283
          ],
          [
            13.418042,
            52.499138
          ]
        ],
        "type": "LineString"
      },
      "properties": {
        "_umap_options": {
          "dashArray": "10"
        },
        "name": "2010 13:00 Demo",
        "Lata": "2010",
        "description": "*13:20 Berlin-Kreuzberg, Oranienplatz Eine Handvoll Maoisten hat sich auf dem Oranienplatz versammelt. \"Sonst war hier viel mehr los\", sagt eine Anwohnerin, die im Bioladen an der Ecke arbeitet, \"heute ist es höchstens ein Bruchteil. Nicht einmal die Wiese ist voll.\" Die Maoisten wollen anschließend zum Kottbusser Tor laufen.*\n\n*13:50, Berlin-Kreuzberg, Oranienplatz Die revolutionäre 1. Mai-Demonstration setzt sich mit gerade mal 50 Teilnehmern in Bewegung. Die ursprünglich geplante Wegstrecke soll deutlich abgekürzt werden. Man werde über die Manteuffelstraße direkt zum Kottbusser Tor laufen und sich anschließend den Protesten in Prenzlauer Berg anschließen, sagt ein Sprecher*\n (taz liveticker 2010)\n\nAttendance:\n50 (taz liveticker)",
        "Attendance": 50
      }
    },
    {
      "type": "Feature",
      "geometry": {
        "coordinates": [
          [
            13.424917,
            52.486988
          ],
          [
            13.424317,
            52.486073
          ],
          [
            13.42448,
            52.484753
          ],
          [
            13.424824,
            52.483799
          ],
          [
            13.424867,
            52.482251
          ],
          [
            13.425003,
            52.481454
          ],
          [
            13.425199,
            52.480657
          ],
          [
            13.423083,
            52.480363
          ],
          [
            13.425293,
            52.473109
          ],
          [
            13.428125,
            52.473397
          ],
          [
            13.429069,
            52.471462
          ],
          [
            13.430754,
            52.468449
          ],
          [
            13.435497,
            52.469077
          ],
          [
            13.439007,
            52.469521
          ],
          [
            13.441708,
            52.46973
          ],
          [
            13.441594,
            52.470403
          ],
          [
            13.443129,
            52.470573
          ],
          [
            13.446198,
            52.470933
          ],
          [
            13.447872,
            52.471129
          ],
          [
            13.4488,
            52.471367
          ],
          [
            13.450598,
            52.471609
          ],
          [
            13.451333,
            52.471952
          ],
          [
            13.452476,
            52.472854
          ],
          [
            13.453882,
            52.473965
          ],
          [
            13.454644,
            52.4744
          ],
          [
            13.454579,
            52.474465
          ],
          [
            13.453011,
            52.475266
          ],
          [
            13.448815,
            52.47737
          ],
          [
            13.440098,
            52.481617
          ],
          [
            13.43968,
            52.481526
          ],
          [
            13.437684,
            52.481238
          ],
          [
            13.435462,
            52.480898
          ],
          [
            13.435419,
            52.480787
          ],
          [
            13.435505,
            52.480722
          ],
          [
            13.437383,
            52.479402
          ],
          [
            13.438789,
            52.478324
          ],
          [
            13.444331,
            52.475207
          ],
          [
            13.444701,
            52.474717
          ],
          [
            13.445131,
            52.474129
          ],
          [
            13.443762,
            52.474044
          ],
          [
            13.443585,
            52.474076
          ],
          [
            13.443376,
            52.474086
          ],
          [
            13.442443,
            52.473955
          ],
          [
            13.442138,
            52.473897
          ],
          [
            13.440614,
            52.473746
          ],
          [
            13.440383,
            52.474145
          ]
        ],
        "type": "LineString"
      },
      "properties": {
        "description": "„Neukölln bleibt rot – gegen Ausbetung und Unterdrückung“. Die Strecke: Karl-Marx-Platz – Richardplatz – Richardstraße – Karl-Marx-Straße – Erkstraße – Sonnenallee – Braunschweiger Straße – Karl-Marx-Straße – Ernser Straße – Hermannstraße – Leinestraße – Weisestraße – ? - Hermannplatz (B.Z. 27.04)\nAttendance: 250 (taz ticker 1. Mai)",
        "name": "2016 – 13 Uhr Demo „Neukölln bleibt rot – gegen Ausbetung und Unterdrückung“.",
        "Lata": "2016",
        "Attendance": "250"
      }
    },
    {
      "type": "Feature",
      "geometry": {
        "coordinates": [
          [
            13.424392,
            52.487432
          ],
          [
            13.425421,
            52.487824
          ],
          [
            13.428982,
            52.486648
          ],
          [
            13.433683,
            52.484949
          ],
          [
            13.436002,
            52.483773
          ],
          [
            13.433662,
            52.482048
          ],
          [
            13.436569,
            52.47999
          ],
          [
            13.438082,
            52.478298
          ],
          [
            13.439262,
            52.476337
          ],
          [
            13.440324,
            52.474312
          ],
          [
            13.441075,
            52.472867
          ],
          [
            13.4416,
            52.47039
          ],
          [
            13.447782,
            52.471109
          ],
          [
            13.448812,
            52.471344
          ],
          [
            13.44982,
            52.471462
          ],
          [
            13.451216,
            52.471933
          ],
          [
            13.452482,
            52.472835
          ],
          [
            13.450742,
            52.473756
          ],
          [
            13.448371,
            52.474214
          ],
          [
            13.447276,
            52.474416
          ],
          [
            13.447051,
            52.474606
          ],
          [
            13.446595,
            52.474518
          ],
          [
            13.445871,
            52.474321
          ],
          [
            13.445131,
            52.474174
          ],
          [
            13.44453,
            52.474063
          ],
          [
            13.443597,
            52.474086
          ],
          [
            13.442813,
            52.474014
          ],
          [
            13.442159,
            52.473903
          ],
          [
            13.442105,
            52.473841
          ],
          [
            13.441349,
            52.473589
          ]
        ],
        "type": "LineString"
      },
      "properties": {
        "description": "1. MAI 2017 | 13:00 UHR | KARL-MARX-PLATZ | BERLIN-NEUKÖLLN (JugendWiderstand)\n\n* Karl-Marx Platz\n* Rixdorfer Schmiede (https://is.gd/eLJHNy)\n* 51 Schudomannstrasse (https://is.gd/KkRlIw)\n* 34 Braunschweiger Strasse (https://is.gd/xHa0s5)\n* 196 Karl-Marx Strasse (https://is.gd/HGklmO)\n* 215 Karl-Marx-Strasse (https://is.gd/VbTxiY)\n\n*Schließlich formierte sich gegen 14:20 der Demonstrationszug und zog über den Richardplatz in Richtung S-Bahnhof Sonnenallee, durch die Braunschweiger Straße zum Bahnhof Neukölln und über die Karl-Marx-Straße und die Sonnenallee schließlich zum Hermannplatz.* (Jugend Widerstand)\n\n*Bis zu 250 Menschen beteiligten sich an der diesjährigen roten 1. Mai Demonstration in Berlin. Wir haben damit unser Versprechen gehalten, auch im zweiten Jahr ihrer Wiederaufnahme eine Demonstration durchzuführen, die im Geiste der historischen, revolutionären 13-Uhr-Demonstration eine angemessene und echte, eine proletarische Alternative zu dem von allen Seiten kritisierten Touristen- und Yuppiekarneval in Kreuzberg darste*\n\nAttendance: \n250 (organisers)",
        "name": "2017 Rotes 1. Mai",
        "Lata": "2017",
        "Attendance": 250
      }
    },
    {
      "type": "Feature",
      "geometry": {
        "coordinates": [
          [
            13.424392,
            52.487432
          ],
          [
            13.425421,
            52.487824
          ],
          [
            13.428898,
            52.486589
          ],
          [
            13.433683,
            52.484949
          ],
          [
            13.436002,
            52.483773
          ],
          [
            13.433662,
            52.482048
          ],
          [
            13.436569,
            52.47999
          ],
          [
            13.438007,
            52.478311
          ],
          [
            13.438575,
            52.477487
          ],
          [
            13.440743,
            52.473455
          ],
          [
            13.441043,
            52.47275
          ],
          [
            13.441204,
            52.471998
          ],
          [
            13.441536,
            52.470423
          ],
          [
            13.443144,
            52.470586
          ],
          [
            13.445516,
            52.470861
          ],
          [
            13.446289,
            52.470959
          ],
          [
            13.44704,
            52.471057
          ],
          [
            13.447963,
            52.471161
          ],
          [
            13.448832,
            52.471403
          ],
          [
            13.449669,
            52.471423
          ],
          [
            13.450701,
            52.471612
          ],
          [
            13.451311,
            52.471965
          ],
          [
            13.452406,
            52.472861
          ],
          [
            13.45085,
            52.473691
          ],
          [
            13.449294,
            52.474083
          ],
          [
            13.448057,
            52.474261
          ],
          [
            13.447223,
            52.474367
          ],
          [
            13.446193,
            52.474057
          ],
          [
            13.444894,
            52.473913
          ],
          [
            13.443585,
            52.473808
          ],
          [
            13.443602,
            52.47408
          ],
          [
            13.442813,
            52.474014
          ],
          [
            13.442159,
            52.473903
          ],
          [
            13.442105,
            52.473841
          ],
          [
            13.441182,
            52.473514
          ]
        ],
        "type": "LineString"
      },
      "properties": {
        "description": "1. MAI 2018 | 13:00 UHR | KARL-MARX-PLATZ | BERLIN-NEUKÖLLN (JugendWiderstand)\n\n* Karl-Marx-Platz 4 (https://is.gd/KrJqrY)\n* 15 Richardplatz (https://is.gd/Np3t39)\n* 58 Schudomastrasse (https://is.gd/sWGetp)\n* Ecke Braunschweiger/Niemetzstrasse (https://is.gd/ceOocp)\n* Braunschweiger Strasse 34 (https://is.gd/DXWB46)\n* Ecke Kannerstrasse (https://is.gd/SdP3SK)\n* Braunschweiger strasse 77 (https://is.gd/9JhiFO)\n* Karl-Marx-Strasse/Ecke Briesestrasse (https://is.gd/KrJqrY)\n* Karl-Marx Strasse 118 (https://is.gd/78bHoB)\n* Fuldastrasse (https://is.gd/87qBR7)\n* Sonnenalle 57 \n* Sonnenallee/Ecke Reuterstrasse (https://is.gd/V4G7k7)\n\nAttendance:\n200 (organisers)",
        "name": "2018 Rotes 1. Mai",
        "Lata": "2018",
        "Attendance": 200
      }
    },
    {
      "type": "Feature",
      "geometry": {
        "coordinates": [
          [
            13.424392,
            52.487432
          ],
          [
            13.425421,
            52.487824
          ],
          [
            13.428982,
            52.486648
          ],
          [
            13.433683,
            52.484949
          ],
          [
            13.436002,
            52.483773
          ],
          [
            13.433662,
            52.482048
          ],
          [
            13.436569,
            52.47999
          ],
          [
            13.438854,
            52.478252
          ],
          [
            13.441269,
            52.477024
          ],
          [
            13.443597,
            52.475671
          ],
          [
            13.444305,
            52.475194
          ],
          [
            13.445131,
            52.474174
          ],
          [
            13.44453,
            52.474063
          ],
          [
            13.443597,
            52.474086
          ],
          [
            13.442813,
            52.474014
          ],
          [
            13.442159,
            52.473903
          ],
          [
            13.442105,
            52.473841
          ],
          [
            13.441349,
            52.473589
          ]
        ],
        "type": "LineString"
      },
      "properties": {
        "description": "1. MAI 2019 | 13:00 UHR | KARL-MARX-PLATZ | BERLIN-NEUKÖLLN (JugendWiderstand)\n\n\n* Karl-Marx-Platz 14 (https://shorturl.at/Flp8t)\n* Richardplatz (https://is.gd/zDrrC5)\n* Richardstrasse 97 (https://shorturl.at/nmn0u)\n* Sonnenalle/Ecke Friedelstrasse (https://shorturl.at/25hK3)\n* Alte Post (https://shorturl.at/zltgv)\n* Fuldastrasse (https://shorturl.at/BjsfN)\n\n*Mit knapp über 200 Teilnehmern nahmen dieses Jahr einige dutzend Menschen mehr teil, als im Vorjahr. Dafür, dass Mobilisierung und Demonstration komplett aus eigener Kraft gestemmt wurden, viele Genossen und Freunde aus privaten und Arbeitsgründen nicht teilnehmen konnten, während antikommunistische Hetze, Lügen und Spaltung durch verschiedene Reaktionäre im Verlauf des letzten Jahr nochmal massiv zunahmen und ihr langsam wirkendes Gift verströmten, sind wir sehr zufrieden. Ebenso mit der Resonanz und dem Feedback auf Mobilisierung und Demonstration im Viertel.* (Jugend Widerstand)\n\nAttendance:\n200 (organisers)",
        "name": "2019 Rotes 1. Mai",
        "Lata": "2019",
        "Attendance": 200
      }
    },
    {
      "type": "Feature",
      "geometry": {
        "coordinates": [
          [
            13.416538,
            52.502057
          ],
          [
            13.423405,
            52.500105
          ],
          [
            13.429627,
            52.498263
          ],
          [
            13.432031,
            52.497335
          ],
          [
            13.430303,
            52.495572
          ],
          [
            13.428179,
            52.493403
          ],
          [
            13.427932,
            52.491953
          ],
          [
            13.427589,
            52.490287
          ],
          [
            13.429059,
            52.490261
          ],
          [
            13.428909,
            52.486622
          ],
          [
            13.425078,
            52.487824
          ],
          [
            13.418319,
            52.498877
          ],
          [
            13.418384,
            52.49919
          ]
        ],
        "type": "LineString"
      },
      "properties": {
        "name": "1990 Revolutionäre 1. Mai. Lieber raus auf die Straße als heim ins Reich",
        "description": "(Interim 99/1990)\nAttendance:\n* 10000 (police, Gluckspilz)\n* 15000 (organisers, Gluckspilz)",
        "Lata": "1990",
        "Attendance": "12500"
      }
    },
    {
      "type": "Feature",
      "geometry": {
        "coordinates": [
          [
            13.416088,
            52.501986
          ],
          [
            13.419231,
            52.501261
          ],
          [
            13.418115,
            52.499517
          ],
          [
            13.418738,
            52.49919
          ],
          [
            13.427299,
            52.49919
          ],
          [
            13.432041,
            52.499334
          ],
          [
            13.438082,
            52.497342
          ],
          [
            13.43828,
            52.497319
          ],
          [
            13.440351,
            52.499252
          ],
          [
            13.442116,
            52.498485
          ],
          [
            13.444819,
            52.501058
          ],
          [
            13.447244,
            52.502848
          ],
          [
            13.450055,
            52.507419
          ],
          [
            13.451686,
            52.51074
          ],
          [
            13.455108,
            52.510119
          ],
          [
            13.456197,
            52.509927
          ],
          [
            13.457174,
            52.511977
          ],
          [
            13.457388,
            52.512401
          ],
          [
            13.458558,
            52.513518
          ],
          [
            13.459934,
            52.514892
          ],
          [
            13.460427,
            52.515725
          ],
          [
            13.460585,
            52.516063
          ],
          [
            13.461133,
            52.517174
          ],
          [
            13.461192,
            52.517292
          ],
          [
            13.461235,
            52.517393
          ],
          [
            13.461632,
            52.51816
          ],
          [
            13.462002,
            52.51879
          ]
        ],
        "type": "LineString"
      },
      "properties": {
        "name": "1991 Demo",
        "description": "Oranienplatz 13.00 Uhr -: Skalitzerstr. -‘ Görlitzerstr. ->Oppelnerstr. -> Wrangelstr. -: Falckensteinstr. -> Oberbaumbrücke -> Warschauerstr. -’ Kopernikusstr. -: Simon-Dach-Str. -»Niederbarnimstr. -’ Proskauerstr. -. Liebigstr. ->Abschluß Bänschstr./Proskauerstr (Interim 142/1991)\nAttendance:\n* 10000 (Gluckspilz)\n* 8000 (police)\n* 20000 (organisers)",
        "Lata": "1991",
        "Attendance": "12667"
      }
    },
    {
      "type": "Feature",
      "geometry": {
        "coordinates": [
          [
            13.41657,
            52.502051
          ],
          [
            13.419242,
            52.501306
          ],
          [
            13.420744,
            52.503305
          ],
          [
            13.423297,
            52.506884
          ],
          [
            13.419757,
            52.507889
          ],
          [
            13.42113,
            52.509757
          ],
          [
            13.424542,
            52.508882
          ],
          [
            13.428168,
            52.507471
          ],
          [
            13.431923,
            52.505721
          ],
          [
            13.426366,
            52.49934
          ],
          [
            13.432074,
            52.497322
          ],
          [
            13.430293,
            52.495578
          ],
          [
            13.428168,
            52.493429
          ],
          [
            13.4279,
            52.491496
          ],
          [
            13.42908,
            52.491358
          ],
          [
            13.429027,
            52.489986
          ],
          [
            13.428984,
            52.488092
          ],
          [
            13.428984,
            52.486491
          ],
          [
            13.425427,
            52.48771
          ],
          [
            13.421924,
            52.493312
          ],
          [
            13.418384,
            52.498981
          ]
        ],
        "type": "LineString"
      },
      "properties": {
        "name": "1992 Revolutionäre 1. Mai Demo",
        "description": "Oranienplatz - geradeaus in die Oranienstr. - links in die Adalbertstr., am Kinderbauernhof und den besetzten Häusern im Osten vorbei - links in die Melchiorstr. bis zum Michaelkirchplatz - rechts in die Michaelkirchstr. rechts in die Köpeniker Str., an der \"137\" vorbei bis zur Manteuffelstr. rechts in die Manteuffel bis zur Skalitzer - links in die Wiener Str. rechts in die Ohlauer Str. - über die Brücke in die Friedelstr. - links in die Pflüger - rechts in die Reuterstr. bis zur Sonnenallee - rechts die Sonnenallee bis zum Herrmannplatz - links in den Kottbusser Damm - geradeaus über die Brücke in die Kottbusser Str. und diese bis zum Kottbusser Tor.* (Interim 189/1992)\n\nAttendance:\n12000-15000 (Gluckspilz)",
        "Lata": "1992",
        "Attendance": 13500
      }
    },
    {
      "type": "Feature",
      "geometry": {
        "coordinates": [
          [
            13.416013,
            52.502182
          ],
          [
            13.419285,
            52.501326
          ],
          [
            13.420658,
            52.503259
          ],
          [
            13.424563,
            52.508816
          ],
          [
            13.421152,
            52.50977
          ],
          [
            13.416506,
            52.510984
          ],
          [
            13.408406,
            52.512166
          ],
          [
            13.405681,
            52.514053
          ],
          [
            13.408924,
            52.5169
          ],
          [
            13.416138,
            52.521927
          ]
        ],
        "type": "LineString"
      },
      "properties": {
        "name": "1993 Demo",
        "description": "Oranienstrasse-Adalbertstrasse- Köpenickerstrasse - Mühlendamm -  Breite Strasse - ... - Alexanderplatz (Interim 240/1993, 8; Glückspitz 2000, taz 3.5.1993). The demonstration was halted by the police around Breite Strasse, i ostatecznie rozwiązana na Alexanderplatz (BZ 3.05)\n\nAttendance:\n* 5500 (police, via Gluckspilz)\n* 10000 (Gluckspilz)\n",
        "Lata": "1993",
        "Attendance": 7750
      }
    },
    {
      "type": "Feature",
      "geometry": {
        "coordinates": [
          [
            13.414875,
            52.50241
          ],
          [
            13.398213,
            52.507086
          ],
          [
            13.395123,
            52.507014
          ],
          [
            13.386089,
            52.506453
          ],
          [
            13.385532,
            52.507432
          ],
          [
            13.383301,
            52.511859
          ],
          [
            13.380983,
            52.516469
          ],
          [
            13.377829,
            52.516116
          ]
        ],
        "type": "LineString"
      },
      "properties": {
        "name": "1994 RIM Demo",
        "description": "Oranienplatz - Brandenburger Tor\n\n## 1994\n*Die Demonstranten zogen an denvon Polizelfahrzeugen abgeschirmten Gebäuden des Springer Verlagesan der Kochstraße und der Treuhandan der Leipziger Straße vorbei zur Abschlußkundgebung am Brandenburger Tor.* (BZ, 2.05.1994)\n\nAttendance: \nca. 800\nGluckspilz– 1000",
        "Lata": "1994",
        "_umap_options": {
          "dashArray": "10"
        },
        "Attendance": 900
      }
    },
    {
      "type": "Feature",
      "geometry": {
        "coordinates": [
          [
            13.414875,
            52.50241
          ],
          [
            13.398213,
            52.507086
          ],
          [
            13.395123,
            52.507014
          ],
          [
            13.386089,
            52.506453
          ],
          [
            13.385532,
            52.507432
          ],
          [
            13.383301,
            52.511859
          ],
          [
            13.380983,
            52.516469
          ],
          [
            13.377829,
            52.516116
          ]
        ],
        "type": "LineString"
      },
      "properties": {
        "name": "1995 RIM Demo",
        "description": "Oranienplatz - Brandenburger Tor\n## 1995\n\n“Die \"RIM\" meldete als \"Revolutionärer 1.Mai-Bündnis\" unverdrossen eine Demo um 13 Uhr am Oranienplatz an, zu der sie seither jedes Jahr mit demselben Flugblatt (bei aktualisiertem Datum) aufruft. Die Demo führte zum Brandenburger Tor, es nahmen anfangs knapp 1000, später nur noch einige hundert Menschen daran teil.” (Glückspilz, 2000)\n\nBZ 2.05.1995 – 2500k attended, peaceful demonstration\nGluckspilz – 2000 attended\n\n\n",
        "Lata": "1995",
        "_umap_options": {
          "dashArray": "10"
        },
        "Attendance": "2250"
      }
    },
    {
      "type": "Feature",
      "geometry": {
        "coordinates": [
          [
            13.415710379683503,
            52.502278934961595
          ],
          [
            13.418206641025506,
            52.50158776349633
          ],
          [
            13.423474670815665,
            52.500118988051184
          ],
          [
            13.426546992467024,
            52.49927022692859
          ],
          [
            13.428883435862218,
            52.49849042316765
          ],
          [
            13.432236720172284,
            52.497295188297585
          ],
          [
            13.436382530748858,
            52.49587390572219
          ],
          [
            13.438924536597142,
            52.49501447411339
          ],
          [
            13.437415558657221,
            52.493470089278475
          ],
          [
            13.435198368501204,
            52.491208300025875
          ],
          [
            13.430284481743257,
            52.4861495979452
          ],
          [
            13.430248733876937,
            52.486102102405
          ],
          [
            13.433319560086545,
            52.48498947422067
          ],
          [
            13.4337096290526,
            52.484843418974236
          ],
          [
            13.43335909523205,
            52.484583408128515
          ],
          [
            13.432407643227293,
            52.483848305179805
          ],
          [
            13.431429835211674,
            52.483119610219916
          ],
          [
            13.429155076916999,
            52.4841788855411
          ],
          [
            13.42798750562099,
            52.484690887010544
          ],
          [
            13.424276687647165,
            52.486355527906596
          ],
          [
            13.423079635215913,
            52.4867337527121
          ],
          [
            13.42125340457224,
            52.48725604398689
          ],
          [
            13.417436388331566,
            52.48775460215964
          ],
          [
            13.408018065334744,
            52.48897507262399
          ],
          [
            13.407069457748378,
            52.4891022864814
          ]
        ],
        "type": "LineString"
      },
      "properties": {
        "title": "Revolutionäre1Mai-Demo 2026",
        "tooltip": "",
        "markerColor": "",
        "Lata": "2026",
        "postcovid": true
      }
    },
    {
      "type": "Feature",
      "geometry": {
        "coordinates": [
          [
            13.39456,
            52.489069
          ],
          [
            13.396148,
            52.488948
          ],
          [
            13.396202,
            52.488951
          ],
          [
            13.401947,
            52.488817
          ],
          [
            13.407805,
            52.488912
          ],
          [
            13.422765,
            52.491796
          ],
          [
            13.422636,
            52.491848
          ],
          [
            13.419553,
            52.496493
          ],
          [
            13.416403,
            52.49725
          ],
          [
            13.417278,
            52.498465
          ],
          [
            13.417772,
            52.498769
          ]
        ],
        "type": "LineString"
      },
      "properties": {
        "name": "1994 KDB/RZ Demo",
        "description": "Makheinekeplatz - ... - Admirastrasse - ... Kottbusser Tor (taz 1994, Spiegel Youtube)\n\n# 2.500 TeilnehmerInnen machten die 1.- Mai-Demonstration der Kreuzberger Patriotischen Demokraten zu einer wohltuend selbstironischen Inszenierung\n\nDie Zeit geht vorbei und die Slogans verändern sich. Auch der Widerstand gegen die herrschenden Verhältnisse hat sich gewandelt. Statt wie in jedem Jahr zur autonomen 1.-Mai-Demo mehr oder weniger ironisch die Weltrevolution zu propagieren, hatten die verdienten GenossInnen der Kreuzberger KPD/RZ (\"Kreuzberger Patriotische Demokraten/Realistisches Zentrum\") diesmal zur Kundgebung \"Gegen nächtliche Ruhestörung und sinnlose Gewalt\" aufgerufen.\n Um selbstbewußt den Vorwurf der Engstirnigkeit zu entkräften, hatten sie differierende Ansichten und Minderheitenblöcke zugelassen, die unter den Parolen:\"Gegen nächtliche Ruhestörung - für sinnlose Gewalt\", \"Für nächtliche Ruhestörung- für sinnlose Gewalt\". resp. \"Für nächtliche Ruhestörung - gegen sinnlose Gewalt\" vom Marheinekeplatz zum Kottbusser Tor zogen. Den Stalinisten von der RIM und den traurigen Langweilern vom DGB hatte man diesmal den Tag überlassen und zog erst gegen 21 Uhr mit etwa 2.500 Gutgelaunten durch enge Straßenzüge.\n Die Stimmung war so großartig wie seit Jahren nicht mehr; denn die autonome Demo verzichtete diesmal auf alle plakativen Formen einer Pseudoradikalität, auf Auseinandersetzungen mit der RIM, auf die bis zum Erbrechen bekannten Parolen - \"Polizei SA-SS\". \"Haut ab\" (mit hysterischem Tremolo) etc. - oder die ausgeleierten Evergreens von \"Ton Stein Scherben\". Souverän weigerte man sich, Polizei oder RIM als Gegner anzuerkennen und sich über diesen Gegner zu definieren. Subversiv nahm man sie statt dessen nicht ernst - statt \"Mörder und Faschisten\" hieß es, selbst noch als die Bullen überfallartig am Ende marodierend am Kottbusser Tor die Demonstranten überfielen: \"Deutsche Polizisten - Gärtner und Floristen\" oder \"Gärtner und Puristen\". Selbst noch beim Wegrennen skandierten viele:\"Ihr seid blöde\".\n Revolutionäre Puristen, die vermeintliche Massenwirksamkeit nach dem Ausmaß zerbrochener Scheiben und dem Grad der Auseinandersetzungen mit den Bullen berechnen, werden an der Demo die wohltuend auf alle Inhalte revolutionären Anachronismus verzichtete und statt dessen die subversibve Form wählte, vermutlich wenig Freude gehabt haben.\n\n\"Ein Kampf, ein Wille, Mut zur Stille\"\nDenn statt sich an anachronistischrn Parolen zu berauschen oder die Auseinandersetzung mit den Bütteln des Systems zu suchen, skandierte man mit großer Begeisterung: \"Wir wollen schlafen\", rief \"Nächtliche Ruhestörung ist verwerflich\", \"Ruhestörung wollen wir nicht\", drohte \"Ruhe, sonst knallt's\", \"Ich muß morgen arbeiten\" oder \"Ein Kampf, ein Wille, Mut zur Stille!\" hallte es begeistert durch die Kreuzberger Straßenschluchten. Mit einem energischen \"So nicht\" auf Transparenten verwahrte sich die lärmende Menge gegen den lärmenden Zeitgeist, und das war unglaublich komisch, lustig, sympathisch und intelligent in einer Zeit, die zwar immer mehr Anlaß zum radikalen Protest bietet, in der sich aber die Worte des Protestes erschöpft haben und oft nur noch lächerlich wirken.\n Die subversive Form des Protestes wurde durchaus verstanden. Obgleich es in den letzten Jahren kaum eine friedlichere Demo gegeben hat - lediglich eine Handvoll Demonstranten wackelte am Ende ein bißchen an einer Wanne herum -, trieben wohl hundert stockschlagende Bullen zwischen Admiralstraße und Kottbusser Tor ohne Vorwarnung (oder die war so leise, daß es niemand hörte) die Demonstranten auseinander.\n Offensichtlich konnten sie es nicht ertragen, es mit Leuten zu tun zu haben, die sie nicht als \"Mörder und Faschisten\" sondern schlicht als \"Ruhestörer\" und \"Spielverderber\" beschimpften. (Detlef Kuhbrodt TAZ  7.5.94)\n\nAttendance:\n2500",
        "Lata": "1994",
        "_umap_options": {
          "dashArray": "10"
        },
        "Attendance": "2500"
      }
    },
    {
      "type": "Feature",
      "geometry": {
        "coordinates": [
          [
            13.4109,
            52.527022
          ],
          [
            13.410417,
            52.528059
          ],
          [
            13.409275,
            52.528249
          ],
          [
            13.407537,
            52.528471
          ],
          [
            13.40537,
            52.528719
          ],
          [
            13.403229,
            52.528993
          ],
          [
            13.402494,
            52.528999
          ],
          [
            13.401427,
            52.528941
          ],
          [
            13.399152,
            52.528866
          ],
          [
            13.397951,
            52.528872
          ],
          [
            13.397661,
            52.528774
          ],
          [
            13.397543,
            52.529404
          ],
          [
            13.397232,
            52.529972
          ],
          [
            13.396631,
            52.531068
          ],
          [
            13.396191,
            52.532034
          ],
          [
            13.395955,
            52.532413
          ],
          [
            13.397355,
            52.532481
          ],
          [
            13.39868,
            52.532569
          ],
          [
            13.399158,
            52.532651
          ],
          [
            13.400874,
            52.533056
          ],
          [
            13.402419,
            52.533424
          ],
          [
            13.402934,
            52.533578
          ],
          [
            13.403095,
            52.533754
          ],
          [
            13.403406,
            52.533943
          ],
          [
            13.403728,
            52.534022
          ],
          [
            13.40435,
            52.534126
          ],
          [
            13.404559,
            52.534172
          ],
          [
            13.405133,
            52.533979
          ],
          [
            13.407344,
            52.536325
          ],
          [
            13.40906,
            52.537989
          ],
          [
            13.411989,
            52.540743
          ],
          [
            13.413738,
            52.542368
          ],
          [
            13.415476,
            52.543908
          ],
          [
            13.41553,
            52.544006
          ],
          [
            13.417075,
            52.543386
          ],
          [
            13.418502,
            52.542779
          ],
          [
            13.418587,
            52.542753
          ],
          [
            13.41863,
            52.542661
          ],
          [
            13.417515,
            52.541552
          ],
          [
            13.416452,
            52.540586
          ],
          [
            13.416334,
            52.540188
          ],
          [
            13.416324,
            52.539399
          ],
          [
            13.416324,
            52.538759
          ],
          [
            13.416356,
            52.538472
          ],
          [
            13.416334,
            52.53842
          ],
          [
            13.417697,
            52.538335
          ],
          [
            13.419805,
            52.538228
          ],
          [
            13.420181,
            52.538192
          ],
          [
            13.418577,
            52.536717
          ],
          [
            13.417767,
            52.53612
          ],
          [
            13.417091,
            52.53628
          ]
        ],
        "type": "LineString"
      },
      "properties": {
        "Lata": "1996",
        "name": "1996 RIM (AAB) Demo",
        "description": "13:00 Rosa-Luxemburg-platz – Linienstraße – Ackerstrasse – Invalidenstrasse – Veteranenstrasse – Kastanienallee – Pappelallee – Raumerstrasse – Schliemannstrasse – Hagenauerstrasse – Szredzkistrasse – Knaackstrasse – Kollwitzplatz (AAB)\n\nAttendance:\n10000 (Gluckspilz)",
        "Attendance": 10000
      }
    },
    {
      "type": "Feature",
      "geometry": {
        "coordinates": [
          [
            13.401255,
            52.529773
          ],
          [
            13.402618,
            52.528059
          ],
          [
            13.402247,
            52.527984
          ],
          [
            13.395445,
            52.526757
          ],
          [
            13.392913,
            52.52632
          ],
          [
            13.390177,
            52.525798
          ],
          [
            13.390038,
            52.525713
          ],
          [
            13.397591,
            52.523833
          ],
          [
            13.399887,
            52.523728
          ],
          [
            13.402269,
            52.523663
          ],
          [
            13.402698,
            52.524159
          ],
          [
            13.403878,
            52.526091
          ],
          [
            13.405423,
            52.529603
          ],
          [
            13.405852,
            52.530438
          ],
          [
            13.406281,
            52.532292
          ],
          [
            13.407204,
            52.533349
          ],
          [
            13.408191,
            52.534296
          ],
          [
            13.409801,
            52.533676
          ],
          [
            13.412375,
            52.532573
          ],
          [
            13.411828,
            52.531104
          ],
          [
            13.410455,
            52.530066
          ],
          [
            13.40965,
            52.529042
          ],
          [
            13.410949,
            52.526989
          ]
        ],
        "type": "LineString"
      },
      "properties": {
        "description": "Rosa-Luxemburg-Platz – Senefelder Platz – Schwedter Strasse – Choriner Strasse – ... – Oranienburger Strasse – Auguststrasse – Rosenthaler Platz (Interim 418/1997)\n\n14:30 – Ausschreitungen mit Polizei Schwedter/Templiner Strasse\n\nAttendance:\n9000 (Gluckspilz)",
        "name": "1997 R1M (AAB) Demo",
        "Lata": "1997",
        "Attendance": 9000
      }
    },
    {
      "type": "Feature",
      "geometry": {
        "coordinates": [
          [
            13.409501,
            52.528839
          ],
          [
            13.405422,
            52.52961
          ],
          [
            13.405852,
            52.53051
          ],
          [
            13.405842,
            52.530771
          ],
          [
            13.40626,
            52.532312
          ],
          [
            13.407097,
            52.533323
          ],
          [
            13.40817,
            52.534328
          ],
          [
            13.408556,
            52.534766
          ],
          [
            13.4117,
            52.537839
          ],
          [
            13.409726,
            52.538537
          ]
        ],
        "type": "LineString"
      },
      "properties": {
        "Lata": "1998",
        "name": "1998 RIM (AAB) Demo",
        "description": "Die Route sollte wie 1996 vom Rosa-Luxemburg-Platz zum Kollwitzplatz führen; dies wurde von der Polizei verboten und stattdessen als Endplatz der Senefelder Platz auferlegt. (Glückspilz). Po raz pierwszy, z powodu blokady w Lipsku, demonstracja przeniesiona na popołudnie\n\n* Kurz vor 20 Uhr ist wie in den vergangenen Jahren die sog. \"Revolutionäre 1. Mai-Demo” vom Rosa-Luxemburg-Platz über die Choriner Straße und die Kastanienallee losgegangen. (Interim 451/1998)\n* 75 Torstrasse (0:38 rbb 1998 Demonstration in Prenzlauer Berg)\n* 21:00 – *Als die Demospitze gegen 21 Uhr bereits an der Kreuzung Schönhauser Allee/Oderberger Straße stand und der Großteil der Demo in dem kleineren Teil der Oderberger sowie noch der Kastanienallee war, gab es kurze Auseinandersetzungenmit der üblichen engen \"Spalier\" -Begleitung der Polizei.* (Interim 451/1998)\n*Ecke Schönhauser Alle/Sredzkistrasse (richtung Senfelderplatz; 01:25 rbb 1998 Demonstration in Prenzlauer Berg)\nGegen 22:30 besetzten die Demonstranten Kreuzung Eberswalder Strasse/Schönhauser Allee (Tagesspiegel 2.05.1998)\n \n\n* *An der Demo-Spitze kam es jedoch immer wieder zu Auseinandersetzungen mit dem Bullen-Spalier, die schließlich an der Ecke Kastanienallee/Oderberger Str. eskalierten. Ein Müllcontainer wurde angezündet, die Bullen setzten Wasserwerfer und Tränengas ein und wurden heftig beschmissen, woraufhin die Demo von den VeranstalterInnen für aufgelöst erklärt wurde.* (1. Mai Archiv, Glückspilz)\n\nAttendance:\n* 6000 (police, via Gluckspilz)\n* 11000 (Organisers, Gluckspilz)",
        "Attendance": 6667
      }
    },
    {
      "type": "Feature",
      "geometry": {
        "coordinates": [
          [
            13.415508,
            52.502299
          ],
          [
            13.423107,
            52.500274
          ],
          [
            13.431692,
            52.497675
          ],
          [
            13.432122,
            52.497309
          ],
          [
            13.429091,
            52.494291
          ],
          [
            13.42819,
            52.493455
          ],
          [
            13.422674,
            52.493024
          ],
          [
            13.422031,
            52.492998
          ],
          [
            13.423317,
            52.490855
          ]
        ],
        "type": "LineString"
      },
      "properties": {
        "Lata": "1999",
        "name": "1999 R1M 18:00 ",
        "description": "Oranienplatz – Heinrichplatz - Spreewaldplatz - Ohlauerstrasse - Burknerstrasse  Hohenstausfenplatz (BZ 30.04.1999)\nAttendance:\n12000 (Tsg)\n15000 (Gluckspilz)\n15000 (Berliner Zeitung)",
        "Attendance": 14000
      }
    },
    {
      "type": "Feature",
      "geometry": {
        "coordinates": [
          [
            13.415929,
            52.502247
          ],
          [
            13.419317,
            52.501352
          ],
          [
            13.419199,
            52.501254
          ],
          [
            13.415786,
            52.502175
          ]
        ],
        "type": "LineString"
      },
      "properties": {
        "name": "2000 R1M Demonstration",
        "description": "R1M Demonstration, 1 May 2000, ~18:00\n\nThe planned route led from Kreuzberg to Hackescher Markt, where the DGB headquarters were located:\nRevolutionäre 1. Mai-Demo 18.00 Uhr:\nOranienplatz - Oranienstr. - Manteuffelstr. - Reichenbergerstr. - Segitzdamm - Prinzessinenstr. - Moritzplatz - Oranienstr. - Alexandrinenstr. - Lindenstr. - Kochstr. - Friedrichstr. - Mauerstr. - Leipzigerstr. - Friedrichstr. - Oranienburgerstr. - Hackescher Markt\n Organisers explained that \"people can't relate to the annual DGB spectacle\" (ND 28.04.2000).\n\n**Route (based on taz ticker)**\nOranienplatz (assembly, ~18:25) → Oranienstraße → Adalbertstraße → return to Oranienplatz (~20:30, dispersed by water cannons and Räumpanzer)\nAfter dispersal, conflicts spread across SO36: Kottbusser Tor, Adalbertstraße, Oranienstraße, Heinrichplatz, Dresdener Straße, Kottbusser Brücke. Tear gas reported at Kottbusser Tor around 22:14; the elevated pedestrian bridge over Adalbertstraße was cleared late in the evening, with stones (and even a flowerpot from a window) thrown from above.\n\nAttendance:\n* 5000 (Police, via Gluckspilz)\n* 20000 (organisers, via Gluckspilz)\n* 15000 (Gluckspilz)",
        "Lata": "2000",
        "Attendance": 13333
      }
    },
    {
      "type": "Feature",
      "geometry": {
        "coordinates": [
          [
            [
              13.415626,
              52.502413
            ],
            [
              13.4173,
              52.501855
            ],
            [
              13.419264,
              52.501293
            ],
            [
              13.42216,
              52.50047
            ],
            [
              13.424542,
              52.499896
            ],
            [
              13.426215,
              52.499164
            ],
            [
              13.431302,
              52.499282
            ],
            [
              13.432138,
              52.497361
            ],
            [
              13.431193,
              52.496473
            ],
            [
              13.430055,
              52.49548
            ],
            [
              13.428789,
              52.494004
            ],
            [
              13.42819,
              52.493351
            ],
            [
              13.427739,
              52.493599
            ],
            [
              13.425026,
              52.494513
            ],
            [
              13.422546,
              52.495454
            ],
            [
              13.420701,
              52.495663
            ],
            [
              13.419672,
              52.496656
            ],
            [
              13.418256,
              52.499047
            ],
            [
              13.41672,
              52.499608
            ],
            [
              13.417032,
              52.500026
            ],
            [
              13.417494,
              52.500124
            ],
            [
              13.417408,
              52.500418
            ],
            [
              13.41568,
              52.501894
            ],
            [
              13.415616,
              52.502064
            ],
            [
              13.4107,
              52.503605
            ],
            [
              13.415493,
              52.502247
            ],
            [
              13.416563,
              52.501568
            ],
            [
              13.417164,
              52.500666
            ],
            [
              13.417641,
              52.500196
            ],
            [
              13.418414,
              52.500235
            ],
            [
              13.418328,
              52.499896
            ],
            [
              13.418199,
              52.499595
            ],
            [
              13.418564,
              52.499112
            ],
            [
              13.426047,
              52.499164
            ],
            [
              13.421195,
              52.499099
            ],
            [
              13.416629,
              52.498759
            ]
          ]
        ],
        "type": "Polygon"
      },
      "properties": {
        "name": "2001 R1M, 18:00 (ca. 18:30–20:35) – riots",
        "description": "16:30 Nach Abschluss der Kundgebung (Gegen das Verbot der 1. Mai) zogen gegen 16.30 Uhr mehrere hundert Teilnehmer spontan Richtung Oranienplatz, wo die verbotene \"Revolutonäre 1.-Mai-Demonstration\" eigentlich starten sollte. Die Polizei stoppte den Aufzug an der Ecke Adalbertstraße. Darauf flogen erste Steine und Flaschen. Hier wurde auch der FU-Politologe und Demonstrationsbeobachter Wolf-Dieter Narr festgenommen. (taz)\n\n\n18:16 – Auftaktkundgebung (ca. 4.500–20.000 Teilnehmer). Zwei Lautsprecherwagen von der Polizei beschlagnahmt. Ab 20:34 – erste Steinwürfe, Stuhl- und Flaschenwürfe Ecke Oranienstraße/Oranienplatz. 20:42 – ca. 10 Wasserwerfer besetzen den Platz. Bis 22:35 – Barrikaden über 2 m Höhe errichtet und angezündet.\n\n19:35 – erste Steinwürfe, Zusammenstöße zwischen Demonstranten und Polizei. Wasserwerfer fahren auf, Lage beruhigt sich kurzfristig. Nach 22:35 – erneute schwere Ausschreitungen.\n\nLaut Pressemitteilung der Veranstalter: Hier war ursprünglich geplant, die Demonstration aufzulösen. Nach Verhandlungen mit der Einsatzleitung konnte der Demonstrationszug ungehindert passieren.\n\n0:34 – Stein-, Stuhl- und Flaschenwürfe. Polizei gibt Knüppel frei. 20:45 – ca. 500 Demonstranten zwischen Adalbertstraße und Oranienplatz eingekesselt. 20:47 – erste Barrikaden errichtet und angezündet. 20:50 – Polizei rückt mit Räumpanzer vor, Barrikade wird gelöscht, Festnahmen.\n\n20:45 – Polizei schließt ca. 500 Demonstranten auf der Oranienstraße zwischen Adalbertstraße und Oranienplatz ein. 21:00 – noch ca. 150 Demonstranten in dreigeteiltem Kessel festgehalten, heftiger Knüppeleinsatz gemeldet. 21:05 – Adalbertstraße wieder freigegeben, Kessel aufgelöst.\n\n22:35 – Polizeifahrzeuge mit Steinhageln eingedeckt. Sparkasse am Kottbusser Tor zerstört. Schaufensterscheiben, Telefonzellen und Bushaltestellen in Scherben. Massiver Einsatz von Wasserwerfern, Räumfahrzeugen und Tränengas.\n\n22:35 – Polizeifahrzeuge mit Steinwürfen angegriffen. Kämpfe in Gruppen von bis zu 50 Personen. 00:24 – noch kleinere Auseinandersetzungen. Lage beruhigt sich erst in den frühen Morgenstunden.\n\nNach 20:56 – Polizei riegelt das Kreuzberger Zentrum hermetisch ab (nach Friedrichshain und Mitte). Nur in Richtung Mehringdamm / U-Bahnhof Hallesches Tor bleibt ein Durchkommen möglich. Demonstranten mussten mehrere gesperrte Bahnhöfe zu Fuß umgehen.\n\nAttendance:\n",
        "stroke": "#e63946",
        "stroke-width": 4,
        "stroke-opacity": 0.8,
        "Lata": "2001",
        "_umap_options": {
          "dashArray": "10",
          "weight": 4,
          "opacity": 0.3,
          "fillOpacity": 0.2,
          "smoothFactor": 4.5,
          "color": "GhostWhite"
        }
      }
    },
    {
      "type": "Feature",
      "geometry": {
        "coordinates": [
          [
            13.410864,
            52.527247
          ],
          [
            13.410134,
            52.528601
          ],
          [
            13.413826,
            52.527707
          ],
          [
            13.415372,
            52.526999
          ],
          [
            13.417674,
            52.52587
          ],
          [
            13.419655,
            52.525174
          ],
          [
            13.419306,
            52.524841
          ],
          [
            13.41821,
            52.52365
          ],
          [
            13.416815,
            52.522292
          ],
          [
            13.415175,
            52.520827
          ],
          [
            13.415553,
            52.520448
          ],
          [
            13.41598,
            52.520089
          ],
          [
            13.416785,
            52.519343
          ],
          [
            13.41715,
            52.518991
          ],
          [
            13.417504,
            52.518449
          ],
          [
            13.417891,
            52.51775
          ],
          [
            13.417993,
            52.517163
          ],
          [
            13.418212,
            52.516332
          ],
          [
            13.418132,
            52.515343
          ],
          [
            13.417828,
            52.514254
          ],
          [
            13.417472,
            52.513123
          ],
          [
            13.416463,
            52.51105
          ],
          [
            13.421174,
            52.509757
          ],
          [
            13.419897,
            52.507994
          ]
        ],
        "type": "LineString"
      },
      "properties": {
        "Lata": "2002",
        "name": "2002 –AAB, Bündnis linksradikaler und antifaschistischer Groups 2002",
        "description": "2002 – *Zuvor findet am gleichen Ort bereits eine Diskussionveranstaltung statt* (taz, 30.4.02)\n\n**Police forces the change of the route – the demonstration can't enter SO 36**\n*Statt zum Oranienplatz, der als Abschlußkundgebungsort angemeldet war, ließ uns die Polizei dann jedoch nur zum Michael-Kirch-Platz laufen. Die Demospitze stand an der Köpenicker Straße und das Demoende war hinter der Jannowitzbrücke als dem Anmelder mitgeteilt wurde, dass die ab hier weiter angemeldete Route verboten wird* (stressfaktor 2002)\n\nAttendance:\n8000 (LÖPA)\n10000-12000 (Gluckspilz, stressfaktor)",
        "Attendance": 9500,
        "Slogan": "Macht verrückt, was euch verrückt macht! "
      }
    },
    {
      "type": "Feature",
      "geometry": {
        "coordinates": [
          [
            13.427554,
            52.499153
          ],
          [
            13.426269,
            52.499105
          ],
          [
            13.424724,
            52.49725
          ],
          [
            13.427838,
            52.496271
          ],
          [
            13.430306,
            52.495539
          ],
          [
            13.428128,
            52.493338
          ],
          [
            13.427613,
            52.4903
          ],
          [
            13.429072,
            52.490267
          ],
          [
            13.428879,
            52.48834
          ],
          [
            13.429416,
            52.488301
          ],
          [
            13.430832,
            52.489536
          ],
          [
            13.432957,
            52.488824
          ],
          [
            13.439014,
            52.494997
          ],
          [
            13.426759,
            52.499282
          ],
          [
            13.423174,
            52.500261
          ]
        ],
        "type": "LineString"
      },
      "properties": {
        "name": "2002 16:00 Zuschuss R1M",
        "description": "16-21 (Rucht 2003, taz 30.04.2002, Tagesspiegel 30.04.2002)\nAttendance:\n4000 (Gluckspilz) – 1000 from the R1M 13 Demo",
        "Lata": "2002",
        "Attendance": 4000
      }
    },
    {
      "type": "Feature",
      "geometry": {
        "coordinates": [
          [
            13.410938,
            52.528546
          ],
          [
            13.4151,
            52.527214
          ],
          [
            13.420229,
            52.525021
          ],
          [
            13.416667,
            52.52207
          ],
          [
            13.42159,
            52.520334
          ],
          [
            13.428083,
            52.518571
          ],
          [
            13.426366,
            52.516012
          ],
          [
            13.424303,
            52.513479
          ],
          [
            13.427396,
            52.511494
          ],
          [
            13.430207,
            52.510397
          ],
          [
            13.429286,
            52.509238
          ],
          [
            13.42791,
            52.50768
          ],
          [
            13.431946,
            52.505826
          ],
          [
            13.434821,
            52.50452
          ],
          [
            13.430843,
            52.500144
          ]
        ],
        "type": "LineString"
      },
      "properties": {
        "Lata": "2003",
        "name": "2003 K&P R1M Demo",
        "description": "18:00 Rosa Luxemburg Platz - Mollstrasse – Otto-Braun-Allee – KM-Allee-Schillingsbrücke - Köpernickerstrasse – Lausitzer Platz (ND 30.4, taz 30.4, Tagesspiegel 30.04)\n\nAttendance:\n3500 (Gluckspilz)",
        "Attendance": "3500"
      }
    },
    {
      "type": "Feature",
      "geometry": {
        "coordinates": [
          [
            13.378323,
            52.509587
          ],
          [
            13.383944,
            52.509992
          ],
          [
            13.386195,
            52.506374
          ],
          [
            13.397848,
            52.507197
          ],
          [
            13.410832,
            52.503657
          ],
          [
            13.406668,
            52.49842
          ],
          [
            13.412033,
            52.498589
          ],
          [
            13.415208,
            52.498589
          ],
          [
            13.418342,
            52.499007
          ]
        ],
        "type": "LineString"
      },
      "properties": {
        "description": "ab 16 Uhr vom Leipziger Platz über die Wilhelmstraße nach Kreuzberg ziehen (Kottbuser Tor?). Hauptanliegen der Polizei war es, die Demo von dem zeitgleich rund um die Oranienstraße stattfindenden Straßenfest fern zu halten.\nAttendance:\n3500 (Umbruch Archiv)",
        "Lata": "2004",
        "name": "2004 16 Uhr Revolutionäre 1. Mai Demo",
        "Attendance": "3500"
      }
    },
    {
      "type": "Feature",
      "geometry": {
        "coordinates": [
          [
            13.414628,
            52.502534
          ],
          [
            13.414934,
            52.502449
          ],
          [
            13.415229,
            52.502874
          ],
          [
            13.416109,
            52.502795
          ],
          [
            13.416925,
            52.502586
          ],
          [
            13.416431,
            52.502116
          ],
          [
            13.423386,
            52.500196
          ]
        ],
        "type": "LineString"
      },
      "properties": {
        "Lata": "2004",
        "name": "2004 Anschlussdemo zur R1M (nicht genehmigt)",
        "description": "19 Uhr, Heinrich-Platz (Rio-Reiser Platz) – Oranienplatz\n\nAttendance: 1500"
      }
    },
    {
      "type": "Feature",
      "geometry": {
        "coordinates": [
          [
            13.420213,
            52.503373
          ],
          [
            13.417483,
            52.504128
          ],
          [
            13.40654,
            52.498433
          ],
          [
            13.396538,
            52.498302
          ],
          [
            13.391261,
            52.497675
          ],
          [
            13.389071,
            52.498041
          ],
          [
            13.389287,
            52.496369
          ],
          [
            13.388997,
            52.494827
          ],
          [
            13.387763,
            52.49288
          ],
          [
            13.383472,
            52.493808
          ],
          [
            13.377011,
            52.491613
          ]
        ],
        "type": "LineString"
      },
      "properties": {
        "_umap_options": {
          "weight": 5,
          "dashArray": "10"
        },
        "description": "* 13:00 – Demo: Yorckstraße 59 – Waldemarskiez\n* Ecke Yorckstrasse./Mehringdamm – 1179v.jpg, Umbruch Archiv\n* 1179x.jpg, Umbruch Archiv\n* Prinzenstrasse S-Bahn 1180a.jpg\n* Waldemarstrasse 43 1180b.jpg\n\nAttendance:\n500 (Umbruch archiv)\n1000 (taz 2.05)",
        "name": "2005 Yorck59 Bleibt!",
        "Rok": "2005",
        "Lata": "2005",
        "Attendance": "750"
      }
    },
    {
      "type": "Feature",
      "geometry": {
        "coordinates": [
          [
            13.416107,
            52.502155
          ],
          [
            13.422997,
            52.500333
          ],
          [
            13.424305,
            52.502149
          ]
        ],
        "type": "LineString"
      },
      "properties": {
        "name": "2006 Sponti R1M (18:00)",
        "description": "Due to route restrictions imposed by the authorities in connection with the MyFest street festival, the organizers of the official Revolutionary 1st of May demonstration cancelled the event. In response, a spontaneous, unregistered march broke out at around 18:08 from Oranienplatz. The procession started with roughly 200 participants dressed in black hoodies and carrying red flags, under a banner reading \"Kein Krieg, kein Hartz, kein Demoverbot\" (\"No war, no Hartz [IV welfare cuts], no demo ban\"). The crowd grew to an estimated 1,000 people as it moved eastward along Oranienstraße toward Mariannenplatz, reaching the intersection with Mariannenstraße (Rio-Reiser-Platz). Notably, Berlin's head of the Verfassungsschutz (domestic intelligence agency), Claudia Schmid, was spotted marching within the demonstration. By 18:35 the march had dissolved peacefully.\nRoute: Oranienplatz → Oranienstraße → Rio-Reiser-Platz/Mariannenstraße intersection → Mariannenplatz\n\nGegen 18 Uhr trafen sich am Oranienplatz rund 200 Autonome. Mit schwarzen Kapuzen und roten Flaggen zogen sie spontan durch das Kiezfest. Nach ein paar Runden um die Blöcke löste sich der Zug ebenso spontan am Mariannenplatz wieder auf. Von einem Skandal berichtete der Linkspartei-Abgeordnete Udo Wolf: Polizeipräsident Dieter Glietsch sei in dem Zug mitgelaufen. \"Das ist die Sensation des Abends.\" Ein Großaufgebot von 5.500 Polizisten war vor Ort. Ein (taz)\n\nAttendance:\n1000 (Umbruch Archiv, ca)\n",
        "Lata": "2006"
      }
    },
    {
      "type": "Feature",
      "geometry": {
        "coordinates": [
          [
            13.43099,
            52.500686
          ],
          [
            13.432611,
            52.502443
          ],
          [
            13.440289,
            52.499288
          ],
          [
            13.438443,
            52.497309
          ],
          [
            13.432163,
            52.499238
          ],
          [
            13.431905,
            52.499368
          ],
          [
            13.430627,
            52.499334
          ],
          [
            13.430315,
            52.498824
          ],
          [
            13.429649,
            52.498171
          ],
          [
            13.436303,
            52.495937
          ],
          [
            13.438912,
            52.494971
          ],
          [
            13.437417,
            52.493429
          ],
          [
            13.421495,
            52.498145
          ],
          [
            13.423041,
            52.500252
          ],
          [
            13.431046,
            52.497799
          ],
          [
            13.431336,
            52.498054
          ]
        ],
        "type": "LineString"
      },
      "properties": {
        "description": "Aktuell angemeldete Strecke: Lausitzer Platz – Eisenbahnstraße – Wrangelstraße – Oppelner Straße – Görlitzer Straße – Skalitzer Straße – Lausitzer Straße – Wiener Straße – Glogauer Straße – Reichenberger Straße – Mariannenstraße – Heinrichplatz – Oranienstraße – Wiener Straße – Spreewaldplatz (erstermai.nostate.de)\nSlogan: G-8 stoppen! Imperialistische Kriege verhindern! Kapitalismus abschaffen!\"\nAttendance: \n3000 (police)\n5000 (Berliner Kurier)\n15000 (organisers via BZ)",
        "Lata": "2007",
        "name": "2007 R1M 18:00",
        "Attendance": 7667
      }
    },
    {
      "type": "Feature",
      "geometry": {
        "coordinates": [
          [
            13.418706,
            52.499017
          ],
          [
            13.425404,
            52.499112
          ],
          [
            13.429592,
            52.499399
          ],
          [
            13.432124,
            52.499295
          ],
          [
            13.434538,
            52.498491
          ],
          [
            13.440306,
            52.496617
          ],
          [
            13.442301,
            52.495977
          ],
          [
            13.444147,
            52.497727
          ],
          [
            13.43936,
            52.499595
          ],
          [
            13.435164,
            52.501411
          ],
          [
            13.432545,
            52.50243
          ],
          [
            13.433424,
            52.503279
          ],
          [
            13.434842,
            52.504513
          ],
          [
            13.431901,
            52.505721
          ],
          [
            13.430013,
            52.503488
          ],
          [
            13.429045,
            52.502351
          ],
          [
            13.428061,
            52.501202
          ],
          [
            13.424912,
            52.502064
          ],
          [
            13.424794,
            52.501937
          ],
          [
            13.424596,
            52.501809
          ],
          [
            13.424354,
            52.501783
          ],
          [
            13.424112,
            52.50179
          ],
          [
            13.422224,
            52.499203
          ],
          [
            13.41887,
            52.499164
          ]
        ],
        "type": "LineString"
      },
      "properties": {
        "Lata": "2008",
        "name": "2008 R1M (18)",
        "description": "18:00 (rbb Vorbericht 30.04.2008)\nAttendance: \n10000 (police via taz)\n\"mehr als 10.000\" ~ 12000 (Umbruch)",
        "Attendance": 11000
      }
    },
    {
      "type": "Feature",
      "geometry": {
        "coordinates": [
          [
            13.417603,
            52.499301
          ],
          [
            13.418748,
            52.498962
          ],
          [
            13.421475,
            52.498184
          ],
          [
            13.421968,
            52.498785
          ],
          [
            13.422365,
            52.499171
          ],
          [
            13.424166,
            52.501783
          ],
          [
            13.42451,
            52.501803
          ],
          [
            13.424842,
            52.501959
          ],
          [
            13.425282,
            52.50258
          ],
          [
            13.425829,
            52.503429
          ],
          [
            13.429076,
            52.50239
          ],
          [
            13.431609,
            52.501398
          ],
          [
            13.431169,
            52.500967
          ],
          [
            13.431861,
            52.499726
          ],
          [
            13.430475,
            52.499118
          ],
          [
            13.429677,
            52.498217
          ],
          [
            13.426619,
            52.499177
          ],
          [
            13.424731,
            52.499151
          ],
          [
            13.418321,
            52.498994
          ]
        ],
        "type": "LineString"
      },
      "properties": {
        "Lata": "2009",
        "name": "2009 Revolutionäre Demo 18:00",
        "description": "17:00 – Reichenberger Straße, south side of Kottbusser Tor: auftakt rally begins; high degree of masking noted in front block (~1,000–2,000 participants in front section)\n19:00 – march departs towards Mariannenstraße\n19:10 – Mariannenstraße/Skalitzerstraße: first stone and bottle throwing directed at police securing the Aral petrol station; police surprised by intensity of attacks\n19:10–19:30 – Muskauer Straße through MyFest area (passage via Muskauer Str./Pücklerstraße): conflict-free; mixed reactions from festival visitors (applause and greetings from some, hostility from others)\n19:25 – Muskauer Straße/Manteuffelstraße: heaviest clashes of the demonstration; police charge on march front injures 25+; march temporarily splits in two; sound trucks call for calm and continuation\n19:30–19:50 – Lausitzer Platz: march continues but increasingly disordered; front block losing cohesion; growing mix of bystanders and drunk individuals\n20:18 – Wiener Straße (in front of former fire station): two police cars standing on central reservation attacked; intense back-and-forth follows\n20:35 – Ohlauer Straße: police car attacked with baseball bat, driver in shock\n~21:00 – Kottbusser Tor: demonstration dissolves; clashes continue; autonomen gradually withdraw, replaced by bystanders and Krawalltouristen; police gain control after ~30 minutes\nIntermediate streets between Lausitzer Platz and Wiener Straße, and between Wiener Straße and Ohlauer Straße: not documented in available sources.\nSource: taz live ticker 1.05.2009; Berliner Forum Gewaltprävention, BFG Nr. 42; Polizeiliche Darstellung der Einsätze am 1. Mai\n\nAttendance:\n5000 (police, via Tagesspiegel ticker 2010)\n\"über 10.000 TeilnehmerInnen\" ~ 12000 (Umbruch archiv)",
        "Attendance": 8500
      }
    },
    {
      "type": "Feature",
      "geometry": {
        "coordinates": [
          [
            13.417858,
            52.498811
          ],
          [
            13.424686,
            52.487968
          ],
          [
            13.427695,
            52.486962
          ],
          [
            13.428001,
            52.488125
          ],
          [
            13.427422,
            52.490333
          ],
          [
            13.428023,
            52.493573
          ],
          [
            13.430402,
            52.495536
          ],
          [
            13.432192,
            52.49744
          ],
          [
            13.427425,
            52.499086
          ]
        ],
        "type": "LineString"
      },
      "properties": {
        "Lata": "2010",
        "name": "2010 R1M 18:00. *Die Krise beenden – Kapitalismus abschaffen*",
        "description": "2010 R1M – 18:00. Kottbusser Dam – Spreewaldplatz (taz 30.4)\nAttendance:\n10000 (police, via Tagesspiegel ticker)\n15000 (Umbruch Archiv)",
        "Attendance": 12500
      }
    },
    {
      "type": "Feature",
      "geometry": {
        "coordinates": [
          [
            13.418112,
            52.498769
          ],
          [
            13.425055,
            52.487693
          ],
          [
            13.430316,
            52.486027
          ],
          [
            13.435677,
            52.483701
          ],
          [
            13.433621,
            52.48199
          ],
          [
            13.433577,
            52.481839
          ],
          [
            13.42511,
            52.480742
          ],
          [
            13.42612,
            52.477566
          ],
          [
            13.433077,
            52.478363
          ],
          [
            13.437522,
            52.47899
          ],
          [
            13.437329,
            52.479396
          ],
          [
            13.433871,
            52.481813
          ],
          [
            13.43266,
            52.482512
          ],
          [
            13.428827,
            52.484388
          ],
          [
            13.424159,
            52.486367
          ],
          [
            13.421441,
            52.487223
          ],
          [
            13.407913,
            52.489
          ]
        ],
        "type": "LineString"
      },
      "properties": {
        "Lata": "2011",
        "name": "2011 R1M – Heraus zum revolutionären 1. Mai - für die soziale Revolution weltweit",
        "description": "2011 – 18:00, Kottbusser Brücke-U-Bahnhof Südstern (taz 30.4; Polizeiliche Maßnahmen 2011)\n\nAttendance:\n10000 (taz)\n15000 (Umbruch)",
        "Attendance": 11333
      }
    },
    {
      "type": "Feature",
      "geometry": {
        "coordinates": [
          [
            13.430811,
            52.499282
          ],
          [
            13.427761,
            52.496369
          ],
          [
            13.42104,
            52.498158
          ],
          [
            13.419043,
            52.498903
          ],
          [
            13.418008,
            52.498968
          ],
          [
            13.414143,
            52.498511
          ],
          [
            13.411673,
            52.498615
          ],
          [
            13.406691,
            52.498302
          ],
          [
            13.406594,
            52.498374
          ],
          [
            13.408043,
            52.500229
          ],
          [
            13.410523,
            52.503507
          ],
          [
            13.410341,
            52.503618
          ],
          [
            13.405295,
            52.505068
          ],
          [
            13.402203,
            52.505943
          ],
          [
            13.398187,
            52.507053
          ],
          [
            13.395181,
            52.502952
          ]
        ],
        "type": "LineString"
      },
      "properties": {
        "Lata": "2012",
        "name": "2012 R1M",
        "description": "2012 – 18:00, R1M Route durch der Mitte. Koniec na Bebelplatz\n\n*“So sollte der Aufzug an der  Arbeitsagentur Mitte, an der  Wohnungsbaugesellschaft GSW und am  Bundesfinanzministerium vorbei führen, die für  „Ämter-Willkür“, „soziale Vertreibung“ und  „unsoziale Europapolitik“ stünden. **Nicht  genehmigt wurde dagegen das direkte Passieren  des Axel-Springer-Hauses, wo am 2. Mai der 100-jährige Geburtstag des  Namensgebers begangen werden soll, dessen Verlag wegen seiner angeblich  „rassistischen und antikommunistischen Hetze“22 als Feindbild der  linksextremistischen Szene gilt.*** (Polizeibericht 2012)\n\n*20:21: Der Demonstrationszug ist jetzt kurz vor dem Axel-Springer-Hochhaus und ruft: \"Axel Springer wir sind da\". Die Stimmung wird wieder aggressiver. Über dem Hochhaus kreist ein Polizeihubschrauber. Auf Polizisten, die an einer Tankstelle standen flogen wieder Steine.* (Tagesspiegel 2.05)\n\n*21:12: Die Demo ist aufgelöst. In der Nähe des Jüdischen Museums hat sich der Zug festgelaufen, es fliegen vereinzelt Steine und Flaschen. Die Polizei hat die Demo eingekesselt und lässt vor allem den hinteren Teil der Demo durch. Dabei dürfen nur vereinzelt kleinere Gruppen von fünf bis zehn Mann die Polizeikette passieren* (Tagesspiegel, 2.05)\n\nAttendance: 12000 (taz)\n25000 (organisers, via tagesspiegel)",
        "Attendance": 18500
      }
    },
    {
      "type": "Feature",
      "geometry": {
        "coordinates": [
          [
            13.431443,
            52.497708
          ],
          [
            13.431335,
            52.499171
          ],
          [
            13.431216,
            52.500986
          ],
          [
            13.432547,
            52.502449
          ],
          [
            13.434714,
            52.504493
          ],
          [
            13.432096,
            52.505721
          ],
          [
            13.428557,
            52.507341
          ],
          [
            13.422853,
            52.509352
          ],
          [
            13.419286,
            52.51024
          ],
          [
            13.416404,
            52.51097
          ],
          [
            13.415239,
            52.509646
          ],
          [
            13.414042,
            52.508033
          ],
          [
            13.41052,
            52.50371
          ],
          [
            13.401641,
            52.506257
          ],
          [
            13.398323,
            52.507106
          ],
          [
            13.399687,
            52.509058
          ],
          [
            13.400481,
            52.509998
          ],
          [
            13.401308,
            52.510677
          ],
          [
            13.401254,
            52.511115
          ],
          [
            13.395628,
            52.510899
          ],
          [
            13.390662,
            52.510377
          ],
          [
            13.384156,
            52.510064
          ],
          [
            13.382814,
            52.512558
          ],
          [
            13.382069,
            52.513949
          ],
          [
            13.384785,
            52.514455
          ],
          [
            13.386218,
            52.514562
          ],
          [
            13.386111,
            52.515274
          ],
          [
            13.385832,
            52.516649
          ]
        ],
        "type": "LineString"
      },
      "properties": {
        "Lata": "2013",
        "name": "2013 R1M",
        "description": "2013 – 18 R1M Demo Rute; (taz 30.4)\n*19:18. Berlin/Kreuzberg. Die „Revolutionäre 1. Mai\"-Demo läuft mit mehreren Tausend Menschen die Eisenbahnstraße entlang. Damit läuft die Demonstration parallel zu der ursprünglich geplanten Route.”* (taz liveticker)\nAttendance: ",
        "Attendance": 11667
      }
    },
    {
      "type": "Feature",
      "geometry": {
        "coordinates": [
          [
            13.430937,
            52.499347
          ],
          [
            13.430389,
            52.499399
          ],
          [
            13.430453,
            52.499033
          ],
          [
            13.429079,
            52.497642
          ],
          [
            13.427739,
            52.496349
          ],
          [
            13.42148,
            52.498139
          ],
          [
            13.420085,
            52.496467
          ],
          [
            13.422436,
            52.492201
          ],
          [
            13.425302,
            52.487785
          ],
          [
            13.419924,
            52.489908
          ],
          [
            13.413354,
            52.491763
          ],
          [
            13.413011,
            52.491469
          ],
          [
            13.412313,
            52.4916
          ],
          [
            13.408448,
            52.489751
          ],
          [
            13.407793,
            52.488987
          ],
          [
            13.403553,
            52.489836
          ],
          [
            13.39453,
            52.491705
          ],
          [
            13.395153,
            52.4942
          ],
          [
            13.395174,
            52.494984
          ],
          [
            13.394938,
            52.496029
          ],
          [
            13.395303,
            52.497048
          ],
          [
            13.395776,
            52.497845
          ],
          [
            13.395797,
            52.498341
          ],
          [
            13.391782,
            52.497871
          ],
          [
            13.390623,
            52.497832
          ],
          [
            13.388837,
            52.498093
          ],
          [
            13.388753,
            52.499347
          ]
        ],
        "type": "LineString"
      },
      "properties": {
        "Lata": "2014",
        "name": "2014 Revolutionäre 1. Mai Demo",
        "description": "18:00 (taz 29.04.14)\nAttendance:\n19000 (police)\n25000 (organisers)",
        "Attendance": 22000
      }
    },
    {
      "type": "Feature",
      "geometry": {
        "coordinates": [
          [
            13.430486,
            52.499791
          ],
          [
            13.430572,
            52.499242
          ],
          [
            13.429756,
            52.498171
          ],
          [
            13.427825,
            52.496303
          ],
          [
            13.421474,
            52.498152
          ],
          [
            13.419993,
            52.496467
          ],
          [
            13.425357,
            52.487811
          ],
          [
            13.424199,
            52.486504
          ],
          [
            13.427289,
            52.484949
          ],
          [
            13.432074,
            52.482832
          ],
          [
            13.433704,
            52.482075
          ],
          [
            13.436022,
            52.483799
          ],
          [
            13.433983,
            52.48474
          ],
          [
            13.432975,
            52.485145
          ],
          [
            13.430357,
            52.486099
          ],
          [
            13.437481,
            52.493468
          ],
          [
            13.430314,
            52.495585
          ],
          [
            13.432052,
            52.497361
          ],
          [
            13.431505,
            52.498276
          ],
          [
            13.431172,
            52.498909
          ]
        ],
        "type": "LineString"
      },
      "properties": {
        "description": "Spreewaldplatz -> Ohlauerstrasse → (Gerhart Haputmann Schule) -> Reichenbergerstrasse -> Glogauerstrasse → Pannierstrasse -> Sonnenallee → (?) -> Karl-Marx-Straße → Hermannplatz ->  Kottbusser Damm → Mariannenstrasse -> Reichenbergerstrasse -> Lausitzerstrasse -> Lausitzerplatz . Źródła: taz.de (https://taz.de/-taz-Ticker-zum-1-Mai-/!5010110/), nd-aktuell.de (https://www.nd-aktuell.de/artikel/970785.mai-demonstrationen.html), berliner-zeitung.de (https://www.berliner-zeitung.de/mensch-metropole/revolutionaerer-1-mai-2015-linksradikale-szene-mobilisiert-fuer-1-mai-in-berlin-li.53503).\n\nhttps://www.tagesspiegel.de/berlin/so-war-der-1-mai-in-berlin-3624361.html\n\nAttendance:\n18000 (police via Tsg)\n33000 (organisers, via taz)\n",
        "name": "2015 R1MB Demo",
        "Lata": "2015",
        "Attendance": "25500"
      }
    },
    {
      "type": "Feature",
      "geometry": {
        "coordinates": [
          [
            13.431344,
            52.499295
          ],
          [
            13.442196,
            52.500993
          ],
          [
            13.432288,
            52.505721
          ],
          [
            13.425314,
            52.508594
          ],
          [
            13.42113,
            52.5099
          ],
          [
            13.416238,
            52.510945
          ],
          [
            13.413212,
            52.506884
          ],
          [
            13.411131,
            52.504415
          ],
          [
            13.410562,
            52.503723
          ],
          [
            13.411045,
            52.503579
          ],
          [
            13.416066,
            52.502273
          ],
          [
            13.417461,
            52.504102
          ],
          [
            13.42068,
            52.503253
          ],
          [
            13.419242,
            52.50128
          ],
          [
            13.415594,
            52.502168
          ]
        ],
        "type": "LineString"
      },
      "properties": {
        "name": "2016 Demo",
        "description": "Faktyczna trasa z livetickera taz.de: Oranienplatz (start, 18:00) → Oranienstraße (do Adalbertstraße, 18:23) → Adalbertstraße → Waldemarstraße (pętla MyFest, 18:38) → Leuschnerdamm → Powrót do Oranienplatz → Moritzplatz (18:45) → Prinzenstraße (północ) → Heinrich-Heine-Straße (U-Bahn, 19:12) → Köpenicker Straße (Köpi, 19:25-19:35) → Skalitzer Straße (Schlesisches Tor, 20:00) → Lausitzer Platz (koniec, ~20:00). Skrócona przez policję/MyFest; bez Hermannplatz\n\nAttendance: \n* 13000 (police, taz liveticker)\n* 20000 (organisers, taz liveticker)",
        "Lata": "2016",
        "Attendance": 16500
      }
    },
    {
      "type": "Feature",
      "geometry": {
        "coordinates": [
          [
            13.415895,
            52.502168
          ],
          [
            13.419285,
            52.501332
          ],
          [
            13.420079,
            52.502286
          ],
          [
            13.423684,
            52.50128
          ],
          [
            13.427197,
            52.500252
          ],
          [
            13.425915,
            52.49873
          ],
          [
            13.424617,
            52.497231
          ],
          [
            13.430336,
            52.495532
          ],
          [
            13.428168,
            52.493338
          ],
          [
            13.427653,
            52.490333
          ],
          [
            13.42793,
            52.48834
          ],
          [
            13.428898,
            52.48833
          ],
          [
            13.429061,
            52.488314
          ],
          [
            13.431494,
            52.487439
          ],
          [
            13.433897,
            52.489895
          ],
          [
            13.437417,
            52.493449
          ],
          [
            13.430496,
            52.495519
          ],
          [
            13.4304,
            52.49563
          ],
          [
            13.43202,
            52.497368
          ],
          [
            13.431677,
            52.498034
          ]
        ],
        "type": "LineString"
      },
      "properties": {
        "name": "2017 Hauptdemo 18",
        "description": "Oranienstraße -Adalbertstraße - Naunynstraße - Manteuffelstraße - Reichenberger Straße-Ohlauer Straße-Friedelstraße-Weserstraße-Pannierstraße-Glogauer Straße-Reichenberger Straße-Ohlauer Straße-Spreewaldplatz (https://1maiberlin.noblogs.org/archiv/)\n18:00\nAttendance: \n* 10000 (police, Berliner Morgenpost ticker 2018)\n* 20000 (organizers, umbruch archiv)",
        "Lata": "2017",
        "_umap_options": {
          "textPathRotate": 0
        },
        "Attendance": 15000
      }
    },
    {
      "type": "Feature",
      "geometry": {
        "coordinates": [
          [
            13.43024,
            52.499507
          ],
          [
            13.43046,
            52.499014
          ],
          [
            13.429438,
            52.498041
          ],
          [
            13.431714,
            52.497348
          ],
          [
            13.430426,
            52.495532
          ],
          [
            13.427956,
            52.493455
          ],
          [
            13.422781,
            52.492998
          ],
          [
            13.42203,
            52.492893
          ],
          [
            13.420033,
            52.495807
          ],
          [
            13.418186,
            52.498851
          ],
          [
            13.417928,
            52.499229
          ],
          [
            13.41926,
            52.501163
          ],
          [
            13.415502,
            52.502103
          ]
        ],
        "type": "LineString"
      },
      "properties": {
        "description": "2017 – taz 30.4\n16:00",
        "name": "2017 Internationalistische Block",
        "Lata": "2017"
      }
    },
    {
      "type": "Feature",
      "geometry": {
        "coordinates": [
          [
            13.416495,
            52.502828
          ],
          [
            13.418094,
            52.505042
          ],
          [
            13.418963,
            52.505192
          ],
          [
            13.419585,
            52.506152
          ]
        ],
        "type": "LineString"
      },
      "properties": {
        "name": "2017. Jugend auf die Strasse",
        "description": "Um 16 Uhr demonstrieren ein Jugendbündnis und der Internationalistische Block, der sich von der 18-Uhr-Demo abgespalten hat (taz 29.04)",
        "Lata": "2017",
        "_umap_options": {
          "textPathRotate": 0
        }
      }
    },
    {
      "type": "Feature",
      "geometry": {
        "coordinates": [
          [
            13.415819,
            52.502195
          ],
          [
            13.419317,
            52.501313
          ],
          [
            13.420089,
            52.502221
          ],
          [
            13.427128,
            52.500274
          ],
          [
            13.426495,
            52.499288
          ],
          [
            13.431741,
            52.499354
          ],
          [
            13.441247,
            52.500777
          ],
          [
            13.44232,
            52.501091
          ]
        ],
        "type": "LineString"
      },
      "properties": {
        "name": "2018 Demo",
        "description": "Oranienplatz (Start 18 Uhr) → Oranienstraße → Adalbertstraße → Naunynstraße → Manteuffelstraße → Wiener Straße (unter der Hochbahn durch) → Skalitzer Straße → Schlesisches Tor. (Revolutionärer 1. Mai Berlin, Twitter)\n\nAttendance: \n* 7000 (police, Berliner Morgenpost ticker 2018)\n* 18000 (organisers, Umbruch Archiv)",
        "Lata": "2018",
        "Attendance": 12500
      }
    },
    {
      "type": "Feature",
      "geometry": {
        "coordinates": [
          [
            13.450162,
            52.507458
          ],
          [
            13.45396,
            52.515555
          ],
          [
            13.452973,
            52.518114
          ],
          [
            13.452523,
            52.518323
          ],
          [
            13.452609,
            52.518845
          ],
          [
            13.452973,
            52.519002
          ],
          [
            13.453445,
            52.519028
          ],
          [
            13.453746,
            52.518898
          ],
          [
            13.453724,
            52.51865
          ],
          [
            13.453703,
            52.518558
          ],
          [
            13.453617,
            52.518428
          ],
          [
            13.465075,
            52.516391
          ],
          [
            13.468165,
            52.515836
          ],
          [
            13.468895,
            52.517474
          ],
          [
            13.472017,
            52.516913
          ],
          [
            13.47279,
            52.515783
          ],
          [
            13.471888,
            52.515157
          ],
          [
            13.47088,
            52.514197
          ],
          [
            13.466138,
            52.514582
          ],
          [
            13.465655,
            52.512845
          ],
          [
            13.462286,
            52.513204
          ],
          [
            13.461514,
            52.512094
          ],
          [
            13.4594,
            52.512499
          ],
          [
            13.45881,
            52.511389
          ],
          [
            13.462737,
            52.510821
          ],
          [
            13.462415,
            52.510841
          ]
        ],
        "type": "LineString"
      },
      "properties": {
        "name": "2019 Demo. Gegen die Stadt der Reichen",
        "description": "https://x.com/Rev1MaiBerlin/status/1117526331418451969?ref_src=twsrc%5Etfw\nAttendance:\n* 15000 (organisers, Umbruch Archiv)\n* 10000 (press, Perspektive)\n5000 (police, via Berliner Zeitung)\nSlogan: \nGegen die Stadt der Reichen",
        "Lata": "2019",
        "Attendance": 10000
      }
    },
    {
      "type": "Feature",
      "geometry": {
        "coordinates": [
          [
            13.462608,
            52.510906
          ],
          [
            13.452843,
            52.512408
          ],
          [
            13.451004,
            52.508568
          ],
          [
            13.447094,
            52.502652
          ],
          [
            13.444444,
            52.500758
          ],
          [
            13.442351,
            52.501097
          ],
          [
            13.44161,
            52.500653
          ]
        ],
        "type": "LineString"
      },
      "properties": {
        "name": "2019 Jugenddemo – Unser Kiez, nicht ihr Profit",
        "description": "(BZ 2019)\n“Ab 14 Uhr wurde im Grunewald für bezahlbaren Wohnraum demonstriert (siehe Seiten 4-5), um 16 Uhr sollte sich vom Schlesischen Tor in Kreuzberg ein großer Tross Richtung Wismarplatz in Friedrichshain auf den Weg machen, um von dort aus ab 18 Uhr mit der \"Revolutionären 1. Mai Demo\" die für Anwohner und Polizei gefährliche Phase des Feiertags einzuleiten” (BK 2.05.2019)",
        "Lata": "2019"
      }
    },
    {
      "type": "Feature",
      "geometry": {
        "type": "Point",
        "coordinates": [
          13.41571442375585,
          52.5022391
        ]
      },
      "properties": {
        "osm_type": "W",
        "osm_id": 25964617,
        "osm_key": "place",
        "osm_value": "square",
        "type": "locality",
        "postcode": "10999",
        "countrycode": "DE",
        "name": "1994 Oranienplatz Strassenfest",
        "country": "Germany",
        "city": "Berlin",
        "district": "Kreuzberg",
        "extent": [
          13.4143331,
          52.5031129,
          13.4170412,
          52.5013515
        ],
        "description": "*Unterdessen wird in Kreuzberg gefeiert statt demonstriert. Zum ersten Mal seit sechs Jahren wird es am 1. Mai keine „revolutionäre Demonstration“ geben. Nachdem bereits im vergangenen Jahr der Kreuzberger Scherbenlauf von mehreren autonomen Gruppen als „Ritual“ und „ohne Inhalt“ kritisiert worden war und sich im Vorbereitungskreis organisierte K-Gruppen mit undogmatischen Gruppen gestritten hatten, fand sich heuer keiner bereit, das alljährliche Spektakel vorzubereiten. Statt dessen soll es ab 10 Uhr am Oranienplatz ein alkoholfreies „internationalistisches Straßenfest“ geben. Das von 50 verschiedenen Initiativen organisierte Fest soll, wie es in einem Aufruf heißt, „diesen Tag wieder mit Leben füllen“. Außerdem biete das Fest Gelegenheit, „über die Aktivitäten der Nazis zu informieren und gegebenenfalls Leute zu mobilisieren“.* (taz 28.04.1994)",
        "Lata": "1994",
        "Kategoria": "R1M_Site",
        "_umap_options": {
          "iconUrl": "/uploads/pictogram/table.svg"
        }
      }
    },
    {
      "type": "Feature",
      "geometry": {
        "coordinates": [
          13.404911,
          52.533702
        ],
        "type": "Point"
      },
      "properties": {
        "Lata": "1996",
        "name": "1996 KPD/RZ Spaßdemo",
        "description": "Spaßrevolutionäre der KPD/RZ nahm die Parade in der Kastanienallee unter großem Beifall ab (jw 2.05.1996)"
      }
    },
    {
      "type": "Feature",
      "geometry": {
        "coordinates": [
          13.431129,
          52.500862
        ],
        "type": "Point"
      },
      "properties": {
        "Lata": "2001",
        "name": "2001 – Gegen das Verbot der linken 1. Mai",
        "description": "\n13:00 Lausitzer Platz (Kreuzberg)\nDemo: Gegen das Verbot der linken 1. Mai-Demo! Die Demo wurde von Angela Marquardt angemeldet. Die Auftaktkundgebung findet ab 12 Uhr statt. Werthebach besteht darauf, dass die Demo um 15 Uhr beendet ist. Wir werden also ziemlich pünktlich losgehen! (https://www.stressfaktor.squat.net/2001/mai_nach.html)"
      }
    },
    {
      "type": "Feature",
      "geometry": {
        "coordinates": [
          13.334741,
          52.504467
        ],
        "type": "Point"
      },
      "properties": {
        "Lata": "2001",
        "name": "2001 – Gegen das Verbot des Revolutinären 1. Mai",
        "description": "*\"Hingehen und 'mitmachen' hahaha\", wird auf Diskussionsforen im Internet bereits vorgeschlagen, sowie: \"Mit ein bisschen Glück kommen wir auch nach Mitte durch.\" Schon für morgen Abend ist am Breitscheidplatz eine Kundgebung \"Gegen das Verbot des revolutionären 1. Mai\" angemeldet.* (taz, 26.04.2001)\n\n**DGB fears disruptions from Autonomen?**\n*Koll. Mayer berichtet von der Kundgebung der AAB am Breitscheidplatz. Dort wurde dazu aufgerufen an der DGB -Demonstration teilzunehmen. Das Problem wäre dann, dass sich Störer in unsere Demo-Züge mischen, insbesondere in den Demo-Zug der IG Metall.* (5/DGBG000668)",
        "Rok": "2001"
      }
    },
    {
      "type": "Feature",
      "geometry": {
        "coordinates": [
          [
            13.43129,
            52.500973
          ],
          [
            13.432664,
            52.502475
          ],
          [
            13.434779,
            52.504468
          ],
          [
            13.441733,
            52.501307
          ],
          [
            13.441196,
            52.50085
          ],
          [
            13.432032,
            52.499518
          ]
        ],
        "type": "LineString"
      },
      "properties": {
        "name": "2001. Gegen das verbot des Linkes 1. Mai",
        "description": "Report stressfaktor:\n01.05.2001 15:42\nDemo wieder am Lausitzer Platz angekommen. Überall Polizei.\n\n\n\n01.05.2001 15:22\nRoute der 13.00.Uhr Demo geändert jetzt über Schlesisches Tor, mittlerweile 8000!!! Leute und Polizei-Spalier. Im Moment biegt sie in die Eisenbahnstrasse ab.\n\n01.05.2001 14:30\n13.00.Uhr-Demo startet vom Lausitzer Platz Richtung Wrangelstrasse. ca. 4000 Menschen.\n\nAttendance:\n~ 6000 (stressfaktor)\n5000 (taz)",
        "Rok": "2001",
        "Lata": "2001"
      }
    },
    {
      "type": "Feature",
      "geometry": {
        "type": "Point",
        "coordinates": [
          13.402425360714567,
          52.48882209802496
        ]
      },
      "properties": {
        "osm_type": "W",
        "osm_id": 1059672153,
        "osm_key": "highway",
        "osm_value": "residential",
        "type": "street",
        "postcode": "10961",
        "countrycode": "DE",
        "name": "Bergmannstraße",
        "country": "Germany",
        "city": "Berlin",
        "district": "Kreuzberg",
        "locality": "Bergmannkiez",
        "extent": [
          13.3994403,
          52.4888671,
          13.405402,
          52.4887825
        ],
        "description": "## 2000 \nfestyn organizowany przez policję, mający odwieźć młodzież od udziału w wydarzeniach lewicy radykalnej\n\n*Auf einem nur mittelmäßig besuchten Fest in der Bergmannstraße trug die Polizei gestern in Kreuzberg zur Deeskaltion bei. Beamte der Wasserschutzpolizei und der Reiterstaffel spazierten in Zweierformationen über die Meile und parlierten mit den Bürgern. Das Sportfest war Teil des polizeilichen Konzepts AHA, mit dem erlebnishungrige jugendliche Mitläufer von Randale abgehalten werden sollten. Dass es sich bei den Jugendlichen und Kindern, die sich gestern in der Bergmannstraße beim Streetball, Bunge-Jumping und Kistenklettern vergnügten, wirklich um die gemeinte Zielgruppe handelte, darf bezweifelt werden. Spaß hatten sie allemal. „Wir hätten sonst woanders Streetball gespielt“, versicherte ein 18-jähriger Jugendlicher mit Nachdruck, dass er und seine Freunde schon lange nicht mehr zur Mai-Randale gingen. „Das ist doch langweilig geworden. Die Bullen, die da immer noch hinmüssen, tun mir schon fast Leid.“* (taz 2.05.2000)\n\n## 2002\nTagesspiegel pisze o trzecim festynie organizowanym przez policję dla młodzieży w tym miejscu (Tagesspiegel 3.05.2002)",
        "Lata": "2000, 2001, 2002"
      }
    },
    {
      "type": "Feature",
      "geometry": {
        "coordinates": [
          13.427,
          52.498929
        ],
        "type": "Point"
      },
      "properties": {
        "Lata": "1987",
        "description": "Miejsce, w którym stał spalony w trakcie zamieszek 1. Maja 1987 supermarket Bolle – symbol wydarzeń, które zapoczątkowały historię Rewolucyjnego 1. Maja w Berlinie\n\n{{imgurl}}",
        "name": "Bolle Supermarket, burned down in 1987",
        "imgurl": "{https://i0.wp.com/geschichten-aus.berlin/wp-content/uploads/2020/03/IMG_20200306_0012korr_bolle.jpg?ssl=1}|300}"
      }
    },
    {
      "type": "Feature",
      "geometry": {
        "type": "Point",
        "coordinates": [
          13.437578889204548,
          52.4965878
        ]
      },
      "properties": {
        "osm_type": "W",
        "osm_id": 15740772,
        "osm_key": "leisure",
        "osm_value": "park",
        "type": "other",
        "postcode": "10997",
        "countrycode": "DE",
        "name": "Görlitzer Park festival",
        "country": "Germany",
        "city": "Berlin",
        "district": "Kreuzberg",
        "extent": [
          13.4315494,
          52.4991676,
          13.4446875,
          52.4940334
        ],
        "description": "1990 – zabroniony przez władze miasta festyn, zorganizowany mimo to przez grupę lewicowych radykałów",
        "Lata": "1990"
      }
    },
    {
      "type": "Feature",
      "geometry": {
        "type": "Point",
        "coordinates": [
          13.420273960401055,
          52.49574735643853
        ]
      },
      "properties": {
        "osm_type": "W",
        "osm_id": 981051255,
        "osm_key": "highway",
        "osm_value": "secondary",
        "type": "street",
        "postcode": "10967",
        "countrycode": "DE",
        "name": "Kottbusser Damm",
        "country": "Germany",
        "city": "Berlin",
        "district": "Kreuzberg",
        "locality": "Graefekiez",
        "extent": [
          13.4201578,
          52.4958855,
          13.4204063,
          52.4956238
        ],
        "description": "1999 – endpoint of the AAB demonstration",
        "Lata": "1999"
      }
    },
    {
      "type": "Feature",
      "geometry": {
        "coordinates": [
          13.4307,
          52.500235
        ],
        "type": "Point"
      },
      "properties": {
        "osm_type": "W",
        "osm_id": 975440458,
        "osm_key": "leisure",
        "osm_value": "park",
        "type": "other",
        "postcode": "10997",
        "countrycode": "DE",
        "country": "Germany",
        "city": "Berlin",
        "district": "Kreuzberg",
        "extent": [
          13.4297502,
          52.5009169,
          13.4319381,
          52.499406
        ],
        "description": "1987 – festyn, od którego zaczynają się zamieszki\n1988 – festyn, pokojowy przebieg, kończy się przed rozpoczęciem zamieszek\n1989 – festyn współorganizowany przez radykalną lewicę, AL i  \"Gewerkschaftsleuten\"\n1990 – zamieszki: ludzie rzucają kamieniami w policjantów blokujących wejście do Görlitzer Park\n1991 – spontaniczny festiwal, który kończy się zamieszkami",
        "Lata": "1987, 1988, 1989, 1990, 1991",
        "name": "Lausitzer Platz"
      }
    },
    {
      "type": "Feature",
      "geometry": {
        "type": "Point",
        "coordinates": [
          13.401932691264753,
          52.54371605
        ]
      },
      "properties": {
        "osm_type": "W",
        "osm_id": 233994267,
        "osm_key": "leisure",
        "osm_value": "park",
        "type": "other",
        "postcode": "10437",
        "countrycode": "DE",
        "name": "Mauerpark",
        "country": "Germany",
        "city": "Berlin",
        "district": "Prenzlauer Berg",
        "extent": [
          13.3993003,
          52.5474008,
          13.4052482,
          52.5401357
        ],
        "description": "1999 – festyn przeniesiony z Kollwitz\n2000 – festyn z okazji Walpurgisnacht odbywa się po raz drugi",
        "Lata": "1999, 2000"
      }
    },
    {
      "type": "Feature",
      "geometry": {
        "type": "Point",
        "coordinates": [
          13.41571442375585,
          52.5022391
        ]
      },
      "properties": {
        "osm_type": "W",
        "osm_id": 25964617,
        "osm_key": "place",
        "osm_value": "square",
        "type": "locality",
        "postcode": "10999",
        "countrycode": "DE",
        "name": "Oranienplatz",
        "country": "Germany",
        "city": "Berlin",
        "district": "Kreuzberg",
        "extent": [
          13.4143331,
          52.5031129,
          13.4170412,
          52.5013515
        ],
        "description": "1987: Lausitzer Platz festival sparks riots – starting point of the R1M tradition. (2001_DE Apel)\n1988: First organised Revolutionärer 1. Mai demonstration starts from here. (2001_DE Apel)\n1990: R1M start, route: Oranienplatz → Oranienstr. → Wiener Str. → Ohlauer Str. → Friedelstr. → Reuterstr. → Hermannplatz → Kottbusser Tor. (Interim 99/1990; 1990_DE)\n1991: R1M start, 13:00, route towards Friedrichshain (Bänschstr./Proskauerstr.). (Interim 142/1991; 1991_DE)\n1992: R1M start, route through Mitte and Neukölln to Kottbusser Tor. (Interim 189/1992; 1992_DE)\n1993: RIM demo start, 13:00, towards Brandenburger Tor. Halted by police near Mühlendamm. (1993_DE; taz 3.05.1993)\n1994: No R1M demo. Internationalist street festival (alcohol-free) organised here instead. (1994_DE; taz 28.04.1994)\n1995: RIM demo start, towards Brandenburger Tor. (1995_DE)\n1996: SPLIT. ML/Turkish left demo starts here towards Kollwitzplatz. AAB/Autonomen start from Rosa-Luxemburg-Platz for the first time, after conflict over route. (1996_DE; taz 2.05.1996)\n1997: ML/Turkish left demo starts here. AAB again from Rosa-Luxemburg-Platz. (1997_DE)\n1998: RIM demo starts here, 13:00. AAB demo starts from Rosa-Luxemburg-Platz, 18:00. (1998_DE)\n1999: Joint AAB + communist autonomous demo starts here. (1999_DE Trasa_revo)\n2000: Two demos start here: 13:00 and 18:00. (2000_DE)\n2001: R1M starts here, 14:10, ~2,500 participants. (2001_DE; BZ 2.05.2001)\n2002: AAB moved start to Rosa-Luxemburg-Platz (16:00). 18:00 demo still starts here. (2002_DE)\n2003: ALB demo starts here, 15:00. K&P demo (18:00) starts from Rosa-Luxemburg-Platz. (2003_DE; ND 30.04.2003)\n2004: 13:00 demo starts here (Keine Befreiung ohne Revolution). 16:00 demo starts from Leipziger Platz. At midnight: hardcore concert on stage here, 50m away bins burning, 4 water cannons. (2004_DE; taz 2.05.2004)\n2005: No official R1M demo. Spontaneous demo forms at 18:00, blocked by police at Oranienstraße after passing the square. (2005_DE; Umbruch Archiv)\n2006: 13:10 maoist rally (motto: \"Eine andere Welt ist möglich\"). 18:08 spontaneous demo (~200, black hoods, red flags) breaks out towards Mariannenplatz. 19:45 Innensenator Körting gives press conference here. (2006_DE; taz liveticker)\n2007: R1M demo, 18:00. Start location not confirmed in available sources. (2007_DE — not documented)\n2008: R1M start, 13:00 (1.-Mai-Bündnis gegen Ausbeutung, Unterdrückung und Krieg), route to Kottbusser Tor → Heinrichplatz. (2008_DE; taz 30.04.2008)\n2009: Turkish communist demo starts here, 13:00. 18:00 Antifa demo starts from Kottbusser Tor. (2009_DE; taz 30.04.2009)\n2010–2015: Start location not confirmed in available sources. [not documented]\n2016: R1M start, 18:00. (2016_DE; taz liveticker 1.05.2016)\n2017: R1M start location not confirmed. Route starts on Oranienstraße. (2017_DE Trasa_revo)\n2018: R1M demo, 18:00. Start location not confirmed in available sources. [not documented]\n2019: R1M moved away from Kreuzberg for the first time — starts at Wismarplatz, Wedding, 18:00. Motto: against Deutsche Wohnen. (2019_DE)\n\n[Open in Obsidian by year: see individual year notes 1990_DE–2019_DE]",
        "Lata": "1992, 1993, 1994, 1996, 1997, 1998, 1999, 2002, 2016, 2017, 2018",
        "Kategoria": "R1M_Site",
        "Rok": "1987–2019",
        "Zrodlo": "Interim 99/1990; 189/1992; 142/1991; 418/1997; taz various; BZ 2.05.2001; ND 30.04.2003; 2001_DE Apel; roczniki 1990–2019"
      }
    },
    {
      "type": "Feature",
      "geometry": {
        "coordinates": [
          13.409747,
          52.528663
        ],
        "type": "Point"
      },
      "properties": {
        "osm_type": "N",
        "osm_id": 5219756617,
        "osm_key": "railway",
        "osm_value": "station",
        "type": "house",
        "postcode": "10178",
        "countrycode": "DE",
        "name": "Rosa-Luxemburg-Platz",
        "country": "Germany",
        "city": "Berlin",
        "district": "Mitte",
        "locality": "Scheunenviertel",
        "street": "Rosa-Luxemburg-Straße",
        "description": "1996 – autonomowie + Antifa rozpoczynają demonstrację w stronę Kollwitzplatz: tam wspólny wiec z drugim pochodem\n1997 – autonomowie + Antifa rozpoczynają demonstrację w stronę Rosenthaler Platz\n1998 – autonomie + Antifa rozpoczynają demonstrację w stronę Senefelder Platz\n2002 – Antyfaszyści, AAB demonstrują w stronę Kreuzberga o godzinie 18. Trasa na podstawie mapki taz\n2003 – Początek demonstracji antyfaszystowskiej o 18",
        "Lata": "1996, 1998"
      }
    },
    {
      "type": "Feature",
      "geometry": {
        "type": "Point",
        "coordinates": [
          13.4011206,
          52.5298999
        ]
      },
      "properties": {
        "osm_type": "N",
        "osm_id": 1498939809,
        "osm_key": "railway",
        "osm_value": "station",
        "type": "house",
        "postcode": "10119",
        "countrycode": "DE",
        "name": "Rosenthaler Platz",
        "country": "Germany",
        "city": "Berlin",
        "district": "Mitte",
        "locality": "Rosenthaler Vorstadt",
        "street": "Brunnenstraße",
        "description": "1993 – punkt końcowy demonstracji z Oranienplatz: wynik kompromisu między grupami zachodnimi i wschodnimi. Ostatecznie nie udaje się do niego dotrzeć\n1997 – punkt końcowy demonstracji Autonomów",
        "Lata": "1993"
      }
    },
    {
      "type": "Feature",
      "geometry": {
        "type": "Point",
        "coordinates": [
          13.4121526,
          52.5317969
        ]
      },
      "properties": {
        "osm_type": "N",
        "osm_id": 2211379643,
        "osm_key": "amenity",
        "osm_value": "taxi",
        "type": "house",
        "postcode": "10119",
        "countrycode": "DE",
        "name": "Senefelder Platz",
        "country": "Germany",
        "city": "Berlin",
        "district": "Prenzlauer Berg",
        "locality": "Kollwitzkiez",
        "street": "Schönhauser Allee",
        "description": "1998 – planned endpoint of the AAB/radical rally from Rosa-Luxembourg Platz",
        "Lata": "1998"
      }
    }
  ]
}